ISO-10303-21;
HEADER;
FILE_DESCRIPTION(('Open CASCADE Model'),'2;1');
FILE_NAME('Open CASCADE Shape Model','2026-08-03T17:07:15',('Author'),(
    'Open CASCADE'),'Open CASCADE STEP processor 7.9','Open CASCADE 7.9'
  ,'Unknown');
FILE_SCHEMA(('AUTOMOTIVE_DESIGN { 1 0 10303 214 1 1 1 1 }'));
ENDSEC;
DATA;
#1 = APPLICATION_PROTOCOL_DEFINITION('international standard',
  'automotive_design',2000,#2);
#2 = APPLICATION_CONTEXT(
  'core data for automotive mechanical design processes');
#3 = SHAPE_DEFINITION_REPRESENTATION(#4,#10);
#4 = PRODUCT_DEFINITION_SHAPE('','',#5);
#5 = PRODUCT_DEFINITION('design','',#6,#9);
#6 = PRODUCT_DEFINITION_FORMATION('','',#7);
#7 = PRODUCT('Open CASCADE STEP translator 7.9 1',
  'Open CASCADE STEP translator 7.9 1','',(#8));
#8 = PRODUCT_CONTEXT('',#2,'mechanical');
#9 = PRODUCT_DEFINITION_CONTEXT('part definition',#2,'design');
#10 = ADVANCED_BREP_SHAPE_REPRESENTATION('',(#11,#15),#11179);
#11 = AXIS2_PLACEMENT_3D('',#12,#13,#14);
#12 = CARTESIAN_POINT('',(0.,0.,0.));
#13 = DIRECTION('',(0.,0.,1.));
#14 = DIRECTION('',(1.,0.,-0.));
#15 = BREP_WITH_VOIDS('',#16,(#10705));
#16 = CLOSED_SHELL('',(#17,#251,#779,#829,#883,#1230,#1316,#1484,#1534,
    #1780,#1913,#2154,#2181,#2208,#2665,#2740,#2788,#2836,#2862,#2939,
    #2988,#3042,#3091,#3141,#3190,#3244,#3271,#3348,#3397,#3451,#3500,
    #3550,#3599,#3653,#3680,#3808,#3976,#4004,#4054,#4150,#4219,#4247,
    #4275,#4351,#4400,#4449,#4476,#4550,#4597,#4644,#4669,#4750,#4798,
    #4846,#4892,#5082,#5131,#5232,#5280,#5438,#5778,#6257,#6285,#6335,
    #6455,#6631,#6853,#6976,#7032,#7446,#7474,#7539,#7616,#7851,#7862,
    #7987,#8247,#8296,#8566,#8615,#8664,#8691,#8718,#8725,#8807,#8834,
    #8913,#8940,#8967,#8974,#9045,#9074,#9079,#9128,#9133,#9184,#9191,
    #9268,#9317,#9371,#9420,#9470,#9519,#9573,#9600,#9607,#9612,#9689,
    #9738,#9792,#9841,#9891,#9940,#9994,#10021,#10026,#10097,#10125,
    #10179,#10228,#10256,#10288,#10364,#10413,#10462,#10489,#10536,
    #10563,#10590,#10597,#10624,#10651,#10658,#10665,#10676,#10687,
    #10698));
#17 = ADVANCED_FACE('',(#18,#137),#32,.F.);
#18 = FACE_BOUND('',#19,.F.);
#19 = EDGE_LOOP('',(#20,#55,#83,#111));
#20 = ORIENTED_EDGE('',*,*,#21,.F.);
#21 = EDGE_CURVE('',#22,#24,#26,.T.);
#22 = VERTEX_POINT('',#23);
#23 = CARTESIAN_POINT('',(-190.,-132.,280.));
#24 = VERTEX_POINT('',#25);
#25 = CARTESIAN_POINT('',(-190.,132.,280.));
#26 = SURFACE_CURVE('',#27,(#31,#43),.PCURVE_S1.);
#27 = LINE('',#28,#29);
#28 = CARTESIAN_POINT('',(-190.,-140.,280.));
#29 = VECTOR('',#30,1.);
#30 = DIRECTION('',(0.,1.,0.));
#31 = PCURVE('',#32,#37);
#32 = PLANE('',#33);
#33 = AXIS2_PLACEMENT_3D('',#34,#35,#36);
#34 = CARTESIAN_POINT('',(-190.,-140.,0.));
#35 = DIRECTION('',(1.,0.,0.));
#36 = DIRECTION('',(0.,0.,1.));
#37 = DEFINITIONAL_REPRESENTATION('',(#38),#42);
#38 = LINE('',#39,#40);
#39 = CARTESIAN_POINT('',(280.,0.));
#40 = VECTOR('',#41,1.);
#41 = DIRECTION('',(0.,-1.));
#42 = ( GEOMETRIC_REPRESENTATION_CONTEXT(2) 
PARAMETRIC_REPRESENTATION_CONTEXT() REPRESENTATION_CONTEXT('2D SPACE',''
  ) );
#43 = PCURVE('',#44,#49);
#44 = PLANE('',#45);
#45 = AXIS2_PLACEMENT_3D('',#46,#47,#48);
#46 = CARTESIAN_POINT('',(-190.,-140.,280.));
#47 = DIRECTION('',(0.,0.,1.));
#48 = DIRECTION('',(1.,0.,0.));
#49 = DEFINITIONAL_REPRESENTATION('',(#50),#54);
#50 = LINE('',#51,#52);
#51 = CARTESIAN_POINT('',(0.,0.));
#52 = VECTOR('',#53,1.);
#53 = DIRECTION('',(0.,1.));
#54 = ( GEOMETRIC_REPRESENTATION_CONTEXT(2) 
PARAMETRIC_REPRESENTATION_CONTEXT() REPRESENTATION_CONTEXT('2D SPACE',''
  ) );
#55 = ORIENTED_EDGE('',*,*,#56,.F.);
#56 = EDGE_CURVE('',#57,#22,#59,.T.);
#57 = VERTEX_POINT('',#58);
#58 = CARTESIAN_POINT('',(-190.,-132.,0.));
#59 = SURFACE_CURVE('',#60,(#64,#71),.PCURVE_S1.);
#60 = LINE('',#61,#62);
#61 = CARTESIAN_POINT('',(-190.,-132.,0.));
#62 = VECTOR('',#63,1.);
#63 = DIRECTION('',(0.,0.,1.));
#64 = PCURVE('',#32,#65);
#65 = DEFINITIONAL_REPRESENTATION('',(#66),#70);
#66 = LINE('',#67,#68);
#67 = CARTESIAN_POINT('',(0.,-8.));
#68 = VECTOR('',#69,1.);
#69 = DIRECTION('',(1.,0.));
#70 = ( GEOMETRIC_REPRESENTATION_CONTEXT(2) 
PARAMETRIC_REPRESENTATION_CONTEXT() REPRESENTATION_CONTEXT('2D SPACE',''
  ) );
#71 = PCURVE('',#72,#77);
#72 = CYLINDRICAL_SURFACE('',#73,8.);
#73 = AXIS2_PLACEMENT_3D('',#74,#75,#76);
#74 = CARTESIAN_POINT('',(-182.,-132.,0.));
#75 = DIRECTION('',(0.,0.,1.));
#76 = DIRECTION('',(-1.,-0.,0.));
#77 = DEFINITIONAL_REPRESENTATION('',(#78),#82);
#78 = LINE('',#79,#80);
#79 = CARTESIAN_POINT('',(0.,0.));
#80 = VECTOR('',#81,1.);
#81 = DIRECTION('',(0.,1.));
#82 = ( GEOMETRIC_REPRESENTATION_CONTEXT(2) 
PARAMETRIC_REPRESENTATION_CONTEXT() REPRESENTATION_CONTEXT('2D SPACE',''
  ) );
#83 = ORIENTED_EDGE('',*,*,#84,.T.);
#84 = EDGE_CURVE('',#57,#85,#87,.T.);
#85 = VERTEX_POINT('',#86);
#86 = CARTESIAN_POINT('',(-190.,132.,0.));
#87 = SURFACE_CURVE('',#88,(#92,#99),.PCURVE_S1.);
#88 = LINE('',#89,#90);
#89 = CARTESIAN_POINT('',(-190.,-140.,0.));
#90 = VECTOR('',#91,1.);
#91 = DIRECTION('',(0.,1.,0.));
#92 = PCURVE('',#32,#93);
#93 = DEFINITIONAL_REPRESENTATION('',(#94),#98);
#94 = LINE('',#95,#96);
#95 = CARTESIAN_POINT('',(0.,0.));
#96 = VECTOR('',#97,1.);
#97 = DIRECTION('',(0.,-1.));
#98 = ( GEOMETRIC_REPRESENTATION_CONTEXT(2) 
PARAMETRIC_REPRESENTATION_CONTEXT() REPRESENTATION_CONTEXT('2D SPACE',''
  ) );
#99 = PCURVE('',#100,#105);
#100 = PLANE('',#101);
#101 = AXIS2_PLACEMENT_3D('',#102,#103,#104);
#102 = CARTESIAN_POINT('',(-190.,-140.,0.));
#103 = DIRECTION('',(0.,0.,1.));
#104 = DIRECTION('',(1.,0.,0.));
#105 = DEFINITIONAL_REPRESENTATION('',(#106),#110);
#106 = LINE('',#107,#108);
#107 = CARTESIAN_POINT('',(0.,0.));
#108 = VECTOR('',#109,1.);
#109 = DIRECTION('',(0.,1.));
#110 = ( GEOMETRIC_REPRESENTATION_CONTEXT(2) 
PARAMETRIC_REPRESENTATION_CONTEXT() REPRESENTATION_CONTEXT('2D SPACE',''
  ) );
#111 = ORIENTED_EDGE('',*,*,#112,.T.);
#112 = EDGE_CURVE('',#85,#24,#113,.T.);
#113 = SURFACE_CURVE('',#114,(#118,#125),.PCURVE_S1.);
#114 = LINE('',#115,#116);
#115 = CARTESIAN_POINT('',(-190.,132.,0.));
#116 = VECTOR('',#117,1.);
#117 = DIRECTION('',(0.,0.,1.));
#118 = PCURVE('',#32,#119);
#119 = DEFINITIONAL_REPRESENTATION('',(#120),#124);
#120 = LINE('',#121,#122);
#121 = CARTESIAN_POINT('',(0.,-272.));
#122 = VECTOR('',#123,1.);
#123 = DIRECTION('',(1.,0.));
#124 = ( GEOMETRIC_REPRESENTATION_CONTEXT(2) 
PARAMETRIC_REPRESENTATION_CONTEXT() REPRESENTATION_CONTEXT('2D SPACE',''
  ) );
#125 = PCURVE('',#126,#131);
#126 = CYLINDRICAL_SURFACE('',#127,8.);
#127 = AXIS2_PLACEMENT_3D('',#128,#129,#130);
#128 = CARTESIAN_POINT('',(-182.,132.,0.));
#129 = DIRECTION('',(0.,0.,1.));
#130 = DIRECTION('',(-1.,-0.,0.));
#131 = DEFINITIONAL_REPRESENTATION('',(#132),#136);
#132 = LINE('',#133,#134);
#133 = CARTESIAN_POINT('',(-0.,0.));
#134 = VECTOR('',#135,1.);
#135 = DIRECTION('',(-0.,1.));
#136 = ( GEOMETRIC_REPRESENTATION_CONTEXT(2) 
PARAMETRIC_REPRESENTATION_CONTEXT() REPRESENTATION_CONTEXT('2D SPACE',''
  ) );
#137 = FACE_BOUND('',#138,.F.);
#138 = EDGE_LOOP('',(#139,#169,#197,#225));
#139 = ORIENTED_EDGE('',*,*,#140,.T.);
#140 = EDGE_CURVE('',#141,#143,#145,.T.);
#141 = VERTEX_POINT('',#142);
#142 = CARTESIAN_POINT('',(-190.,-67.,20.));
#143 = VERTEX_POINT('',#144);
#144 = CARTESIAN_POINT('',(-190.,-67.,190.));
#145 = SURFACE_CURVE('',#146,(#150,#157),.PCURVE_S1.);
#146 = LINE('',#147,#148);
#147 = CARTESIAN_POINT('',(-190.,-67.,20.));
#148 = VECTOR('',#149,1.);
#149 = DIRECTION('',(0.,0.,1.));
#150 = PCURVE('',#32,#151);
#151 = DEFINITIONAL_REPRESENTATION('',(#152),#156);
#152 = LINE('',#153,#154);
#153 = CARTESIAN_POINT('',(20.,-73.));
#154 = VECTOR('',#155,1.);
#155 = DIRECTION('',(1.,0.));
#156 = ( GEOMETRIC_REPRESENTATION_CONTEXT(2) 
PARAMETRIC_REPRESENTATION_CONTEXT() REPRESENTATION_CONTEXT('2D SPACE',''
  ) );
#157 = PCURVE('',#158,#163);
#158 = CYLINDRICAL_SURFACE('',#159,8.);
#159 = AXIS2_PLACEMENT_3D('',#160,#161,#162);
#160 = CARTESIAN_POINT('',(-198.,-67.,20.));
#161 = DIRECTION('',(0.,0.,1.));
#162 = DIRECTION('',(1.,0.,-0.));
#163 = DEFINITIONAL_REPRESENTATION('',(#164),#168);
#164 = LINE('',#165,#166);
#165 = CARTESIAN_POINT('',(-0.,0.));
#166 = VECTOR('',#167,1.);
#167 = DIRECTION('',(-0.,1.));
#168 = ( GEOMETRIC_REPRESENTATION_CONTEXT(2) 
PARAMETRIC_REPRESENTATION_CONTEXT() REPRESENTATION_CONTEXT('2D SPACE',''
  ) );
#169 = ORIENTED_EDGE('',*,*,#170,.T.);
#170 = EDGE_CURVE('',#143,#171,#173,.T.);
#171 = VERTEX_POINT('',#172);
#172 = CARTESIAN_POINT('',(-190.,67.,190.));
#173 = SURFACE_CURVE('',#174,(#178,#185),.PCURVE_S1.);
#174 = LINE('',#175,#176);
#175 = CARTESIAN_POINT('',(-190.,-75.,190.));
#176 = VECTOR('',#177,1.);
#177 = DIRECTION('',(0.,1.,0.));
#178 = PCURVE('',#32,#179);
#179 = DEFINITIONAL_REPRESENTATION('',(#180),#184);
#180 = LINE('',#181,#182);
#181 = CARTESIAN_POINT('',(190.,-65.));
#182 = VECTOR('',#183,1.);
#183 = DIRECTION('',(0.,-1.));
#184 = ( GEOMETRIC_REPRESENTATION_CONTEXT(2) 
PARAMETRIC_REPRESENTATION_CONTEXT() REPRESENTATION_CONTEXT('2D SPACE',''
  ) );
#185 = PCURVE('',#186,#191);
#186 = PLANE('',#187);
#187 = AXIS2_PLACEMENT_3D('',#188,#189,#190);
#188 = CARTESIAN_POINT('',(-390.,-75.,190.));
#189 = DIRECTION('',(0.,0.,1.));
#190 = DIRECTION('',(1.,0.,0.));
#191 = DEFINITIONAL_REPRESENTATION('',(#192),#196);
#192 = LINE('',#193,#194);
#193 = CARTESIAN_POINT('',(200.,0.));
#194 = VECTOR('',#195,1.);
#195 = DIRECTION('',(0.,1.));
#196 = ( GEOMETRIC_REPRESENTATION_CONTEXT(2) 
PARAMETRIC_REPRESENTATION_CONTEXT() REPRESENTATION_CONTEXT('2D SPACE',''
  ) );
#197 = ORIENTED_EDGE('',*,*,#198,.F.);
#198 = EDGE_CURVE('',#199,#171,#201,.T.);
#199 = VERTEX_POINT('',#200);
#200 = CARTESIAN_POINT('',(-190.,67.,20.));
#201 = SURFACE_CURVE('',#202,(#206,#213),.PCURVE_S1.);
#202 = LINE('',#203,#204);
#203 = CARTESIAN_POINT('',(-190.,67.,20.));
#204 = VECTOR('',#205,1.);
#205 = DIRECTION('',(0.,0.,1.));
#206 = PCURVE('',#32,#207);
#207 = DEFINITIONAL_REPRESENTATION('',(#208),#212);
#208 = LINE('',#209,#210);
#209 = CARTESIAN_POINT('',(20.,-207.));
#210 = VECTOR('',#211,1.);
#211 = DIRECTION('',(1.,0.));
#212 = ( GEOMETRIC_REPRESENTATION_CONTEXT(2) 
PARAMETRIC_REPRESENTATION_CONTEXT() REPRESENTATION_CONTEXT('2D SPACE',''
  ) );
#213 = PCURVE('',#214,#219);
#214 = CYLINDRICAL_SURFACE('',#215,8.);
#215 = AXIS2_PLACEMENT_3D('',#216,#217,#218);
#216 = CARTESIAN_POINT('',(-198.,67.,20.));
#217 = DIRECTION('',(0.,0.,1.));
#218 = DIRECTION('',(1.,0.,-0.));
#219 = DEFINITIONAL_REPRESENTATION('',(#220),#224);
#220 = LINE('',#221,#222);
#221 = CARTESIAN_POINT('',(0.,0.));
#222 = VECTOR('',#223,1.);
#223 = DIRECTION('',(0.,1.));
#224 = ( GEOMETRIC_REPRESENTATION_CONTEXT(2) 
PARAMETRIC_REPRESENTATION_CONTEXT() REPRESENTATION_CONTEXT('2D SPACE',''
  ) );
#225 = ORIENTED_EDGE('',*,*,#226,.F.);
#226 = EDGE_CURVE('',#141,#199,#227,.T.);
#227 = SURFACE_CURVE('',#228,(#232,#239),.PCURVE_S1.);
#228 = LINE('',#229,#230);
#229 = CARTESIAN_POINT('',(-190.,-75.,20.));
#230 = VECTOR('',#231,1.);
#231 = DIRECTION('',(0.,1.,0.));
#232 = PCURVE('',#32,#233);
#233 = DEFINITIONAL_REPRESENTATION('',(#234),#238);
#234 = LINE('',#235,#236);
#235 = CARTESIAN_POINT('',(20.,-65.));
#236 = VECTOR('',#237,1.);
#237 = DIRECTION('',(0.,-1.));
#238 = ( GEOMETRIC_REPRESENTATION_CONTEXT(2) 
PARAMETRIC_REPRESENTATION_CONTEXT() REPRESENTATION_CONTEXT('2D SPACE',''
  ) );
#239 = PCURVE('',#240,#245);
#240 = PLANE('',#241);
#241 = AXIS2_PLACEMENT_3D('',#242,#243,#244);
#242 = CARTESIAN_POINT('',(-390.,-75.,20.));
#243 = DIRECTION('',(0.,0.,1.));
#244 = DIRECTION('',(1.,0.,0.));
#245 = DEFINITIONAL_REPRESENTATION('',(#246),#250);
#246 = LINE('',#247,#248);
#247 = CARTESIAN_POINT('',(200.,0.));
#248 = VECTOR('',#249,1.);
#249 = DIRECTION('',(0.,1.));
#250 = ( GEOMETRIC_REPRESENTATION_CONTEXT(2) 
PARAMETRIC_REPRESENTATION_CONTEXT() REPRESENTATION_CONTEXT('2D SPACE',''
  ) );
#251 = ADVANCED_FACE('',(#252,#451,#557),#44,.T.);
#252 = FACE_BOUND('',#253,.T.);
#253 = EDGE_LOOP('',(#254,#255,#279,#307,#340,#368,#397,#425));
#254 = ORIENTED_EDGE('',*,*,#21,.F.);
#255 = ORIENTED_EDGE('',*,*,#256,.T.);
#256 = EDGE_CURVE('',#22,#257,#259,.T.);
#257 = VERTEX_POINT('',#258);
#258 = CARTESIAN_POINT('',(-182.,-140.,280.));
#259 = SURFACE_CURVE('',#260,(#265,#272),.PCURVE_S1.);
#260 = CIRCLE('',#261,8.);
#261 = AXIS2_PLACEMENT_3D('',#262,#263,#264);
#262 = CARTESIAN_POINT('',(-182.,-132.,280.));
#263 = DIRECTION('',(0.,0.,1.));
#264 = DIRECTION('',(0.,-1.,0.));
#265 = PCURVE('',#44,#266);
#266 = DEFINITIONAL_REPRESENTATION('',(#267),#271);
#267 = CIRCLE('',#268,8.);
#268 = AXIS2_PLACEMENT_2D('',#269,#270);
#269 = CARTESIAN_POINT('',(8.,8.));
#270 = DIRECTION('',(0.,-1.));
#271 = ( GEOMETRIC_REPRESENTATION_CONTEXT(2) 
PARAMETRIC_REPRESENTATION_CONTEXT() REPRESENTATION_CONTEXT('2D SPACE',''
  ) );
#272 = PCURVE('',#72,#273);
#273 = DEFINITIONAL_REPRESENTATION('',(#274),#278);
#274 = LINE('',#275,#276);
#275 = CARTESIAN_POINT('',(-4.712388980385,280.));
#276 = VECTOR('',#277,1.);
#277 = DIRECTION('',(1.,0.));
#278 = ( GEOMETRIC_REPRESENTATION_CONTEXT(2) 
PARAMETRIC_REPRESENTATION_CONTEXT() REPRESENTATION_CONTEXT('2D SPACE',''
  ) );
#279 = ORIENTED_EDGE('',*,*,#280,.T.);
#280 = EDGE_CURVE('',#257,#281,#283,.T.);
#281 = VERTEX_POINT('',#282);
#282 = CARTESIAN_POINT('',(182.,-140.,280.));
#283 = SURFACE_CURVE('',#284,(#288,#295),.PCURVE_S1.);
#284 = LINE('',#285,#286);
#285 = CARTESIAN_POINT('',(-190.,-140.,280.));
#286 = VECTOR('',#287,1.);
#287 = DIRECTION('',(1.,0.,0.));
#288 = PCURVE('',#44,#289);
#289 = DEFINITIONAL_REPRESENTATION('',(#290),#294);
#290 = LINE('',#291,#292);
#291 = CARTESIAN_POINT('',(0.,0.));
#292 = VECTOR('',#293,1.);
#293 = DIRECTION('',(1.,0.));
#294 = ( GEOMETRIC_REPRESENTATION_CONTEXT(2) 
PARAMETRIC_REPRESENTATION_CONTEXT() REPRESENTATION_CONTEXT('2D SPACE',''
  ) );
#295 = PCURVE('',#296,#301);
#296 = PLANE('',#297);
#297 = AXIS2_PLACEMENT_3D('',#298,#299,#300);
#298 = CARTESIAN_POINT('',(-190.,-140.,0.));
#299 = DIRECTION('',(0.,1.,0.));
#300 = DIRECTION('',(0.,0.,1.));
#301 = DEFINITIONAL_REPRESENTATION('',(#302),#306);
#302 = LINE('',#303,#304);
#303 = CARTESIAN_POINT('',(280.,0.));
#304 = VECTOR('',#305,1.);
#305 = DIRECTION('',(0.,1.));
#306 = ( GEOMETRIC_REPRESENTATION_CONTEXT(2) 
PARAMETRIC_REPRESENTATION_CONTEXT() REPRESENTATION_CONTEXT('2D SPACE',''
  ) );
#307 = ORIENTED_EDGE('',*,*,#308,.F.);
#308 = EDGE_CURVE('',#309,#281,#311,.T.);
#309 = VERTEX_POINT('',#310);
#310 = CARTESIAN_POINT('',(190.,-132.,280.));
#311 = SURFACE_CURVE('',#312,(#317,#328),.PCURVE_S1.);
#312 = CIRCLE('',#313,8.);
#313 = AXIS2_PLACEMENT_3D('',#314,#315,#316);
#314 = CARTESIAN_POINT('',(182.,-132.,280.));
#315 = DIRECTION('',(-0.,-0.,-1.));
#316 = DIRECTION('',(0.,-1.,0.));
#317 = PCURVE('',#44,#318);
#318 = DEFINITIONAL_REPRESENTATION('',(#319),#327);
#319 = ( BOUNDED_CURVE() B_SPLINE_CURVE(2,(#320,#321,#322,#323,#324,#325
,#326),.UNSPECIFIED.,.T.,.F.) B_SPLINE_CURVE_WITH_KNOTS((1,2,2,2,2,1),(
    -2.094395102393,0.,2.094395102393,4.188790204786,6.28318530718,
8.377580409573),.UNSPECIFIED.) CURVE() GEOMETRIC_REPRESENTATION_ITEM() 
RATIONAL_B_SPLINE_CURVE((1.,0.5,1.,0.5,1.,0.5,1.)) REPRESENTATION_ITEM(
  '') );
#320 = CARTESIAN_POINT('',(372.,0.));
#321 = CARTESIAN_POINT('',(358.14359353944,0.));
#322 = CARTESIAN_POINT('',(365.07179676972,12.));
#323 = CARTESIAN_POINT('',(372.,24.));
#324 = CARTESIAN_POINT('',(378.92820323027,12.));
#325 = CARTESIAN_POINT('',(385.85640646055,1.24344978758E-14));
#326 = CARTESIAN_POINT('',(372.,0.));
#327 = ( GEOMETRIC_REPRESENTATION_CONTEXT(2) 
PARAMETRIC_REPRESENTATION_CONTEXT() REPRESENTATION_CONTEXT('2D SPACE',''
  ) );
#328 = PCURVE('',#329,#334);
#329 = CYLINDRICAL_SURFACE('',#330,8.);
#330 = AXIS2_PLACEMENT_3D('',#331,#332,#333);
#331 = CARTESIAN_POINT('',(182.,-132.,0.));
#332 = DIRECTION('',(0.,0.,1.));
#333 = DIRECTION('',(1.,0.,-0.));
#334 = DEFINITIONAL_REPRESENTATION('',(#335),#339);
#335 = LINE('',#336,#337);
#336 = CARTESIAN_POINT('',(4.712388980385,280.));
#337 = VECTOR('',#338,1.);
#338 = DIRECTION('',(-1.,0.));
#339 = ( GEOMETRIC_REPRESENTATION_CONTEXT(2) 
PARAMETRIC_REPRESENTATION_CONTEXT() REPRESENTATION_CONTEXT('2D SPACE',''
  ) );
#340 = ORIENTED_EDGE('',*,*,#341,.T.);
#341 = EDGE_CURVE('',#309,#342,#344,.T.);
#342 = VERTEX_POINT('',#343);
#343 = CARTESIAN_POINT('',(190.,132.,280.));
#344 = SURFACE_CURVE('',#345,(#349,#356),.PCURVE_S1.);
#345 = LINE('',#346,#347);
#346 = CARTESIAN_POINT('',(190.,-140.,280.));
#347 = VECTOR('',#348,1.);
#348 = DIRECTION('',(0.,1.,0.));
#349 = PCURVE('',#44,#350);
#350 = DEFINITIONAL_REPRESENTATION('',(#351),#355);
#351 = LINE('',#352,#353);
#352 = CARTESIAN_POINT('',(380.,0.));
#353 = VECTOR('',#354,1.);
#354 = DIRECTION('',(0.,1.));
#355 = ( GEOMETRIC_REPRESENTATION_CONTEXT(2) 
PARAMETRIC_REPRESENTATION_CONTEXT() REPRESENTATION_CONTEXT('2D SPACE',''
  ) );
#356 = PCURVE('',#357,#362);
#357 = PLANE('',#358);
#358 = AXIS2_PLACEMENT_3D('',#359,#360,#361);
#359 = CARTESIAN_POINT('',(190.,-140.,0.));
#360 = DIRECTION('',(1.,0.,0.));
#361 = DIRECTION('',(0.,0.,1.));
#362 = DEFINITIONAL_REPRESENTATION('',(#363),#367);
#363 = LINE('',#364,#365);
#364 = CARTESIAN_POINT('',(280.,0.));
#365 = VECTOR('',#366,1.);
#366 = DIRECTION('',(0.,-1.));
#367 = ( GEOMETRIC_REPRESENTATION_CONTEXT(2) 
PARAMETRIC_REPRESENTATION_CONTEXT() REPRESENTATION_CONTEXT('2D SPACE',''
  ) );
#368 = ORIENTED_EDGE('',*,*,#369,.T.);
#369 = EDGE_CURVE('',#342,#370,#372,.T.);
#370 = VERTEX_POINT('',#371);
#371 = CARTESIAN_POINT('',(182.,140.,280.));
#372 = SURFACE_CURVE('',#373,(#378,#385),.PCURVE_S1.);
#373 = CIRCLE('',#374,8.);
#374 = AXIS2_PLACEMENT_3D('',#375,#376,#377);
#375 = CARTESIAN_POINT('',(182.,132.,280.));
#376 = DIRECTION('',(0.,0.,1.));
#377 = DIRECTION('',(0.,-1.,0.));
#378 = PCURVE('',#44,#379);
#379 = DEFINITIONAL_REPRESENTATION('',(#380),#384);
#380 = CIRCLE('',#381,8.);
#381 = AXIS2_PLACEMENT_2D('',#382,#383);
#382 = CARTESIAN_POINT('',(372.,272.));
#383 = DIRECTION('',(0.,-1.));
#384 = ( GEOMETRIC_REPRESENTATION_CONTEXT(2) 
PARAMETRIC_REPRESENTATION_CONTEXT() REPRESENTATION_CONTEXT('2D SPACE',''
  ) );
#385 = PCURVE('',#386,#391);
#386 = CYLINDRICAL_SURFACE('',#387,8.);
#387 = AXIS2_PLACEMENT_3D('',#388,#389,#390);
#388 = CARTESIAN_POINT('',(182.,132.,0.));
#389 = DIRECTION('',(0.,0.,1.));
#390 = DIRECTION('',(1.,0.,-0.));
#391 = DEFINITIONAL_REPRESENTATION('',(#392),#396);
#392 = LINE('',#393,#394);
#393 = CARTESIAN_POINT('',(-1.570796326795,280.));
#394 = VECTOR('',#395,1.);
#395 = DIRECTION('',(1.,0.));
#396 = ( GEOMETRIC_REPRESENTATION_CONTEXT(2) 
PARAMETRIC_REPRESENTATION_CONTEXT() REPRESENTATION_CONTEXT('2D SPACE',''
  ) );
#397 = ORIENTED_EDGE('',*,*,#398,.F.);
#398 = EDGE_CURVE('',#399,#370,#401,.T.);
#399 = VERTEX_POINT('',#400);
#400 = CARTESIAN_POINT('',(-182.,140.,280.));
#401 = SURFACE_CURVE('',#402,(#406,#413),.PCURVE_S1.);
#402 = LINE('',#403,#404);
#403 = CARTESIAN_POINT('',(-190.,140.,280.));
#404 = VECTOR('',#405,1.);
#405 = DIRECTION('',(1.,0.,0.));
#406 = PCURVE('',#44,#407);
#407 = DEFINITIONAL_REPRESENTATION('',(#408),#412);
#408 = LINE('',#409,#410);
#409 = CARTESIAN_POINT('',(0.,280.));
#410 = VECTOR('',#411,1.);
#411 = DIRECTION('',(1.,0.));
#412 = ( GEOMETRIC_REPRESENTATION_CONTEXT(2) 
PARAMETRIC_REPRESENTATION_CONTEXT() REPRESENTATION_CONTEXT('2D SPACE',''
  ) );
#413 = PCURVE('',#414,#419);
#414 = PLANE('',#415);
#415 = AXIS2_PLACEMENT_3D('',#416,#417,#418);
#416 = CARTESIAN_POINT('',(-190.,140.,0.));
#417 = DIRECTION('',(0.,1.,0.));
#418 = DIRECTION('',(0.,0.,1.));
#419 = DEFINITIONAL_REPRESENTATION('',(#420),#424);
#420 = LINE('',#421,#422);
#421 = CARTESIAN_POINT('',(280.,0.));
#422 = VECTOR('',#423,1.);
#423 = DIRECTION('',(0.,1.));
#424 = ( GEOMETRIC_REPRESENTATION_CONTEXT(2) 
PARAMETRIC_REPRESENTATION_CONTEXT() REPRESENTATION_CONTEXT('2D SPACE',''
  ) );
#425 = ORIENTED_EDGE('',*,*,#426,.F.);
#426 = EDGE_CURVE('',#24,#399,#427,.T.);
#427 = SURFACE_CURVE('',#428,(#433,#444),.PCURVE_S1.);
#428 = CIRCLE('',#429,8.);
#429 = AXIS2_PLACEMENT_3D('',#430,#431,#432);
#430 = CARTESIAN_POINT('',(-182.,132.,280.));
#431 = DIRECTION('',(-0.,-0.,-1.));
#432 = DIRECTION('',(0.,-1.,0.));
#433 = PCURVE('',#44,#434);
#434 = DEFINITIONAL_REPRESENTATION('',(#435),#443);
#435 = ( BOUNDED_CURVE() B_SPLINE_CURVE(2,(#436,#437,#438,#439,#440,#441
,#442),.UNSPECIFIED.,.T.,.F.) B_SPLINE_CURVE_WITH_KNOTS((1,2,2,2,2,1),(
    -2.094395102393,0.,2.094395102393,4.188790204786,6.28318530718,
8.377580409573),.UNSPECIFIED.) CURVE() GEOMETRIC_REPRESENTATION_ITEM() 
RATIONAL_B_SPLINE_CURVE((1.,0.5,1.,0.5,1.,0.5,1.)) REPRESENTATION_ITEM(
  '') );
#436 = CARTESIAN_POINT('',(8.,264.));
#437 = CARTESIAN_POINT('',(-5.856406460551,264.));
#438 = CARTESIAN_POINT('',(1.071796769724,276.));
#439 = CARTESIAN_POINT('',(8.,288.));
#440 = CARTESIAN_POINT('',(14.928203230276,276.));
#441 = CARTESIAN_POINT('',(21.856406460551,264.));
#442 = CARTESIAN_POINT('',(8.,264.));
#443 = ( GEOMETRIC_REPRESENTATION_CONTEXT(2) 
PARAMETRIC_REPRESENTATION_CONTEXT() REPRESENTATION_CONTEXT('2D SPACE',''
  ) );
#444 = PCURVE('',#126,#445);
#445 = DEFINITIONAL_REPRESENTATION('',(#446),#450);
#446 = LINE('',#447,#448);
#447 = CARTESIAN_POINT('',(1.570796326795,280.));
#448 = VECTOR('',#449,1.);
#449 = DIRECTION('',(-1.,0.));
#450 = ( GEOMETRIC_REPRESENTATION_CONTEXT(2) 
PARAMETRIC_REPRESENTATION_CONTEXT() REPRESENTATION_CONTEXT('2D SPACE',''
  ) );
#451 = FACE_BOUND('',#452,.T.);
#452 = EDGE_LOOP('',(#453,#481,#507,#533));
#453 = ORIENTED_EDGE('',*,*,#454,.T.);
#454 = EDGE_CURVE('',#455,#457,#459,.T.);
#455 = VERTEX_POINT('',#456);
#456 = CARTESIAN_POINT('',(50.,-88.,280.));
#457 = VERTEX_POINT('',#458);
#458 = CARTESIAN_POINT('',(-150.,-88.,280.));
#459 = SURFACE_CURVE('',#460,(#464,#470),.PCURVE_S1.);
#460 = LINE('',#461,#462);
#461 = CARTESIAN_POINT('',(-170.,-88.,280.));
#462 = VECTOR('',#463,1.);
#463 = DIRECTION('',(-1.,0.,0.));
#464 = PCURVE('',#44,#465);
#465 = DEFINITIONAL_REPRESENTATION('',(#466),#469);
#466 = B_SPLINE_CURVE_WITH_KNOTS('',1,(#467,#468),.UNSPECIFIED.,.F.,.F.,
  (2,2),(-220.,-20.),.PIECEWISE_BEZIER_KNOTS.);
#467 = CARTESIAN_POINT('',(240.,52.));
#468 = CARTESIAN_POINT('',(40.,52.));
#469 = ( GEOMETRIC_REPRESENTATION_CONTEXT(2) 
PARAMETRIC_REPRESENTATION_CONTEXT() REPRESENTATION_CONTEXT('2D SPACE',''
  ) );
#470 = PCURVE('',#471,#476);
#471 = PLANE('',#472);
#472 = AXIS2_PLACEMENT_3D('',#473,#474,#475);
#473 = CARTESIAN_POINT('',(-150.,-88.,276.5));
#474 = DIRECTION('',(0.,1.,0.));
#475 = DIRECTION('',(0.,0.,1.));
#476 = DEFINITIONAL_REPRESENTATION('',(#477),#480);
#477 = B_SPLINE_CURVE_WITH_KNOTS('',1,(#478,#479),.UNSPECIFIED.,.F.,.F.,
  (2,2),(-220.,-20.),.PIECEWISE_BEZIER_KNOTS.);
#478 = CARTESIAN_POINT('',(3.5,200.));
#479 = CARTESIAN_POINT('',(3.5,0.));
#480 = ( GEOMETRIC_REPRESENTATION_CONTEXT(2) 
PARAMETRIC_REPRESENTATION_CONTEXT() REPRESENTATION_CONTEXT('2D SPACE',''
  ) );
#481 = ORIENTED_EDGE('',*,*,#482,.T.);
#482 = EDGE_CURVE('',#457,#483,#485,.T.);
#483 = VERTEX_POINT('',#484);
#484 = CARTESIAN_POINT('',(-150.,88.,280.));
#485 = SURFACE_CURVE('',#486,(#490,#496),.PCURVE_S1.);
#486 = LINE('',#487,#488);
#487 = CARTESIAN_POINT('',(-150.,-114.,280.));
#488 = VECTOR('',#489,1.);
#489 = DIRECTION('',(0.,1.,0.));
#490 = PCURVE('',#44,#491);
#491 = DEFINITIONAL_REPRESENTATION('',(#492),#495);
#492 = B_SPLINE_CURVE_WITH_KNOTS('',1,(#493,#494),.UNSPECIFIED.,.F.,.F.,
  (2,2),(26.,202.),.PIECEWISE_BEZIER_KNOTS.);
#493 = CARTESIAN_POINT('',(40.,52.));
#494 = CARTESIAN_POINT('',(40.,228.));
#495 = ( GEOMETRIC_REPRESENTATION_CONTEXT(2) 
PARAMETRIC_REPRESENTATION_CONTEXT() REPRESENTATION_CONTEXT('2D SPACE',''
  ) );
#496 = PCURVE('',#497,#502);
#497 = PLANE('',#498);
#498 = AXIS2_PLACEMENT_3D('',#499,#500,#501);
#499 = CARTESIAN_POINT('',(-150.,-88.,276.5));
#500 = DIRECTION('',(1.,0.,0.));
#501 = DIRECTION('',(0.,0.,1.));
#502 = DEFINITIONAL_REPRESENTATION('',(#503),#506);
#503 = B_SPLINE_CURVE_WITH_KNOTS('',1,(#504,#505),.UNSPECIFIED.,.F.,.F.,
  (2,2),(26.,202.),.PIECEWISE_BEZIER_KNOTS.);
#504 = CARTESIAN_POINT('',(3.5,0.));
#505 = CARTESIAN_POINT('',(3.5,-176.));
#506 = ( GEOMETRIC_REPRESENTATION_CONTEXT(2) 
PARAMETRIC_REPRESENTATION_CONTEXT() REPRESENTATION_CONTEXT('2D SPACE',''
  ) );
#507 = ORIENTED_EDGE('',*,*,#508,.F.);
#508 = EDGE_CURVE('',#509,#483,#511,.T.);
#509 = VERTEX_POINT('',#510);
#510 = CARTESIAN_POINT('',(50.,88.,280.));
#511 = SURFACE_CURVE('',#512,(#516,#522),.PCURVE_S1.);
#512 = LINE('',#513,#514);
#513 = CARTESIAN_POINT('',(-170.,88.,280.));
#514 = VECTOR('',#515,1.);
#515 = DIRECTION('',(-1.,0.,0.));
#516 = PCURVE('',#44,#517);
#517 = DEFINITIONAL_REPRESENTATION('',(#518),#521);
#518 = B_SPLINE_CURVE_WITH_KNOTS('',1,(#519,#520),.UNSPECIFIED.,.F.,.F.,
  (2,2),(-220.,-20.),.PIECEWISE_BEZIER_KNOTS.);
#519 = CARTESIAN_POINT('',(240.,228.));
#520 = CARTESIAN_POINT('',(40.,228.));
#521 = ( GEOMETRIC_REPRESENTATION_CONTEXT(2) 
PARAMETRIC_REPRESENTATION_CONTEXT() REPRESENTATION_CONTEXT('2D SPACE',''
  ) );
#522 = PCURVE('',#523,#528);
#523 = PLANE('',#524);
#524 = AXIS2_PLACEMENT_3D('',#525,#526,#527);
#525 = CARTESIAN_POINT('',(-150.,88.,276.5));
#526 = DIRECTION('',(0.,1.,0.));
#527 = DIRECTION('',(0.,0.,1.));
#528 = DEFINITIONAL_REPRESENTATION('',(#529),#532);
#529 = B_SPLINE_CURVE_WITH_KNOTS('',1,(#530,#531),.UNSPECIFIED.,.F.,.F.,
  (2,2),(-220.,-20.),.PIECEWISE_BEZIER_KNOTS.);
#530 = CARTESIAN_POINT('',(3.5,200.));
#531 = CARTESIAN_POINT('',(3.5,0.));
#532 = ( GEOMETRIC_REPRESENTATION_CONTEXT(2) 
PARAMETRIC_REPRESENTATION_CONTEXT() REPRESENTATION_CONTEXT('2D SPACE',''
  ) );
#533 = ORIENTED_EDGE('',*,*,#534,.F.);
#534 = EDGE_CURVE('',#455,#509,#535,.T.);
#535 = SURFACE_CURVE('',#536,(#540,#546),.PCURVE_S1.);
#536 = LINE('',#537,#538);
#537 = CARTESIAN_POINT('',(50.,-114.,280.));
#538 = VECTOR('',#539,1.);
#539 = DIRECTION('',(0.,1.,0.));
#540 = PCURVE('',#44,#541);
#541 = DEFINITIONAL_REPRESENTATION('',(#542),#545);
#542 = B_SPLINE_CURVE_WITH_KNOTS('',1,(#543,#544),.UNSPECIFIED.,.F.,.F.,
  (2,2),(26.,202.),.PIECEWISE_BEZIER_KNOTS.);
#543 = CARTESIAN_POINT('',(240.,52.));
#544 = CARTESIAN_POINT('',(240.,228.));
#545 = ( GEOMETRIC_REPRESENTATION_CONTEXT(2) 
PARAMETRIC_REPRESENTATION_CONTEXT() REPRESENTATION_CONTEXT('2D SPACE',''
  ) );
#546 = PCURVE('',#547,#552);
#547 = PLANE('',#548);
#548 = AXIS2_PLACEMENT_3D('',#549,#550,#551);
#549 = CARTESIAN_POINT('',(50.,-88.,276.5));
#550 = DIRECTION('',(1.,0.,0.));
#551 = DIRECTION('',(0.,0.,1.));
#552 = DEFINITIONAL_REPRESENTATION('',(#553),#556);
#553 = B_SPLINE_CURVE_WITH_KNOTS('',1,(#554,#555),.UNSPECIFIED.,.F.,.F.,
  (2,2),(26.,202.),.PIECEWISE_BEZIER_KNOTS.);
#554 = CARTESIAN_POINT('',(3.5,0.));
#555 = CARTESIAN_POINT('',(3.5,-176.));
#556 = ( GEOMETRIC_REPRESENTATION_CONTEXT(2) 
PARAMETRIC_REPRESENTATION_CONTEXT() REPRESENTATION_CONTEXT('2D SPACE',''
  ) );
#557 = FACE_BOUND('',#558,.T.);
#558 = EDGE_LOOP('',(#559,#590,#616,#645,#671,#700,#726,#755));
#559 = ORIENTED_EDGE('',*,*,#560,.F.);
#560 = EDGE_CURVE('',#561,#563,#565,.T.);
#561 = VERTEX_POINT('',#562);
#562 = CARTESIAN_POINT('',(60.,-12.,280.));
#563 = VERTEX_POINT('',#564);
#564 = CARTESIAN_POINT('',(62.,-14.,280.));
#565 = SURFACE_CURVE('',#566,(#571,#578),.PCURVE_S1.);
#566 = CIRCLE('',#567,2.);
#567 = AXIS2_PLACEMENT_3D('',#568,#569,#570);
#568 = CARTESIAN_POINT('',(62.,-12.,280.));
#569 = DIRECTION('',(0.,0.,1.));
#570 = DIRECTION('',(-1.,-0.,0.));
#571 = PCURVE('',#44,#572);
#572 = DEFINITIONAL_REPRESENTATION('',(#573),#577);
#573 = CIRCLE('',#574,2.);
#574 = AXIS2_PLACEMENT_2D('',#575,#576);
#575 = CARTESIAN_POINT('',(252.,128.));
#576 = DIRECTION('',(-1.,0.));
#577 = ( GEOMETRIC_REPRESENTATION_CONTEXT(2) 
PARAMETRIC_REPRESENTATION_CONTEXT() REPRESENTATION_CONTEXT('2D SPACE',''
  ) );
#578 = PCURVE('',#579,#584);
#579 = CYLINDRICAL_SURFACE('',#580,2.);
#580 = AXIS2_PLACEMENT_3D('',#581,#582,#583);
#581 = CARTESIAN_POINT('',(62.,-12.,277.));
#582 = DIRECTION('',(0.,0.,1.));
#583 = DIRECTION('',(-1.,-0.,0.));
#584 = DEFINITIONAL_REPRESENTATION('',(#585),#589);
#585 = LINE('',#586,#587);
#586 = CARTESIAN_POINT('',(0.,3.));
#587 = VECTOR('',#588,1.);
#588 = DIRECTION('',(1.,0.));
#589 = ( GEOMETRIC_REPRESENTATION_CONTEXT(2) 
PARAMETRIC_REPRESENTATION_CONTEXT() REPRESENTATION_CONTEXT('2D SPACE',''
  ) );
#590 = ORIENTED_EDGE('',*,*,#591,.T.);
#591 = EDGE_CURVE('',#561,#592,#594,.T.);
#592 = VERTEX_POINT('',#593);
#593 = CARTESIAN_POINT('',(60.,12.,280.));
#594 = SURFACE_CURVE('',#595,(#599,#605),.PCURVE_S1.);
#595 = LINE('',#596,#597);
#596 = CARTESIAN_POINT('',(60.,-77.,280.));
#597 = VECTOR('',#598,1.);
#598 = DIRECTION('',(0.,1.,0.));
#599 = PCURVE('',#44,#600);
#600 = DEFINITIONAL_REPRESENTATION('',(#601),#604);
#601 = B_SPLINE_CURVE_WITH_KNOTS('',1,(#602,#603),.UNSPECIFIED.,.F.,.F.,
  (2,2),(65.,89.),.PIECEWISE_BEZIER_KNOTS.);
#602 = CARTESIAN_POINT('',(250.,128.));
#603 = CARTESIAN_POINT('',(250.,152.));
#604 = ( GEOMETRIC_REPRESENTATION_CONTEXT(2) 
PARAMETRIC_REPRESENTATION_CONTEXT() REPRESENTATION_CONTEXT('2D SPACE',''
  ) );
#605 = PCURVE('',#606,#611);
#606 = PLANE('',#607);
#607 = AXIS2_PLACEMENT_3D('',#608,#609,#610);
#608 = CARTESIAN_POINT('',(60.,-14.,277.));
#609 = DIRECTION('',(1.,0.,0.));
#610 = DIRECTION('',(0.,0.,1.));
#611 = DEFINITIONAL_REPRESENTATION('',(#612),#615);
#612 = B_SPLINE_CURVE_WITH_KNOTS('',1,(#613,#614),.UNSPECIFIED.,.F.,.F.,
  (2,2),(65.,89.),.PIECEWISE_BEZIER_KNOTS.);
#613 = CARTESIAN_POINT('',(3.,-2.));
#614 = CARTESIAN_POINT('',(3.,-26.));
#615 = ( GEOMETRIC_REPRESENTATION_CONTEXT(2) 
PARAMETRIC_REPRESENTATION_CONTEXT() REPRESENTATION_CONTEXT('2D SPACE',''
  ) );
#616 = ORIENTED_EDGE('',*,*,#617,.F.);
#617 = EDGE_CURVE('',#618,#592,#620,.T.);
#618 = VERTEX_POINT('',#619);
#619 = CARTESIAN_POINT('',(62.,14.,280.));
#620 = SURFACE_CURVE('',#621,(#626,#633),.PCURVE_S1.);
#621 = CIRCLE('',#622,2.);
#622 = AXIS2_PLACEMENT_3D('',#623,#624,#625);
#623 = CARTESIAN_POINT('',(62.,12.,280.));
#624 = DIRECTION('',(0.,0.,1.));
#625 = DIRECTION('',(-1.,-0.,0.));
#626 = PCURVE('',#44,#627);
#627 = DEFINITIONAL_REPRESENTATION('',(#628),#632);
#628 = CIRCLE('',#629,2.);
#629 = AXIS2_PLACEMENT_2D('',#630,#631);
#630 = CARTESIAN_POINT('',(252.,152.));
#631 = DIRECTION('',(-1.,0.));
#632 = ( GEOMETRIC_REPRESENTATION_CONTEXT(2) 
PARAMETRIC_REPRESENTATION_CONTEXT() REPRESENTATION_CONTEXT('2D SPACE',''
  ) );
#633 = PCURVE('',#634,#639);
#634 = CYLINDRICAL_SURFACE('',#635,2.);
#635 = AXIS2_PLACEMENT_3D('',#636,#637,#638);
#636 = CARTESIAN_POINT('',(62.,12.,277.));
#637 = DIRECTION('',(0.,0.,1.));
#638 = DIRECTION('',(-1.,-0.,0.));
#639 = DEFINITIONAL_REPRESENTATION('',(#640),#644);
#640 = LINE('',#641,#642);
#641 = CARTESIAN_POINT('',(-6.28318530718,3.));
#642 = VECTOR('',#643,1.);
#643 = DIRECTION('',(1.,-0.));
#644 = ( GEOMETRIC_REPRESENTATION_CONTEXT(2) 
PARAMETRIC_REPRESENTATION_CONTEXT() REPRESENTATION_CONTEXT('2D SPACE',''
  ) );
#645 = ORIENTED_EDGE('',*,*,#646,.F.);
#646 = EDGE_CURVE('',#647,#618,#649,.T.);
#647 = VERTEX_POINT('',#648);
#648 = CARTESIAN_POINT('',(178.,14.,280.));
#649 = SURFACE_CURVE('',#650,(#654,#660),.PCURVE_S1.);
#650 = LINE('',#651,#652);
#651 = CARTESIAN_POINT('',(-65.,14.,280.));
#652 = VECTOR('',#653,1.);
#653 = DIRECTION('',(-1.,0.,0.));
#654 = PCURVE('',#44,#655);
#655 = DEFINITIONAL_REPRESENTATION('',(#656),#659);
#656 = B_SPLINE_CURVE_WITH_KNOTS('',1,(#657,#658),.UNSPECIFIED.,.F.,.F.,
  (2,2),(-243.,-127.),.PIECEWISE_BEZIER_KNOTS.);
#657 = CARTESIAN_POINT('',(368.,154.));
#658 = CARTESIAN_POINT('',(252.,154.));
#659 = ( GEOMETRIC_REPRESENTATION_CONTEXT(2) 
PARAMETRIC_REPRESENTATION_CONTEXT() REPRESENTATION_CONTEXT('2D SPACE',''
  ) );
#660 = PCURVE('',#661,#666);
#661 = PLANE('',#662);
#662 = AXIS2_PLACEMENT_3D('',#663,#664,#665);
#663 = CARTESIAN_POINT('',(60.,14.,277.));
#664 = DIRECTION('',(0.,1.,0.));
#665 = DIRECTION('',(0.,0.,1.));
#666 = DEFINITIONAL_REPRESENTATION('',(#667),#670);
#667 = B_SPLINE_CURVE_WITH_KNOTS('',1,(#668,#669),.UNSPECIFIED.,.F.,.F.,
  (2,2),(-243.,-127.),.PIECEWISE_BEZIER_KNOTS.);
#668 = CARTESIAN_POINT('',(3.,118.));
#669 = CARTESIAN_POINT('',(3.,2.));
#670 = ( GEOMETRIC_REPRESENTATION_CONTEXT(2) 
PARAMETRIC_REPRESENTATION_CONTEXT() REPRESENTATION_CONTEXT('2D SPACE',''
  ) );
#671 = ORIENTED_EDGE('',*,*,#672,.F.);
#672 = EDGE_CURVE('',#673,#647,#675,.T.);
#673 = VERTEX_POINT('',#674);
#674 = CARTESIAN_POINT('',(180.,12.,280.));
#675 = SURFACE_CURVE('',#676,(#681,#688),.PCURVE_S1.);
#676 = CIRCLE('',#677,2.);
#677 = AXIS2_PLACEMENT_3D('',#678,#679,#680);
#678 = CARTESIAN_POINT('',(178.,12.,280.));
#679 = DIRECTION('',(0.,0.,1.));
#680 = DIRECTION('',(1.,0.,-0.));
#681 = PCURVE('',#44,#682);
#682 = DEFINITIONAL_REPRESENTATION('',(#683),#687);
#683 = CIRCLE('',#684,2.);
#684 = AXIS2_PLACEMENT_2D('',#685,#686);
#685 = CARTESIAN_POINT('',(368.,152.));
#686 = DIRECTION('',(1.,0.));
#687 = ( GEOMETRIC_REPRESENTATION_CONTEXT(2) 
PARAMETRIC_REPRESENTATION_CONTEXT() REPRESENTATION_CONTEXT('2D SPACE',''
  ) );
#688 = PCURVE('',#689,#694);
#689 = CYLINDRICAL_SURFACE('',#690,2.);
#690 = AXIS2_PLACEMENT_3D('',#691,#692,#693);
#691 = CARTESIAN_POINT('',(178.,12.,277.));
#692 = DIRECTION('',(0.,0.,1.));
#693 = DIRECTION('',(1.,0.,-0.));
#694 = DEFINITIONAL_REPRESENTATION('',(#695),#699);
#695 = LINE('',#696,#697);
#696 = CARTESIAN_POINT('',(0.,3.));
#697 = VECTOR('',#698,1.);
#698 = DIRECTION('',(1.,0.));
#699 = ( GEOMETRIC_REPRESENTATION_CONTEXT(2) 
PARAMETRIC_REPRESENTATION_CONTEXT() REPRESENTATION_CONTEXT('2D SPACE',''
  ) );
#700 = ORIENTED_EDGE('',*,*,#701,.F.);
#701 = EDGE_CURVE('',#702,#673,#704,.T.);
#702 = VERTEX_POINT('',#703);
#703 = CARTESIAN_POINT('',(180.,-12.,280.));
#704 = SURFACE_CURVE('',#705,(#709,#715),.PCURVE_S1.);
#705 = LINE('',#706,#707);
#706 = CARTESIAN_POINT('',(180.,-77.,280.));
#707 = VECTOR('',#708,1.);
#708 = DIRECTION('',(0.,1.,0.));
#709 = PCURVE('',#44,#710);
#710 = DEFINITIONAL_REPRESENTATION('',(#711),#714);
#711 = B_SPLINE_CURVE_WITH_KNOTS('',1,(#712,#713),.UNSPECIFIED.,.F.,.F.,
  (2,2),(65.,89.),.PIECEWISE_BEZIER_KNOTS.);
#712 = CARTESIAN_POINT('',(370.,128.));
#713 = CARTESIAN_POINT('',(370.,152.));
#714 = ( GEOMETRIC_REPRESENTATION_CONTEXT(2) 
PARAMETRIC_REPRESENTATION_CONTEXT() REPRESENTATION_CONTEXT('2D SPACE',''
  ) );
#715 = PCURVE('',#716,#721);
#716 = PLANE('',#717);
#717 = AXIS2_PLACEMENT_3D('',#718,#719,#720);
#718 = CARTESIAN_POINT('',(180.,-14.,277.));
#719 = DIRECTION('',(1.,0.,0.));
#720 = DIRECTION('',(0.,0.,1.));
#721 = DEFINITIONAL_REPRESENTATION('',(#722),#725);
#722 = B_SPLINE_CURVE_WITH_KNOTS('',1,(#723,#724),.UNSPECIFIED.,.F.,.F.,
  (2,2),(65.,89.),.PIECEWISE_BEZIER_KNOTS.);
#723 = CARTESIAN_POINT('',(3.,-2.));
#724 = CARTESIAN_POINT('',(3.,-26.));
#725 = ( GEOMETRIC_REPRESENTATION_CONTEXT(2) 
PARAMETRIC_REPRESENTATION_CONTEXT() REPRESENTATION_CONTEXT('2D SPACE',''
  ) );
#726 = ORIENTED_EDGE('',*,*,#727,.F.);
#727 = EDGE_CURVE('',#728,#702,#730,.T.);
#728 = VERTEX_POINT('',#729);
#729 = CARTESIAN_POINT('',(178.,-14.,280.));
#730 = SURFACE_CURVE('',#731,(#736,#743),.PCURVE_S1.);
#731 = CIRCLE('',#732,2.);
#732 = AXIS2_PLACEMENT_3D('',#733,#734,#735);
#733 = CARTESIAN_POINT('',(178.,-12.,280.));
#734 = DIRECTION('',(0.,0.,1.));
#735 = DIRECTION('',(1.,0.,-0.));
#736 = PCURVE('',#44,#737);
#737 = DEFINITIONAL_REPRESENTATION('',(#738),#742);
#738 = CIRCLE('',#739,2.);
#739 = AXIS2_PLACEMENT_2D('',#740,#741);
#740 = CARTESIAN_POINT('',(368.,128.));
#741 = DIRECTION('',(1.,0.));
#742 = ( GEOMETRIC_REPRESENTATION_CONTEXT(2) 
PARAMETRIC_REPRESENTATION_CONTEXT() REPRESENTATION_CONTEXT('2D SPACE',''
  ) );
#743 = PCURVE('',#744,#749);
#744 = CYLINDRICAL_SURFACE('',#745,2.);
#745 = AXIS2_PLACEMENT_3D('',#746,#747,#748);
#746 = CARTESIAN_POINT('',(178.,-12.,277.));
#747 = DIRECTION('',(0.,0.,1.));
#748 = DIRECTION('',(1.,0.,-0.));
#749 = DEFINITIONAL_REPRESENTATION('',(#750),#754);
#750 = LINE('',#751,#752);
#751 = CARTESIAN_POINT('',(-6.28318530718,3.));
#752 = VECTOR('',#753,1.);
#753 = DIRECTION('',(1.,-0.));
#754 = ( GEOMETRIC_REPRESENTATION_CONTEXT(2) 
PARAMETRIC_REPRESENTATION_CONTEXT() REPRESENTATION_CONTEXT('2D SPACE',''
  ) );
#755 = ORIENTED_EDGE('',*,*,#756,.T.);
#756 = EDGE_CURVE('',#728,#563,#757,.T.);
#757 = SURFACE_CURVE('',#758,(#762,#768),.PCURVE_S1.);
#758 = LINE('',#759,#760);
#759 = CARTESIAN_POINT('',(-65.,-14.,280.));
#760 = VECTOR('',#761,1.);
#761 = DIRECTION('',(-1.,0.,0.));
#762 = PCURVE('',#44,#763);
#763 = DEFINITIONAL_REPRESENTATION('',(#764),#767);
#764 = B_SPLINE_CURVE_WITH_KNOTS('',1,(#765,#766),.UNSPECIFIED.,.F.,.F.,
  (2,2),(-243.,-127.),.PIECEWISE_BEZIER_KNOTS.);
#765 = CARTESIAN_POINT('',(368.,126.));
#766 = CARTESIAN_POINT('',(252.,126.));
#767 = ( GEOMETRIC_REPRESENTATION_CONTEXT(2) 
PARAMETRIC_REPRESENTATION_CONTEXT() REPRESENTATION_CONTEXT('2D SPACE',''
  ) );
#768 = PCURVE('',#769,#774);
#769 = PLANE('',#770);
#770 = AXIS2_PLACEMENT_3D('',#771,#772,#773);
#771 = CARTESIAN_POINT('',(60.,-14.,277.));
#772 = DIRECTION('',(0.,1.,0.));
#773 = DIRECTION('',(0.,0.,1.));
#774 = DEFINITIONAL_REPRESENTATION('',(#775),#778);
#775 = B_SPLINE_CURVE_WITH_KNOTS('',1,(#776,#777),.UNSPECIFIED.,.F.,.F.,
  (2,2),(-243.,-127.),.PIECEWISE_BEZIER_KNOTS.);
#776 = CARTESIAN_POINT('',(3.,118.));
#777 = CARTESIAN_POINT('',(3.,2.));
#778 = ( GEOMETRIC_REPRESENTATION_CONTEXT(2) 
PARAMETRIC_REPRESENTATION_CONTEXT() REPRESENTATION_CONTEXT('2D SPACE',''
  ) );
#779 = ADVANCED_FACE('',(#780),#72,.T.);
#780 = FACE_BOUND('',#781,.T.);
#781 = EDGE_LOOP('',(#782,#806,#827,#828));
#782 = ORIENTED_EDGE('',*,*,#783,.T.);
#783 = EDGE_CURVE('',#57,#784,#786,.T.);
#784 = VERTEX_POINT('',#785);
#785 = CARTESIAN_POINT('',(-182.,-140.,0.));
#786 = SURFACE_CURVE('',#787,(#792,#799),.PCURVE_S1.);
#787 = CIRCLE('',#788,8.);
#788 = AXIS2_PLACEMENT_3D('',#789,#790,#791);
#789 = CARTESIAN_POINT('',(-182.,-132.,0.));
#790 = DIRECTION('',(0.,0.,1.));
#791 = DIRECTION('',(0.,-1.,0.));
#792 = PCURVE('',#72,#793);
#793 = DEFINITIONAL_REPRESENTATION('',(#794),#798);
#794 = LINE('',#795,#796);
#795 = CARTESIAN_POINT('',(-4.712388980385,0.));
#796 = VECTOR('',#797,1.);
#797 = DIRECTION('',(1.,0.));
#798 = ( GEOMETRIC_REPRESENTATION_CONTEXT(2) 
PARAMETRIC_REPRESENTATION_CONTEXT() REPRESENTATION_CONTEXT('2D SPACE',''
  ) );
#799 = PCURVE('',#100,#800);
#800 = DEFINITIONAL_REPRESENTATION('',(#801),#805);
#801 = CIRCLE('',#802,8.);
#802 = AXIS2_PLACEMENT_2D('',#803,#804);
#803 = CARTESIAN_POINT('',(8.,8.));
#804 = DIRECTION('',(0.,-1.));
#805 = ( GEOMETRIC_REPRESENTATION_CONTEXT(2) 
PARAMETRIC_REPRESENTATION_CONTEXT() REPRESENTATION_CONTEXT('2D SPACE',''
  ) );
#806 = ORIENTED_EDGE('',*,*,#807,.T.);
#807 = EDGE_CURVE('',#784,#257,#808,.T.);
#808 = SURFACE_CURVE('',#809,(#813,#820),.PCURVE_S1.);
#809 = LINE('',#810,#811);
#810 = CARTESIAN_POINT('',(-182.,-140.,0.));
#811 = VECTOR('',#812,1.);
#812 = DIRECTION('',(0.,0.,1.));
#813 = PCURVE('',#72,#814);
#814 = DEFINITIONAL_REPRESENTATION('',(#815),#819);
#815 = LINE('',#816,#817);
#816 = CARTESIAN_POINT('',(1.570796326795,0.));
#817 = VECTOR('',#818,1.);
#818 = DIRECTION('',(0.,1.));
#819 = ( GEOMETRIC_REPRESENTATION_CONTEXT(2) 
PARAMETRIC_REPRESENTATION_CONTEXT() REPRESENTATION_CONTEXT('2D SPACE',''
  ) );
#820 = PCURVE('',#296,#821);
#821 = DEFINITIONAL_REPRESENTATION('',(#822),#826);
#822 = LINE('',#823,#824);
#823 = CARTESIAN_POINT('',(0.,8.));
#824 = VECTOR('',#825,1.);
#825 = DIRECTION('',(1.,0.));
#826 = ( GEOMETRIC_REPRESENTATION_CONTEXT(2) 
PARAMETRIC_REPRESENTATION_CONTEXT() REPRESENTATION_CONTEXT('2D SPACE',''
  ) );
#827 = ORIENTED_EDGE('',*,*,#256,.F.);
#828 = ORIENTED_EDGE('',*,*,#56,.F.);
#829 = ADVANCED_FACE('',(#830),#126,.T.);
#830 = FACE_BOUND('',#831,.F.);
#831 = EDGE_LOOP('',(#832,#860,#881,#882));
#832 = ORIENTED_EDGE('',*,*,#833,.T.);
#833 = EDGE_CURVE('',#85,#834,#836,.T.);
#834 = VERTEX_POINT('',#835);
#835 = CARTESIAN_POINT('',(-182.,140.,0.));
#836 = SURFACE_CURVE('',#837,(#842,#849),.PCURVE_S1.);
#837 = CIRCLE('',#838,8.);
#838 = AXIS2_PLACEMENT_3D('',#839,#840,#841);
#839 = CARTESIAN_POINT('',(-182.,132.,0.));
#840 = DIRECTION('',(-0.,-0.,-1.));
#841 = DIRECTION('',(0.,-1.,0.));
#842 = PCURVE('',#126,#843);
#843 = DEFINITIONAL_REPRESENTATION('',(#844),#848);
#844 = LINE('',#845,#846);
#845 = CARTESIAN_POINT('',(1.570796326795,-0.));
#846 = VECTOR('',#847,1.);
#847 = DIRECTION('',(-1.,0.));
#848 = ( GEOMETRIC_REPRESENTATION_CONTEXT(2) 
PARAMETRIC_REPRESENTATION_CONTEXT() REPRESENTATION_CONTEXT('2D SPACE',''
  ) );
#849 = PCURVE('',#100,#850);
#850 = DEFINITIONAL_REPRESENTATION('',(#851),#859);
#851 = ( BOUNDED_CURVE() B_SPLINE_CURVE(2,(#852,#853,#854,#855,#856,#857
,#858),.UNSPECIFIED.,.T.,.F.) B_SPLINE_CURVE_WITH_KNOTS((1,2,2,2,2,1),(
    -2.094395102393,0.,2.094395102393,4.188790204786,6.28318530718,
8.377580409573),.UNSPECIFIED.) CURVE() GEOMETRIC_REPRESENTATION_ITEM() 
RATIONAL_B_SPLINE_CURVE((1.,0.5,1.,0.5,1.,0.5,1.)) REPRESENTATION_ITEM(
  '') );
#852 = CARTESIAN_POINT('',(8.,264.));
#853 = CARTESIAN_POINT('',(-5.856406460551,264.));
#854 = CARTESIAN_POINT('',(1.071796769724,276.));
#855 = CARTESIAN_POINT('',(8.,288.));
#856 = CARTESIAN_POINT('',(14.928203230276,276.));
#857 = CARTESIAN_POINT('',(21.856406460551,264.));
#858 = CARTESIAN_POINT('',(8.,264.));
#859 = ( GEOMETRIC_REPRESENTATION_CONTEXT(2) 
PARAMETRIC_REPRESENTATION_CONTEXT() REPRESENTATION_CONTEXT('2D SPACE',''
  ) );
#860 = ORIENTED_EDGE('',*,*,#861,.T.);
#861 = EDGE_CURVE('',#834,#399,#862,.T.);
#862 = SURFACE_CURVE('',#863,(#867,#874),.PCURVE_S1.);
#863 = LINE('',#864,#865);
#864 = CARTESIAN_POINT('',(-182.,140.,0.));
#865 = VECTOR('',#866,1.);
#866 = DIRECTION('',(0.,0.,1.));
#867 = PCURVE('',#126,#868);
#868 = DEFINITIONAL_REPRESENTATION('',(#869),#873);
#869 = LINE('',#870,#871);
#870 = CARTESIAN_POINT('',(-1.570796326795,0.));
#871 = VECTOR('',#872,1.);
#872 = DIRECTION('',(-0.,1.));
#873 = ( GEOMETRIC_REPRESENTATION_CONTEXT(2) 
PARAMETRIC_REPRESENTATION_CONTEXT() REPRESENTATION_CONTEXT('2D SPACE',''
  ) );
#874 = PCURVE('',#414,#875);
#875 = DEFINITIONAL_REPRESENTATION('',(#876),#880);
#876 = LINE('',#877,#878);
#877 = CARTESIAN_POINT('',(0.,8.));
#878 = VECTOR('',#879,1.);
#879 = DIRECTION('',(1.,0.));
#880 = ( GEOMETRIC_REPRESENTATION_CONTEXT(2) 
PARAMETRIC_REPRESENTATION_CONTEXT() REPRESENTATION_CONTEXT('2D SPACE',''
  ) );
#881 = ORIENTED_EDGE('',*,*,#426,.F.);
#882 = ORIENTED_EDGE('',*,*,#112,.F.);
#883 = ADVANCED_FACE('',(#884,#1008),#100,.F.);
#884 = FACE_BOUND('',#885,.F.);
#885 = EDGE_LOOP('',(#886,#887,#888,#911,#939,#962,#986,#1007));
#886 = ORIENTED_EDGE('',*,*,#84,.F.);
#887 = ORIENTED_EDGE('',*,*,#783,.T.);
#888 = ORIENTED_EDGE('',*,*,#889,.T.);
#889 = EDGE_CURVE('',#784,#890,#892,.T.);
#890 = VERTEX_POINT('',#891);
#891 = CARTESIAN_POINT('',(182.,-140.,0.));
#892 = SURFACE_CURVE('',#893,(#897,#904),.PCURVE_S1.);
#893 = LINE('',#894,#895);
#894 = CARTESIAN_POINT('',(-190.,-140.,0.));
#895 = VECTOR('',#896,1.);
#896 = DIRECTION('',(1.,0.,0.));
#897 = PCURVE('',#100,#898);
#898 = DEFINITIONAL_REPRESENTATION('',(#899),#903);
#899 = LINE('',#900,#901);
#900 = CARTESIAN_POINT('',(0.,0.));
#901 = VECTOR('',#902,1.);
#902 = DIRECTION('',(1.,0.));
#903 = ( GEOMETRIC_REPRESENTATION_CONTEXT(2) 
PARAMETRIC_REPRESENTATION_CONTEXT() REPRESENTATION_CONTEXT('2D SPACE',''
  ) );
#904 = PCURVE('',#296,#905);
#905 = DEFINITIONAL_REPRESENTATION('',(#906),#910);
#906 = LINE('',#907,#908);
#907 = CARTESIAN_POINT('',(0.,0.));
#908 = VECTOR('',#909,1.);
#909 = DIRECTION('',(0.,1.));
#910 = ( GEOMETRIC_REPRESENTATION_CONTEXT(2) 
PARAMETRIC_REPRESENTATION_CONTEXT() REPRESENTATION_CONTEXT('2D SPACE',''
  ) );
#911 = ORIENTED_EDGE('',*,*,#912,.F.);
#912 = EDGE_CURVE('',#913,#890,#915,.T.);
#913 = VERTEX_POINT('',#914);
#914 = CARTESIAN_POINT('',(190.,-132.,0.));
#915 = SURFACE_CURVE('',#916,(#921,#932),.PCURVE_S1.);
#916 = CIRCLE('',#917,8.);
#917 = AXIS2_PLACEMENT_3D('',#918,#919,#920);
#918 = CARTESIAN_POINT('',(182.,-132.,0.));
#919 = DIRECTION('',(-0.,-0.,-1.));
#920 = DIRECTION('',(0.,-1.,0.));
#921 = PCURVE('',#100,#922);
#922 = DEFINITIONAL_REPRESENTATION('',(#923),#931);
#923 = ( BOUNDED_CURVE() B_SPLINE_CURVE(2,(#924,#925,#926,#927,#928,#929
,#930),.UNSPECIFIED.,.T.,.F.) B_SPLINE_CURVE_WITH_KNOTS((1,2,2,2,2,1),(
    -2.094395102393,0.,2.094395102393,4.188790204786,6.28318530718,
8.377580409573),.UNSPECIFIED.) CURVE() GEOMETRIC_REPRESENTATION_ITEM() 
RATIONAL_B_SPLINE_CURVE((1.,0.5,1.,0.5,1.,0.5,1.)) REPRESENTATION_ITEM(
  '') );
#924 = CARTESIAN_POINT('',(372.,0.));
#925 = CARTESIAN_POINT('',(358.14359353944,0.));
#926 = CARTESIAN_POINT('',(365.07179676972,12.));
#927 = CARTESIAN_POINT('',(372.,24.));
#928 = CARTESIAN_POINT('',(378.92820323027,12.));
#929 = CARTESIAN_POINT('',(385.85640646055,1.24344978758E-14));
#930 = CARTESIAN_POINT('',(372.,0.));
#931 = ( GEOMETRIC_REPRESENTATION_CONTEXT(2) 
PARAMETRIC_REPRESENTATION_CONTEXT() REPRESENTATION_CONTEXT('2D SPACE',''
  ) );
#932 = PCURVE('',#329,#933);
#933 = DEFINITIONAL_REPRESENTATION('',(#934),#938);
#934 = LINE('',#935,#936);
#935 = CARTESIAN_POINT('',(4.712388980385,-0.));
#936 = VECTOR('',#937,1.);
#937 = DIRECTION('',(-1.,0.));
#938 = ( GEOMETRIC_REPRESENTATION_CONTEXT(2) 
PARAMETRIC_REPRESENTATION_CONTEXT() REPRESENTATION_CONTEXT('2D SPACE',''
  ) );
#939 = ORIENTED_EDGE('',*,*,#940,.T.);
#940 = EDGE_CURVE('',#913,#941,#943,.T.);
#941 = VERTEX_POINT('',#942);
#942 = CARTESIAN_POINT('',(190.,132.,0.));
#943 = SURFACE_CURVE('',#944,(#948,#955),.PCURVE_S1.);
#944 = LINE('',#945,#946);
#945 = CARTESIAN_POINT('',(190.,-140.,0.));
#946 = VECTOR('',#947,1.);
#947 = DIRECTION('',(0.,1.,0.));
#948 = PCURVE('',#100,#949);
#949 = DEFINITIONAL_REPRESENTATION('',(#950),#954);
#950 = LINE('',#951,#952);
#951 = CARTESIAN_POINT('',(380.,0.));
#952 = VECTOR('',#953,1.);
#953 = DIRECTION('',(0.,1.));
#954 = ( GEOMETRIC_REPRESENTATION_CONTEXT(2) 
PARAMETRIC_REPRESENTATION_CONTEXT() REPRESENTATION_CONTEXT('2D SPACE',''
  ) );
#955 = PCURVE('',#357,#956);
#956 = DEFINITIONAL_REPRESENTATION('',(#957),#961);
#957 = LINE('',#958,#959);
#958 = CARTESIAN_POINT('',(0.,0.));
#959 = VECTOR('',#960,1.);
#960 = DIRECTION('',(0.,-1.));
#961 = ( GEOMETRIC_REPRESENTATION_CONTEXT(2) 
PARAMETRIC_REPRESENTATION_CONTEXT() REPRESENTATION_CONTEXT('2D SPACE',''
  ) );
#962 = ORIENTED_EDGE('',*,*,#963,.T.);
#963 = EDGE_CURVE('',#941,#964,#966,.T.);
#964 = VERTEX_POINT('',#965);
#965 = CARTESIAN_POINT('',(182.,140.,0.));
#966 = SURFACE_CURVE('',#967,(#972,#979),.PCURVE_S1.);
#967 = CIRCLE('',#968,8.);
#968 = AXIS2_PLACEMENT_3D('',#969,#970,#971);
#969 = CARTESIAN_POINT('',(182.,132.,0.));
#970 = DIRECTION('',(0.,0.,1.));
#971 = DIRECTION('',(0.,-1.,0.));
#972 = PCURVE('',#100,#973);
#973 = DEFINITIONAL_REPRESENTATION('',(#974),#978);
#974 = CIRCLE('',#975,8.);
#975 = AXIS2_PLACEMENT_2D('',#976,#977);
#976 = CARTESIAN_POINT('',(372.,272.));
#977 = DIRECTION('',(0.,-1.));
#978 = ( GEOMETRIC_REPRESENTATION_CONTEXT(2) 
PARAMETRIC_REPRESENTATION_CONTEXT() REPRESENTATION_CONTEXT('2D SPACE',''
  ) );
#979 = PCURVE('',#386,#980);
#980 = DEFINITIONAL_REPRESENTATION('',(#981),#985);
#981 = LINE('',#982,#983);
#982 = CARTESIAN_POINT('',(-1.570796326795,0.));
#983 = VECTOR('',#984,1.);
#984 = DIRECTION('',(1.,0.));
#985 = ( GEOMETRIC_REPRESENTATION_CONTEXT(2) 
PARAMETRIC_REPRESENTATION_CONTEXT() REPRESENTATION_CONTEXT('2D SPACE',''
  ) );
#986 = ORIENTED_EDGE('',*,*,#987,.F.);
#987 = EDGE_CURVE('',#834,#964,#988,.T.);
#988 = SURFACE_CURVE('',#989,(#993,#1000),.PCURVE_S1.);
#989 = LINE('',#990,#991);
#990 = CARTESIAN_POINT('',(-190.,140.,0.));
#991 = VECTOR('',#992,1.);
#992 = DIRECTION('',(1.,0.,0.));
#993 = PCURVE('',#100,#994);
#994 = DEFINITIONAL_REPRESENTATION('',(#995),#999);
#995 = LINE('',#996,#997);
#996 = CARTESIAN_POINT('',(0.,280.));
#997 = VECTOR('',#998,1.);
#998 = DIRECTION('',(1.,0.));
#999 = ( GEOMETRIC_REPRESENTATION_CONTEXT(2) 
PARAMETRIC_REPRESENTATION_CONTEXT() REPRESENTATION_CONTEXT('2D SPACE',''
  ) );
#1000 = PCURVE('',#414,#1001);
#1001 = DEFINITIONAL_REPRESENTATION('',(#1002),#1006);
#1002 = LINE('',#1003,#1004);
#1003 = CARTESIAN_POINT('',(0.,0.));
#1004 = VECTOR('',#1005,1.);
#1005 = DIRECTION('',(0.,1.));
#1006 = ( GEOMETRIC_REPRESENTATION_CONTEXT(2) 
PARAMETRIC_REPRESENTATION_CONTEXT() REPRESENTATION_CONTEXT('2D SPACE',''
  ) );
#1007 = ORIENTED_EDGE('',*,*,#833,.F.);
#1008 = FACE_BOUND('',#1009,.F.);
#1009 = EDGE_LOOP('',(#1010,#1041,#1067,#1096,#1122,#1151,#1177,#1206));
#1010 = ORIENTED_EDGE('',*,*,#1011,.F.);
#1011 = EDGE_CURVE('',#1012,#1014,#1016,.T.);
#1012 = VERTEX_POINT('',#1013);
#1013 = CARTESIAN_POINT('',(-100.,-15.,0.));
#1014 = VERTEX_POINT('',#1015);
#1015 = CARTESIAN_POINT('',(-94.,-21.,0.));
#1016 = SURFACE_CURVE('',#1017,(#1022,#1029),.PCURVE_S1.);
#1017 = CIRCLE('',#1018,6.);
#1018 = AXIS2_PLACEMENT_3D('',#1019,#1020,#1021);
#1019 = CARTESIAN_POINT('',(-94.,-15.,0.));
#1020 = DIRECTION('',(0.,0.,1.));
#1021 = DIRECTION('',(-1.,-0.,0.));
#1022 = PCURVE('',#100,#1023);
#1023 = DEFINITIONAL_REPRESENTATION('',(#1024),#1028);
#1024 = CIRCLE('',#1025,6.);
#1025 = AXIS2_PLACEMENT_2D('',#1026,#1027);
#1026 = CARTESIAN_POINT('',(96.,125.));
#1027 = DIRECTION('',(-1.,0.));
#1028 = ( GEOMETRIC_REPRESENTATION_CONTEXT(2) 
PARAMETRIC_REPRESENTATION_CONTEXT() REPRESENTATION_CONTEXT('2D SPACE',''
  ) );
#1029 = PCURVE('',#1030,#1035);
#1030 = CYLINDRICAL_SURFACE('',#1031,6.);
#1031 = AXIS2_PLACEMENT_3D('',#1032,#1033,#1034);
#1032 = CARTESIAN_POINT('',(-94.,-15.,-112.));
#1033 = DIRECTION('',(0.,0.,1.));
#1034 = DIRECTION('',(-1.,-0.,0.));
#1035 = DEFINITIONAL_REPRESENTATION('',(#1036),#1040);
#1036 = LINE('',#1037,#1038);
#1037 = CARTESIAN_POINT('',(0.,112.));
#1038 = VECTOR('',#1039,1.);
#1039 = DIRECTION('',(1.,0.));
#1040 = ( GEOMETRIC_REPRESENTATION_CONTEXT(2) 
PARAMETRIC_REPRESENTATION_CONTEXT() REPRESENTATION_CONTEXT('2D SPACE',''
  ) );
#1041 = ORIENTED_EDGE('',*,*,#1042,.T.);
#1042 = EDGE_CURVE('',#1012,#1043,#1045,.T.);
#1043 = VERTEX_POINT('',#1044);
#1044 = CARTESIAN_POINT('',(-100.,15.,0.));
#1045 = SURFACE_CURVE('',#1046,(#1050,#1056),.PCURVE_S1.);
#1046 = LINE('',#1047,#1048);
#1047 = CARTESIAN_POINT('',(-100.,-80.5,0.));
#1048 = VECTOR('',#1049,1.);
#1049 = DIRECTION('',(0.,1.,0.));
#1050 = PCURVE('',#100,#1051);
#1051 = DEFINITIONAL_REPRESENTATION('',(#1052),#1055);
#1052 = B_SPLINE_CURVE_WITH_KNOTS('',1,(#1053,#1054),.UNSPECIFIED.,.F.,
  .F.,(2,2),(65.5,95.5),.PIECEWISE_BEZIER_KNOTS.);
#1053 = CARTESIAN_POINT('',(90.,125.));
#1054 = CARTESIAN_POINT('',(90.,155.));
#1055 = ( GEOMETRIC_REPRESENTATION_CONTEXT(2) 
PARAMETRIC_REPRESENTATION_CONTEXT() REPRESENTATION_CONTEXT('2D SPACE',''
  ) );
#1056 = PCURVE('',#1057,#1062);
#1057 = PLANE('',#1058);
#1058 = AXIS2_PLACEMENT_3D('',#1059,#1060,#1061);
#1059 = CARTESIAN_POINT('',(-100.,-21.,-112.));
#1060 = DIRECTION('',(1.,0.,0.));
#1061 = DIRECTION('',(0.,0.,1.));
#1062 = DEFINITIONAL_REPRESENTATION('',(#1063),#1066);
#1063 = B_SPLINE_CURVE_WITH_KNOTS('',1,(#1064,#1065),.UNSPECIFIED.,.F.,
  .F.,(2,2),(65.5,95.5),.PIECEWISE_BEZIER_KNOTS.);
#1064 = CARTESIAN_POINT('',(112.,-6.));
#1065 = CARTESIAN_POINT('',(112.,-36.));
#1066 = ( GEOMETRIC_REPRESENTATION_CONTEXT(2) 
PARAMETRIC_REPRESENTATION_CONTEXT() REPRESENTATION_CONTEXT('2D SPACE',''
  ) );
#1067 = ORIENTED_EDGE('',*,*,#1068,.F.);
#1068 = EDGE_CURVE('',#1069,#1043,#1071,.T.);
#1069 = VERTEX_POINT('',#1070);
#1070 = CARTESIAN_POINT('',(-94.,21.,0.));
#1071 = SURFACE_CURVE('',#1072,(#1077,#1084),.PCURVE_S1.);
#1072 = CIRCLE('',#1073,6.);
#1073 = AXIS2_PLACEMENT_3D('',#1074,#1075,#1076);
#1074 = CARTESIAN_POINT('',(-94.,15.,0.));
#1075 = DIRECTION('',(0.,0.,1.));
#1076 = DIRECTION('',(-1.,-0.,0.));
#1077 = PCURVE('',#100,#1078);
#1078 = DEFINITIONAL_REPRESENTATION('',(#1079),#1083);
#1079 = CIRCLE('',#1080,6.);
#1080 = AXIS2_PLACEMENT_2D('',#1081,#1082);
#1081 = CARTESIAN_POINT('',(96.,155.));
#1082 = DIRECTION('',(-1.,0.));
#1083 = ( GEOMETRIC_REPRESENTATION_CONTEXT(2) 
PARAMETRIC_REPRESENTATION_CONTEXT() REPRESENTATION_CONTEXT('2D SPACE',''
  ) );
#1084 = PCURVE('',#1085,#1090);
#1085 = CYLINDRICAL_SURFACE('',#1086,6.);
#1086 = AXIS2_PLACEMENT_3D('',#1087,#1088,#1089);
#1087 = CARTESIAN_POINT('',(-94.,15.,-112.));
#1088 = DIRECTION('',(0.,0.,1.));
#1089 = DIRECTION('',(-1.,-0.,0.));
#1090 = DEFINITIONAL_REPRESENTATION('',(#1091),#1095);
#1091 = LINE('',#1092,#1093);
#1092 = CARTESIAN_POINT('',(-6.28318530718,112.));
#1093 = VECTOR('',#1094,1.);
#1094 = DIRECTION('',(1.,-0.));
#1095 = ( GEOMETRIC_REPRESENTATION_CONTEXT(2) 
PARAMETRIC_REPRESENTATION_CONTEXT() REPRESENTATION_CONTEXT('2D SPACE',''
  ) );
#1096 = ORIENTED_EDGE('',*,*,#1097,.F.);
#1097 = EDGE_CURVE('',#1098,#1069,#1100,.T.);
#1098 = VERTEX_POINT('',#1099);
#1099 = CARTESIAN_POINT('',(14.,21.,0.));
#1100 = SURFACE_CURVE('',#1101,(#1105,#1111),.PCURVE_S1.);
#1101 = LINE('',#1102,#1103);
#1102 = CARTESIAN_POINT('',(-145.,21.,0.));
#1103 = VECTOR('',#1104,1.);
#1104 = DIRECTION('',(-1.,0.,0.));
#1105 = PCURVE('',#100,#1106);
#1106 = DEFINITIONAL_REPRESENTATION('',(#1107),#1110);
#1107 = B_SPLINE_CURVE_WITH_KNOTS('',1,(#1108,#1109),.UNSPECIFIED.,.F.,
  .F.,(2,2),(-159.,-51.),.PIECEWISE_BEZIER_KNOTS.);
#1108 = CARTESIAN_POINT('',(204.,161.));
#1109 = CARTESIAN_POINT('',(96.,161.));
#1110 = ( GEOMETRIC_REPRESENTATION_CONTEXT(2) 
PARAMETRIC_REPRESENTATION_CONTEXT() REPRESENTATION_CONTEXT('2D SPACE',''
  ) );
#1111 = PCURVE('',#1112,#1117);
#1112 = PLANE('',#1113);
#1113 = AXIS2_PLACEMENT_3D('',#1114,#1115,#1116);
#1114 = CARTESIAN_POINT('',(-100.,21.,-112.));
#1115 = DIRECTION('',(0.,1.,0.));
#1116 = DIRECTION('',(0.,0.,1.));
#1117 = DEFINITIONAL_REPRESENTATION('',(#1118),#1121);
#1118 = B_SPLINE_CURVE_WITH_KNOTS('',1,(#1119,#1120),.UNSPECIFIED.,.F.,
  .F.,(2,2),(-159.,-51.),.PIECEWISE_BEZIER_KNOTS.);
#1119 = CARTESIAN_POINT('',(112.,114.));
#1120 = CARTESIAN_POINT('',(112.,6.));
#1121 = ( GEOMETRIC_REPRESENTATION_CONTEXT(2) 
PARAMETRIC_REPRESENTATION_CONTEXT() REPRESENTATION_CONTEXT('2D SPACE',''
  ) );
#1122 = ORIENTED_EDGE('',*,*,#1123,.F.);
#1123 = EDGE_CURVE('',#1124,#1098,#1126,.T.);
#1124 = VERTEX_POINT('',#1125);
#1125 = CARTESIAN_POINT('',(20.,15.,0.));
#1126 = SURFACE_CURVE('',#1127,(#1132,#1139),.PCURVE_S1.);
#1127 = CIRCLE('',#1128,6.);
#1128 = AXIS2_PLACEMENT_3D('',#1129,#1130,#1131);
#1129 = CARTESIAN_POINT('',(14.,15.,0.));
#1130 = DIRECTION('',(0.,0.,1.));
#1131 = DIRECTION('',(1.,0.,-0.));
#1132 = PCURVE('',#100,#1133);
#1133 = DEFINITIONAL_REPRESENTATION('',(#1134),#1138);
#1134 = CIRCLE('',#1135,6.);
#1135 = AXIS2_PLACEMENT_2D('',#1136,#1137);
#1136 = CARTESIAN_POINT('',(204.,155.));
#1137 = DIRECTION('',(1.,0.));
#1138 = ( GEOMETRIC_REPRESENTATION_CONTEXT(2) 
PARAMETRIC_REPRESENTATION_CONTEXT() REPRESENTATION_CONTEXT('2D SPACE',''
  ) );
#1139 = PCURVE('',#1140,#1145);
#1140 = CYLINDRICAL_SURFACE('',#1141,6.);
#1141 = AXIS2_PLACEMENT_3D('',#1142,#1143,#1144);
#1142 = CARTESIAN_POINT('',(14.,15.,-112.));
#1143 = DIRECTION('',(0.,0.,1.));
#1144 = DIRECTION('',(1.,0.,-0.));
#1145 = DEFINITIONAL_REPRESENTATION('',(#1146),#1150);
#1146 = LINE('',#1147,#1148);
#1147 = CARTESIAN_POINT('',(0.,112.));
#1148 = VECTOR('',#1149,1.);
#1149 = DIRECTION('',(1.,0.));
#1150 = ( GEOMETRIC_REPRESENTATION_CONTEXT(2) 
PARAMETRIC_REPRESENTATION_CONTEXT() REPRESENTATION_CONTEXT('2D SPACE',''
  ) );
#1151 = ORIENTED_EDGE('',*,*,#1152,.F.);
#1152 = EDGE_CURVE('',#1153,#1124,#1155,.T.);
#1153 = VERTEX_POINT('',#1154);
#1154 = CARTESIAN_POINT('',(20.,-15.,0.));
#1155 = SURFACE_CURVE('',#1156,(#1160,#1166),.PCURVE_S1.);
#1156 = LINE('',#1157,#1158);
#1157 = CARTESIAN_POINT('',(20.,-80.5,0.));
#1158 = VECTOR('',#1159,1.);
#1159 = DIRECTION('',(0.,1.,0.));
#1160 = PCURVE('',#100,#1161);
#1161 = DEFINITIONAL_REPRESENTATION('',(#1162),#1165);
#1162 = B_SPLINE_CURVE_WITH_KNOTS('',1,(#1163,#1164),.UNSPECIFIED.,.F.,
  .F.,(2,2),(65.5,95.5),.PIECEWISE_BEZIER_KNOTS.);
#1163 = CARTESIAN_POINT('',(210.,125.));
#1164 = CARTESIAN_POINT('',(210.,155.));
#1165 = ( GEOMETRIC_REPRESENTATION_CONTEXT(2) 
PARAMETRIC_REPRESENTATION_CONTEXT() REPRESENTATION_CONTEXT('2D SPACE',''
  ) );
#1166 = PCURVE('',#1167,#1172);
#1167 = PLANE('',#1168);
#1168 = AXIS2_PLACEMENT_3D('',#1169,#1170,#1171);
#1169 = CARTESIAN_POINT('',(20.,-21.,-112.));
#1170 = DIRECTION('',(1.,0.,0.));
#1171 = DIRECTION('',(0.,0.,1.));
#1172 = DEFINITIONAL_REPRESENTATION('',(#1173),#1176);
#1173 = B_SPLINE_CURVE_WITH_KNOTS('',1,(#1174,#1175),.UNSPECIFIED.,.F.,
  .F.,(2,2),(65.5,95.5),.PIECEWISE_BEZIER_KNOTS.);
#1174 = CARTESIAN_POINT('',(112.,-6.));
#1175 = CARTESIAN_POINT('',(112.,-36.));
#1176 = ( GEOMETRIC_REPRESENTATION_CONTEXT(2) 
PARAMETRIC_REPRESENTATION_CONTEXT() REPRESENTATION_CONTEXT('2D SPACE',''
  ) );
#1177 = ORIENTED_EDGE('',*,*,#1178,.F.);
#1178 = EDGE_CURVE('',#1179,#1153,#1181,.T.);
#1179 = VERTEX_POINT('',#1180);
#1180 = CARTESIAN_POINT('',(14.,-21.,0.));
#1181 = SURFACE_CURVE('',#1182,(#1187,#1194),.PCURVE_S1.);
#1182 = CIRCLE('',#1183,6.);
#1183 = AXIS2_PLACEMENT_3D('',#1184,#1185,#1186);
#1184 = CARTESIAN_POINT('',(14.,-15.,0.));
#1185 = DIRECTION('',(0.,0.,1.));
#1186 = DIRECTION('',(1.,0.,-0.));
#1187 = PCURVE('',#100,#1188);
#1188 = DEFINITIONAL_REPRESENTATION('',(#1189),#1193);
#1189 = CIRCLE('',#1190,6.);
#1190 = AXIS2_PLACEMENT_2D('',#1191,#1192);
#1191 = CARTESIAN_POINT('',(204.,125.));
#1192 = DIRECTION('',(1.,0.));
#1193 = ( GEOMETRIC_REPRESENTATION_CONTEXT(2) 
PARAMETRIC_REPRESENTATION_CONTEXT() REPRESENTATION_CONTEXT('2D SPACE',''
  ) );
#1194 = PCURVE('',#1195,#1200);
#1195 = CYLINDRICAL_SURFACE('',#1196,6.);
#1196 = AXIS2_PLACEMENT_3D('',#1197,#1198,#1199);
#1197 = CARTESIAN_POINT('',(14.,-15.,-112.));
#1198 = DIRECTION('',(0.,0.,1.));
#1199 = DIRECTION('',(1.,0.,-0.));
#1200 = DEFINITIONAL_REPRESENTATION('',(#1201),#1205);
#1201 = LINE('',#1202,#1203);
#1202 = CARTESIAN_POINT('',(-6.28318530718,112.));
#1203 = VECTOR('',#1204,1.);
#1204 = DIRECTION('',(1.,-0.));
#1205 = ( GEOMETRIC_REPRESENTATION_CONTEXT(2) 
PARAMETRIC_REPRESENTATION_CONTEXT() REPRESENTATION_CONTEXT('2D SPACE',''
  ) );
#1206 = ORIENTED_EDGE('',*,*,#1207,.T.);
#1207 = EDGE_CURVE('',#1179,#1014,#1208,.T.);
#1208 = SURFACE_CURVE('',#1209,(#1213,#1219),.PCURVE_S1.);
#1209 = LINE('',#1210,#1211);
#1210 = CARTESIAN_POINT('',(-145.,-21.,0.));
#1211 = VECTOR('',#1212,1.);
#1212 = DIRECTION('',(-1.,0.,0.));
#1213 = PCURVE('',#100,#1214);
#1214 = DEFINITIONAL_REPRESENTATION('',(#1215),#1218);
#1215 = B_SPLINE_CURVE_WITH_KNOTS('',1,(#1216,#1217),.UNSPECIFIED.,.F.,
  .F.,(2,2),(-159.,-51.),.PIECEWISE_BEZIER_KNOTS.);
#1216 = CARTESIAN_POINT('',(204.,119.));
#1217 = CARTESIAN_POINT('',(96.,119.));
#1218 = ( GEOMETRIC_REPRESENTATION_CONTEXT(2) 
PARAMETRIC_REPRESENTATION_CONTEXT() REPRESENTATION_CONTEXT('2D SPACE',''
  ) );
#1219 = PCURVE('',#1220,#1225);
#1220 = PLANE('',#1221);
#1221 = AXIS2_PLACEMENT_3D('',#1222,#1223,#1224);
#1222 = CARTESIAN_POINT('',(-100.,-21.,-112.));
#1223 = DIRECTION('',(0.,1.,0.));
#1224 = DIRECTION('',(0.,0.,1.));
#1225 = DEFINITIONAL_REPRESENTATION('',(#1226),#1229);
#1226 = B_SPLINE_CURVE_WITH_KNOTS('',1,(#1227,#1228),.UNSPECIFIED.,.F.,
  .F.,(2,2),(-159.,-51.),.PIECEWISE_BEZIER_KNOTS.);
#1227 = CARTESIAN_POINT('',(112.,114.));
#1228 = CARTESIAN_POINT('',(112.,6.));
#1229 = ( GEOMETRIC_REPRESENTATION_CONTEXT(2) 
PARAMETRIC_REPRESENTATION_CONTEXT() REPRESENTATION_CONTEXT('2D SPACE',''
  ) );
#1230 = ADVANCED_FACE('',(#1231),#158,.T.);
#1231 = FACE_BOUND('',#1232,.F.);
#1232 = EDGE_LOOP('',(#1233,#1261,#1289,#1315));
#1233 = ORIENTED_EDGE('',*,*,#1234,.T.);
#1234 = EDGE_CURVE('',#141,#1235,#1237,.T.);
#1235 = VERTEX_POINT('',#1236);
#1236 = CARTESIAN_POINT('',(-198.,-75.,20.));
#1237 = SURFACE_CURVE('',#1238,(#1243,#1250),.PCURVE_S1.);
#1238 = CIRCLE('',#1239,8.);
#1239 = AXIS2_PLACEMENT_3D('',#1240,#1241,#1242);
#1240 = CARTESIAN_POINT('',(-198.,-67.,20.));
#1241 = DIRECTION('',(-0.,-0.,-1.));
#1242 = DIRECTION('',(0.,-1.,0.));
#1243 = PCURVE('',#158,#1244);
#1244 = DEFINITIONAL_REPRESENTATION('',(#1245),#1249);
#1245 = LINE('',#1246,#1247);
#1246 = CARTESIAN_POINT('',(4.712388980385,-0.));
#1247 = VECTOR('',#1248,1.);
#1248 = DIRECTION('',(-1.,0.));
#1249 = ( GEOMETRIC_REPRESENTATION_CONTEXT(2) 
PARAMETRIC_REPRESENTATION_CONTEXT() REPRESENTATION_CONTEXT('2D SPACE',''
  ) );
#1250 = PCURVE('',#240,#1251);
#1251 = DEFINITIONAL_REPRESENTATION('',(#1252),#1260);
#1252 = ( BOUNDED_CURVE() B_SPLINE_CURVE(2,(#1253,#1254,#1255,#1256,
#1257,#1258,#1259),.UNSPECIFIED.,.T.,.F.) B_SPLINE_CURVE_WITH_KNOTS((1,2
    ,2,2,2,1),(-2.094395102393,0.,2.094395102393,4.188790204786,
6.28318530718,8.377580409573),.UNSPECIFIED.) CURVE() 
GEOMETRIC_REPRESENTATION_ITEM() RATIONAL_B_SPLINE_CURVE((1.,0.5,1.,0.5,
1.,0.5,1.)) REPRESENTATION_ITEM('') );
#1253 = CARTESIAN_POINT('',(192.,0.));
#1254 = CARTESIAN_POINT('',(178.14359353944,0.));
#1255 = CARTESIAN_POINT('',(185.07179676972,12.));
#1256 = CARTESIAN_POINT('',(192.,24.));
#1257 = CARTESIAN_POINT('',(198.92820323027,12.));
#1258 = CARTESIAN_POINT('',(205.85640646055,1.24344978758E-14));
#1259 = CARTESIAN_POINT('',(192.,0.));
#1260 = ( GEOMETRIC_REPRESENTATION_CONTEXT(2) 
PARAMETRIC_REPRESENTATION_CONTEXT() REPRESENTATION_CONTEXT('2D SPACE',''
  ) );
#1261 = ORIENTED_EDGE('',*,*,#1262,.T.);
#1262 = EDGE_CURVE('',#1235,#1263,#1265,.T.);
#1263 = VERTEX_POINT('',#1264);
#1264 = CARTESIAN_POINT('',(-198.,-75.,190.));
#1265 = SURFACE_CURVE('',#1266,(#1270,#1277),.PCURVE_S1.);
#1266 = LINE('',#1267,#1268);
#1267 = CARTESIAN_POINT('',(-198.,-75.,20.));
#1268 = VECTOR('',#1269,1.);
#1269 = DIRECTION('',(0.,0.,1.));
#1270 = PCURVE('',#158,#1271);
#1271 = DEFINITIONAL_REPRESENTATION('',(#1272),#1276);
#1272 = LINE('',#1273,#1274);
#1273 = CARTESIAN_POINT('',(-1.570796326795,0.));
#1274 = VECTOR('',#1275,1.);
#1275 = DIRECTION('',(-0.,1.));
#1276 = ( GEOMETRIC_REPRESENTATION_CONTEXT(2) 
PARAMETRIC_REPRESENTATION_CONTEXT() REPRESENTATION_CONTEXT('2D SPACE',''
  ) );
#1277 = PCURVE('',#1278,#1283);
#1278 = PLANE('',#1279);
#1279 = AXIS2_PLACEMENT_3D('',#1280,#1281,#1282);
#1280 = CARTESIAN_POINT('',(-390.,-75.,20.));
#1281 = DIRECTION('',(0.,1.,0.));
#1282 = DIRECTION('',(0.,0.,1.));
#1283 = DEFINITIONAL_REPRESENTATION('',(#1284),#1288);
#1284 = LINE('',#1285,#1286);
#1285 = CARTESIAN_POINT('',(0.,192.));
#1286 = VECTOR('',#1287,1.);
#1287 = DIRECTION('',(1.,0.));
#1288 = ( GEOMETRIC_REPRESENTATION_CONTEXT(2) 
PARAMETRIC_REPRESENTATION_CONTEXT() REPRESENTATION_CONTEXT('2D SPACE',''
  ) );
#1289 = ORIENTED_EDGE('',*,*,#1290,.F.);
#1290 = EDGE_CURVE('',#143,#1263,#1291,.T.);
#1291 = SURFACE_CURVE('',#1292,(#1297,#1304),.PCURVE_S1.);
#1292 = CIRCLE('',#1293,8.);
#1293 = AXIS2_PLACEMENT_3D('',#1294,#1295,#1296);
#1294 = CARTESIAN_POINT('',(-198.,-67.,190.));
#1295 = DIRECTION('',(-0.,-0.,-1.));
#1296 = DIRECTION('',(0.,-1.,0.));
#1297 = PCURVE('',#158,#1298);
#1298 = DEFINITIONAL_REPRESENTATION('',(#1299),#1303);
#1299 = LINE('',#1300,#1301);
#1300 = CARTESIAN_POINT('',(4.712388980385,170.));
#1301 = VECTOR('',#1302,1.);
#1302 = DIRECTION('',(-1.,0.));
#1303 = ( GEOMETRIC_REPRESENTATION_CONTEXT(2) 
PARAMETRIC_REPRESENTATION_CONTEXT() REPRESENTATION_CONTEXT('2D SPACE',''
  ) );
#1304 = PCURVE('',#186,#1305);
#1305 = DEFINITIONAL_REPRESENTATION('',(#1306),#1314);
#1306 = ( BOUNDED_CURVE() B_SPLINE_CURVE(2,(#1307,#1308,#1309,#1310,
#1311,#1312,#1313),.UNSPECIFIED.,.T.,.F.) B_SPLINE_CURVE_WITH_KNOTS((1,2
    ,2,2,2,1),(-2.094395102393,0.,2.094395102393,4.188790204786,
6.28318530718,8.377580409573),.UNSPECIFIED.) CURVE() 
GEOMETRIC_REPRESENTATION_ITEM() RATIONAL_B_SPLINE_CURVE((1.,0.5,1.,0.5,
1.,0.5,1.)) REPRESENTATION_ITEM('') );
#1307 = CARTESIAN_POINT('',(192.,0.));
#1308 = CARTESIAN_POINT('',(178.14359353944,0.));
#1309 = CARTESIAN_POINT('',(185.07179676972,12.));
#1310 = CARTESIAN_POINT('',(192.,24.));
#1311 = CARTESIAN_POINT('',(198.92820323027,12.));
#1312 = CARTESIAN_POINT('',(205.85640646055,1.24344978758E-14));
#1313 = CARTESIAN_POINT('',(192.,0.));
#1314 = ( GEOMETRIC_REPRESENTATION_CONTEXT(2) 
PARAMETRIC_REPRESENTATION_CONTEXT() REPRESENTATION_CONTEXT('2D SPACE',''
  ) );
#1315 = ORIENTED_EDGE('',*,*,#140,.F.);
#1316 = ADVANCED_FACE('',(#1317),#240,.F.);
#1317 = FACE_BOUND('',#1318,.F.);
#1318 = EDGE_LOOP('',(#1319,#1349,#1378,#1399,#1400,#1401,#1425,#1453));
#1319 = ORIENTED_EDGE('',*,*,#1320,.F.);
#1320 = EDGE_CURVE('',#1321,#1323,#1325,.T.);
#1321 = VERTEX_POINT('',#1322);
#1322 = CARTESIAN_POINT('',(-390.,-67.,20.));
#1323 = VERTEX_POINT('',#1324);
#1324 = CARTESIAN_POINT('',(-390.,67.,20.));
#1325 = SURFACE_CURVE('',#1326,(#1330,#1337),.PCURVE_S1.);
#1326 = LINE('',#1327,#1328);
#1327 = CARTESIAN_POINT('',(-390.,-75.,20.));
#1328 = VECTOR('',#1329,1.);
#1329 = DIRECTION('',(0.,1.,0.));
#1330 = PCURVE('',#240,#1331);
#1331 = DEFINITIONAL_REPRESENTATION('',(#1332),#1336);
#1332 = LINE('',#1333,#1334);
#1333 = CARTESIAN_POINT('',(0.,0.));
#1334 = VECTOR('',#1335,1.);
#1335 = DIRECTION('',(0.,1.));
#1336 = ( GEOMETRIC_REPRESENTATION_CONTEXT(2) 
PARAMETRIC_REPRESENTATION_CONTEXT() REPRESENTATION_CONTEXT('2D SPACE',''
  ) );
#1337 = PCURVE('',#1338,#1343);
#1338 = PLANE('',#1339);
#1339 = AXIS2_PLACEMENT_3D('',#1340,#1341,#1342);
#1340 = CARTESIAN_POINT('',(-390.,-75.,20.));
#1341 = DIRECTION('',(1.,0.,0.));
#1342 = DIRECTION('',(0.,0.,1.));
#1343 = DEFINITIONAL_REPRESENTATION('',(#1344),#1348);
#1344 = LINE('',#1345,#1346);
#1345 = CARTESIAN_POINT('',(0.,0.));
#1346 = VECTOR('',#1347,1.);
#1347 = DIRECTION('',(0.,-1.));
#1348 = ( GEOMETRIC_REPRESENTATION_CONTEXT(2) 
PARAMETRIC_REPRESENTATION_CONTEXT() REPRESENTATION_CONTEXT('2D SPACE',''
  ) );
#1349 = ORIENTED_EDGE('',*,*,#1350,.T.);
#1350 = EDGE_CURVE('',#1321,#1351,#1353,.T.);
#1351 = VERTEX_POINT('',#1352);
#1352 = CARTESIAN_POINT('',(-382.,-75.,20.));
#1353 = SURFACE_CURVE('',#1354,(#1359,#1366),.PCURVE_S1.);
#1354 = CIRCLE('',#1355,8.);
#1355 = AXIS2_PLACEMENT_3D('',#1356,#1357,#1358);
#1356 = CARTESIAN_POINT('',(-382.,-67.,20.));
#1357 = DIRECTION('',(0.,0.,1.));
#1358 = DIRECTION('',(0.,-1.,0.));
#1359 = PCURVE('',#240,#1360);
#1360 = DEFINITIONAL_REPRESENTATION('',(#1361),#1365);
#1361 = CIRCLE('',#1362,8.);
#1362 = AXIS2_PLACEMENT_2D('',#1363,#1364);
#1363 = CARTESIAN_POINT('',(8.,8.));
#1364 = DIRECTION('',(0.,-1.));
#1365 = ( GEOMETRIC_REPRESENTATION_CONTEXT(2) 
PARAMETRIC_REPRESENTATION_CONTEXT() REPRESENTATION_CONTEXT('2D SPACE',''
  ) );
#1366 = PCURVE('',#1367,#1372);
#1367 = CYLINDRICAL_SURFACE('',#1368,8.);
#1368 = AXIS2_PLACEMENT_3D('',#1369,#1370,#1371);
#1369 = CARTESIAN_POINT('',(-382.,-67.,20.));
#1370 = DIRECTION('',(0.,0.,1.));
#1371 = DIRECTION('',(-1.,-0.,0.));
#1372 = DEFINITIONAL_REPRESENTATION('',(#1373),#1377);
#1373 = LINE('',#1374,#1375);
#1374 = CARTESIAN_POINT('',(-4.712388980385,0.));
#1375 = VECTOR('',#1376,1.);
#1376 = DIRECTION('',(1.,0.));
#1377 = ( GEOMETRIC_REPRESENTATION_CONTEXT(2) 
PARAMETRIC_REPRESENTATION_CONTEXT() REPRESENTATION_CONTEXT('2D SPACE',''
  ) );
#1378 = ORIENTED_EDGE('',*,*,#1379,.T.);
#1379 = EDGE_CURVE('',#1351,#1235,#1380,.T.);
#1380 = SURFACE_CURVE('',#1381,(#1385,#1392),.PCURVE_S1.);
#1381 = LINE('',#1382,#1383);
#1382 = CARTESIAN_POINT('',(-390.,-75.,20.));
#1383 = VECTOR('',#1384,1.);
#1384 = DIRECTION('',(1.,0.,0.));
#1385 = PCURVE('',#240,#1386);
#1386 = DEFINITIONAL_REPRESENTATION('',(#1387),#1391);
#1387 = LINE('',#1388,#1389);
#1388 = CARTESIAN_POINT('',(0.,0.));
#1389 = VECTOR('',#1390,1.);
#1390 = DIRECTION('',(1.,0.));
#1391 = ( GEOMETRIC_REPRESENTATION_CONTEXT(2) 
PARAMETRIC_REPRESENTATION_CONTEXT() REPRESENTATION_CONTEXT('2D SPACE',''
  ) );
#1392 = PCURVE('',#1278,#1393);
#1393 = DEFINITIONAL_REPRESENTATION('',(#1394),#1398);
#1394 = LINE('',#1395,#1396);
#1395 = CARTESIAN_POINT('',(0.,0.));
#1396 = VECTOR('',#1397,1.);
#1397 = DIRECTION('',(0.,1.));
#1398 = ( GEOMETRIC_REPRESENTATION_CONTEXT(2) 
PARAMETRIC_REPRESENTATION_CONTEXT() REPRESENTATION_CONTEXT('2D SPACE',''
  ) );
#1399 = ORIENTED_EDGE('',*,*,#1234,.F.);
#1400 = ORIENTED_EDGE('',*,*,#226,.T.);
#1401 = ORIENTED_EDGE('',*,*,#1402,.T.);
#1402 = EDGE_CURVE('',#199,#1403,#1405,.T.);
#1403 = VERTEX_POINT('',#1404);
#1404 = CARTESIAN_POINT('',(-198.,75.,20.));
#1405 = SURFACE_CURVE('',#1406,(#1411,#1418),.PCURVE_S1.);
#1406 = CIRCLE('',#1407,8.);
#1407 = AXIS2_PLACEMENT_3D('',#1408,#1409,#1410);
#1408 = CARTESIAN_POINT('',(-198.,67.,20.));
#1409 = DIRECTION('',(0.,0.,1.));
#1410 = DIRECTION('',(0.,-1.,0.));
#1411 = PCURVE('',#240,#1412);
#1412 = DEFINITIONAL_REPRESENTATION('',(#1413),#1417);
#1413 = CIRCLE('',#1414,8.);
#1414 = AXIS2_PLACEMENT_2D('',#1415,#1416);
#1415 = CARTESIAN_POINT('',(192.,142.));
#1416 = DIRECTION('',(0.,-1.));
#1417 = ( GEOMETRIC_REPRESENTATION_CONTEXT(2) 
PARAMETRIC_REPRESENTATION_CONTEXT() REPRESENTATION_CONTEXT('2D SPACE',''
  ) );
#1418 = PCURVE('',#214,#1419);
#1419 = DEFINITIONAL_REPRESENTATION('',(#1420),#1424);
#1420 = LINE('',#1421,#1422);
#1421 = CARTESIAN_POINT('',(-1.570796326795,0.));
#1422 = VECTOR('',#1423,1.);
#1423 = DIRECTION('',(1.,0.));
#1424 = ( GEOMETRIC_REPRESENTATION_CONTEXT(2) 
PARAMETRIC_REPRESENTATION_CONTEXT() REPRESENTATION_CONTEXT('2D SPACE',''
  ) );
#1425 = ORIENTED_EDGE('',*,*,#1426,.F.);
#1426 = EDGE_CURVE('',#1427,#1403,#1429,.T.);
#1427 = VERTEX_POINT('',#1428);
#1428 = CARTESIAN_POINT('',(-382.,75.,20.));
#1429 = SURFACE_CURVE('',#1430,(#1434,#1441),.PCURVE_S1.);
#1430 = LINE('',#1431,#1432);
#1431 = CARTESIAN_POINT('',(-390.,75.,20.));
#1432 = VECTOR('',#1433,1.);
#1433 = DIRECTION('',(1.,0.,0.));
#1434 = PCURVE('',#240,#1435);
#1435 = DEFINITIONAL_REPRESENTATION('',(#1436),#1440);
#1436 = LINE('',#1437,#1438);
#1437 = CARTESIAN_POINT('',(0.,150.));
#1438 = VECTOR('',#1439,1.);
#1439 = DIRECTION('',(1.,0.));
#1440 = ( GEOMETRIC_REPRESENTATION_CONTEXT(2) 
PARAMETRIC_REPRESENTATION_CONTEXT() REPRESENTATION_CONTEXT('2D SPACE',''
  ) );
#1441 = PCURVE('',#1442,#1447);
#1442 = PLANE('',#1443);
#1443 = AXIS2_PLACEMENT_3D('',#1444,#1445,#1446);
#1444 = CARTESIAN_POINT('',(-390.,75.,20.));
#1445 = DIRECTION('',(0.,1.,0.));
#1446 = DIRECTION('',(0.,0.,1.));
#1447 = DEFINITIONAL_REPRESENTATION('',(#1448),#1452);
#1448 = LINE('',#1449,#1450);
#1449 = CARTESIAN_POINT('',(0.,0.));
#1450 = VECTOR('',#1451,1.);
#1451 = DIRECTION('',(0.,1.));
#1452 = ( GEOMETRIC_REPRESENTATION_CONTEXT(2) 
PARAMETRIC_REPRESENTATION_CONTEXT() REPRESENTATION_CONTEXT('2D SPACE',''
  ) );
#1453 = ORIENTED_EDGE('',*,*,#1454,.F.);
#1454 = EDGE_CURVE('',#1323,#1427,#1455,.T.);
#1455 = SURFACE_CURVE('',#1456,(#1461,#1472),.PCURVE_S1.);
#1456 = CIRCLE('',#1457,8.);
#1457 = AXIS2_PLACEMENT_3D('',#1458,#1459,#1460);
#1458 = CARTESIAN_POINT('',(-382.,67.,20.));
#1459 = DIRECTION('',(-0.,-0.,-1.));
#1460 = DIRECTION('',(0.,-1.,0.));
#1461 = PCURVE('',#240,#1462);
#1462 = DEFINITIONAL_REPRESENTATION('',(#1463),#1471);
#1463 = ( BOUNDED_CURVE() B_SPLINE_CURVE(2,(#1464,#1465,#1466,#1467,
#1468,#1469,#1470),.UNSPECIFIED.,.T.,.F.) B_SPLINE_CURVE_WITH_KNOTS((1,2
    ,2,2,2,1),(-2.094395102393,0.,2.094395102393,4.188790204786,
6.28318530718,8.377580409573),.UNSPECIFIED.) CURVE() 
GEOMETRIC_REPRESENTATION_ITEM() RATIONAL_B_SPLINE_CURVE((1.,0.5,1.,0.5,
1.,0.5,1.)) REPRESENTATION_ITEM('') );
#1464 = CARTESIAN_POINT('',(8.,134.));
#1465 = CARTESIAN_POINT('',(-5.856406460551,134.));
#1466 = CARTESIAN_POINT('',(1.071796769724,146.));
#1467 = CARTESIAN_POINT('',(8.,158.));
#1468 = CARTESIAN_POINT('',(14.928203230276,146.));
#1469 = CARTESIAN_POINT('',(21.856406460551,134.));
#1470 = CARTESIAN_POINT('',(8.,134.));
#1471 = ( GEOMETRIC_REPRESENTATION_CONTEXT(2) 
PARAMETRIC_REPRESENTATION_CONTEXT() REPRESENTATION_CONTEXT('2D SPACE',''
  ) );
#1472 = PCURVE('',#1473,#1478);
#1473 = CYLINDRICAL_SURFACE('',#1474,8.);
#1474 = AXIS2_PLACEMENT_3D('',#1475,#1476,#1477);
#1475 = CARTESIAN_POINT('',(-382.,67.,20.));
#1476 = DIRECTION('',(0.,0.,1.));
#1477 = DIRECTION('',(-1.,-0.,0.));
#1478 = DEFINITIONAL_REPRESENTATION('',(#1479),#1483);
#1479 = LINE('',#1480,#1481);
#1480 = CARTESIAN_POINT('',(1.570796326795,-0.));
#1481 = VECTOR('',#1482,1.);
#1482 = DIRECTION('',(-1.,0.));
#1483 = ( GEOMETRIC_REPRESENTATION_CONTEXT(2) 
PARAMETRIC_REPRESENTATION_CONTEXT() REPRESENTATION_CONTEXT('2D SPACE',''
  ) );
#1484 = ADVANCED_FACE('',(#1485),#214,.T.);
#1485 = FACE_BOUND('',#1486,.T.);
#1486 = EDGE_LOOP('',(#1487,#1488,#1511,#1533));
#1487 = ORIENTED_EDGE('',*,*,#1402,.T.);
#1488 = ORIENTED_EDGE('',*,*,#1489,.T.);
#1489 = EDGE_CURVE('',#1403,#1490,#1492,.T.);
#1490 = VERTEX_POINT('',#1491);
#1491 = CARTESIAN_POINT('',(-198.,75.,190.));
#1492 = SURFACE_CURVE('',#1493,(#1497,#1504),.PCURVE_S1.);
#1493 = LINE('',#1494,#1495);
#1494 = CARTESIAN_POINT('',(-198.,75.,20.));
#1495 = VECTOR('',#1496,1.);
#1496 = DIRECTION('',(0.,0.,1.));
#1497 = PCURVE('',#214,#1498);
#1498 = DEFINITIONAL_REPRESENTATION('',(#1499),#1503);
#1499 = LINE('',#1500,#1501);
#1500 = CARTESIAN_POINT('',(1.570796326795,0.));
#1501 = VECTOR('',#1502,1.);
#1502 = DIRECTION('',(0.,1.));
#1503 = ( GEOMETRIC_REPRESENTATION_CONTEXT(2) 
PARAMETRIC_REPRESENTATION_CONTEXT() REPRESENTATION_CONTEXT('2D SPACE',''
  ) );
#1504 = PCURVE('',#1442,#1505);
#1505 = DEFINITIONAL_REPRESENTATION('',(#1506),#1510);
#1506 = LINE('',#1507,#1508);
#1507 = CARTESIAN_POINT('',(0.,192.));
#1508 = VECTOR('',#1509,1.);
#1509 = DIRECTION('',(1.,0.));
#1510 = ( GEOMETRIC_REPRESENTATION_CONTEXT(2) 
PARAMETRIC_REPRESENTATION_CONTEXT() REPRESENTATION_CONTEXT('2D SPACE',''
  ) );
#1511 = ORIENTED_EDGE('',*,*,#1512,.F.);
#1512 = EDGE_CURVE('',#171,#1490,#1513,.T.);
#1513 = SURFACE_CURVE('',#1514,(#1519,#1526),.PCURVE_S1.);
#1514 = CIRCLE('',#1515,8.);
#1515 = AXIS2_PLACEMENT_3D('',#1516,#1517,#1518);
#1516 = CARTESIAN_POINT('',(-198.,67.,190.));
#1517 = DIRECTION('',(0.,0.,1.));
#1518 = DIRECTION('',(0.,-1.,0.));
#1519 = PCURVE('',#214,#1520);
#1520 = DEFINITIONAL_REPRESENTATION('',(#1521),#1525);
#1521 = LINE('',#1522,#1523);
#1522 = CARTESIAN_POINT('',(-1.570796326795,170.));
#1523 = VECTOR('',#1524,1.);
#1524 = DIRECTION('',(1.,0.));
#1525 = ( GEOMETRIC_REPRESENTATION_CONTEXT(2) 
PARAMETRIC_REPRESENTATION_CONTEXT() REPRESENTATION_CONTEXT('2D SPACE',''
  ) );
#1526 = PCURVE('',#186,#1527);
#1527 = DEFINITIONAL_REPRESENTATION('',(#1528),#1532);
#1528 = CIRCLE('',#1529,8.);
#1529 = AXIS2_PLACEMENT_2D('',#1530,#1531);
#1530 = CARTESIAN_POINT('',(192.,142.));
#1531 = DIRECTION('',(0.,-1.));
#1532 = ( GEOMETRIC_REPRESENTATION_CONTEXT(2) 
PARAMETRIC_REPRESENTATION_CONTEXT() REPRESENTATION_CONTEXT('2D SPACE',''
  ) );
#1533 = ORIENTED_EDGE('',*,*,#198,.F.);
#1534 = ADVANCED_FACE('',(#1535,#1674),#186,.T.);
#1535 = FACE_BOUND('',#1536,.T.);
#1536 = EDGE_LOOP('',(#1537,#1567,#1596,#1617,#1618,#1619,#1620,#1643));
#1537 = ORIENTED_EDGE('',*,*,#1538,.F.);
#1538 = EDGE_CURVE('',#1539,#1541,#1543,.T.);
#1539 = VERTEX_POINT('',#1540);
#1540 = CARTESIAN_POINT('',(-390.,-67.,190.));
#1541 = VERTEX_POINT('',#1542);
#1542 = CARTESIAN_POINT('',(-390.,67.,190.));
#1543 = SURFACE_CURVE('',#1544,(#1548,#1555),.PCURVE_S1.);
#1544 = LINE('',#1545,#1546);
#1545 = CARTESIAN_POINT('',(-390.,-75.,190.));
#1546 = VECTOR('',#1547,1.);
#1547 = DIRECTION('',(0.,1.,0.));
#1548 = PCURVE('',#186,#1549);
#1549 = DEFINITIONAL_REPRESENTATION('',(#1550),#1554);
#1550 = LINE('',#1551,#1552);
#1551 = CARTESIAN_POINT('',(0.,0.));
#1552 = VECTOR('',#1553,1.);
#1553 = DIRECTION('',(0.,1.));
#1554 = ( GEOMETRIC_REPRESENTATION_CONTEXT(2) 
PARAMETRIC_REPRESENTATION_CONTEXT() REPRESENTATION_CONTEXT('2D SPACE',''
  ) );
#1555 = PCURVE('',#1556,#1561);
#1556 = PLANE('',#1557);
#1557 = AXIS2_PLACEMENT_3D('',#1558,#1559,#1560);
#1558 = CARTESIAN_POINT('',(-390.,-75.,20.));
#1559 = DIRECTION('',(1.,0.,0.));
#1560 = DIRECTION('',(0.,0.,1.));
#1561 = DEFINITIONAL_REPRESENTATION('',(#1562),#1566);
#1562 = LINE('',#1563,#1564);
#1563 = CARTESIAN_POINT('',(170.,0.));
#1564 = VECTOR('',#1565,1.);
#1565 = DIRECTION('',(0.,-1.));
#1566 = ( GEOMETRIC_REPRESENTATION_CONTEXT(2) 
PARAMETRIC_REPRESENTATION_CONTEXT() REPRESENTATION_CONTEXT('2D SPACE',''
  ) );
#1567 = ORIENTED_EDGE('',*,*,#1568,.T.);
#1568 = EDGE_CURVE('',#1539,#1569,#1571,.T.);
#1569 = VERTEX_POINT('',#1570);
#1570 = CARTESIAN_POINT('',(-382.,-75.,190.));
#1571 = SURFACE_CURVE('',#1572,(#1577,#1584),.PCURVE_S1.);
#1572 = CIRCLE('',#1573,8.);
#1573 = AXIS2_PLACEMENT_3D('',#1574,#1575,#1576);
#1574 = CARTESIAN_POINT('',(-382.,-67.,190.));
#1575 = DIRECTION('',(0.,0.,1.));
#1576 = DIRECTION('',(0.,-1.,0.));
#1577 = PCURVE('',#186,#1578);
#1578 = DEFINITIONAL_REPRESENTATION('',(#1579),#1583);
#1579 = CIRCLE('',#1580,8.);
#1580 = AXIS2_PLACEMENT_2D('',#1581,#1582);
#1581 = CARTESIAN_POINT('',(8.,8.));
#1582 = DIRECTION('',(0.,-1.));
#1583 = ( GEOMETRIC_REPRESENTATION_CONTEXT(2) 
PARAMETRIC_REPRESENTATION_CONTEXT() REPRESENTATION_CONTEXT('2D SPACE',''
  ) );
#1584 = PCURVE('',#1585,#1590);
#1585 = CYLINDRICAL_SURFACE('',#1586,8.);
#1586 = AXIS2_PLACEMENT_3D('',#1587,#1588,#1589);
#1587 = CARTESIAN_POINT('',(-382.,-67.,20.));
#1588 = DIRECTION('',(0.,0.,1.));
#1589 = DIRECTION('',(-1.,-0.,0.));
#1590 = DEFINITIONAL_REPRESENTATION('',(#1591),#1595);
#1591 = LINE('',#1592,#1593);
#1592 = CARTESIAN_POINT('',(-4.712388980385,170.));
#1593 = VECTOR('',#1594,1.);
#1594 = DIRECTION('',(1.,0.));
#1595 = ( GEOMETRIC_REPRESENTATION_CONTEXT(2) 
PARAMETRIC_REPRESENTATION_CONTEXT() REPRESENTATION_CONTEXT('2D SPACE',''
  ) );
#1596 = ORIENTED_EDGE('',*,*,#1597,.T.);
#1597 = EDGE_CURVE('',#1569,#1263,#1598,.T.);
#1598 = SURFACE_CURVE('',#1599,(#1603,#1610),.PCURVE_S1.);
#1599 = LINE('',#1600,#1601);
#1600 = CARTESIAN_POINT('',(-390.,-75.,190.));
#1601 = VECTOR('',#1602,1.);
#1602 = DIRECTION('',(1.,0.,0.));
#1603 = PCURVE('',#186,#1604);
#1604 = DEFINITIONAL_REPRESENTATION('',(#1605),#1609);
#1605 = LINE('',#1606,#1607);
#1606 = CARTESIAN_POINT('',(0.,0.));
#1607 = VECTOR('',#1608,1.);
#1608 = DIRECTION('',(1.,0.));
#1609 = ( GEOMETRIC_REPRESENTATION_CONTEXT(2) 
PARAMETRIC_REPRESENTATION_CONTEXT() REPRESENTATION_CONTEXT('2D SPACE',''
  ) );
#1610 = PCURVE('',#1278,#1611);
#1611 = DEFINITIONAL_REPRESENTATION('',(#1612),#1616);
#1612 = LINE('',#1613,#1614);
#1613 = CARTESIAN_POINT('',(170.,0.));
#1614 = VECTOR('',#1615,1.);
#1615 = DIRECTION('',(0.,1.));
#1616 = ( GEOMETRIC_REPRESENTATION_CONTEXT(2) 
PARAMETRIC_REPRESENTATION_CONTEXT() REPRESENTATION_CONTEXT('2D SPACE',''
  ) );
#1617 = ORIENTED_EDGE('',*,*,#1290,.F.);
#1618 = ORIENTED_EDGE('',*,*,#170,.T.);
#1619 = ORIENTED_EDGE('',*,*,#1512,.T.);
#1620 = ORIENTED_EDGE('',*,*,#1621,.F.);
#1621 = EDGE_CURVE('',#1622,#1490,#1624,.T.);
#1622 = VERTEX_POINT('',#1623);
#1623 = CARTESIAN_POINT('',(-382.,75.,190.));
#1624 = SURFACE_CURVE('',#1625,(#1629,#1636),.PCURVE_S1.);
#1625 = LINE('',#1626,#1627);
#1626 = CARTESIAN_POINT('',(-390.,75.,190.));
#1627 = VECTOR('',#1628,1.);
#1628 = DIRECTION('',(1.,0.,0.));
#1629 = PCURVE('',#186,#1630);
#1630 = DEFINITIONAL_REPRESENTATION('',(#1631),#1635);
#1631 = LINE('',#1632,#1633);
#1632 = CARTESIAN_POINT('',(0.,150.));
#1633 = VECTOR('',#1634,1.);
#1634 = DIRECTION('',(1.,0.));
#1635 = ( GEOMETRIC_REPRESENTATION_CONTEXT(2) 
PARAMETRIC_REPRESENTATION_CONTEXT() REPRESENTATION_CONTEXT('2D SPACE',''
  ) );
#1636 = PCURVE('',#1442,#1637);
#1637 = DEFINITIONAL_REPRESENTATION('',(#1638),#1642);
#1638 = LINE('',#1639,#1640);
#1639 = CARTESIAN_POINT('',(170.,0.));
#1640 = VECTOR('',#1641,1.);
#1641 = DIRECTION('',(0.,1.));
#1642 = ( GEOMETRIC_REPRESENTATION_CONTEXT(2) 
PARAMETRIC_REPRESENTATION_CONTEXT() REPRESENTATION_CONTEXT('2D SPACE',''
  ) );
#1643 = ORIENTED_EDGE('',*,*,#1644,.F.);
#1644 = EDGE_CURVE('',#1541,#1622,#1645,.T.);
#1645 = SURFACE_CURVE('',#1646,(#1651,#1662),.PCURVE_S1.);
#1646 = CIRCLE('',#1647,8.);
#1647 = AXIS2_PLACEMENT_3D('',#1648,#1649,#1650);
#1648 = CARTESIAN_POINT('',(-382.,67.,190.));
#1649 = DIRECTION('',(-0.,-0.,-1.));
#1650 = DIRECTION('',(0.,-1.,0.));
#1651 = PCURVE('',#186,#1652);
#1652 = DEFINITIONAL_REPRESENTATION('',(#1653),#1661);
#1653 = ( BOUNDED_CURVE() B_SPLINE_CURVE(2,(#1654,#1655,#1656,#1657,
#1658,#1659,#1660),.UNSPECIFIED.,.T.,.F.) B_SPLINE_CURVE_WITH_KNOTS((1,2
    ,2,2,2,1),(-2.094395102393,0.,2.094395102393,4.188790204786,
6.28318530718,8.377580409573),.UNSPECIFIED.) CURVE() 
GEOMETRIC_REPRESENTATION_ITEM() RATIONAL_B_SPLINE_CURVE((1.,0.5,1.,0.5,
1.,0.5,1.)) REPRESENTATION_ITEM('') );
#1654 = CARTESIAN_POINT('',(8.,134.));
#1655 = CARTESIAN_POINT('',(-5.856406460551,134.));
#1656 = CARTESIAN_POINT('',(1.071796769724,146.));
#1657 = CARTESIAN_POINT('',(8.,158.));
#1658 = CARTESIAN_POINT('',(14.928203230276,146.));
#1659 = CARTESIAN_POINT('',(21.856406460551,134.));
#1660 = CARTESIAN_POINT('',(8.,134.));
#1661 = ( GEOMETRIC_REPRESENTATION_CONTEXT(2) 
PARAMETRIC_REPRESENTATION_CONTEXT() REPRESENTATION_CONTEXT('2D SPACE',''
  ) );
#1662 = PCURVE('',#1663,#1668);
#1663 = CYLINDRICAL_SURFACE('',#1664,8.);
#1664 = AXIS2_PLACEMENT_3D('',#1665,#1666,#1667);
#1665 = CARTESIAN_POINT('',(-382.,67.,20.));
#1666 = DIRECTION('',(0.,0.,1.));
#1667 = DIRECTION('',(-1.,-0.,0.));
#1668 = DEFINITIONAL_REPRESENTATION('',(#1669),#1673);
#1669 = LINE('',#1670,#1671);
#1670 = CARTESIAN_POINT('',(1.570796326795,170.));
#1671 = VECTOR('',#1672,1.);
#1672 = DIRECTION('',(-1.,0.));
#1673 = ( GEOMETRIC_REPRESENTATION_CONTEXT(2) 
PARAMETRIC_REPRESENTATION_CONTEXT() REPRESENTATION_CONTEXT('2D SPACE',''
  ) );
#1674 = FACE_BOUND('',#1675,.T.);
#1675 = EDGE_LOOP('',(#1676,#1704,#1730,#1756));
#1676 = ORIENTED_EDGE('',*,*,#1677,.T.);
#1677 = EDGE_CURVE('',#1678,#1680,#1682,.T.);
#1678 = VERTEX_POINT('',#1679);
#1679 = CARTESIAN_POINT('',(-234.,-38.5,190.));
#1680 = VERTEX_POINT('',#1681);
#1681 = CARTESIAN_POINT('',(-346.,-38.5,190.));
#1682 = SURFACE_CURVE('',#1683,(#1687,#1693),.PCURVE_S1.);
#1683 = LINE('',#1684,#1685);
#1684 = CARTESIAN_POINT('',(-368.,-38.5,190.));
#1685 = VECTOR('',#1686,1.);
#1686 = DIRECTION('',(-1.,0.,0.));
#1687 = PCURVE('',#186,#1688);
#1688 = DEFINITIONAL_REPRESENTATION('',(#1689),#1692);
#1689 = B_SPLINE_CURVE_WITH_KNOTS('',1,(#1690,#1691),.UNSPECIFIED.,.F.,
  .F.,(2,2),(-134.,-22.),.PIECEWISE_BEZIER_KNOTS.);
#1690 = CARTESIAN_POINT('',(156.,36.5));
#1691 = CARTESIAN_POINT('',(44.,36.5));
#1692 = ( GEOMETRIC_REPRESENTATION_CONTEXT(2) 
PARAMETRIC_REPRESENTATION_CONTEXT() REPRESENTATION_CONTEXT('2D SPACE',''
  ) );
#1693 = PCURVE('',#1694,#1699);
#1694 = PLANE('',#1695);
#1695 = AXIS2_PLACEMENT_3D('',#1696,#1697,#1698);
#1696 = CARTESIAN_POINT('',(-346.,-38.5,185.5));
#1697 = DIRECTION('',(0.,1.,0.));
#1698 = DIRECTION('',(0.,0.,1.));
#1699 = DEFINITIONAL_REPRESENTATION('',(#1700),#1703);
#1700 = B_SPLINE_CURVE_WITH_KNOTS('',1,(#1701,#1702),.UNSPECIFIED.,.F.,
  .F.,(2,2),(-134.,-22.),.PIECEWISE_BEZIER_KNOTS.);
#1701 = CARTESIAN_POINT('',(4.5,112.));
#1702 = CARTESIAN_POINT('',(4.5,0.));
#1703 = ( GEOMETRIC_REPRESENTATION_CONTEXT(2) 
PARAMETRIC_REPRESENTATION_CONTEXT() REPRESENTATION_CONTEXT('2D SPACE',''
  ) );
#1704 = ORIENTED_EDGE('',*,*,#1705,.T.);
#1705 = EDGE_CURVE('',#1680,#1706,#1708,.T.);
#1706 = VERTEX_POINT('',#1707);
#1707 = CARTESIAN_POINT('',(-346.,38.5,190.));
#1708 = SURFACE_CURVE('',#1709,(#1713,#1719),.PCURVE_S1.);
#1709 = LINE('',#1710,#1711);
#1710 = CARTESIAN_POINT('',(-346.,-56.75,190.));
#1711 = VECTOR('',#1712,1.);
#1712 = DIRECTION('',(0.,1.,0.));
#1713 = PCURVE('',#186,#1714);
#1714 = DEFINITIONAL_REPRESENTATION('',(#1715),#1718);
#1715 = B_SPLINE_CURVE_WITH_KNOTS('',1,(#1716,#1717),.UNSPECIFIED.,.F.,
  .F.,(2,2),(18.25,95.25),.PIECEWISE_BEZIER_KNOTS.);
#1716 = CARTESIAN_POINT('',(44.,36.5));
#1717 = CARTESIAN_POINT('',(44.,113.5));
#1718 = ( GEOMETRIC_REPRESENTATION_CONTEXT(2) 
PARAMETRIC_REPRESENTATION_CONTEXT() REPRESENTATION_CONTEXT('2D SPACE',''
  ) );
#1719 = PCURVE('',#1720,#1725);
#1720 = PLANE('',#1721);
#1721 = AXIS2_PLACEMENT_3D('',#1722,#1723,#1724);
#1722 = CARTESIAN_POINT('',(-346.,-38.5,185.5));
#1723 = DIRECTION('',(1.,0.,0.));
#1724 = DIRECTION('',(0.,0.,1.));
#1725 = DEFINITIONAL_REPRESENTATION('',(#1726),#1729);
#1726 = B_SPLINE_CURVE_WITH_KNOTS('',1,(#1727,#1728),.UNSPECIFIED.,.F.,
  .F.,(2,2),(18.25,95.25),.PIECEWISE_BEZIER_KNOTS.);
#1727 = CARTESIAN_POINT('',(4.5,0.));
#1728 = CARTESIAN_POINT('',(4.5,-77.));
#1729 = ( GEOMETRIC_REPRESENTATION_CONTEXT(2) 
PARAMETRIC_REPRESENTATION_CONTEXT() REPRESENTATION_CONTEXT('2D SPACE',''
  ) );
#1730 = ORIENTED_EDGE('',*,*,#1731,.F.);
#1731 = EDGE_CURVE('',#1732,#1706,#1734,.T.);
#1732 = VERTEX_POINT('',#1733);
#1733 = CARTESIAN_POINT('',(-234.,38.5,190.));
#1734 = SURFACE_CURVE('',#1735,(#1739,#1745),.PCURVE_S1.);
#1735 = LINE('',#1736,#1737);
#1736 = CARTESIAN_POINT('',(-368.,38.5,190.));
#1737 = VECTOR('',#1738,1.);
#1738 = DIRECTION('',(-1.,0.,0.));
#1739 = PCURVE('',#186,#1740);
#1740 = DEFINITIONAL_REPRESENTATION('',(#1741),#1744);
#1741 = B_SPLINE_CURVE_WITH_KNOTS('',1,(#1742,#1743),.UNSPECIFIED.,.F.,
  .F.,(2,2),(-134.,-22.),.PIECEWISE_BEZIER_KNOTS.);
#1742 = CARTESIAN_POINT('',(156.,113.5));
#1743 = CARTESIAN_POINT('',(44.,113.5));
#1744 = ( GEOMETRIC_REPRESENTATION_CONTEXT(2) 
PARAMETRIC_REPRESENTATION_CONTEXT() REPRESENTATION_CONTEXT('2D SPACE',''
  ) );
#1745 = PCURVE('',#1746,#1751);
#1746 = PLANE('',#1747);
#1747 = AXIS2_PLACEMENT_3D('',#1748,#1749,#1750);
#1748 = CARTESIAN_POINT('',(-346.,38.5,185.5));
#1749 = DIRECTION('',(0.,1.,0.));
#1750 = DIRECTION('',(0.,0.,1.));
#1751 = DEFINITIONAL_REPRESENTATION('',(#1752),#1755);
#1752 = B_SPLINE_CURVE_WITH_KNOTS('',1,(#1753,#1754),.UNSPECIFIED.,.F.,
  .F.,(2,2),(-134.,-22.),.PIECEWISE_BEZIER_KNOTS.);
#1753 = CARTESIAN_POINT('',(4.5,112.));
#1754 = CARTESIAN_POINT('',(4.5,0.));
#1755 = ( GEOMETRIC_REPRESENTATION_CONTEXT(2) 
PARAMETRIC_REPRESENTATION_CONTEXT() REPRESENTATION_CONTEXT('2D SPACE',''
  ) );
#1756 = ORIENTED_EDGE('',*,*,#1757,.F.);
#1757 = EDGE_CURVE('',#1678,#1732,#1758,.T.);
#1758 = SURFACE_CURVE('',#1759,(#1763,#1769),.PCURVE_S1.);
#1759 = LINE('',#1760,#1761);
#1760 = CARTESIAN_POINT('',(-234.,-56.75,190.));
#1761 = VECTOR('',#1762,1.);
#1762 = DIRECTION('',(0.,1.,0.));
#1763 = PCURVE('',#186,#1764);
#1764 = DEFINITIONAL_REPRESENTATION('',(#1765),#1768);
#1765 = B_SPLINE_CURVE_WITH_KNOTS('',1,(#1766,#1767),.UNSPECIFIED.,.F.,
  .F.,(2,2),(18.25,95.25),.PIECEWISE_BEZIER_KNOTS.);
#1766 = CARTESIAN_POINT('',(156.,36.5));
#1767 = CARTESIAN_POINT('',(156.,113.5));
#1768 = ( GEOMETRIC_REPRESENTATION_CONTEXT(2) 
PARAMETRIC_REPRESENTATION_CONTEXT() REPRESENTATION_CONTEXT('2D SPACE',''
  ) );
#1769 = PCURVE('',#1770,#1775);
#1770 = PLANE('',#1771);
#1771 = AXIS2_PLACEMENT_3D('',#1772,#1773,#1774);
#1772 = CARTESIAN_POINT('',(-234.,-38.5,185.5));
#1773 = DIRECTION('',(1.,0.,0.));
#1774 = DIRECTION('',(0.,0.,1.));
#1775 = DEFINITIONAL_REPRESENTATION('',(#1776),#1779);
#1776 = B_SPLINE_CURVE_WITH_KNOTS('',1,(#1777,#1778),.UNSPECIFIED.,.F.,
  .F.,(2,2),(18.25,95.25),.PIECEWISE_BEZIER_KNOTS.);
#1777 = CARTESIAN_POINT('',(4.5,0.));
#1778 = CARTESIAN_POINT('',(4.5,-77.));
#1779 = ( GEOMETRIC_REPRESENTATION_CONTEXT(2) 
PARAMETRIC_REPRESENTATION_CONTEXT() REPRESENTATION_CONTEXT('2D SPACE',''
  ) );
#1780 = ADVANCED_FACE('',(#1781,#1807),#296,.F.);
#1781 = FACE_BOUND('',#1782,.F.);
#1782 = EDGE_LOOP('',(#1783,#1784,#1785,#1786));
#1783 = ORIENTED_EDGE('',*,*,#889,.F.);
#1784 = ORIENTED_EDGE('',*,*,#807,.T.);
#1785 = ORIENTED_EDGE('',*,*,#280,.T.);
#1786 = ORIENTED_EDGE('',*,*,#1787,.F.);
#1787 = EDGE_CURVE('',#890,#281,#1788,.T.);
#1788 = SURFACE_CURVE('',#1789,(#1793,#1800),.PCURVE_S1.);
#1789 = LINE('',#1790,#1791);
#1790 = CARTESIAN_POINT('',(182.,-140.,0.));
#1791 = VECTOR('',#1792,1.);
#1792 = DIRECTION('',(0.,0.,1.));
#1793 = PCURVE('',#296,#1794);
#1794 = DEFINITIONAL_REPRESENTATION('',(#1795),#1799);
#1795 = LINE('',#1796,#1797);
#1796 = CARTESIAN_POINT('',(0.,372.));
#1797 = VECTOR('',#1798,1.);
#1798 = DIRECTION('',(1.,0.));
#1799 = ( GEOMETRIC_REPRESENTATION_CONTEXT(2) 
PARAMETRIC_REPRESENTATION_CONTEXT() REPRESENTATION_CONTEXT('2D SPACE',''
  ) );
#1800 = PCURVE('',#329,#1801);
#1801 = DEFINITIONAL_REPRESENTATION('',(#1802),#1806);
#1802 = LINE('',#1803,#1804);
#1803 = CARTESIAN_POINT('',(-1.570796326795,0.));
#1804 = VECTOR('',#1805,1.);
#1805 = DIRECTION('',(-0.,1.));
#1806 = ( GEOMETRIC_REPRESENTATION_CONTEXT(2) 
PARAMETRIC_REPRESENTATION_CONTEXT() REPRESENTATION_CONTEXT('2D SPACE',''
  ) );
#1807 = FACE_BOUND('',#1808,.F.);
#1808 = EDGE_LOOP('',(#1809,#1837,#1863,#1889));
#1809 = ORIENTED_EDGE('',*,*,#1810,.F.);
#1810 = EDGE_CURVE('',#1811,#1813,#1815,.T.);
#1811 = VERTEX_POINT('',#1812);
#1812 = CARTESIAN_POINT('',(-162.,-140.,174.));
#1813 = VERTEX_POINT('',#1814);
#1814 = CARTESIAN_POINT('',(-72.,-140.,174.));
#1815 = SURFACE_CURVE('',#1816,(#1820,#1826),.PCURVE_S1.);
#1816 = LINE('',#1817,#1818);
#1817 = CARTESIAN_POINT('',(-176.,-140.,174.));
#1818 = VECTOR('',#1819,1.);
#1819 = DIRECTION('',(1.,0.,0.));
#1820 = PCURVE('',#296,#1821);
#1821 = DEFINITIONAL_REPRESENTATION('',(#1822),#1825);
#1822 = B_SPLINE_CURVE_WITH_KNOTS('',1,(#1823,#1824),.UNSPECIFIED.,.F.,
  .F.,(2,2),(14.,104.),.PIECEWISE_BEZIER_KNOTS.);
#1823 = CARTESIAN_POINT('',(174.,28.));
#1824 = CARTESIAN_POINT('',(174.,118.));
#1825 = ( GEOMETRIC_REPRESENTATION_CONTEXT(2) 
PARAMETRIC_REPRESENTATION_CONTEXT() REPRESENTATION_CONTEXT('2D SPACE',''
  ) );
#1826 = PCURVE('',#1827,#1832);
#1827 = PLANE('',#1828);
#1828 = AXIS2_PLACEMENT_3D('',#1829,#1830,#1831);
#1829 = CARTESIAN_POINT('',(-162.,-141.,174.));
#1830 = DIRECTION('',(0.,0.,1.));
#1831 = DIRECTION('',(1.,0.,0.));
#1832 = DEFINITIONAL_REPRESENTATION('',(#1833),#1836);
#1833 = B_SPLINE_CURVE_WITH_KNOTS('',1,(#1834,#1835),.UNSPECIFIED.,.F.,
  .F.,(2,2),(14.,104.),.PIECEWISE_BEZIER_KNOTS.);
#1834 = CARTESIAN_POINT('',(0.,1.));
#1835 = CARTESIAN_POINT('',(90.,1.));
#1836 = ( GEOMETRIC_REPRESENTATION_CONTEXT(2) 
PARAMETRIC_REPRESENTATION_CONTEXT() REPRESENTATION_CONTEXT('2D SPACE',''
  ) );
#1837 = ORIENTED_EDGE('',*,*,#1838,.T.);
#1838 = EDGE_CURVE('',#1811,#1839,#1841,.T.);
#1839 = VERTEX_POINT('',#1840);
#1840 = CARTESIAN_POINT('',(-162.,-140.,12.));
#1841 = SURFACE_CURVE('',#1842,(#1846,#1852),.PCURVE_S1.);
#1842 = LINE('',#1843,#1844);
#1843 = CARTESIAN_POINT('',(-162.,-140.,6.));
#1844 = VECTOR('',#1845,1.);
#1845 = DIRECTION('',(0.,0.,-1.));
#1846 = PCURVE('',#296,#1847);
#1847 = DEFINITIONAL_REPRESENTATION('',(#1848),#1851);
#1848 = B_SPLINE_CURVE_WITH_KNOTS('',1,(#1849,#1850),.UNSPECIFIED.,.F.,
  .F.,(2,2),(-168.,-6.),.PIECEWISE_BEZIER_KNOTS.);
#1849 = CARTESIAN_POINT('',(174.,28.));
#1850 = CARTESIAN_POINT('',(12.,28.));
#1851 = ( GEOMETRIC_REPRESENTATION_CONTEXT(2) 
PARAMETRIC_REPRESENTATION_CONTEXT() REPRESENTATION_CONTEXT('2D SPACE',''
  ) );
#1852 = PCURVE('',#1853,#1858);
#1853 = PLANE('',#1854);
#1854 = AXIS2_PLACEMENT_3D('',#1855,#1856,#1857);
#1855 = CARTESIAN_POINT('',(-162.,-141.,12.));
#1856 = DIRECTION('',(1.,0.,0.));
#1857 = DIRECTION('',(0.,0.,1.));
#1858 = DEFINITIONAL_REPRESENTATION('',(#1859),#1862);
#1859 = B_SPLINE_CURVE_WITH_KNOTS('',1,(#1860,#1861),.UNSPECIFIED.,.F.,
  .F.,(2,2),(-168.,-6.),.PIECEWISE_BEZIER_KNOTS.);
#1860 = CARTESIAN_POINT('',(162.,-1.));
#1861 = CARTESIAN_POINT('',(0.,-1.));
#1862 = ( GEOMETRIC_REPRESENTATION_CONTEXT(2) 
PARAMETRIC_REPRESENTATION_CONTEXT() REPRESENTATION_CONTEXT('2D SPACE',''
  ) );
#1863 = ORIENTED_EDGE('',*,*,#1864,.T.);
#1864 = EDGE_CURVE('',#1839,#1865,#1867,.T.);
#1865 = VERTEX_POINT('',#1866);
#1866 = CARTESIAN_POINT('',(-72.,-140.,12.));
#1867 = SURFACE_CURVE('',#1868,(#1872,#1878),.PCURVE_S1.);
#1868 = LINE('',#1869,#1870);
#1869 = CARTESIAN_POINT('',(-176.,-140.,12.));
#1870 = VECTOR('',#1871,1.);
#1871 = DIRECTION('',(1.,0.,0.));
#1872 = PCURVE('',#296,#1873);
#1873 = DEFINITIONAL_REPRESENTATION('',(#1874),#1877);
#1874 = B_SPLINE_CURVE_WITH_KNOTS('',1,(#1875,#1876),.UNSPECIFIED.,.F.,
  .F.,(2,2),(14.,104.),.PIECEWISE_BEZIER_KNOTS.);
#1875 = CARTESIAN_POINT('',(12.,28.));
#1876 = CARTESIAN_POINT('',(12.,118.));
#1877 = ( GEOMETRIC_REPRESENTATION_CONTEXT(2) 
PARAMETRIC_REPRESENTATION_CONTEXT() REPRESENTATION_CONTEXT('2D SPACE',''
  ) );
#1878 = PCURVE('',#1879,#1884);
#1879 = PLANE('',#1880);
#1880 = AXIS2_PLACEMENT_3D('',#1881,#1882,#1883);
#1881 = CARTESIAN_POINT('',(-162.,-141.,12.));
#1882 = DIRECTION('',(0.,0.,1.));
#1883 = DIRECTION('',(1.,0.,0.));
#1884 = DEFINITIONAL_REPRESENTATION('',(#1885),#1888);
#1885 = B_SPLINE_CURVE_WITH_KNOTS('',1,(#1886,#1887),.UNSPECIFIED.,.F.,
  .F.,(2,2),(14.,104.),.PIECEWISE_BEZIER_KNOTS.);
#1886 = CARTESIAN_POINT('',(0.,1.));
#1887 = CARTESIAN_POINT('',(90.,1.));
#1888 = ( GEOMETRIC_REPRESENTATION_CONTEXT(2) 
PARAMETRIC_REPRESENTATION_CONTEXT() REPRESENTATION_CONTEXT('2D SPACE',''
  ) );
#1889 = ORIENTED_EDGE('',*,*,#1890,.F.);
#1890 = EDGE_CURVE('',#1813,#1865,#1891,.T.);
#1891 = SURFACE_CURVE('',#1892,(#1896,#1902),.PCURVE_S1.);
#1892 = LINE('',#1893,#1894);
#1893 = CARTESIAN_POINT('',(-72.,-140.,6.));
#1894 = VECTOR('',#1895,1.);
#1895 = DIRECTION('',(0.,0.,-1.));
#1896 = PCURVE('',#296,#1897);
#1897 = DEFINITIONAL_REPRESENTATION('',(#1898),#1901);
#1898 = B_SPLINE_CURVE_WITH_KNOTS('',1,(#1899,#1900),.UNSPECIFIED.,.F.,
  .F.,(2,2),(-168.,-6.),.PIECEWISE_BEZIER_KNOTS.);
#1899 = CARTESIAN_POINT('',(174.,118.));
#1900 = CARTESIAN_POINT('',(12.,118.));
#1901 = ( GEOMETRIC_REPRESENTATION_CONTEXT(2) 
PARAMETRIC_REPRESENTATION_CONTEXT() REPRESENTATION_CONTEXT('2D SPACE',''
  ) );
#1902 = PCURVE('',#1903,#1908);
#1903 = PLANE('',#1904);
#1904 = AXIS2_PLACEMENT_3D('',#1905,#1906,#1907);
#1905 = CARTESIAN_POINT('',(-72.,-141.,12.));
#1906 = DIRECTION('',(1.,0.,0.));
#1907 = DIRECTION('',(0.,0.,1.));
#1908 = DEFINITIONAL_REPRESENTATION('',(#1909),#1912);
#1909 = B_SPLINE_CURVE_WITH_KNOTS('',1,(#1910,#1911),.UNSPECIFIED.,.F.,
  .F.,(2,2),(-168.,-6.),.PIECEWISE_BEZIER_KNOTS.);
#1910 = CARTESIAN_POINT('',(162.,-1.));
#1911 = CARTESIAN_POINT('',(0.,-1.));
#1912 = ( GEOMETRIC_REPRESENTATION_CONTEXT(2) 
PARAMETRIC_REPRESENTATION_CONTEXT() REPRESENTATION_CONTEXT('2D SPACE',''
  ) );
#1913 = ADVANCED_FACE('',(#1914,#1940),#414,.T.);
#1914 = FACE_BOUND('',#1915,.T.);
#1915 = EDGE_LOOP('',(#1916,#1917,#1918,#1919));
#1916 = ORIENTED_EDGE('',*,*,#987,.F.);
#1917 = ORIENTED_EDGE('',*,*,#861,.T.);
#1918 = ORIENTED_EDGE('',*,*,#398,.T.);
#1919 = ORIENTED_EDGE('',*,*,#1920,.F.);
#1920 = EDGE_CURVE('',#964,#370,#1921,.T.);
#1921 = SURFACE_CURVE('',#1922,(#1926,#1933),.PCURVE_S1.);
#1922 = LINE('',#1923,#1924);
#1923 = CARTESIAN_POINT('',(182.,140.,0.));
#1924 = VECTOR('',#1925,1.);
#1925 = DIRECTION('',(0.,0.,1.));
#1926 = PCURVE('',#414,#1927);
#1927 = DEFINITIONAL_REPRESENTATION('',(#1928),#1932);
#1928 = LINE('',#1929,#1930);
#1929 = CARTESIAN_POINT('',(0.,372.));
#1930 = VECTOR('',#1931,1.);
#1931 = DIRECTION('',(1.,0.));
#1932 = ( GEOMETRIC_REPRESENTATION_CONTEXT(2) 
PARAMETRIC_REPRESENTATION_CONTEXT() REPRESENTATION_CONTEXT('2D SPACE',''
  ) );
#1933 = PCURVE('',#386,#1934);
#1934 = DEFINITIONAL_REPRESENTATION('',(#1935),#1939);
#1935 = LINE('',#1936,#1937);
#1936 = CARTESIAN_POINT('',(1.570796326795,0.));
#1937 = VECTOR('',#1938,1.);
#1938 = DIRECTION('',(0.,1.));
#1939 = ( GEOMETRIC_REPRESENTATION_CONTEXT(2) 
PARAMETRIC_REPRESENTATION_CONTEXT() REPRESENTATION_CONTEXT('2D SPACE',''
  ) );
#1940 = FACE_BOUND('',#1941,.T.);
#1941 = EDGE_LOOP('',(#1942,#1970,#1998,#2024,#2052,#2078,#2104,#2130));
#1942 = ORIENTED_EDGE('',*,*,#1943,.F.);
#1943 = EDGE_CURVE('',#1944,#1946,#1948,.T.);
#1944 = VERTEX_POINT('',#1945);
#1945 = CARTESIAN_POINT('',(124.5,140.,99.5));
#1946 = VERTEX_POINT('',#1947);
#1947 = CARTESIAN_POINT('',(167.,140.,99.5));
#1948 = SURFACE_CURVE('',#1949,(#1953,#1959),.PCURVE_S1.);
#1949 = LINE('',#1950,#1951);
#1950 = CARTESIAN_POINT('',(-79.5,140.,99.5));
#1951 = VECTOR('',#1952,1.);
#1952 = DIRECTION('',(1.,0.,0.));
#1953 = PCURVE('',#414,#1954);
#1954 = DEFINITIONAL_REPRESENTATION('',(#1955),#1958);
#1955 = B_SPLINE_CURVE_WITH_KNOTS('',1,(#1956,#1957),.UNSPECIFIED.,.F.,
  .F.,(2,2),(110.5,246.5),.PIECEWISE_BEZIER_KNOTS.);
#1956 = CARTESIAN_POINT('',(99.5,221.));
#1957 = CARTESIAN_POINT('',(99.5,357.));
#1958 = ( GEOMETRIC_REPRESENTATION_CONTEXT(2) 
PARAMETRIC_REPRESENTATION_CONTEXT() REPRESENTATION_CONTEXT('2D SPACE',''
  ) );
#1959 = PCURVE('',#1960,#1965);
#1960 = PLANE('',#1961);
#1961 = AXIS2_PLACEMENT_3D('',#1962,#1963,#1964);
#1962 = CARTESIAN_POINT('',(31.,-1.,99.5));
#1963 = DIRECTION('',(0.,0.,1.));
#1964 = DIRECTION('',(1.,0.,0.));
#1965 = DEFINITIONAL_REPRESENTATION('',(#1966),#1969);
#1966 = B_SPLINE_CURVE_WITH_KNOTS('',1,(#1967,#1968),.UNSPECIFIED.,.F.,
  .F.,(2,2),(110.5,246.5),.PIECEWISE_BEZIER_KNOTS.);
#1967 = CARTESIAN_POINT('',(0.,141.));
#1968 = CARTESIAN_POINT('',(136.,141.));
#1969 = ( GEOMETRIC_REPRESENTATION_CONTEXT(2) 
PARAMETRIC_REPRESENTATION_CONTEXT() REPRESENTATION_CONTEXT('2D SPACE',''
  ) );
#1970 = ORIENTED_EDGE('',*,*,#1971,.T.);
#1971 = EDGE_CURVE('',#1944,#1972,#1974,.T.);
#1972 = VERTEX_POINT('',#1973);
#1973 = CARTESIAN_POINT('',(124.5,140.,217.));
#1974 = SURFACE_CURVE('',#1975,(#1979,#1986),.PCURVE_S1.);
#1975 = LINE('',#1976,#1977);
#1976 = CARTESIAN_POINT('',(124.5,140.,91.));
#1977 = VECTOR('',#1978,1.);
#1978 = DIRECTION('',(0.,0.,1.));
#1979 = PCURVE('',#414,#1980);
#1980 = DEFINITIONAL_REPRESENTATION('',(#1981),#1985);
#1981 = LINE('',#1982,#1983);
#1982 = CARTESIAN_POINT('',(91.,314.5));
#1983 = VECTOR('',#1984,1.);
#1984 = DIRECTION('',(1.,0.));
#1985 = ( GEOMETRIC_REPRESENTATION_CONTEXT(2) 
PARAMETRIC_REPRESENTATION_CONTEXT() REPRESENTATION_CONTEXT('2D SPACE',''
  ) );
#1986 = PCURVE('',#1987,#1992);
#1987 = PLANE('',#1988);
#1988 = AXIS2_PLACEMENT_3D('',#1989,#1990,#1991);
#1989 = CARTESIAN_POINT('',(124.5,137.,91.));
#1990 = DIRECTION('',(1.,0.,0.));
#1991 = DIRECTION('',(0.,0.,1.));
#1992 = DEFINITIONAL_REPRESENTATION('',(#1993),#1997);
#1993 = LINE('',#1994,#1995);
#1994 = CARTESIAN_POINT('',(0.,-3.));
#1995 = VECTOR('',#1996,1.);
#1996 = DIRECTION('',(1.,0.));
#1997 = ( GEOMETRIC_REPRESENTATION_CONTEXT(2) 
PARAMETRIC_REPRESENTATION_CONTEXT() REPRESENTATION_CONTEXT('2D SPACE',''
  ) );
#1998 = ORIENTED_EDGE('',*,*,#1999,.F.);
#1999 = EDGE_CURVE('',#2000,#1972,#2002,.T.);
#2000 = VERTEX_POINT('',#2001);
#2001 = CARTESIAN_POINT('',(-84.5,140.,217.));
#2002 = SURFACE_CURVE('',#2003,(#2007,#2013),.PCURVE_S1.);
#2003 = LINE('',#2004,#2005);
#2004 = CARTESIAN_POINT('',(-137.25,140.,217.));
#2005 = VECTOR('',#2006,1.);
#2006 = DIRECTION('',(1.,0.,0.));
#2007 = PCURVE('',#414,#2008);
#2008 = DEFINITIONAL_REPRESENTATION('',(#2009),#2012);
#2009 = B_SPLINE_CURVE_WITH_KNOTS('',1,(#2010,#2011),.UNSPECIFIED.,.F.,
  .F.,(2,2),(52.75,261.75),.PIECEWISE_BEZIER_KNOTS.);
#2010 = CARTESIAN_POINT('',(217.,105.5));
#2011 = CARTESIAN_POINT('',(217.,314.5));
#2012 = ( GEOMETRIC_REPRESENTATION_CONTEXT(2) 
PARAMETRIC_REPRESENTATION_CONTEXT() REPRESENTATION_CONTEXT('2D SPACE',''
  ) );
#2013 = PCURVE('',#2014,#2019);
#2014 = PLANE('',#2015);
#2015 = AXIS2_PLACEMENT_3D('',#2016,#2017,#2018);
#2016 = CARTESIAN_POINT('',(-84.5,137.,217.));
#2017 = DIRECTION('',(0.,0.,1.));
#2018 = DIRECTION('',(1.,0.,0.));
#2019 = DEFINITIONAL_REPRESENTATION('',(#2020),#2023);
#2020 = B_SPLINE_CURVE_WITH_KNOTS('',1,(#2021,#2022),.UNSPECIFIED.,.F.,
  .F.,(2,2),(52.75,261.75),.PIECEWISE_BEZIER_KNOTS.);
#2021 = CARTESIAN_POINT('',(0.,3.));
#2022 = CARTESIAN_POINT('',(209.,3.));
#2023 = ( GEOMETRIC_REPRESENTATION_CONTEXT(2) 
PARAMETRIC_REPRESENTATION_CONTEXT() REPRESENTATION_CONTEXT('2D SPACE',''
  ) );
#2024 = ORIENTED_EDGE('',*,*,#2025,.F.);
#2025 = EDGE_CURVE('',#2026,#2000,#2028,.T.);
#2026 = VERTEX_POINT('',#2027);
#2027 = CARTESIAN_POINT('',(-84.5,140.,91.));
#2028 = SURFACE_CURVE('',#2029,(#2033,#2040),.PCURVE_S1.);
#2029 = LINE('',#2030,#2031);
#2030 = CARTESIAN_POINT('',(-84.5,140.,91.));
#2031 = VECTOR('',#2032,1.);
#2032 = DIRECTION('',(0.,0.,1.));
#2033 = PCURVE('',#414,#2034);
#2034 = DEFINITIONAL_REPRESENTATION('',(#2035),#2039);
#2035 = LINE('',#2036,#2037);
#2036 = CARTESIAN_POINT('',(91.,105.5));
#2037 = VECTOR('',#2038,1.);
#2038 = DIRECTION('',(1.,0.));
#2039 = ( GEOMETRIC_REPRESENTATION_CONTEXT(2) 
PARAMETRIC_REPRESENTATION_CONTEXT() REPRESENTATION_CONTEXT('2D SPACE',''
  ) );
#2040 = PCURVE('',#2041,#2046);
#2041 = PLANE('',#2042);
#2042 = AXIS2_PLACEMENT_3D('',#2043,#2044,#2045);
#2043 = CARTESIAN_POINT('',(-84.5,137.,91.));
#2044 = DIRECTION('',(1.,0.,0.));
#2045 = DIRECTION('',(0.,0.,1.));
#2046 = DEFINITIONAL_REPRESENTATION('',(#2047),#2051);
#2047 = LINE('',#2048,#2049);
#2048 = CARTESIAN_POINT('',(0.,-3.));
#2049 = VECTOR('',#2050,1.);
#2050 = DIRECTION('',(1.,0.));
#2051 = ( GEOMETRIC_REPRESENTATION_CONTEXT(2) 
PARAMETRIC_REPRESENTATION_CONTEXT() REPRESENTATION_CONTEXT('2D SPACE',''
  ) );
#2052 = ORIENTED_EDGE('',*,*,#2053,.T.);
#2053 = EDGE_CURVE('',#2026,#2054,#2056,.T.);
#2054 = VERTEX_POINT('',#2055);
#2055 = CARTESIAN_POINT('',(31.,140.,91.));
#2056 = SURFACE_CURVE('',#2057,(#2061,#2067),.PCURVE_S1.);
#2057 = LINE('',#2058,#2059);
#2058 = CARTESIAN_POINT('',(-137.25,140.,91.));
#2059 = VECTOR('',#2060,1.);
#2060 = DIRECTION('',(1.,0.,0.));
#2061 = PCURVE('',#414,#2062);
#2062 = DEFINITIONAL_REPRESENTATION('',(#2063),#2066);
#2063 = B_SPLINE_CURVE_WITH_KNOTS('',1,(#2064,#2065),.UNSPECIFIED.,.F.,
  .F.,(2,2),(52.75,261.75),.PIECEWISE_BEZIER_KNOTS.);
#2064 = CARTESIAN_POINT('',(91.,105.5));
#2065 = CARTESIAN_POINT('',(91.,314.5));
#2066 = ( GEOMETRIC_REPRESENTATION_CONTEXT(2) 
PARAMETRIC_REPRESENTATION_CONTEXT() REPRESENTATION_CONTEXT('2D SPACE',''
  ) );
#2067 = PCURVE('',#2068,#2073);
#2068 = PLANE('',#2069);
#2069 = AXIS2_PLACEMENT_3D('',#2070,#2071,#2072);
#2070 = CARTESIAN_POINT('',(-84.5,137.,91.));
#2071 = DIRECTION('',(0.,0.,1.));
#2072 = DIRECTION('',(1.,0.,0.));
#2073 = DEFINITIONAL_REPRESENTATION('',(#2074),#2077);
#2074 = B_SPLINE_CURVE_WITH_KNOTS('',1,(#2075,#2076),.UNSPECIFIED.,.F.,
  .F.,(2,2),(52.75,261.75),.PIECEWISE_BEZIER_KNOTS.);
#2075 = CARTESIAN_POINT('',(0.,3.));
#2076 = CARTESIAN_POINT('',(209.,3.));
#2077 = ( GEOMETRIC_REPRESENTATION_CONTEXT(2) 
PARAMETRIC_REPRESENTATION_CONTEXT() REPRESENTATION_CONTEXT('2D SPACE',''
  ) );
#2078 = ORIENTED_EDGE('',*,*,#2079,.T.);
#2079 = EDGE_CURVE('',#2054,#2080,#2082,.T.);
#2080 = VERTEX_POINT('',#2081);
#2081 = CARTESIAN_POINT('',(31.,140.,14.5));
#2082 = SURFACE_CURVE('',#2083,(#2087,#2093),.PCURVE_S1.);
#2083 = LINE('',#2084,#2085);
#2084 = CARTESIAN_POINT('',(31.,140.,7.25));
#2085 = VECTOR('',#2086,1.);
#2086 = DIRECTION('',(0.,0.,-1.));
#2087 = PCURVE('',#414,#2088);
#2088 = DEFINITIONAL_REPRESENTATION('',(#2089),#2092);
#2089 = B_SPLINE_CURVE_WITH_KNOTS('',1,(#2090,#2091),.UNSPECIFIED.,.F.,
  .F.,(2,2),(-92.25,-7.25),.PIECEWISE_BEZIER_KNOTS.);
#2090 = CARTESIAN_POINT('',(99.5,221.));
#2091 = CARTESIAN_POINT('',(14.5,221.));
#2092 = ( GEOMETRIC_REPRESENTATION_CONTEXT(2) 
PARAMETRIC_REPRESENTATION_CONTEXT() REPRESENTATION_CONTEXT('2D SPACE',''
  ) );
#2093 = PCURVE('',#2094,#2099);
#2094 = PLANE('',#2095);
#2095 = AXIS2_PLACEMENT_3D('',#2096,#2097,#2098);
#2096 = CARTESIAN_POINT('',(31.,-1.,14.5));
#2097 = DIRECTION('',(1.,0.,0.));
#2098 = DIRECTION('',(0.,0.,1.));
#2099 = DEFINITIONAL_REPRESENTATION('',(#2100),#2103);
#2100 = B_SPLINE_CURVE_WITH_KNOTS('',1,(#2101,#2102),.UNSPECIFIED.,.F.,
  .F.,(2,2),(-92.25,-7.25),.PIECEWISE_BEZIER_KNOTS.);
#2101 = CARTESIAN_POINT('',(85.,-141.));
#2102 = CARTESIAN_POINT('',(0.,-141.));
#2103 = ( GEOMETRIC_REPRESENTATION_CONTEXT(2) 
PARAMETRIC_REPRESENTATION_CONTEXT() REPRESENTATION_CONTEXT('2D SPACE',''
  ) );
#2104 = ORIENTED_EDGE('',*,*,#2105,.T.);
#2105 = EDGE_CURVE('',#2080,#2106,#2108,.T.);
#2106 = VERTEX_POINT('',#2107);
#2107 = CARTESIAN_POINT('',(167.,140.,14.5));
#2108 = SURFACE_CURVE('',#2109,(#2113,#2119),.PCURVE_S1.);
#2109 = LINE('',#2110,#2111);
#2110 = CARTESIAN_POINT('',(-79.5,140.,14.5));
#2111 = VECTOR('',#2112,1.);
#2112 = DIRECTION('',(1.,0.,0.));
#2113 = PCURVE('',#414,#2114);
#2114 = DEFINITIONAL_REPRESENTATION('',(#2115),#2118);
#2115 = B_SPLINE_CURVE_WITH_KNOTS('',1,(#2116,#2117),.UNSPECIFIED.,.F.,
  .F.,(2,2),(110.5,246.5),.PIECEWISE_BEZIER_KNOTS.);
#2116 = CARTESIAN_POINT('',(14.5,221.));
#2117 = CARTESIAN_POINT('',(14.5,357.));
#2118 = ( GEOMETRIC_REPRESENTATION_CONTEXT(2) 
PARAMETRIC_REPRESENTATION_CONTEXT() REPRESENTATION_CONTEXT('2D SPACE',''
  ) );
#2119 = PCURVE('',#2120,#2125);
#2120 = PLANE('',#2121);
#2121 = AXIS2_PLACEMENT_3D('',#2122,#2123,#2124);
#2122 = CARTESIAN_POINT('',(31.,-1.,14.5));
#2123 = DIRECTION('',(0.,0.,1.));
#2124 = DIRECTION('',(1.,0.,0.));
#2125 = DEFINITIONAL_REPRESENTATION('',(#2126),#2129);
#2126 = B_SPLINE_CURVE_WITH_KNOTS('',1,(#2127,#2128),.UNSPECIFIED.,.F.,
  .F.,(2,2),(110.5,246.5),.PIECEWISE_BEZIER_KNOTS.);
#2127 = CARTESIAN_POINT('',(0.,141.));
#2128 = CARTESIAN_POINT('',(136.,141.));
#2129 = ( GEOMETRIC_REPRESENTATION_CONTEXT(2) 
PARAMETRIC_REPRESENTATION_CONTEXT() REPRESENTATION_CONTEXT('2D SPACE',''
  ) );
#2130 = ORIENTED_EDGE('',*,*,#2131,.F.);
#2131 = EDGE_CURVE('',#1946,#2106,#2132,.T.);
#2132 = SURFACE_CURVE('',#2133,(#2137,#2143),.PCURVE_S1.);
#2133 = LINE('',#2134,#2135);
#2134 = CARTESIAN_POINT('',(167.,140.,7.25));
#2135 = VECTOR('',#2136,1.);
#2136 = DIRECTION('',(0.,0.,-1.));
#2137 = PCURVE('',#414,#2138);
#2138 = DEFINITIONAL_REPRESENTATION('',(#2139),#2142);
#2139 = B_SPLINE_CURVE_WITH_KNOTS('',1,(#2140,#2141),.UNSPECIFIED.,.F.,
  .F.,(2,2),(-92.25,-7.25),.PIECEWISE_BEZIER_KNOTS.);
#2140 = CARTESIAN_POINT('',(99.5,357.));
#2141 = CARTESIAN_POINT('',(14.5,357.));
#2142 = ( GEOMETRIC_REPRESENTATION_CONTEXT(2) 
PARAMETRIC_REPRESENTATION_CONTEXT() REPRESENTATION_CONTEXT('2D SPACE',''
  ) );
#2143 = PCURVE('',#2144,#2149);
#2144 = PLANE('',#2145);
#2145 = AXIS2_PLACEMENT_3D('',#2146,#2147,#2148);
#2146 = CARTESIAN_POINT('',(167.,-1.,14.5));
#2147 = DIRECTION('',(1.,0.,0.));
#2148 = DIRECTION('',(0.,0.,1.));
#2149 = DEFINITIONAL_REPRESENTATION('',(#2150),#2153);
#2150 = B_SPLINE_CURVE_WITH_KNOTS('',1,(#2151,#2152),.UNSPECIFIED.,.F.,
  .F.,(2,2),(-92.25,-7.25),.PIECEWISE_BEZIER_KNOTS.);
#2151 = CARTESIAN_POINT('',(85.,-141.));
#2152 = CARTESIAN_POINT('',(0.,-141.));
#2153 = ( GEOMETRIC_REPRESENTATION_CONTEXT(2) 
PARAMETRIC_REPRESENTATION_CONTEXT() REPRESENTATION_CONTEXT('2D SPACE',''
  ) );
#2154 = ADVANCED_FACE('',(#2155),#329,.T.);
#2155 = FACE_BOUND('',#2156,.F.);
#2156 = EDGE_LOOP('',(#2157,#2158,#2159,#2160));
#2157 = ORIENTED_EDGE('',*,*,#912,.T.);
#2158 = ORIENTED_EDGE('',*,*,#1787,.T.);
#2159 = ORIENTED_EDGE('',*,*,#308,.F.);
#2160 = ORIENTED_EDGE('',*,*,#2161,.F.);
#2161 = EDGE_CURVE('',#913,#309,#2162,.T.);
#2162 = SURFACE_CURVE('',#2163,(#2167,#2174),.PCURVE_S1.);
#2163 = LINE('',#2164,#2165);
#2164 = CARTESIAN_POINT('',(190.,-132.,0.));
#2165 = VECTOR('',#2166,1.);
#2166 = DIRECTION('',(0.,0.,1.));
#2167 = PCURVE('',#329,#2168);
#2168 = DEFINITIONAL_REPRESENTATION('',(#2169),#2173);
#2169 = LINE('',#2170,#2171);
#2170 = CARTESIAN_POINT('',(-0.,0.));
#2171 = VECTOR('',#2172,1.);
#2172 = DIRECTION('',(-0.,1.));
#2173 = ( GEOMETRIC_REPRESENTATION_CONTEXT(2) 
PARAMETRIC_REPRESENTATION_CONTEXT() REPRESENTATION_CONTEXT('2D SPACE',''
  ) );
#2174 = PCURVE('',#357,#2175);
#2175 = DEFINITIONAL_REPRESENTATION('',(#2176),#2180);
#2176 = LINE('',#2177,#2178);
#2177 = CARTESIAN_POINT('',(0.,-8.));
#2178 = VECTOR('',#2179,1.);
#2179 = DIRECTION('',(1.,0.));
#2180 = ( GEOMETRIC_REPRESENTATION_CONTEXT(2) 
PARAMETRIC_REPRESENTATION_CONTEXT() REPRESENTATION_CONTEXT('2D SPACE',''
  ) );
#2181 = ADVANCED_FACE('',(#2182),#386,.T.);
#2182 = FACE_BOUND('',#2183,.T.);
#2183 = EDGE_LOOP('',(#2184,#2185,#2186,#2187));
#2184 = ORIENTED_EDGE('',*,*,#963,.T.);
#2185 = ORIENTED_EDGE('',*,*,#1920,.T.);
#2186 = ORIENTED_EDGE('',*,*,#369,.F.);
#2187 = ORIENTED_EDGE('',*,*,#2188,.F.);
#2188 = EDGE_CURVE('',#941,#342,#2189,.T.);
#2189 = SURFACE_CURVE('',#2190,(#2194,#2201),.PCURVE_S1.);
#2190 = LINE('',#2191,#2192);
#2191 = CARTESIAN_POINT('',(190.,132.,0.));
#2192 = VECTOR('',#2193,1.);
#2193 = DIRECTION('',(0.,0.,1.));
#2194 = PCURVE('',#386,#2195);
#2195 = DEFINITIONAL_REPRESENTATION('',(#2196),#2200);
#2196 = LINE('',#2197,#2198);
#2197 = CARTESIAN_POINT('',(0.,0.));
#2198 = VECTOR('',#2199,1.);
#2199 = DIRECTION('',(0.,1.));
#2200 = ( GEOMETRIC_REPRESENTATION_CONTEXT(2) 
PARAMETRIC_REPRESENTATION_CONTEXT() REPRESENTATION_CONTEXT('2D SPACE',''
  ) );
#2201 = PCURVE('',#357,#2202);
#2202 = DEFINITIONAL_REPRESENTATION('',(#2203),#2207);
#2203 = LINE('',#2204,#2205);
#2204 = CARTESIAN_POINT('',(0.,-272.));
#2205 = VECTOR('',#2206,1.);
#2206 = DIRECTION('',(1.,0.));
#2207 = ( GEOMETRIC_REPRESENTATION_CONTEXT(2) 
PARAMETRIC_REPRESENTATION_CONTEXT() REPRESENTATION_CONTEXT('2D SPACE',''
  ) );
#2208 = ADVANCED_FACE('',(#2209,#2215,#2277,#2442,#2607),#357,.T.);
#2209 = FACE_BOUND('',#2210,.T.);
#2210 = EDGE_LOOP('',(#2211,#2212,#2213,#2214));
#2211 = ORIENTED_EDGE('',*,*,#341,.F.);
#2212 = ORIENTED_EDGE('',*,*,#2161,.F.);
#2213 = ORIENTED_EDGE('',*,*,#940,.T.);
#2214 = ORIENTED_EDGE('',*,*,#2188,.T.);
#2215 = FACE_BOUND('',#2216,.T.);
#2216 = EDGE_LOOP('',(#2217,#2246));
#2217 = ORIENTED_EDGE('',*,*,#2218,.T.);
#2218 = EDGE_CURVE('',#2219,#2221,#2223,.T.);
#2219 = VERTEX_POINT('',#2220);
#2220 = CARTESIAN_POINT('',(190.,52.,133.21539030917));
#2221 = VERTEX_POINT('',#2222);
#2222 = CARTESIAN_POINT('',(190.,52.,174.78460969082));
#2223 = SURFACE_CURVE('',#2224,(#2228,#2235),.PCURVE_S1.);
#2224 = LINE('',#2225,#2226);
#2225 = CARTESIAN_POINT('',(190.,52.,105.5));
#2226 = VECTOR('',#2227,1.);
#2227 = DIRECTION('',(0.,0.,1.));
#2228 = PCURVE('',#357,#2229);
#2229 = DEFINITIONAL_REPRESENTATION('',(#2230),#2234);
#2230 = LINE('',#2231,#2232);
#2231 = CARTESIAN_POINT('',(105.5,-192.));
#2232 = VECTOR('',#2233,1.);
#2233 = DIRECTION('',(1.,0.));
#2234 = ( GEOMETRIC_REPRESENTATION_CONTEXT(2) 
PARAMETRIC_REPRESENTATION_CONTEXT() REPRESENTATION_CONTEXT('2D SPACE',''
  ) );
#2235 = PCURVE('',#2236,#2241);
#2236 = PLANE('',#2237);
#2237 = AXIS2_PLACEMENT_3D('',#2238,#2239,#2240);
#2238 = CARTESIAN_POINT('',(189.,52.,107.));
#2239 = DIRECTION('',(0.,1.,0.));
#2240 = DIRECTION('',(0.,0.,1.));
#2241 = DEFINITIONAL_REPRESENTATION('',(#2242),#2245);
#2242 = B_SPLINE_CURVE_WITH_KNOTS('',1,(#2243,#2244),.UNSPECIFIED.,.F.,
  .F.,(2,2),(1.5,95.5),.PIECEWISE_BEZIER_KNOTS.);
#2243 = CARTESIAN_POINT('',(0.,1.));
#2244 = CARTESIAN_POINT('',(94.,1.));
#2245 = ( GEOMETRIC_REPRESENTATION_CONTEXT(2) 
PARAMETRIC_REPRESENTATION_CONTEXT() REPRESENTATION_CONTEXT('2D SPACE',''
  ) );
#2246 = ORIENTED_EDGE('',*,*,#2247,.T.);
#2247 = EDGE_CURVE('',#2221,#2219,#2248,.T.);
#2248 = SURFACE_CURVE('',#2249,(#2254,#2265),.PCURVE_S1.);
#2249 = CIRCLE('',#2250,56.);
#2250 = AXIS2_PLACEMENT_3D('',#2251,#2252,#2253);
#2251 = CARTESIAN_POINT('',(190.,0.,154.));
#2252 = DIRECTION('',(-1.,0.,0.));
#2253 = DIRECTION('',(0.,0.910714285714,0.413036910936));
#2254 = PCURVE('',#357,#2255);
#2255 = DEFINITIONAL_REPRESENTATION('',(#2256),#2264);
#2256 = ( BOUNDED_CURVE() B_SPLINE_CURVE(2,(#2257,#2258,#2259,#2260,
#2261,#2262,#2263),.UNSPECIFIED.,.T.,.F.) B_SPLINE_CURVE_WITH_KNOTS((1,2
    ,2,2,2,1),(-2.094395102393,0.,2.094395102393,4.188790204786,
6.28318530718,8.377580409573),.UNSPECIFIED.) CURVE() 
GEOMETRIC_REPRESENTATION_ITEM() RATIONAL_B_SPLINE_CURVE((1.,0.5,1.,0.5,
1.,0.5,1.)) REPRESENTATION_ITEM('') );
#2257 = CARTESIAN_POINT('',(177.13006701243,-191.));
#2258 = CARTESIAN_POINT('',(88.795475826425,-231.062451248));
#2259 = CARTESIAN_POINT('',(98.267670900773,-134.531225624));
#2260 = CARTESIAN_POINT('',(107.73986597512,-37.99999999999));
#2261 = CARTESIAN_POINT('',(186.60226208678,-94.46877437599));
#2262 = CARTESIAN_POINT('',(265.46465819845,-150.9375487519));
#2263 = CARTESIAN_POINT('',(177.13006701243,-191.));
#2264 = ( GEOMETRIC_REPRESENTATION_CONTEXT(2) 
PARAMETRIC_REPRESENTATION_CONTEXT() REPRESENTATION_CONTEXT('2D SPACE',''
  ) );
#2265 = PCURVE('',#2266,#2271);
#2266 = CYLINDRICAL_SURFACE('',#2267,56.);
#2267 = AXIS2_PLACEMENT_3D('',#2268,#2269,#2270);
#2268 = CARTESIAN_POINT('',(190.,0.,154.));
#2269 = DIRECTION('',(-1.,-0.,-0.));
#2270 = DIRECTION('',(0.,1.,0.));
#2271 = DEFINITIONAL_REPRESENTATION('',(#2272),#2276);
#2272 = LINE('',#2273,#2274);
#2273 = CARTESIAN_POINT('',(-6.708971505033,0.));
#2274 = VECTOR('',#2275,1.);
#2275 = DIRECTION('',(1.,-0.));
#2276 = ( GEOMETRIC_REPRESENTATION_CONTEXT(2) 
PARAMETRIC_REPRESENTATION_CONTEXT() REPRESENTATION_CONTEXT('2D SPACE',''
  ) );
#2277 = FACE_BOUND('',#2278,.T.);
#2278 = EDGE_LOOP('',(#2279,#2309,#2337,#2364,#2392,#2415));
#2279 = ORIENTED_EDGE('',*,*,#2280,.F.);
#2280 = EDGE_CURVE('',#2281,#2283,#2285,.T.);
#2281 = VERTEX_POINT('',#2282);
#2282 = CARTESIAN_POINT('',(190.,-51.,104.));
#2283 = VERTEX_POINT('',#2284);
#2284 = CARTESIAN_POINT('',(190.,-25.21904042583,103.99999999999));
#2285 = SURFACE_CURVE('',#2286,(#2290,#2297),.PCURVE_S1.);
#2286 = LINE('',#2287,#2288);
#2287 = CARTESIAN_POINT('',(190.,-55.,104.));
#2288 = VECTOR('',#2289,1.);
#2289 = DIRECTION('',(0.,1.,0.));
#2290 = PCURVE('',#357,#2291);
#2291 = DEFINITIONAL_REPRESENTATION('',(#2292),#2296);
#2292 = LINE('',#2293,#2294);
#2293 = CARTESIAN_POINT('',(104.,-85.));
#2294 = VECTOR('',#2295,1.);
#2295 = DIRECTION('',(0.,-1.));
#2296 = ( GEOMETRIC_REPRESENTATION_CONTEXT(2) 
PARAMETRIC_REPRESENTATION_CONTEXT() REPRESENTATION_CONTEXT('2D SPACE',''
  ) );
#2297 = PCURVE('',#2298,#2303);
#2298 = PLANE('',#2299);
#2299 = AXIS2_PLACEMENT_3D('',#2300,#2301,#2302);
#2300 = CARTESIAN_POINT('',(190.,-55.,104.));
#2301 = DIRECTION('',(0.,0.,1.));
#2302 = DIRECTION('',(1.,0.,0.));
#2303 = DEFINITIONAL_REPRESENTATION('',(#2304),#2308);
#2304 = LINE('',#2305,#2306);
#2305 = CARTESIAN_POINT('',(0.,0.));
#2306 = VECTOR('',#2307,1.);
#2307 = DIRECTION('',(0.,1.));
#2308 = ( GEOMETRIC_REPRESENTATION_CONTEXT(2) 
PARAMETRIC_REPRESENTATION_CONTEXT() REPRESENTATION_CONTEXT('2D SPACE',''
  ) );
#2309 = ORIENTED_EDGE('',*,*,#2310,.T.);
#2310 = EDGE_CURVE('',#2281,#2311,#2313,.T.);
#2311 = VERTEX_POINT('',#2312);
#2312 = CARTESIAN_POINT('',(190.,-51.,107.));
#2313 = SURFACE_CURVE('',#2314,(#2318,#2325),.PCURVE_S1.);
#2314 = LINE('',#2315,#2316);
#2315 = CARTESIAN_POINT('',(190.,-51.,104.));
#2316 = VECTOR('',#2317,1.);
#2317 = DIRECTION('',(0.,0.,1.));
#2318 = PCURVE('',#357,#2319);
#2319 = DEFINITIONAL_REPRESENTATION('',(#2320),#2324);
#2320 = LINE('',#2321,#2322);
#2321 = CARTESIAN_POINT('',(104.,-89.));
#2322 = VECTOR('',#2323,1.);
#2323 = DIRECTION('',(1.,0.));
#2324 = ( GEOMETRIC_REPRESENTATION_CONTEXT(2) 
PARAMETRIC_REPRESENTATION_CONTEXT() REPRESENTATION_CONTEXT('2D SPACE',''
  ) );
#2325 = PCURVE('',#2326,#2331);
#2326 = CYLINDRICAL_SURFACE('',#2327,4.);
#2327 = AXIS2_PLACEMENT_3D('',#2328,#2329,#2330);
#2328 = CARTESIAN_POINT('',(194.,-51.,104.));
#2329 = DIRECTION('',(0.,0.,1.));
#2330 = DIRECTION('',(-1.,-0.,0.));
#2331 = DEFINITIONAL_REPRESENTATION('',(#2332),#2336);
#2332 = LINE('',#2333,#2334);
#2333 = CARTESIAN_POINT('',(0.,0.));
#2334 = VECTOR('',#2335,1.);
#2335 = DIRECTION('',(0.,1.));
#2336 = ( GEOMETRIC_REPRESENTATION_CONTEXT(2) 
PARAMETRIC_REPRESENTATION_CONTEXT() REPRESENTATION_CONTEXT('2D SPACE',''
  ) );
#2337 = ORIENTED_EDGE('',*,*,#2338,.F.);
#2338 = EDGE_CURVE('',#2339,#2311,#2341,.T.);
#2339 = VERTEX_POINT('',#2340);
#2340 = CARTESIAN_POINT('',(190.,51.,107.));
#2341 = SURFACE_CURVE('',#2342,(#2346,#2353),.PCURVE_S1.);
#2342 = LINE('',#2343,#2344);
#2343 = CARTESIAN_POINT('',(190.,-53.5,107.));
#2344 = VECTOR('',#2345,1.);
#2345 = DIRECTION('',(0.,-1.,0.));
#2346 = PCURVE('',#357,#2347);
#2347 = DEFINITIONAL_REPRESENTATION('',(#2348),#2352);
#2348 = LINE('',#2349,#2350);
#2349 = CARTESIAN_POINT('',(107.,-86.5));
#2350 = VECTOR('',#2351,1.);
#2351 = DIRECTION('',(0.,1.));
#2352 = ( GEOMETRIC_REPRESENTATION_CONTEXT(2) 
PARAMETRIC_REPRESENTATION_CONTEXT() REPRESENTATION_CONTEXT('2D SPACE',''
  ) );
#2353 = PCURVE('',#2354,#2359);
#2354 = PLANE('',#2355);
#2355 = AXIS2_PLACEMENT_3D('',#2356,#2357,#2358);
#2356 = CARTESIAN_POINT('',(189.,-52.,107.));
#2357 = DIRECTION('',(0.,0.,1.));
#2358 = DIRECTION('',(1.,0.,0.));
#2359 = DEFINITIONAL_REPRESENTATION('',(#2360),#2363);
#2360 = B_SPLINE_CURVE_WITH_KNOTS('',1,(#2361,#2362),.UNSPECIFIED.,.F.,
  .F.,(2,2),(-105.5,-1.5),.PIECEWISE_BEZIER_KNOTS.);
#2361 = CARTESIAN_POINT('',(1.,104.));
#2362 = CARTESIAN_POINT('',(1.,0.));
#2363 = ( GEOMETRIC_REPRESENTATION_CONTEXT(2) 
PARAMETRIC_REPRESENTATION_CONTEXT() REPRESENTATION_CONTEXT('2D SPACE',''
  ) );
#2364 = ORIENTED_EDGE('',*,*,#2365,.F.);
#2365 = EDGE_CURVE('',#2366,#2339,#2368,.T.);
#2366 = VERTEX_POINT('',#2367);
#2367 = CARTESIAN_POINT('',(190.,51.,104.));
#2368 = SURFACE_CURVE('',#2369,(#2373,#2380),.PCURVE_S1.);
#2369 = LINE('',#2370,#2371);
#2370 = CARTESIAN_POINT('',(190.,51.,104.));
#2371 = VECTOR('',#2372,1.);
#2372 = DIRECTION('',(0.,0.,1.));
#2373 = PCURVE('',#357,#2374);
#2374 = DEFINITIONAL_REPRESENTATION('',(#2375),#2379);
#2375 = LINE('',#2376,#2377);
#2376 = CARTESIAN_POINT('',(104.,-191.));
#2377 = VECTOR('',#2378,1.);
#2378 = DIRECTION('',(1.,0.));
#2379 = ( GEOMETRIC_REPRESENTATION_CONTEXT(2) 
PARAMETRIC_REPRESENTATION_CONTEXT() REPRESENTATION_CONTEXT('2D SPACE',''
  ) );
#2380 = PCURVE('',#2381,#2386);
#2381 = CYLINDRICAL_SURFACE('',#2382,4.);
#2382 = AXIS2_PLACEMENT_3D('',#2383,#2384,#2385);
#2383 = CARTESIAN_POINT('',(194.,51.,104.));
#2384 = DIRECTION('',(0.,0.,1.));
#2385 = DIRECTION('',(-1.,-0.,0.));
#2386 = DEFINITIONAL_REPRESENTATION('',(#2387),#2391);
#2387 = LINE('',#2388,#2389);
#2388 = CARTESIAN_POINT('',(-0.,0.));
#2389 = VECTOR('',#2390,1.);
#2390 = DIRECTION('',(-0.,1.));
#2391 = ( GEOMETRIC_REPRESENTATION_CONTEXT(2) 
PARAMETRIC_REPRESENTATION_CONTEXT() REPRESENTATION_CONTEXT('2D SPACE',''
  ) );
#2392 = ORIENTED_EDGE('',*,*,#2393,.F.);
#2393 = EDGE_CURVE('',#2394,#2366,#2396,.T.);
#2394 = VERTEX_POINT('',#2395);
#2395 = CARTESIAN_POINT('',(190.,25.219040425841,104.));
#2396 = SURFACE_CURVE('',#2397,(#2401,#2408),.PCURVE_S1.);
#2397 = LINE('',#2398,#2399);
#2398 = CARTESIAN_POINT('',(190.,-55.,104.));
#2399 = VECTOR('',#2400,1.);
#2400 = DIRECTION('',(0.,1.,0.));
#2401 = PCURVE('',#357,#2402);
#2402 = DEFINITIONAL_REPRESENTATION('',(#2403),#2407);
#2403 = LINE('',#2404,#2405);
#2404 = CARTESIAN_POINT('',(104.,-85.));
#2405 = VECTOR('',#2406,1.);
#2406 = DIRECTION('',(0.,-1.));
#2407 = ( GEOMETRIC_REPRESENTATION_CONTEXT(2) 
PARAMETRIC_REPRESENTATION_CONTEXT() REPRESENTATION_CONTEXT('2D SPACE',''
  ) );
#2408 = PCURVE('',#2298,#2409);
#2409 = DEFINITIONAL_REPRESENTATION('',(#2410),#2414);
#2410 = LINE('',#2411,#2412);
#2411 = CARTESIAN_POINT('',(0.,0.));
#2412 = VECTOR('',#2413,1.);
#2413 = DIRECTION('',(0.,1.));
#2414 = ( GEOMETRIC_REPRESENTATION_CONTEXT(2) 
PARAMETRIC_REPRESENTATION_CONTEXT() REPRESENTATION_CONTEXT('2D SPACE',''
  ) );
#2415 = ORIENTED_EDGE('',*,*,#2416,.F.);
#2416 = EDGE_CURVE('',#2283,#2394,#2417,.T.);
#2417 = SURFACE_CURVE('',#2418,(#2423,#2430),.PCURVE_S1.);
#2418 = CIRCLE('',#2419,56.);
#2419 = AXIS2_PLACEMENT_3D('',#2420,#2421,#2422);
#2420 = CARTESIAN_POINT('',(190.,0.,154.));
#2421 = DIRECTION('',(1.,0.,0.));
#2422 = DIRECTION('',(0.,1.,0.));
#2423 = PCURVE('',#357,#2424);
#2424 = DEFINITIONAL_REPRESENTATION('',(#2425),#2429);
#2425 = CIRCLE('',#2426,56.);
#2426 = AXIS2_PLACEMENT_2D('',#2427,#2428);
#2427 = CARTESIAN_POINT('',(154.,-140.));
#2428 = DIRECTION('',(0.,-1.));
#2429 = ( GEOMETRIC_REPRESENTATION_CONTEXT(2) 
PARAMETRIC_REPRESENTATION_CONTEXT() REPRESENTATION_CONTEXT('2D SPACE',''
  ) );
#2430 = PCURVE('',#2431,#2436);
#2431 = CYLINDRICAL_SURFACE('',#2432,56.);
#2432 = AXIS2_PLACEMENT_3D('',#2433,#2434,#2435);
#2433 = CARTESIAN_POINT('',(190.,0.,154.));
#2434 = DIRECTION('',(-1.,-0.,-0.));
#2435 = DIRECTION('',(0.,1.,0.));
#2436 = DEFINITIONAL_REPRESENTATION('',(#2437),#2441);
#2437 = LINE('',#2438,#2439);
#2438 = CARTESIAN_POINT('',(-0.,0.));
#2439 = VECTOR('',#2440,1.);
#2440 = DIRECTION('',(-1.,0.));
#2441 = ( GEOMETRIC_REPRESENTATION_CONTEXT(2) 
PARAMETRIC_REPRESENTATION_CONTEXT() REPRESENTATION_CONTEXT('2D SPACE',''
  ) );
#2442 = FACE_BOUND('',#2443,.T.);
#2443 = EDGE_LOOP('',(#2444,#2474,#2502,#2531,#2554,#2582));
#2444 = ORIENTED_EDGE('',*,*,#2445,.T.);
#2445 = EDGE_CURVE('',#2446,#2448,#2450,.T.);
#2446 = VERTEX_POINT('',#2447);
#2447 = CARTESIAN_POINT('',(190.,-51.,201.));
#2448 = VERTEX_POINT('',#2449);
#2449 = CARTESIAN_POINT('',(190.,-51.,204.));
#2450 = SURFACE_CURVE('',#2451,(#2455,#2462),.PCURVE_S1.);
#2451 = LINE('',#2452,#2453);
#2452 = CARTESIAN_POINT('',(190.,-51.,104.));
#2453 = VECTOR('',#2454,1.);
#2454 = DIRECTION('',(0.,0.,1.));
#2455 = PCURVE('',#357,#2456);
#2456 = DEFINITIONAL_REPRESENTATION('',(#2457),#2461);
#2457 = LINE('',#2458,#2459);
#2458 = CARTESIAN_POINT('',(104.,-89.));
#2459 = VECTOR('',#2460,1.);
#2460 = DIRECTION('',(1.,0.));
#2461 = ( GEOMETRIC_REPRESENTATION_CONTEXT(2) 
PARAMETRIC_REPRESENTATION_CONTEXT() REPRESENTATION_CONTEXT('2D SPACE',''
  ) );
#2462 = PCURVE('',#2463,#2468);
#2463 = CYLINDRICAL_SURFACE('',#2464,4.);
#2464 = AXIS2_PLACEMENT_3D('',#2465,#2466,#2467);
#2465 = CARTESIAN_POINT('',(194.,-51.,104.));
#2466 = DIRECTION('',(0.,0.,1.));
#2467 = DIRECTION('',(-1.,-0.,0.));
#2468 = DEFINITIONAL_REPRESENTATION('',(#2469),#2473);
#2469 = LINE('',#2470,#2471);
#2470 = CARTESIAN_POINT('',(0.,0.));
#2471 = VECTOR('',#2472,1.);
#2472 = DIRECTION('',(0.,1.));
#2473 = ( GEOMETRIC_REPRESENTATION_CONTEXT(2) 
PARAMETRIC_REPRESENTATION_CONTEXT() REPRESENTATION_CONTEXT('2D SPACE',''
  ) );
#2474 = ORIENTED_EDGE('',*,*,#2475,.T.);
#2475 = EDGE_CURVE('',#2448,#2476,#2478,.T.);
#2476 = VERTEX_POINT('',#2477);
#2477 = CARTESIAN_POINT('',(190.,-25.21904042583,204.));
#2478 = SURFACE_CURVE('',#2479,(#2483,#2490),.PCURVE_S1.);
#2479 = LINE('',#2480,#2481);
#2480 = CARTESIAN_POINT('',(190.,-55.,204.));
#2481 = VECTOR('',#2482,1.);
#2482 = DIRECTION('',(0.,1.,0.));
#2483 = PCURVE('',#357,#2484);
#2484 = DEFINITIONAL_REPRESENTATION('',(#2485),#2489);
#2485 = LINE('',#2486,#2487);
#2486 = CARTESIAN_POINT('',(204.,-85.));
#2487 = VECTOR('',#2488,1.);
#2488 = DIRECTION('',(0.,-1.));
#2489 = ( GEOMETRIC_REPRESENTATION_CONTEXT(2) 
PARAMETRIC_REPRESENTATION_CONTEXT() REPRESENTATION_CONTEXT('2D SPACE',''
  ) );
#2490 = PCURVE('',#2491,#2496);
#2491 = PLANE('',#2492);
#2492 = AXIS2_PLACEMENT_3D('',#2493,#2494,#2495);
#2493 = CARTESIAN_POINT('',(190.,-55.,204.));
#2494 = DIRECTION('',(0.,0.,1.));
#2495 = DIRECTION('',(1.,0.,0.));
#2496 = DEFINITIONAL_REPRESENTATION('',(#2497),#2501);
#2497 = LINE('',#2498,#2499);
#2498 = CARTESIAN_POINT('',(0.,0.));
#2499 = VECTOR('',#2500,1.);
#2500 = DIRECTION('',(0.,1.));
#2501 = ( GEOMETRIC_REPRESENTATION_CONTEXT(2) 
PARAMETRIC_REPRESENTATION_CONTEXT() REPRESENTATION_CONTEXT('2D SPACE',''
  ) );
#2502 = ORIENTED_EDGE('',*,*,#2503,.F.);
#2503 = EDGE_CURVE('',#2504,#2476,#2506,.T.);
#2504 = VERTEX_POINT('',#2505);
#2505 = CARTESIAN_POINT('',(190.,25.219040425841,203.99999999999));
#2506 = SURFACE_CURVE('',#2507,(#2512,#2519),.PCURVE_S1.);
#2507 = CIRCLE('',#2508,56.);
#2508 = AXIS2_PLACEMENT_3D('',#2509,#2510,#2511);
#2509 = CARTESIAN_POINT('',(190.,0.,154.));
#2510 = DIRECTION('',(1.,0.,0.));
#2511 = DIRECTION('',(0.,1.,0.));
#2512 = PCURVE('',#357,#2513);
#2513 = DEFINITIONAL_REPRESENTATION('',(#2514),#2518);
#2514 = CIRCLE('',#2515,56.);
#2515 = AXIS2_PLACEMENT_2D('',#2516,#2517);
#2516 = CARTESIAN_POINT('',(154.,-140.));
#2517 = DIRECTION('',(0.,-1.));
#2518 = ( GEOMETRIC_REPRESENTATION_CONTEXT(2) 
PARAMETRIC_REPRESENTATION_CONTEXT() REPRESENTATION_CONTEXT('2D SPACE',''
  ) );
#2519 = PCURVE('',#2520,#2525);
#2520 = CYLINDRICAL_SURFACE('',#2521,56.);
#2521 = AXIS2_PLACEMENT_3D('',#2522,#2523,#2524);
#2522 = CARTESIAN_POINT('',(190.,0.,154.));
#2523 = DIRECTION('',(-1.,-0.,-0.));
#2524 = DIRECTION('',(0.,1.,0.));
#2525 = DEFINITIONAL_REPRESENTATION('',(#2526),#2530);
#2526 = LINE('',#2527,#2528);
#2527 = CARTESIAN_POINT('',(-0.,0.));
#2528 = VECTOR('',#2529,1.);
#2529 = DIRECTION('',(-1.,0.));
#2530 = ( GEOMETRIC_REPRESENTATION_CONTEXT(2) 
PARAMETRIC_REPRESENTATION_CONTEXT() REPRESENTATION_CONTEXT('2D SPACE',''
  ) );
#2531 = ORIENTED_EDGE('',*,*,#2532,.T.);
#2532 = EDGE_CURVE('',#2504,#2533,#2535,.T.);
#2533 = VERTEX_POINT('',#2534);
#2534 = CARTESIAN_POINT('',(190.,51.,204.));
#2535 = SURFACE_CURVE('',#2536,(#2540,#2547),.PCURVE_S1.);
#2536 = LINE('',#2537,#2538);
#2537 = CARTESIAN_POINT('',(190.,-55.,204.));
#2538 = VECTOR('',#2539,1.);
#2539 = DIRECTION('',(0.,1.,0.));
#2540 = PCURVE('',#357,#2541);
#2541 = DEFINITIONAL_REPRESENTATION('',(#2542),#2546);
#2542 = LINE('',#2543,#2544);
#2543 = CARTESIAN_POINT('',(204.,-85.));
#2544 = VECTOR('',#2545,1.);
#2545 = DIRECTION('',(0.,-1.));
#2546 = ( GEOMETRIC_REPRESENTATION_CONTEXT(2) 
PARAMETRIC_REPRESENTATION_CONTEXT() REPRESENTATION_CONTEXT('2D SPACE',''
  ) );
#2547 = PCURVE('',#2491,#2548);
#2548 = DEFINITIONAL_REPRESENTATION('',(#2549),#2553);
#2549 = LINE('',#2550,#2551);
#2550 = CARTESIAN_POINT('',(0.,0.));
#2551 = VECTOR('',#2552,1.);
#2552 = DIRECTION('',(0.,1.));
#2553 = ( GEOMETRIC_REPRESENTATION_CONTEXT(2) 
PARAMETRIC_REPRESENTATION_CONTEXT() REPRESENTATION_CONTEXT('2D SPACE',''
  ) );
#2554 = ORIENTED_EDGE('',*,*,#2555,.F.);
#2555 = EDGE_CURVE('',#2556,#2533,#2558,.T.);
#2556 = VERTEX_POINT('',#2557);
#2557 = CARTESIAN_POINT('',(190.,51.,201.));
#2558 = SURFACE_CURVE('',#2559,(#2563,#2570),.PCURVE_S1.);
#2559 = LINE('',#2560,#2561);
#2560 = CARTESIAN_POINT('',(190.,51.,104.));
#2561 = VECTOR('',#2562,1.);
#2562 = DIRECTION('',(0.,0.,1.));
#2563 = PCURVE('',#357,#2564);
#2564 = DEFINITIONAL_REPRESENTATION('',(#2565),#2569);
#2565 = LINE('',#2566,#2567);
#2566 = CARTESIAN_POINT('',(104.,-191.));
#2567 = VECTOR('',#2568,1.);
#2568 = DIRECTION('',(1.,0.));
#2569 = ( GEOMETRIC_REPRESENTATION_CONTEXT(2) 
PARAMETRIC_REPRESENTATION_CONTEXT() REPRESENTATION_CONTEXT('2D SPACE',''
  ) );
#2570 = PCURVE('',#2571,#2576);
#2571 = CYLINDRICAL_SURFACE('',#2572,4.);
#2572 = AXIS2_PLACEMENT_3D('',#2573,#2574,#2575);
#2573 = CARTESIAN_POINT('',(194.,51.,104.));
#2574 = DIRECTION('',(0.,0.,1.));
#2575 = DIRECTION('',(-1.,-0.,0.));
#2576 = DEFINITIONAL_REPRESENTATION('',(#2577),#2581);
#2577 = LINE('',#2578,#2579);
#2578 = CARTESIAN_POINT('',(-0.,0.));
#2579 = VECTOR('',#2580,1.);
#2580 = DIRECTION('',(-0.,1.));
#2581 = ( GEOMETRIC_REPRESENTATION_CONTEXT(2) 
PARAMETRIC_REPRESENTATION_CONTEXT() REPRESENTATION_CONTEXT('2D SPACE',''
  ) );
#2582 = ORIENTED_EDGE('',*,*,#2583,.T.);
#2583 = EDGE_CURVE('',#2556,#2446,#2584,.T.);
#2584 = SURFACE_CURVE('',#2585,(#2589,#2596),.PCURVE_S1.);
#2585 = LINE('',#2586,#2587);
#2586 = CARTESIAN_POINT('',(190.,-53.5,201.));
#2587 = VECTOR('',#2588,1.);
#2588 = DIRECTION('',(0.,-1.,0.));
#2589 = PCURVE('',#357,#2590);
#2590 = DEFINITIONAL_REPRESENTATION('',(#2591),#2595);
#2591 = LINE('',#2592,#2593);
#2592 = CARTESIAN_POINT('',(201.,-86.5));
#2593 = VECTOR('',#2594,1.);
#2594 = DIRECTION('',(0.,1.));
#2595 = ( GEOMETRIC_REPRESENTATION_CONTEXT(2) 
PARAMETRIC_REPRESENTATION_CONTEXT() REPRESENTATION_CONTEXT('2D SPACE',''
  ) );
#2596 = PCURVE('',#2597,#2602);
#2597 = PLANE('',#2598);
#2598 = AXIS2_PLACEMENT_3D('',#2599,#2600,#2601);
#2599 = CARTESIAN_POINT('',(189.,-52.,201.));
#2600 = DIRECTION('',(0.,0.,1.));
#2601 = DIRECTION('',(1.,0.,0.));
#2602 = DEFINITIONAL_REPRESENTATION('',(#2603),#2606);
#2603 = B_SPLINE_CURVE_WITH_KNOTS('',1,(#2604,#2605),.UNSPECIFIED.,.F.,
  .F.,(2,2),(-105.5,-1.5),.PIECEWISE_BEZIER_KNOTS.);
#2604 = CARTESIAN_POINT('',(1.,104.));
#2605 = CARTESIAN_POINT('',(1.,0.));
#2606 = ( GEOMETRIC_REPRESENTATION_CONTEXT(2) 
PARAMETRIC_REPRESENTATION_CONTEXT() REPRESENTATION_CONTEXT('2D SPACE',''
  ) );
#2607 = FACE_BOUND('',#2608,.T.);
#2608 = EDGE_LOOP('',(#2609,#2638));
#2609 = ORIENTED_EDGE('',*,*,#2610,.F.);
#2610 = EDGE_CURVE('',#2611,#2613,#2615,.T.);
#2611 = VERTEX_POINT('',#2612);
#2612 = CARTESIAN_POINT('',(190.,-52.,133.21539030917));
#2613 = VERTEX_POINT('',#2614);
#2614 = CARTESIAN_POINT('',(190.,-52.,174.78460969082));
#2615 = SURFACE_CURVE('',#2616,(#2620,#2627),.PCURVE_S1.);
#2616 = LINE('',#2617,#2618);
#2617 = CARTESIAN_POINT('',(190.,-52.,105.5));
#2618 = VECTOR('',#2619,1.);
#2619 = DIRECTION('',(0.,0.,1.));
#2620 = PCURVE('',#357,#2621);
#2621 = DEFINITIONAL_REPRESENTATION('',(#2622),#2626);
#2622 = LINE('',#2623,#2624);
#2623 = CARTESIAN_POINT('',(105.5,-88.));
#2624 = VECTOR('',#2625,1.);
#2625 = DIRECTION('',(1.,0.));
#2626 = ( GEOMETRIC_REPRESENTATION_CONTEXT(2) 
PARAMETRIC_REPRESENTATION_CONTEXT() REPRESENTATION_CONTEXT('2D SPACE',''
  ) );
#2627 = PCURVE('',#2628,#2633);
#2628 = PLANE('',#2629);
#2629 = AXIS2_PLACEMENT_3D('',#2630,#2631,#2632);
#2630 = CARTESIAN_POINT('',(189.,-52.,107.));
#2631 = DIRECTION('',(0.,1.,0.));
#2632 = DIRECTION('',(0.,0.,1.));
#2633 = DEFINITIONAL_REPRESENTATION('',(#2634),#2637);
#2634 = B_SPLINE_CURVE_WITH_KNOTS('',1,(#2635,#2636),.UNSPECIFIED.,.F.,
  .F.,(2,2),(1.5,95.5),.PIECEWISE_BEZIER_KNOTS.);
#2635 = CARTESIAN_POINT('',(0.,1.));
#2636 = CARTESIAN_POINT('',(94.,1.));
#2637 = ( GEOMETRIC_REPRESENTATION_CONTEXT(2) 
PARAMETRIC_REPRESENTATION_CONTEXT() REPRESENTATION_CONTEXT('2D SPACE',''
  ) );
#2638 = ORIENTED_EDGE('',*,*,#2639,.F.);
#2639 = EDGE_CURVE('',#2613,#2611,#2640,.T.);
#2640 = SURFACE_CURVE('',#2641,(#2646,#2653),.PCURVE_S1.);
#2641 = CIRCLE('',#2642,56.);
#2642 = AXIS2_PLACEMENT_3D('',#2643,#2644,#2645);
#2643 = CARTESIAN_POINT('',(190.,0.,154.));
#2644 = DIRECTION('',(1.,0.,0.));
#2645 = DIRECTION('',(0.,1.,0.));
#2646 = PCURVE('',#357,#2647);
#2647 = DEFINITIONAL_REPRESENTATION('',(#2648),#2652);
#2648 = CIRCLE('',#2649,56.);
#2649 = AXIS2_PLACEMENT_2D('',#2650,#2651);
#2650 = CARTESIAN_POINT('',(154.,-140.));
#2651 = DIRECTION('',(0.,-1.));
#2652 = ( GEOMETRIC_REPRESENTATION_CONTEXT(2) 
PARAMETRIC_REPRESENTATION_CONTEXT() REPRESENTATION_CONTEXT('2D SPACE',''
  ) );
#2653 = PCURVE('',#2654,#2659);
#2654 = CYLINDRICAL_SURFACE('',#2655,56.);
#2655 = AXIS2_PLACEMENT_3D('',#2656,#2657,#2658);
#2656 = CARTESIAN_POINT('',(190.,0.,154.));
#2657 = DIRECTION('',(-1.,-0.,-0.));
#2658 = DIRECTION('',(0.,1.,0.));
#2659 = DEFINITIONAL_REPRESENTATION('',(#2660),#2664);
#2660 = LINE('',#2661,#2662);
#2661 = CARTESIAN_POINT('',(-0.,0.));
#2662 = VECTOR('',#2663,1.);
#2663 = DIRECTION('',(-1.,0.));
#2664 = ( GEOMETRIC_REPRESENTATION_CONTEXT(2) 
PARAMETRIC_REPRESENTATION_CONTEXT() REPRESENTATION_CONTEXT('2D SPACE',''
  ) );
#2665 = ADVANCED_FACE('',(#2666),#471,.T.);
#2666 = FACE_BOUND('',#2667,.T.);
#2667 = EDGE_LOOP('',(#2668,#2691,#2718,#2739));
#2668 = ORIENTED_EDGE('',*,*,#2669,.F.);
#2669 = EDGE_CURVE('',#2670,#455,#2672,.T.);
#2670 = VERTEX_POINT('',#2671);
#2671 = CARTESIAN_POINT('',(50.,-88.,277.));
#2672 = SURFACE_CURVE('',#2673,(#2677,#2684),.PCURVE_S1.);
#2673 = LINE('',#2674,#2675);
#2674 = CARTESIAN_POINT('',(50.,-88.,276.5));
#2675 = VECTOR('',#2676,1.);
#2676 = DIRECTION('',(0.,0.,1.));
#2677 = PCURVE('',#471,#2678);
#2678 = DEFINITIONAL_REPRESENTATION('',(#2679),#2683);
#2679 = LINE('',#2680,#2681);
#2680 = CARTESIAN_POINT('',(0.,200.));
#2681 = VECTOR('',#2682,1.);
#2682 = DIRECTION('',(1.,0.));
#2683 = ( GEOMETRIC_REPRESENTATION_CONTEXT(2) 
PARAMETRIC_REPRESENTATION_CONTEXT() REPRESENTATION_CONTEXT('2D SPACE',''
  ) );
#2684 = PCURVE('',#547,#2685);
#2685 = DEFINITIONAL_REPRESENTATION('',(#2686),#2690);
#2686 = LINE('',#2687,#2688);
#2687 = CARTESIAN_POINT('',(0.,0.));
#2688 = VECTOR('',#2689,1.);
#2689 = DIRECTION('',(1.,0.));
#2690 = ( GEOMETRIC_REPRESENTATION_CONTEXT(2) 
PARAMETRIC_REPRESENTATION_CONTEXT() REPRESENTATION_CONTEXT('2D SPACE',''
  ) );
#2691 = ORIENTED_EDGE('',*,*,#2692,.T.);
#2692 = EDGE_CURVE('',#2670,#2693,#2695,.T.);
#2693 = VERTEX_POINT('',#2694);
#2694 = CARTESIAN_POINT('',(-150.,-88.,277.));
#2695 = SURFACE_CURVE('',#2696,(#2700,#2706),.PCURVE_S1.);
#2696 = LINE('',#2697,#2698);
#2697 = CARTESIAN_POINT('',(-168.5,-88.,277.));
#2698 = VECTOR('',#2699,1.);
#2699 = DIRECTION('',(-1.,0.,0.));
#2700 = PCURVE('',#471,#2701);
#2701 = DEFINITIONAL_REPRESENTATION('',(#2702),#2705);
#2702 = B_SPLINE_CURVE_WITH_KNOTS('',1,(#2703,#2704),.UNSPECIFIED.,.F.,
  .F.,(2,2),(-218.5,-18.5),.PIECEWISE_BEZIER_KNOTS.);
#2703 = CARTESIAN_POINT('',(0.5,200.));
#2704 = CARTESIAN_POINT('',(0.5,0.));
#2705 = ( GEOMETRIC_REPRESENTATION_CONTEXT(2) 
PARAMETRIC_REPRESENTATION_CONTEXT() REPRESENTATION_CONTEXT('2D SPACE',''
  ) );
#2706 = PCURVE('',#2707,#2712);
#2707 = PLANE('',#2708);
#2708 = AXIS2_PLACEMENT_3D('',#2709,#2710,#2711);
#2709 = CARTESIAN_POINT('',(-187.,-137.,277.));
#2710 = DIRECTION('',(0.,0.,1.));
#2711 = DIRECTION('',(1.,0.,0.));
#2712 = DEFINITIONAL_REPRESENTATION('',(#2713),#2717);
#2713 = LINE('',#2714,#2715);
#2714 = CARTESIAN_POINT('',(18.5,49.));
#2715 = VECTOR('',#2716,1.);
#2716 = DIRECTION('',(-1.,0.));
#2717 = ( GEOMETRIC_REPRESENTATION_CONTEXT(2) 
PARAMETRIC_REPRESENTATION_CONTEXT() REPRESENTATION_CONTEXT('2D SPACE',''
  ) );
#2718 = ORIENTED_EDGE('',*,*,#2719,.T.);
#2719 = EDGE_CURVE('',#2693,#457,#2720,.T.);
#2720 = SURFACE_CURVE('',#2721,(#2725,#2732),.PCURVE_S1.);
#2721 = LINE('',#2722,#2723);
#2722 = CARTESIAN_POINT('',(-150.,-88.,276.5));
#2723 = VECTOR('',#2724,1.);
#2724 = DIRECTION('',(0.,0.,1.));
#2725 = PCURVE('',#471,#2726);
#2726 = DEFINITIONAL_REPRESENTATION('',(#2727),#2731);
#2727 = LINE('',#2728,#2729);
#2728 = CARTESIAN_POINT('',(0.,0.));
#2729 = VECTOR('',#2730,1.);
#2730 = DIRECTION('',(1.,0.));
#2731 = ( GEOMETRIC_REPRESENTATION_CONTEXT(2) 
PARAMETRIC_REPRESENTATION_CONTEXT() REPRESENTATION_CONTEXT('2D SPACE',''
  ) );
#2732 = PCURVE('',#497,#2733);
#2733 = DEFINITIONAL_REPRESENTATION('',(#2734),#2738);
#2734 = LINE('',#2735,#2736);
#2735 = CARTESIAN_POINT('',(0.,0.));
#2736 = VECTOR('',#2737,1.);
#2737 = DIRECTION('',(1.,0.));
#2738 = ( GEOMETRIC_REPRESENTATION_CONTEXT(2) 
PARAMETRIC_REPRESENTATION_CONTEXT() REPRESENTATION_CONTEXT('2D SPACE',''
  ) );
#2739 = ORIENTED_EDGE('',*,*,#454,.F.);
#2740 = ADVANCED_FACE('',(#2741),#547,.F.);
#2741 = FACE_BOUND('',#2742,.F.);
#2742 = EDGE_LOOP('',(#2743,#2744,#2766,#2787));
#2743 = ORIENTED_EDGE('',*,*,#2669,.F.);
#2744 = ORIENTED_EDGE('',*,*,#2745,.T.);
#2745 = EDGE_CURVE('',#2670,#2746,#2748,.T.);
#2746 = VERTEX_POINT('',#2747);
#2747 = CARTESIAN_POINT('',(50.,88.,277.));
#2748 = SURFACE_CURVE('',#2749,(#2753,#2759),.PCURVE_S1.);
#2749 = LINE('',#2750,#2751);
#2750 = CARTESIAN_POINT('',(50.,-112.5,277.));
#2751 = VECTOR('',#2752,1.);
#2752 = DIRECTION('',(0.,1.,0.));
#2753 = PCURVE('',#547,#2754);
#2754 = DEFINITIONAL_REPRESENTATION('',(#2755),#2758);
#2755 = B_SPLINE_CURVE_WITH_KNOTS('',1,(#2756,#2757),.UNSPECIFIED.,.F.,
  .F.,(2,2),(24.5,200.5),.PIECEWISE_BEZIER_KNOTS.);
#2756 = CARTESIAN_POINT('',(0.5,0.));
#2757 = CARTESIAN_POINT('',(0.5,-176.));
#2758 = ( GEOMETRIC_REPRESENTATION_CONTEXT(2) 
PARAMETRIC_REPRESENTATION_CONTEXT() REPRESENTATION_CONTEXT('2D SPACE',''
  ) );
#2759 = PCURVE('',#2707,#2760);
#2760 = DEFINITIONAL_REPRESENTATION('',(#2761),#2765);
#2761 = LINE('',#2762,#2763);
#2762 = CARTESIAN_POINT('',(237.,24.5));
#2763 = VECTOR('',#2764,1.);
#2764 = DIRECTION('',(0.,1.));
#2765 = ( GEOMETRIC_REPRESENTATION_CONTEXT(2) 
PARAMETRIC_REPRESENTATION_CONTEXT() REPRESENTATION_CONTEXT('2D SPACE',''
  ) );
#2766 = ORIENTED_EDGE('',*,*,#2767,.T.);
#2767 = EDGE_CURVE('',#2746,#509,#2768,.T.);
#2768 = SURFACE_CURVE('',#2769,(#2773,#2780),.PCURVE_S1.);
#2769 = LINE('',#2770,#2771);
#2770 = CARTESIAN_POINT('',(50.,88.,276.5));
#2771 = VECTOR('',#2772,1.);
#2772 = DIRECTION('',(0.,0.,1.));
#2773 = PCURVE('',#547,#2774);
#2774 = DEFINITIONAL_REPRESENTATION('',(#2775),#2779);
#2775 = LINE('',#2776,#2777);
#2776 = CARTESIAN_POINT('',(0.,-176.));
#2777 = VECTOR('',#2778,1.);
#2778 = DIRECTION('',(1.,0.));
#2779 = ( GEOMETRIC_REPRESENTATION_CONTEXT(2) 
PARAMETRIC_REPRESENTATION_CONTEXT() REPRESENTATION_CONTEXT('2D SPACE',''
  ) );
#2780 = PCURVE('',#523,#2781);
#2781 = DEFINITIONAL_REPRESENTATION('',(#2782),#2786);
#2782 = LINE('',#2783,#2784);
#2783 = CARTESIAN_POINT('',(0.,200.));
#2784 = VECTOR('',#2785,1.);
#2785 = DIRECTION('',(1.,0.));
#2786 = ( GEOMETRIC_REPRESENTATION_CONTEXT(2) 
PARAMETRIC_REPRESENTATION_CONTEXT() REPRESENTATION_CONTEXT('2D SPACE',''
  ) );
#2787 = ORIENTED_EDGE('',*,*,#534,.F.);
#2788 = ADVANCED_FACE('',(#2789),#497,.T.);
#2789 = FACE_BOUND('',#2790,.T.);
#2790 = EDGE_LOOP('',(#2791,#2792,#2814,#2835));
#2791 = ORIENTED_EDGE('',*,*,#2719,.F.);
#2792 = ORIENTED_EDGE('',*,*,#2793,.T.);
#2793 = EDGE_CURVE('',#2693,#2794,#2796,.T.);
#2794 = VERTEX_POINT('',#2795);
#2795 = CARTESIAN_POINT('',(-150.,88.,277.));
#2796 = SURFACE_CURVE('',#2797,(#2801,#2807),.PCURVE_S1.);
#2797 = LINE('',#2798,#2799);
#2798 = CARTESIAN_POINT('',(-150.,-112.5,277.));
#2799 = VECTOR('',#2800,1.);
#2800 = DIRECTION('',(0.,1.,0.));
#2801 = PCURVE('',#497,#2802);
#2802 = DEFINITIONAL_REPRESENTATION('',(#2803),#2806);
#2803 = B_SPLINE_CURVE_WITH_KNOTS('',1,(#2804,#2805),.UNSPECIFIED.,.F.,
  .F.,(2,2),(24.5,200.5),.PIECEWISE_BEZIER_KNOTS.);
#2804 = CARTESIAN_POINT('',(0.5,0.));
#2805 = CARTESIAN_POINT('',(0.5,-176.));
#2806 = ( GEOMETRIC_REPRESENTATION_CONTEXT(2) 
PARAMETRIC_REPRESENTATION_CONTEXT() REPRESENTATION_CONTEXT('2D SPACE',''
  ) );
#2807 = PCURVE('',#2707,#2808);
#2808 = DEFINITIONAL_REPRESENTATION('',(#2809),#2813);
#2809 = LINE('',#2810,#2811);
#2810 = CARTESIAN_POINT('',(37.,24.5));
#2811 = VECTOR('',#2812,1.);
#2812 = DIRECTION('',(0.,1.));
#2813 = ( GEOMETRIC_REPRESENTATION_CONTEXT(2) 
PARAMETRIC_REPRESENTATION_CONTEXT() REPRESENTATION_CONTEXT('2D SPACE',''
  ) );
#2814 = ORIENTED_EDGE('',*,*,#2815,.T.);
#2815 = EDGE_CURVE('',#2794,#483,#2816,.T.);
#2816 = SURFACE_CURVE('',#2817,(#2821,#2828),.PCURVE_S1.);
#2817 = LINE('',#2818,#2819);
#2818 = CARTESIAN_POINT('',(-150.,88.,276.5));
#2819 = VECTOR('',#2820,1.);
#2820 = DIRECTION('',(0.,0.,1.));
#2821 = PCURVE('',#497,#2822);
#2822 = DEFINITIONAL_REPRESENTATION('',(#2823),#2827);
#2823 = LINE('',#2824,#2825);
#2824 = CARTESIAN_POINT('',(0.,-176.));
#2825 = VECTOR('',#2826,1.);
#2826 = DIRECTION('',(1.,0.));
#2827 = ( GEOMETRIC_REPRESENTATION_CONTEXT(2) 
PARAMETRIC_REPRESENTATION_CONTEXT() REPRESENTATION_CONTEXT('2D SPACE',''
  ) );
#2828 = PCURVE('',#523,#2829);
#2829 = DEFINITIONAL_REPRESENTATION('',(#2830),#2834);
#2830 = LINE('',#2831,#2832);
#2831 = CARTESIAN_POINT('',(0.,0.));
#2832 = VECTOR('',#2833,1.);
#2833 = DIRECTION('',(1.,0.));
#2834 = ( GEOMETRIC_REPRESENTATION_CONTEXT(2) 
PARAMETRIC_REPRESENTATION_CONTEXT() REPRESENTATION_CONTEXT('2D SPACE',''
  ) );
#2835 = ORIENTED_EDGE('',*,*,#482,.F.);
#2836 = ADVANCED_FACE('',(#2837),#523,.F.);
#2837 = FACE_BOUND('',#2838,.F.);
#2838 = EDGE_LOOP('',(#2839,#2840,#2860,#2861));
#2839 = ORIENTED_EDGE('',*,*,#2767,.F.);
#2840 = ORIENTED_EDGE('',*,*,#2841,.T.);
#2841 = EDGE_CURVE('',#2746,#2794,#2842,.T.);
#2842 = SURFACE_CURVE('',#2843,(#2847,#2853),.PCURVE_S1.);
#2843 = LINE('',#2844,#2845);
#2844 = CARTESIAN_POINT('',(-168.5,88.,277.));
#2845 = VECTOR('',#2846,1.);
#2846 = DIRECTION('',(-1.,0.,0.));
#2847 = PCURVE('',#523,#2848);
#2848 = DEFINITIONAL_REPRESENTATION('',(#2849),#2852);
#2849 = B_SPLINE_CURVE_WITH_KNOTS('',1,(#2850,#2851),.UNSPECIFIED.,.F.,
  .F.,(2,2),(-218.5,-18.5),.PIECEWISE_BEZIER_KNOTS.);
#2850 = CARTESIAN_POINT('',(0.5,200.));
#2851 = CARTESIAN_POINT('',(0.5,0.));
#2852 = ( GEOMETRIC_REPRESENTATION_CONTEXT(2) 
PARAMETRIC_REPRESENTATION_CONTEXT() REPRESENTATION_CONTEXT('2D SPACE',''
  ) );
#2853 = PCURVE('',#2707,#2854);
#2854 = DEFINITIONAL_REPRESENTATION('',(#2855),#2859);
#2855 = LINE('',#2856,#2857);
#2856 = CARTESIAN_POINT('',(18.5,225.));
#2857 = VECTOR('',#2858,1.);
#2858 = DIRECTION('',(-1.,0.));
#2859 = ( GEOMETRIC_REPRESENTATION_CONTEXT(2) 
PARAMETRIC_REPRESENTATION_CONTEXT() REPRESENTATION_CONTEXT('2D SPACE',''
  ) );
#2860 = ORIENTED_EDGE('',*,*,#2815,.T.);
#2861 = ORIENTED_EDGE('',*,*,#508,.F.);
#2862 = ADVANCED_FACE('',(#2863),#579,.T.);
#2863 = FACE_BOUND('',#2864,.T.);
#2864 = EDGE_LOOP('',(#2865,#2888,#2889,#2912));
#2865 = ORIENTED_EDGE('',*,*,#2866,.F.);
#2866 = EDGE_CURVE('',#561,#2867,#2869,.T.);
#2867 = VERTEX_POINT('',#2868);
#2868 = CARTESIAN_POINT('',(60.,-12.,298.));
#2869 = SURFACE_CURVE('',#2870,(#2874,#2881),.PCURVE_S1.);
#2870 = LINE('',#2871,#2872);
#2871 = CARTESIAN_POINT('',(60.,-12.,277.));
#2872 = VECTOR('',#2873,1.);
#2873 = DIRECTION('',(0.,0.,1.));
#2874 = PCURVE('',#579,#2875);
#2875 = DEFINITIONAL_REPRESENTATION('',(#2876),#2880);
#2876 = LINE('',#2877,#2878);
#2877 = CARTESIAN_POINT('',(0.,0.));
#2878 = VECTOR('',#2879,1.);
#2879 = DIRECTION('',(0.,1.));
#2880 = ( GEOMETRIC_REPRESENTATION_CONTEXT(2) 
PARAMETRIC_REPRESENTATION_CONTEXT() REPRESENTATION_CONTEXT('2D SPACE',''
  ) );
#2881 = PCURVE('',#606,#2882);
#2882 = DEFINITIONAL_REPRESENTATION('',(#2883),#2887);
#2883 = LINE('',#2884,#2885);
#2884 = CARTESIAN_POINT('',(0.,-2.));
#2885 = VECTOR('',#2886,1.);
#2886 = DIRECTION('',(1.,0.));
#2887 = ( GEOMETRIC_REPRESENTATION_CONTEXT(2) 
PARAMETRIC_REPRESENTATION_CONTEXT() REPRESENTATION_CONTEXT('2D SPACE',''
  ) );
#2888 = ORIENTED_EDGE('',*,*,#560,.T.);
#2889 = ORIENTED_EDGE('',*,*,#2890,.T.);
#2890 = EDGE_CURVE('',#563,#2891,#2893,.T.);
#2891 = VERTEX_POINT('',#2892);
#2892 = CARTESIAN_POINT('',(62.,-14.,298.));
#2893 = SURFACE_CURVE('',#2894,(#2898,#2905),.PCURVE_S1.);
#2894 = LINE('',#2895,#2896);
#2895 = CARTESIAN_POINT('',(62.,-14.,277.));
#2896 = VECTOR('',#2897,1.);
#2897 = DIRECTION('',(0.,0.,1.));
#2898 = PCURVE('',#579,#2899);
#2899 = DEFINITIONAL_REPRESENTATION('',(#2900),#2904);
#2900 = LINE('',#2901,#2902);
#2901 = CARTESIAN_POINT('',(1.570796326795,0.));
#2902 = VECTOR('',#2903,1.);
#2903 = DIRECTION('',(0.,1.));
#2904 = ( GEOMETRIC_REPRESENTATION_CONTEXT(2) 
PARAMETRIC_REPRESENTATION_CONTEXT() REPRESENTATION_CONTEXT('2D SPACE',''
  ) );
#2905 = PCURVE('',#769,#2906);
#2906 = DEFINITIONAL_REPRESENTATION('',(#2907),#2911);
#2907 = LINE('',#2908,#2909);
#2908 = CARTESIAN_POINT('',(0.,2.));
#2909 = VECTOR('',#2910,1.);
#2910 = DIRECTION('',(1.,0.));
#2911 = ( GEOMETRIC_REPRESENTATION_CONTEXT(2) 
PARAMETRIC_REPRESENTATION_CONTEXT() REPRESENTATION_CONTEXT('2D SPACE',''
  ) );
#2912 = ORIENTED_EDGE('',*,*,#2913,.F.);
#2913 = EDGE_CURVE('',#2867,#2891,#2914,.T.);
#2914 = SURFACE_CURVE('',#2915,(#2920,#2927),.PCURVE_S1.);
#2915 = CIRCLE('',#2916,2.);
#2916 = AXIS2_PLACEMENT_3D('',#2917,#2918,#2919);
#2917 = CARTESIAN_POINT('',(62.,-12.,298.));
#2918 = DIRECTION('',(0.,0.,1.));
#2919 = DIRECTION('',(0.,-1.,0.));
#2920 = PCURVE('',#579,#2921);
#2921 = DEFINITIONAL_REPRESENTATION('',(#2922),#2926);
#2922 = LINE('',#2923,#2924);
#2923 = CARTESIAN_POINT('',(-4.712388980385,21.));
#2924 = VECTOR('',#2925,1.);
#2925 = DIRECTION('',(1.,0.));
#2926 = ( GEOMETRIC_REPRESENTATION_CONTEXT(2) 
PARAMETRIC_REPRESENTATION_CONTEXT() REPRESENTATION_CONTEXT('2D SPACE',''
  ) );
#2927 = PCURVE('',#2928,#2933);
#2928 = PLANE('',#2929);
#2929 = AXIS2_PLACEMENT_3D('',#2930,#2931,#2932);
#2930 = CARTESIAN_POINT('',(60.,-14.,298.));
#2931 = DIRECTION('',(0.,0.,1.));
#2932 = DIRECTION('',(1.,0.,0.));
#2933 = DEFINITIONAL_REPRESENTATION('',(#2934),#2938);
#2934 = CIRCLE('',#2935,2.);
#2935 = AXIS2_PLACEMENT_2D('',#2936,#2937);
#2936 = CARTESIAN_POINT('',(2.,2.));
#2937 = DIRECTION('',(0.,-1.));
#2938 = ( GEOMETRIC_REPRESENTATION_CONTEXT(2) 
PARAMETRIC_REPRESENTATION_CONTEXT() REPRESENTATION_CONTEXT('2D SPACE',''
  ) );
#2939 = ADVANCED_FACE('',(#2940),#769,.F.);
#2940 = FACE_BOUND('',#2941,.F.);
#2941 = EDGE_LOOP('',(#2942,#2943,#2944,#2967));
#2942 = ORIENTED_EDGE('',*,*,#756,.T.);
#2943 = ORIENTED_EDGE('',*,*,#2890,.T.);
#2944 = ORIENTED_EDGE('',*,*,#2945,.T.);
#2945 = EDGE_CURVE('',#2891,#2946,#2948,.T.);
#2946 = VERTEX_POINT('',#2947);
#2947 = CARTESIAN_POINT('',(178.,-14.,298.));
#2948 = SURFACE_CURVE('',#2949,(#2953,#2960),.PCURVE_S1.);
#2949 = LINE('',#2950,#2951);
#2950 = CARTESIAN_POINT('',(60.,-14.,298.));
#2951 = VECTOR('',#2952,1.);
#2952 = DIRECTION('',(1.,0.,0.));
#2953 = PCURVE('',#769,#2954);
#2954 = DEFINITIONAL_REPRESENTATION('',(#2955),#2959);
#2955 = LINE('',#2956,#2957);
#2956 = CARTESIAN_POINT('',(21.,0.));
#2957 = VECTOR('',#2958,1.);
#2958 = DIRECTION('',(0.,1.));
#2959 = ( GEOMETRIC_REPRESENTATION_CONTEXT(2) 
PARAMETRIC_REPRESENTATION_CONTEXT() REPRESENTATION_CONTEXT('2D SPACE',''
  ) );
#2960 = PCURVE('',#2928,#2961);
#2961 = DEFINITIONAL_REPRESENTATION('',(#2962),#2966);
#2962 = LINE('',#2963,#2964);
#2963 = CARTESIAN_POINT('',(0.,0.));
#2964 = VECTOR('',#2965,1.);
#2965 = DIRECTION('',(1.,0.));
#2966 = ( GEOMETRIC_REPRESENTATION_CONTEXT(2) 
PARAMETRIC_REPRESENTATION_CONTEXT() REPRESENTATION_CONTEXT('2D SPACE',''
  ) );
#2967 = ORIENTED_EDGE('',*,*,#2968,.F.);
#2968 = EDGE_CURVE('',#728,#2946,#2969,.T.);
#2969 = SURFACE_CURVE('',#2970,(#2974,#2981),.PCURVE_S1.);
#2970 = LINE('',#2971,#2972);
#2971 = CARTESIAN_POINT('',(178.,-14.,277.));
#2972 = VECTOR('',#2973,1.);
#2973 = DIRECTION('',(0.,0.,1.));
#2974 = PCURVE('',#769,#2975);
#2975 = DEFINITIONAL_REPRESENTATION('',(#2976),#2980);
#2976 = LINE('',#2977,#2978);
#2977 = CARTESIAN_POINT('',(0.,118.));
#2978 = VECTOR('',#2979,1.);
#2979 = DIRECTION('',(1.,0.));
#2980 = ( GEOMETRIC_REPRESENTATION_CONTEXT(2) 
PARAMETRIC_REPRESENTATION_CONTEXT() REPRESENTATION_CONTEXT('2D SPACE',''
  ) );
#2981 = PCURVE('',#744,#2982);
#2982 = DEFINITIONAL_REPRESENTATION('',(#2983),#2987);
#2983 = LINE('',#2984,#2985);
#2984 = CARTESIAN_POINT('',(-1.570796326795,0.));
#2985 = VECTOR('',#2986,1.);
#2986 = DIRECTION('',(-0.,1.));
#2987 = ( GEOMETRIC_REPRESENTATION_CONTEXT(2) 
PARAMETRIC_REPRESENTATION_CONTEXT() REPRESENTATION_CONTEXT('2D SPACE',''
  ) );
#2988 = ADVANCED_FACE('',(#2989),#744,.T.);
#2989 = FACE_BOUND('',#2990,.F.);
#2990 = EDGE_LOOP('',(#2991,#3014,#3015,#3016));
#2991 = ORIENTED_EDGE('',*,*,#2992,.F.);
#2992 = EDGE_CURVE('',#702,#2993,#2995,.T.);
#2993 = VERTEX_POINT('',#2994);
#2994 = CARTESIAN_POINT('',(180.,-12.,298.));
#2995 = SURFACE_CURVE('',#2996,(#3000,#3007),.PCURVE_S1.);
#2996 = LINE('',#2997,#2998);
#2997 = CARTESIAN_POINT('',(180.,-12.,277.));
#2998 = VECTOR('',#2999,1.);
#2999 = DIRECTION('',(0.,0.,1.));
#3000 = PCURVE('',#744,#3001);
#3001 = DEFINITIONAL_REPRESENTATION('',(#3002),#3006);
#3002 = LINE('',#3003,#3004);
#3003 = CARTESIAN_POINT('',(-0.,0.));
#3004 = VECTOR('',#3005,1.);
#3005 = DIRECTION('',(-0.,1.));
#3006 = ( GEOMETRIC_REPRESENTATION_CONTEXT(2) 
PARAMETRIC_REPRESENTATION_CONTEXT() REPRESENTATION_CONTEXT('2D SPACE',''
  ) );
#3007 = PCURVE('',#716,#3008);
#3008 = DEFINITIONAL_REPRESENTATION('',(#3009),#3013);
#3009 = LINE('',#3010,#3011);
#3010 = CARTESIAN_POINT('',(0.,-2.));
#3011 = VECTOR('',#3012,1.);
#3012 = DIRECTION('',(1.,0.));
#3013 = ( GEOMETRIC_REPRESENTATION_CONTEXT(2) 
PARAMETRIC_REPRESENTATION_CONTEXT() REPRESENTATION_CONTEXT('2D SPACE',''
  ) );
#3014 = ORIENTED_EDGE('',*,*,#727,.F.);
#3015 = ORIENTED_EDGE('',*,*,#2968,.T.);
#3016 = ORIENTED_EDGE('',*,*,#3017,.F.);
#3017 = EDGE_CURVE('',#2993,#2946,#3018,.T.);
#3018 = SURFACE_CURVE('',#3019,(#3024,#3031),.PCURVE_S1.);
#3019 = CIRCLE('',#3020,2.);
#3020 = AXIS2_PLACEMENT_3D('',#3021,#3022,#3023);
#3021 = CARTESIAN_POINT('',(178.,-12.,298.));
#3022 = DIRECTION('',(-0.,-0.,-1.));
#3023 = DIRECTION('',(0.,-1.,0.));
#3024 = PCURVE('',#744,#3025);
#3025 = DEFINITIONAL_REPRESENTATION('',(#3026),#3030);
#3026 = LINE('',#3027,#3028);
#3027 = CARTESIAN_POINT('',(4.712388980385,21.));
#3028 = VECTOR('',#3029,1.);
#3029 = DIRECTION('',(-1.,0.));
#3030 = ( GEOMETRIC_REPRESENTATION_CONTEXT(2) 
PARAMETRIC_REPRESENTATION_CONTEXT() REPRESENTATION_CONTEXT('2D SPACE',''
  ) );
#3031 = PCURVE('',#2928,#3032);
#3032 = DEFINITIONAL_REPRESENTATION('',(#3033),#3041);
#3033 = ( BOUNDED_CURVE() B_SPLINE_CURVE(2,(#3034,#3035,#3036,#3037,
#3038,#3039,#3040),.UNSPECIFIED.,.T.,.F.) B_SPLINE_CURVE_WITH_KNOTS((1,2
    ,2,2,2,1),(-2.094395102393,0.,2.094395102393,4.188790204786,
6.28318530718,8.377580409573),.UNSPECIFIED.) CURVE() 
GEOMETRIC_REPRESENTATION_ITEM() RATIONAL_B_SPLINE_CURVE((1.,0.5,1.,0.5,
1.,0.5,1.)) REPRESENTATION_ITEM('') );
#3034 = CARTESIAN_POINT('',(118.,0.));
#3035 = CARTESIAN_POINT('',(114.53589838486,0.));
#3036 = CARTESIAN_POINT('',(116.26794919243,3.));
#3037 = CARTESIAN_POINT('',(118.,6.));
#3038 = CARTESIAN_POINT('',(119.73205080756,3.));
#3039 = CARTESIAN_POINT('',(121.46410161513,3.10862446895E-15));
#3040 = CARTESIAN_POINT('',(118.,0.));
#3041 = ( GEOMETRIC_REPRESENTATION_CONTEXT(2) 
PARAMETRIC_REPRESENTATION_CONTEXT() REPRESENTATION_CONTEXT('2D SPACE',''
  ) );
#3042 = ADVANCED_FACE('',(#3043),#716,.T.);
#3043 = FACE_BOUND('',#3044,.T.);
#3044 = EDGE_LOOP('',(#3045,#3068,#3069,#3070));
#3045 = ORIENTED_EDGE('',*,*,#3046,.F.);
#3046 = EDGE_CURVE('',#2993,#3047,#3049,.T.);
#3047 = VERTEX_POINT('',#3048);
#3048 = CARTESIAN_POINT('',(180.,12.,298.));
#3049 = SURFACE_CURVE('',#3050,(#3054,#3061),.PCURVE_S1.);
#3050 = LINE('',#3051,#3052);
#3051 = CARTESIAN_POINT('',(180.,-14.,298.));
#3052 = VECTOR('',#3053,1.);
#3053 = DIRECTION('',(0.,1.,0.));
#3054 = PCURVE('',#716,#3055);
#3055 = DEFINITIONAL_REPRESENTATION('',(#3056),#3060);
#3056 = LINE('',#3057,#3058);
#3057 = CARTESIAN_POINT('',(21.,0.));
#3058 = VECTOR('',#3059,1.);
#3059 = DIRECTION('',(0.,-1.));
#3060 = ( GEOMETRIC_REPRESENTATION_CONTEXT(2) 
PARAMETRIC_REPRESENTATION_CONTEXT() REPRESENTATION_CONTEXT('2D SPACE',''
  ) );
#3061 = PCURVE('',#2928,#3062);
#3062 = DEFINITIONAL_REPRESENTATION('',(#3063),#3067);
#3063 = LINE('',#3064,#3065);
#3064 = CARTESIAN_POINT('',(120.,0.));
#3065 = VECTOR('',#3066,1.);
#3066 = DIRECTION('',(0.,1.));
#3067 = ( GEOMETRIC_REPRESENTATION_CONTEXT(2) 
PARAMETRIC_REPRESENTATION_CONTEXT() REPRESENTATION_CONTEXT('2D SPACE',''
  ) );
#3068 = ORIENTED_EDGE('',*,*,#2992,.F.);
#3069 = ORIENTED_EDGE('',*,*,#701,.T.);
#3070 = ORIENTED_EDGE('',*,*,#3071,.T.);
#3071 = EDGE_CURVE('',#673,#3047,#3072,.T.);
#3072 = SURFACE_CURVE('',#3073,(#3077,#3084),.PCURVE_S1.);
#3073 = LINE('',#3074,#3075);
#3074 = CARTESIAN_POINT('',(180.,12.,277.));
#3075 = VECTOR('',#3076,1.);
#3076 = DIRECTION('',(0.,0.,1.));
#3077 = PCURVE('',#716,#3078);
#3078 = DEFINITIONAL_REPRESENTATION('',(#3079),#3083);
#3079 = LINE('',#3080,#3081);
#3080 = CARTESIAN_POINT('',(0.,-26.));
#3081 = VECTOR('',#3082,1.);
#3082 = DIRECTION('',(1.,0.));
#3083 = ( GEOMETRIC_REPRESENTATION_CONTEXT(2) 
PARAMETRIC_REPRESENTATION_CONTEXT() REPRESENTATION_CONTEXT('2D SPACE',''
  ) );
#3084 = PCURVE('',#689,#3085);
#3085 = DEFINITIONAL_REPRESENTATION('',(#3086),#3090);
#3086 = LINE('',#3087,#3088);
#3087 = CARTESIAN_POINT('',(0.,0.));
#3088 = VECTOR('',#3089,1.);
#3089 = DIRECTION('',(0.,1.));
#3090 = ( GEOMETRIC_REPRESENTATION_CONTEXT(2) 
PARAMETRIC_REPRESENTATION_CONTEXT() REPRESENTATION_CONTEXT('2D SPACE',''
  ) );
#3091 = ADVANCED_FACE('',(#3092),#689,.T.);
#3092 = FACE_BOUND('',#3093,.T.);
#3093 = EDGE_LOOP('',(#3094,#3095,#3096,#3119));
#3094 = ORIENTED_EDGE('',*,*,#3071,.F.);
#3095 = ORIENTED_EDGE('',*,*,#672,.T.);
#3096 = ORIENTED_EDGE('',*,*,#3097,.T.);
#3097 = EDGE_CURVE('',#647,#3098,#3100,.T.);
#3098 = VERTEX_POINT('',#3099);
#3099 = CARTESIAN_POINT('',(178.,14.,298.));
#3100 = SURFACE_CURVE('',#3101,(#3105,#3112),.PCURVE_S1.);
#3101 = LINE('',#3102,#3103);
#3102 = CARTESIAN_POINT('',(178.,14.,277.));
#3103 = VECTOR('',#3104,1.);
#3104 = DIRECTION('',(0.,0.,1.));
#3105 = PCURVE('',#689,#3106);
#3106 = DEFINITIONAL_REPRESENTATION('',(#3107),#3111);
#3107 = LINE('',#3108,#3109);
#3108 = CARTESIAN_POINT('',(1.570796326795,0.));
#3109 = VECTOR('',#3110,1.);
#3110 = DIRECTION('',(0.,1.));
#3111 = ( GEOMETRIC_REPRESENTATION_CONTEXT(2) 
PARAMETRIC_REPRESENTATION_CONTEXT() REPRESENTATION_CONTEXT('2D SPACE',''
  ) );
#3112 = PCURVE('',#661,#3113);
#3113 = DEFINITIONAL_REPRESENTATION('',(#3114),#3118);
#3114 = LINE('',#3115,#3116);
#3115 = CARTESIAN_POINT('',(0.,118.));
#3116 = VECTOR('',#3117,1.);
#3117 = DIRECTION('',(1.,0.));
#3118 = ( GEOMETRIC_REPRESENTATION_CONTEXT(2) 
PARAMETRIC_REPRESENTATION_CONTEXT() REPRESENTATION_CONTEXT('2D SPACE',''
  ) );
#3119 = ORIENTED_EDGE('',*,*,#3120,.F.);
#3120 = EDGE_CURVE('',#3047,#3098,#3121,.T.);
#3121 = SURFACE_CURVE('',#3122,(#3127,#3134),.PCURVE_S1.);
#3122 = CIRCLE('',#3123,2.);
#3123 = AXIS2_PLACEMENT_3D('',#3124,#3125,#3126);
#3124 = CARTESIAN_POINT('',(178.,12.,298.));
#3125 = DIRECTION('',(0.,0.,1.));
#3126 = DIRECTION('',(0.,-1.,0.));
#3127 = PCURVE('',#689,#3128);
#3128 = DEFINITIONAL_REPRESENTATION('',(#3129),#3133);
#3129 = LINE('',#3130,#3131);
#3130 = CARTESIAN_POINT('',(-1.570796326795,21.));
#3131 = VECTOR('',#3132,1.);
#3132 = DIRECTION('',(1.,0.));
#3133 = ( GEOMETRIC_REPRESENTATION_CONTEXT(2) 
PARAMETRIC_REPRESENTATION_CONTEXT() REPRESENTATION_CONTEXT('2D SPACE',''
  ) );
#3134 = PCURVE('',#2928,#3135);
#3135 = DEFINITIONAL_REPRESENTATION('',(#3136),#3140);
#3136 = CIRCLE('',#3137,2.);
#3137 = AXIS2_PLACEMENT_2D('',#3138,#3139);
#3138 = CARTESIAN_POINT('',(118.,26.));
#3139 = DIRECTION('',(0.,-1.));
#3140 = ( GEOMETRIC_REPRESENTATION_CONTEXT(2) 
PARAMETRIC_REPRESENTATION_CONTEXT() REPRESENTATION_CONTEXT('2D SPACE',''
  ) );
#3141 = ADVANCED_FACE('',(#3142),#661,.T.);
#3142 = FACE_BOUND('',#3143,.T.);
#3143 = EDGE_LOOP('',(#3144,#3145,#3168,#3189));
#3144 = ORIENTED_EDGE('',*,*,#646,.T.);
#3145 = ORIENTED_EDGE('',*,*,#3146,.T.);
#3146 = EDGE_CURVE('',#618,#3147,#3149,.T.);
#3147 = VERTEX_POINT('',#3148);
#3148 = CARTESIAN_POINT('',(62.,14.,298.));
#3149 = SURFACE_CURVE('',#3150,(#3154,#3161),.PCURVE_S1.);
#3150 = LINE('',#3151,#3152);
#3151 = CARTESIAN_POINT('',(62.,14.,277.));
#3152 = VECTOR('',#3153,1.);
#3153 = DIRECTION('',(0.,0.,1.));
#3154 = PCURVE('',#661,#3155);
#3155 = DEFINITIONAL_REPRESENTATION('',(#3156),#3160);
#3156 = LINE('',#3157,#3158);
#3157 = CARTESIAN_POINT('',(0.,2.));
#3158 = VECTOR('',#3159,1.);
#3159 = DIRECTION('',(1.,0.));
#3160 = ( GEOMETRIC_REPRESENTATION_CONTEXT(2) 
PARAMETRIC_REPRESENTATION_CONTEXT() REPRESENTATION_CONTEXT('2D SPACE',''
  ) );
#3161 = PCURVE('',#634,#3162);
#3162 = DEFINITIONAL_REPRESENTATION('',(#3163),#3167);
#3163 = LINE('',#3164,#3165);
#3164 = CARTESIAN_POINT('',(-1.570796326795,0.));
#3165 = VECTOR('',#3166,1.);
#3166 = DIRECTION('',(-0.,1.));
#3167 = ( GEOMETRIC_REPRESENTATION_CONTEXT(2) 
PARAMETRIC_REPRESENTATION_CONTEXT() REPRESENTATION_CONTEXT('2D SPACE',''
  ) );
#3168 = ORIENTED_EDGE('',*,*,#3169,.T.);
#3169 = EDGE_CURVE('',#3147,#3098,#3170,.T.);
#3170 = SURFACE_CURVE('',#3171,(#3175,#3182),.PCURVE_S1.);
#3171 = LINE('',#3172,#3173);
#3172 = CARTESIAN_POINT('',(60.,14.,298.));
#3173 = VECTOR('',#3174,1.);
#3174 = DIRECTION('',(1.,0.,0.));
#3175 = PCURVE('',#661,#3176);
#3176 = DEFINITIONAL_REPRESENTATION('',(#3177),#3181);
#3177 = LINE('',#3178,#3179);
#3178 = CARTESIAN_POINT('',(21.,0.));
#3179 = VECTOR('',#3180,1.);
#3180 = DIRECTION('',(0.,1.));
#3181 = ( GEOMETRIC_REPRESENTATION_CONTEXT(2) 
PARAMETRIC_REPRESENTATION_CONTEXT() REPRESENTATION_CONTEXT('2D SPACE',''
  ) );
#3182 = PCURVE('',#2928,#3183);
#3183 = DEFINITIONAL_REPRESENTATION('',(#3184),#3188);
#3184 = LINE('',#3185,#3186);
#3185 = CARTESIAN_POINT('',(0.,28.));
#3186 = VECTOR('',#3187,1.);
#3187 = DIRECTION('',(1.,0.));
#3188 = ( GEOMETRIC_REPRESENTATION_CONTEXT(2) 
PARAMETRIC_REPRESENTATION_CONTEXT() REPRESENTATION_CONTEXT('2D SPACE',''
  ) );
#3189 = ORIENTED_EDGE('',*,*,#3097,.F.);
#3190 = ADVANCED_FACE('',(#3191),#634,.T.);
#3191 = FACE_BOUND('',#3192,.F.);
#3192 = EDGE_LOOP('',(#3193,#3216,#3217,#3218));
#3193 = ORIENTED_EDGE('',*,*,#3194,.F.);
#3194 = EDGE_CURVE('',#592,#3195,#3197,.T.);
#3195 = VERTEX_POINT('',#3196);
#3196 = CARTESIAN_POINT('',(60.,12.,298.));
#3197 = SURFACE_CURVE('',#3198,(#3202,#3209),.PCURVE_S1.);
#3198 = LINE('',#3199,#3200);
#3199 = CARTESIAN_POINT('',(60.,12.,277.));
#3200 = VECTOR('',#3201,1.);
#3201 = DIRECTION('',(0.,0.,1.));
#3202 = PCURVE('',#634,#3203);
#3203 = DEFINITIONAL_REPRESENTATION('',(#3204),#3208);
#3204 = LINE('',#3205,#3206);
#3205 = CARTESIAN_POINT('',(-0.,0.));
#3206 = VECTOR('',#3207,1.);
#3207 = DIRECTION('',(-0.,1.));
#3208 = ( GEOMETRIC_REPRESENTATION_CONTEXT(2) 
PARAMETRIC_REPRESENTATION_CONTEXT() REPRESENTATION_CONTEXT('2D SPACE',''
  ) );
#3209 = PCURVE('',#606,#3210);
#3210 = DEFINITIONAL_REPRESENTATION('',(#3211),#3215);
#3211 = LINE('',#3212,#3213);
#3212 = CARTESIAN_POINT('',(0.,-26.));
#3213 = VECTOR('',#3214,1.);
#3214 = DIRECTION('',(1.,0.));
#3215 = ( GEOMETRIC_REPRESENTATION_CONTEXT(2) 
PARAMETRIC_REPRESENTATION_CONTEXT() REPRESENTATION_CONTEXT('2D SPACE',''
  ) );
#3216 = ORIENTED_EDGE('',*,*,#617,.F.);
#3217 = ORIENTED_EDGE('',*,*,#3146,.T.);
#3218 = ORIENTED_EDGE('',*,*,#3219,.F.);
#3219 = EDGE_CURVE('',#3195,#3147,#3220,.T.);
#3220 = SURFACE_CURVE('',#3221,(#3226,#3233),.PCURVE_S1.);
#3221 = CIRCLE('',#3222,2.);
#3222 = AXIS2_PLACEMENT_3D('',#3223,#3224,#3225);
#3223 = CARTESIAN_POINT('',(62.,12.,298.));
#3224 = DIRECTION('',(-0.,-0.,-1.));
#3225 = DIRECTION('',(0.,-1.,0.));
#3226 = PCURVE('',#634,#3227);
#3227 = DEFINITIONAL_REPRESENTATION('',(#3228),#3232);
#3228 = LINE('',#3229,#3230);
#3229 = CARTESIAN_POINT('',(1.570796326795,21.));
#3230 = VECTOR('',#3231,1.);
#3231 = DIRECTION('',(-1.,0.));
#3232 = ( GEOMETRIC_REPRESENTATION_CONTEXT(2) 
PARAMETRIC_REPRESENTATION_CONTEXT() REPRESENTATION_CONTEXT('2D SPACE',''
  ) );
#3233 = PCURVE('',#2928,#3234);
#3234 = DEFINITIONAL_REPRESENTATION('',(#3235),#3243);
#3235 = ( BOUNDED_CURVE() B_SPLINE_CURVE(2,(#3236,#3237,#3238,#3239,
#3240,#3241,#3242),.UNSPECIFIED.,.T.,.F.) B_SPLINE_CURVE_WITH_KNOTS((1,2
    ,2,2,2,1),(-2.094395102393,0.,2.094395102393,4.188790204786,
6.28318530718,8.377580409573),.UNSPECIFIED.) CURVE() 
GEOMETRIC_REPRESENTATION_ITEM() RATIONAL_B_SPLINE_CURVE((1.,0.5,1.,0.5,
1.,0.5,1.)) REPRESENTATION_ITEM('') );
#3236 = CARTESIAN_POINT('',(2.,24.));
#3237 = CARTESIAN_POINT('',(-1.464101615138,24.));
#3238 = CARTESIAN_POINT('',(0.267949192431,27.));
#3239 = CARTESIAN_POINT('',(2.,30.));
#3240 = CARTESIAN_POINT('',(3.732050807569,27.));
#3241 = CARTESIAN_POINT('',(5.464101615138,24.));
#3242 = CARTESIAN_POINT('',(2.,24.));
#3243 = ( GEOMETRIC_REPRESENTATION_CONTEXT(2) 
PARAMETRIC_REPRESENTATION_CONTEXT() REPRESENTATION_CONTEXT('2D SPACE',''
  ) );
#3244 = ADVANCED_FACE('',(#3245),#606,.F.);
#3245 = FACE_BOUND('',#3246,.F.);
#3246 = EDGE_LOOP('',(#3247,#3268,#3269,#3270));
#3247 = ORIENTED_EDGE('',*,*,#3248,.F.);
#3248 = EDGE_CURVE('',#2867,#3195,#3249,.T.);
#3249 = SURFACE_CURVE('',#3250,(#3254,#3261),.PCURVE_S1.);
#3250 = LINE('',#3251,#3252);
#3251 = CARTESIAN_POINT('',(60.,-14.,298.));
#3252 = VECTOR('',#3253,1.);
#3253 = DIRECTION('',(0.,1.,0.));
#3254 = PCURVE('',#606,#3255);
#3255 = DEFINITIONAL_REPRESENTATION('',(#3256),#3260);
#3256 = LINE('',#3257,#3258);
#3257 = CARTESIAN_POINT('',(21.,0.));
#3258 = VECTOR('',#3259,1.);
#3259 = DIRECTION('',(0.,-1.));
#3260 = ( GEOMETRIC_REPRESENTATION_CONTEXT(2) 
PARAMETRIC_REPRESENTATION_CONTEXT() REPRESENTATION_CONTEXT('2D SPACE',''
  ) );
#3261 = PCURVE('',#2928,#3262);
#3262 = DEFINITIONAL_REPRESENTATION('',(#3263),#3267);
#3263 = LINE('',#3264,#3265);
#3264 = CARTESIAN_POINT('',(0.,0.));
#3265 = VECTOR('',#3266,1.);
#3266 = DIRECTION('',(0.,1.));
#3267 = ( GEOMETRIC_REPRESENTATION_CONTEXT(2) 
PARAMETRIC_REPRESENTATION_CONTEXT() REPRESENTATION_CONTEXT('2D SPACE',''
  ) );
#3268 = ORIENTED_EDGE('',*,*,#2866,.F.);
#3269 = ORIENTED_EDGE('',*,*,#591,.T.);
#3270 = ORIENTED_EDGE('',*,*,#3194,.T.);
#3271 = ADVANCED_FACE('',(#3272),#1030,.T.);
#3272 = FACE_BOUND('',#3273,.T.);
#3273 = EDGE_LOOP('',(#3274,#3297,#3326,#3347));
#3274 = ORIENTED_EDGE('',*,*,#3275,.F.);
#3275 = EDGE_CURVE('',#3276,#1012,#3278,.T.);
#3276 = VERTEX_POINT('',#3277);
#3277 = CARTESIAN_POINT('',(-100.,-15.,-112.));
#3278 = SURFACE_CURVE('',#3279,(#3283,#3290),.PCURVE_S1.);
#3279 = LINE('',#3280,#3281);
#3280 = CARTESIAN_POINT('',(-100.,-15.,-112.));
#3281 = VECTOR('',#3282,1.);
#3282 = DIRECTION('',(0.,0.,1.));
#3283 = PCURVE('',#1030,#3284);
#3284 = DEFINITIONAL_REPRESENTATION('',(#3285),#3289);
#3285 = LINE('',#3286,#3287);
#3286 = CARTESIAN_POINT('',(0.,0.));
#3287 = VECTOR('',#3288,1.);
#3288 = DIRECTION('',(0.,1.));
#3289 = ( GEOMETRIC_REPRESENTATION_CONTEXT(2) 
PARAMETRIC_REPRESENTATION_CONTEXT() REPRESENTATION_CONTEXT('2D SPACE',''
  ) );
#3290 = PCURVE('',#1057,#3291);
#3291 = DEFINITIONAL_REPRESENTATION('',(#3292),#3296);
#3292 = LINE('',#3293,#3294);
#3293 = CARTESIAN_POINT('',(0.,-6.));
#3294 = VECTOR('',#3295,1.);
#3295 = DIRECTION('',(1.,0.));
#3296 = ( GEOMETRIC_REPRESENTATION_CONTEXT(2) 
PARAMETRIC_REPRESENTATION_CONTEXT() REPRESENTATION_CONTEXT('2D SPACE',''
  ) );
#3297 = ORIENTED_EDGE('',*,*,#3298,.T.);
#3298 = EDGE_CURVE('',#3276,#3299,#3301,.T.);
#3299 = VERTEX_POINT('',#3300);
#3300 = CARTESIAN_POINT('',(-94.,-21.,-112.));
#3301 = SURFACE_CURVE('',#3302,(#3307,#3314),.PCURVE_S1.);
#3302 = CIRCLE('',#3303,6.);
#3303 = AXIS2_PLACEMENT_3D('',#3304,#3305,#3306);
#3304 = CARTESIAN_POINT('',(-94.,-15.,-112.));
#3305 = DIRECTION('',(0.,0.,1.));
#3306 = DIRECTION('',(0.,-1.,0.));
#3307 = PCURVE('',#1030,#3308);
#3308 = DEFINITIONAL_REPRESENTATION('',(#3309),#3313);
#3309 = LINE('',#3310,#3311);
#3310 = CARTESIAN_POINT('',(-4.712388980385,0.));
#3311 = VECTOR('',#3312,1.);
#3312 = DIRECTION('',(1.,0.));
#3313 = ( GEOMETRIC_REPRESENTATION_CONTEXT(2) 
PARAMETRIC_REPRESENTATION_CONTEXT() REPRESENTATION_CONTEXT('2D SPACE',''
  ) );
#3314 = PCURVE('',#3315,#3320);
#3315 = PLANE('',#3316);
#3316 = AXIS2_PLACEMENT_3D('',#3317,#3318,#3319);
#3317 = CARTESIAN_POINT('',(-100.,-21.,-112.));
#3318 = DIRECTION('',(0.,0.,1.));
#3319 = DIRECTION('',(1.,0.,0.));
#3320 = DEFINITIONAL_REPRESENTATION('',(#3321),#3325);
#3321 = CIRCLE('',#3322,6.);
#3322 = AXIS2_PLACEMENT_2D('',#3323,#3324);
#3323 = CARTESIAN_POINT('',(6.,6.));
#3324 = DIRECTION('',(0.,-1.));
#3325 = ( GEOMETRIC_REPRESENTATION_CONTEXT(2) 
PARAMETRIC_REPRESENTATION_CONTEXT() REPRESENTATION_CONTEXT('2D SPACE',''
  ) );
#3326 = ORIENTED_EDGE('',*,*,#3327,.T.);
#3327 = EDGE_CURVE('',#3299,#1014,#3328,.T.);
#3328 = SURFACE_CURVE('',#3329,(#3333,#3340),.PCURVE_S1.);
#3329 = LINE('',#3330,#3331);
#3330 = CARTESIAN_POINT('',(-94.,-21.,-112.));
#3331 = VECTOR('',#3332,1.);
#3332 = DIRECTION('',(0.,0.,1.));
#3333 = PCURVE('',#1030,#3334);
#3334 = DEFINITIONAL_REPRESENTATION('',(#3335),#3339);
#3335 = LINE('',#3336,#3337);
#3336 = CARTESIAN_POINT('',(1.570796326795,0.));
#3337 = VECTOR('',#3338,1.);
#3338 = DIRECTION('',(0.,1.));
#3339 = ( GEOMETRIC_REPRESENTATION_CONTEXT(2) 
PARAMETRIC_REPRESENTATION_CONTEXT() REPRESENTATION_CONTEXT('2D SPACE',''
  ) );
#3340 = PCURVE('',#1220,#3341);
#3341 = DEFINITIONAL_REPRESENTATION('',(#3342),#3346);
#3342 = LINE('',#3343,#3344);
#3343 = CARTESIAN_POINT('',(0.,6.));
#3344 = VECTOR('',#3345,1.);
#3345 = DIRECTION('',(1.,0.));
#3346 = ( GEOMETRIC_REPRESENTATION_CONTEXT(2) 
PARAMETRIC_REPRESENTATION_CONTEXT() REPRESENTATION_CONTEXT('2D SPACE',''
  ) );
#3347 = ORIENTED_EDGE('',*,*,#1011,.F.);
#3348 = ADVANCED_FACE('',(#3349),#1220,.F.);
#3349 = FACE_BOUND('',#3350,.F.);
#3350 = EDGE_LOOP('',(#3351,#3374,#3375,#3376));
#3351 = ORIENTED_EDGE('',*,*,#3352,.F.);
#3352 = EDGE_CURVE('',#3299,#3353,#3355,.T.);
#3353 = VERTEX_POINT('',#3354);
#3354 = CARTESIAN_POINT('',(14.,-21.,-112.));
#3355 = SURFACE_CURVE('',#3356,(#3360,#3367),.PCURVE_S1.);
#3356 = LINE('',#3357,#3358);
#3357 = CARTESIAN_POINT('',(-100.,-21.,-112.));
#3358 = VECTOR('',#3359,1.);
#3359 = DIRECTION('',(1.,0.,0.));
#3360 = PCURVE('',#1220,#3361);
#3361 = DEFINITIONAL_REPRESENTATION('',(#3362),#3366);
#3362 = LINE('',#3363,#3364);
#3363 = CARTESIAN_POINT('',(0.,0.));
#3364 = VECTOR('',#3365,1.);
#3365 = DIRECTION('',(0.,1.));
#3366 = ( GEOMETRIC_REPRESENTATION_CONTEXT(2) 
PARAMETRIC_REPRESENTATION_CONTEXT() REPRESENTATION_CONTEXT('2D SPACE',''
  ) );
#3367 = PCURVE('',#3315,#3368);
#3368 = DEFINITIONAL_REPRESENTATION('',(#3369),#3373);
#3369 = LINE('',#3370,#3371);
#3370 = CARTESIAN_POINT('',(0.,0.));
#3371 = VECTOR('',#3372,1.);
#3372 = DIRECTION('',(1.,0.));
#3373 = ( GEOMETRIC_REPRESENTATION_CONTEXT(2) 
PARAMETRIC_REPRESENTATION_CONTEXT() REPRESENTATION_CONTEXT('2D SPACE',''
  ) );
#3374 = ORIENTED_EDGE('',*,*,#3327,.T.);
#3375 = ORIENTED_EDGE('',*,*,#1207,.F.);
#3376 = ORIENTED_EDGE('',*,*,#3377,.F.);
#3377 = EDGE_CURVE('',#3353,#1179,#3378,.T.);
#3378 = SURFACE_CURVE('',#3379,(#3383,#3390),.PCURVE_S1.);
#3379 = LINE('',#3380,#3381);
#3380 = CARTESIAN_POINT('',(14.,-21.,-112.));
#3381 = VECTOR('',#3382,1.);
#3382 = DIRECTION('',(0.,0.,1.));
#3383 = PCURVE('',#1220,#3384);
#3384 = DEFINITIONAL_REPRESENTATION('',(#3385),#3389);
#3385 = LINE('',#3386,#3387);
#3386 = CARTESIAN_POINT('',(0.,114.));
#3387 = VECTOR('',#3388,1.);
#3388 = DIRECTION('',(1.,0.));
#3389 = ( GEOMETRIC_REPRESENTATION_CONTEXT(2) 
PARAMETRIC_REPRESENTATION_CONTEXT() REPRESENTATION_CONTEXT('2D SPACE',''
  ) );
#3390 = PCURVE('',#1195,#3391);
#3391 = DEFINITIONAL_REPRESENTATION('',(#3392),#3396);
#3392 = LINE('',#3393,#3394);
#3393 = CARTESIAN_POINT('',(-1.570796326795,0.));
#3394 = VECTOR('',#3395,1.);
#3395 = DIRECTION('',(-0.,1.));
#3396 = ( GEOMETRIC_REPRESENTATION_CONTEXT(2) 
PARAMETRIC_REPRESENTATION_CONTEXT() REPRESENTATION_CONTEXT('2D SPACE',''
  ) );
#3397 = ADVANCED_FACE('',(#3398),#1195,.T.);
#3398 = FACE_BOUND('',#3399,.F.);
#3399 = EDGE_LOOP('',(#3400,#3423,#3449,#3450));
#3400 = ORIENTED_EDGE('',*,*,#3401,.F.);
#3401 = EDGE_CURVE('',#3402,#1153,#3404,.T.);
#3402 = VERTEX_POINT('',#3403);
#3403 = CARTESIAN_POINT('',(20.,-15.,-112.));
#3404 = SURFACE_CURVE('',#3405,(#3409,#3416),.PCURVE_S1.);
#3405 = LINE('',#3406,#3407);
#3406 = CARTESIAN_POINT('',(20.,-15.,-112.));
#3407 = VECTOR('',#3408,1.);
#3408 = DIRECTION('',(0.,0.,1.));
#3409 = PCURVE('',#1195,#3410);
#3410 = DEFINITIONAL_REPRESENTATION('',(#3411),#3415);
#3411 = LINE('',#3412,#3413);
#3412 = CARTESIAN_POINT('',(-0.,0.));
#3413 = VECTOR('',#3414,1.);
#3414 = DIRECTION('',(-0.,1.));
#3415 = ( GEOMETRIC_REPRESENTATION_CONTEXT(2) 
PARAMETRIC_REPRESENTATION_CONTEXT() REPRESENTATION_CONTEXT('2D SPACE',''
  ) );
#3416 = PCURVE('',#1167,#3417);
#3417 = DEFINITIONAL_REPRESENTATION('',(#3418),#3422);
#3418 = LINE('',#3419,#3420);
#3419 = CARTESIAN_POINT('',(0.,-6.));
#3420 = VECTOR('',#3421,1.);
#3421 = DIRECTION('',(1.,0.));
#3422 = ( GEOMETRIC_REPRESENTATION_CONTEXT(2) 
PARAMETRIC_REPRESENTATION_CONTEXT() REPRESENTATION_CONTEXT('2D SPACE',''
  ) );
#3423 = ORIENTED_EDGE('',*,*,#3424,.T.);
#3424 = EDGE_CURVE('',#3402,#3353,#3425,.T.);
#3425 = SURFACE_CURVE('',#3426,(#3431,#3438),.PCURVE_S1.);
#3426 = CIRCLE('',#3427,6.);
#3427 = AXIS2_PLACEMENT_3D('',#3428,#3429,#3430);
#3428 = CARTESIAN_POINT('',(14.,-15.,-112.));
#3429 = DIRECTION('',(-0.,-0.,-1.));
#3430 = DIRECTION('',(0.,-1.,0.));
#3431 = PCURVE('',#1195,#3432);
#3432 = DEFINITIONAL_REPRESENTATION('',(#3433),#3437);
#3433 = LINE('',#3434,#3435);
#3434 = CARTESIAN_POINT('',(4.712388980385,-0.));
#3435 = VECTOR('',#3436,1.);
#3436 = DIRECTION('',(-1.,0.));
#3437 = ( GEOMETRIC_REPRESENTATION_CONTEXT(2) 
PARAMETRIC_REPRESENTATION_CONTEXT() REPRESENTATION_CONTEXT('2D SPACE',''
  ) );
#3438 = PCURVE('',#3315,#3439);
#3439 = DEFINITIONAL_REPRESENTATION('',(#3440),#3448);
#3440 = ( BOUNDED_CURVE() B_SPLINE_CURVE(2,(#3441,#3442,#3443,#3444,
#3445,#3446,#3447),.UNSPECIFIED.,.T.,.F.) B_SPLINE_CURVE_WITH_KNOTS((1,2
    ,2,2,2,1),(-2.094395102393,0.,2.094395102393,4.188790204786,
6.28318530718,8.377580409573),.UNSPECIFIED.) CURVE() 
GEOMETRIC_REPRESENTATION_ITEM() RATIONAL_B_SPLINE_CURVE((1.,0.5,1.,0.5,
1.,0.5,1.)) REPRESENTATION_ITEM('') );
#3441 = CARTESIAN_POINT('',(114.,0.));
#3442 = CARTESIAN_POINT('',(103.60769515458,0.));
#3443 = CARTESIAN_POINT('',(108.80384757729,9.));
#3444 = CARTESIAN_POINT('',(114.,18.));
#3445 = CARTESIAN_POINT('',(119.1961524227,9.));
#3446 = CARTESIAN_POINT('',(124.39230484541,8.881784197001E-15));
#3447 = CARTESIAN_POINT('',(114.,0.));
#3448 = ( GEOMETRIC_REPRESENTATION_CONTEXT(2) 
PARAMETRIC_REPRESENTATION_CONTEXT() REPRESENTATION_CONTEXT('2D SPACE',''
  ) );
#3449 = ORIENTED_EDGE('',*,*,#3377,.T.);
#3450 = ORIENTED_EDGE('',*,*,#1178,.T.);
#3451 = ADVANCED_FACE('',(#3452),#1167,.T.);
#3452 = FACE_BOUND('',#3453,.T.);
#3453 = EDGE_LOOP('',(#3454,#3455,#3456,#3479));
#3454 = ORIENTED_EDGE('',*,*,#1152,.F.);
#3455 = ORIENTED_EDGE('',*,*,#3401,.F.);
#3456 = ORIENTED_EDGE('',*,*,#3457,.T.);
#3457 = EDGE_CURVE('',#3402,#3458,#3460,.T.);
#3458 = VERTEX_POINT('',#3459);
#3459 = CARTESIAN_POINT('',(20.,15.,-112.));
#3460 = SURFACE_CURVE('',#3461,(#3465,#3472),.PCURVE_S1.);
#3461 = LINE('',#3462,#3463);
#3462 = CARTESIAN_POINT('',(20.,-21.,-112.));
#3463 = VECTOR('',#3464,1.);
#3464 = DIRECTION('',(0.,1.,0.));
#3465 = PCURVE('',#1167,#3466);
#3466 = DEFINITIONAL_REPRESENTATION('',(#3467),#3471);
#3467 = LINE('',#3468,#3469);
#3468 = CARTESIAN_POINT('',(0.,0.));
#3469 = VECTOR('',#3470,1.);
#3470 = DIRECTION('',(0.,-1.));
#3471 = ( GEOMETRIC_REPRESENTATION_CONTEXT(2) 
PARAMETRIC_REPRESENTATION_CONTEXT() REPRESENTATION_CONTEXT('2D SPACE',''
  ) );
#3472 = PCURVE('',#3315,#3473);
#3473 = DEFINITIONAL_REPRESENTATION('',(#3474),#3478);
#3474 = LINE('',#3475,#3476);
#3475 = CARTESIAN_POINT('',(120.,0.));
#3476 = VECTOR('',#3477,1.);
#3477 = DIRECTION('',(0.,1.));
#3478 = ( GEOMETRIC_REPRESENTATION_CONTEXT(2) 
PARAMETRIC_REPRESENTATION_CONTEXT() REPRESENTATION_CONTEXT('2D SPACE',''
  ) );
#3479 = ORIENTED_EDGE('',*,*,#3480,.T.);
#3480 = EDGE_CURVE('',#3458,#1124,#3481,.T.);
#3481 = SURFACE_CURVE('',#3482,(#3486,#3493),.PCURVE_S1.);
#3482 = LINE('',#3483,#3484);
#3483 = CARTESIAN_POINT('',(20.,15.,-112.));
#3484 = VECTOR('',#3485,1.);
#3485 = DIRECTION('',(0.,0.,1.));
#3486 = PCURVE('',#1167,#3487);
#3487 = DEFINITIONAL_REPRESENTATION('',(#3488),#3492);
#3488 = LINE('',#3489,#3490);
#3489 = CARTESIAN_POINT('',(0.,-36.));
#3490 = VECTOR('',#3491,1.);
#3491 = DIRECTION('',(1.,0.));
#3492 = ( GEOMETRIC_REPRESENTATION_CONTEXT(2) 
PARAMETRIC_REPRESENTATION_CONTEXT() REPRESENTATION_CONTEXT('2D SPACE',''
  ) );
#3493 = PCURVE('',#1140,#3494);
#3494 = DEFINITIONAL_REPRESENTATION('',(#3495),#3499);
#3495 = LINE('',#3496,#3497);
#3496 = CARTESIAN_POINT('',(0.,0.));
#3497 = VECTOR('',#3498,1.);
#3498 = DIRECTION('',(0.,1.));
#3499 = ( GEOMETRIC_REPRESENTATION_CONTEXT(2) 
PARAMETRIC_REPRESENTATION_CONTEXT() REPRESENTATION_CONTEXT('2D SPACE',''
  ) );
#3500 = ADVANCED_FACE('',(#3501),#1140,.T.);
#3501 = FACE_BOUND('',#3502,.T.);
#3502 = EDGE_LOOP('',(#3503,#3504,#3528,#3549));
#3503 = ORIENTED_EDGE('',*,*,#3480,.F.);
#3504 = ORIENTED_EDGE('',*,*,#3505,.T.);
#3505 = EDGE_CURVE('',#3458,#3506,#3508,.T.);
#3506 = VERTEX_POINT('',#3507);
#3507 = CARTESIAN_POINT('',(14.,21.,-112.));
#3508 = SURFACE_CURVE('',#3509,(#3514,#3521),.PCURVE_S1.);
#3509 = CIRCLE('',#3510,6.);
#3510 = AXIS2_PLACEMENT_3D('',#3511,#3512,#3513);
#3511 = CARTESIAN_POINT('',(14.,15.,-112.));
#3512 = DIRECTION('',(0.,0.,1.));
#3513 = DIRECTION('',(0.,-1.,0.));
#3514 = PCURVE('',#1140,#3515);
#3515 = DEFINITIONAL_REPRESENTATION('',(#3516),#3520);
#3516 = LINE('',#3517,#3518);
#3517 = CARTESIAN_POINT('',(-1.570796326795,0.));
#3518 = VECTOR('',#3519,1.);
#3519 = DIRECTION('',(1.,0.));
#3520 = ( GEOMETRIC_REPRESENTATION_CONTEXT(2) 
PARAMETRIC_REPRESENTATION_CONTEXT() REPRESENTATION_CONTEXT('2D SPACE',''
  ) );
#3521 = PCURVE('',#3315,#3522);
#3522 = DEFINITIONAL_REPRESENTATION('',(#3523),#3527);
#3523 = CIRCLE('',#3524,6.);
#3524 = AXIS2_PLACEMENT_2D('',#3525,#3526);
#3525 = CARTESIAN_POINT('',(114.,36.));
#3526 = DIRECTION('',(0.,-1.));
#3527 = ( GEOMETRIC_REPRESENTATION_CONTEXT(2) 
PARAMETRIC_REPRESENTATION_CONTEXT() REPRESENTATION_CONTEXT('2D SPACE',''
  ) );
#3528 = ORIENTED_EDGE('',*,*,#3529,.T.);
#3529 = EDGE_CURVE('',#3506,#1098,#3530,.T.);
#3530 = SURFACE_CURVE('',#3531,(#3535,#3542),.PCURVE_S1.);
#3531 = LINE('',#3532,#3533);
#3532 = CARTESIAN_POINT('',(14.,21.,-112.));
#3533 = VECTOR('',#3534,1.);
#3534 = DIRECTION('',(0.,0.,1.));
#3535 = PCURVE('',#1140,#3536);
#3536 = DEFINITIONAL_REPRESENTATION('',(#3537),#3541);
#3537 = LINE('',#3538,#3539);
#3538 = CARTESIAN_POINT('',(1.570796326795,0.));
#3539 = VECTOR('',#3540,1.);
#3540 = DIRECTION('',(0.,1.));
#3541 = ( GEOMETRIC_REPRESENTATION_CONTEXT(2) 
PARAMETRIC_REPRESENTATION_CONTEXT() REPRESENTATION_CONTEXT('2D SPACE',''
  ) );
#3542 = PCURVE('',#1112,#3543);
#3543 = DEFINITIONAL_REPRESENTATION('',(#3544),#3548);
#3544 = LINE('',#3545,#3546);
#3545 = CARTESIAN_POINT('',(0.,114.));
#3546 = VECTOR('',#3547,1.);
#3547 = DIRECTION('',(1.,0.));
#3548 = ( GEOMETRIC_REPRESENTATION_CONTEXT(2) 
PARAMETRIC_REPRESENTATION_CONTEXT() REPRESENTATION_CONTEXT('2D SPACE',''
  ) );
#3549 = ORIENTED_EDGE('',*,*,#1123,.F.);
#3550 = ADVANCED_FACE('',(#3551),#1112,.T.);
#3551 = FACE_BOUND('',#3552,.T.);
#3552 = EDGE_LOOP('',(#3553,#3576,#3597,#3598));
#3553 = ORIENTED_EDGE('',*,*,#3554,.F.);
#3554 = EDGE_CURVE('',#3555,#3506,#3557,.T.);
#3555 = VERTEX_POINT('',#3556);
#3556 = CARTESIAN_POINT('',(-94.,21.,-112.));
#3557 = SURFACE_CURVE('',#3558,(#3562,#3569),.PCURVE_S1.);
#3558 = LINE('',#3559,#3560);
#3559 = CARTESIAN_POINT('',(-100.,21.,-112.));
#3560 = VECTOR('',#3561,1.);
#3561 = DIRECTION('',(1.,0.,0.));
#3562 = PCURVE('',#1112,#3563);
#3563 = DEFINITIONAL_REPRESENTATION('',(#3564),#3568);
#3564 = LINE('',#3565,#3566);
#3565 = CARTESIAN_POINT('',(0.,0.));
#3566 = VECTOR('',#3567,1.);
#3567 = DIRECTION('',(0.,1.));
#3568 = ( GEOMETRIC_REPRESENTATION_CONTEXT(2) 
PARAMETRIC_REPRESENTATION_CONTEXT() REPRESENTATION_CONTEXT('2D SPACE',''
  ) );
#3569 = PCURVE('',#3315,#3570);
#3570 = DEFINITIONAL_REPRESENTATION('',(#3571),#3575);
#3571 = LINE('',#3572,#3573);
#3572 = CARTESIAN_POINT('',(0.,42.));
#3573 = VECTOR('',#3574,1.);
#3574 = DIRECTION('',(1.,0.));
#3575 = ( GEOMETRIC_REPRESENTATION_CONTEXT(2) 
PARAMETRIC_REPRESENTATION_CONTEXT() REPRESENTATION_CONTEXT('2D SPACE',''
  ) );
#3576 = ORIENTED_EDGE('',*,*,#3577,.T.);
#3577 = EDGE_CURVE('',#3555,#1069,#3578,.T.);
#3578 = SURFACE_CURVE('',#3579,(#3583,#3590),.PCURVE_S1.);
#3579 = LINE('',#3580,#3581);
#3580 = CARTESIAN_POINT('',(-94.,21.,-112.));
#3581 = VECTOR('',#3582,1.);
#3582 = DIRECTION('',(0.,0.,1.));
#3583 = PCURVE('',#1112,#3584);
#3584 = DEFINITIONAL_REPRESENTATION('',(#3585),#3589);
#3585 = LINE('',#3586,#3587);
#3586 = CARTESIAN_POINT('',(0.,6.));
#3587 = VECTOR('',#3588,1.);
#3588 = DIRECTION('',(1.,0.));
#3589 = ( GEOMETRIC_REPRESENTATION_CONTEXT(2) 
PARAMETRIC_REPRESENTATION_CONTEXT() REPRESENTATION_CONTEXT('2D SPACE',''
  ) );
#3590 = PCURVE('',#1085,#3591);
#3591 = DEFINITIONAL_REPRESENTATION('',(#3592),#3596);
#3592 = LINE('',#3593,#3594);
#3593 = CARTESIAN_POINT('',(-1.570796326795,0.));
#3594 = VECTOR('',#3595,1.);
#3595 = DIRECTION('',(-0.,1.));
#3596 = ( GEOMETRIC_REPRESENTATION_CONTEXT(2) 
PARAMETRIC_REPRESENTATION_CONTEXT() REPRESENTATION_CONTEXT('2D SPACE',''
  ) );
#3597 = ORIENTED_EDGE('',*,*,#1097,.F.);
#3598 = ORIENTED_EDGE('',*,*,#3529,.F.);
#3599 = ADVANCED_FACE('',(#3600),#1085,.T.);
#3600 = FACE_BOUND('',#3601,.F.);
#3601 = EDGE_LOOP('',(#3602,#3625,#3651,#3652));
#3602 = ORIENTED_EDGE('',*,*,#3603,.F.);
#3603 = EDGE_CURVE('',#3604,#1043,#3606,.T.);
#3604 = VERTEX_POINT('',#3605);
#3605 = CARTESIAN_POINT('',(-100.,15.,-112.));
#3606 = SURFACE_CURVE('',#3607,(#3611,#3618),.PCURVE_S1.);
#3607 = LINE('',#3608,#3609);
#3608 = CARTESIAN_POINT('',(-100.,15.,-112.));
#3609 = VECTOR('',#3610,1.);
#3610 = DIRECTION('',(0.,0.,1.));
#3611 = PCURVE('',#1085,#3612);
#3612 = DEFINITIONAL_REPRESENTATION('',(#3613),#3617);
#3613 = LINE('',#3614,#3615);
#3614 = CARTESIAN_POINT('',(-0.,0.));
#3615 = VECTOR('',#3616,1.);
#3616 = DIRECTION('',(-0.,1.));
#3617 = ( GEOMETRIC_REPRESENTATION_CONTEXT(2) 
PARAMETRIC_REPRESENTATION_CONTEXT() REPRESENTATION_CONTEXT('2D SPACE',''
  ) );
#3618 = PCURVE('',#1057,#3619);
#3619 = DEFINITIONAL_REPRESENTATION('',(#3620),#3624);
#3620 = LINE('',#3621,#3622);
#3621 = CARTESIAN_POINT('',(0.,-36.));
#3622 = VECTOR('',#3623,1.);
#3623 = DIRECTION('',(1.,0.));
#3624 = ( GEOMETRIC_REPRESENTATION_CONTEXT(2) 
PARAMETRIC_REPRESENTATION_CONTEXT() REPRESENTATION_CONTEXT('2D SPACE',''
  ) );
#3625 = ORIENTED_EDGE('',*,*,#3626,.T.);
#3626 = EDGE_CURVE('',#3604,#3555,#3627,.T.);
#3627 = SURFACE_CURVE('',#3628,(#3633,#3640),.PCURVE_S1.);
#3628 = CIRCLE('',#3629,6.);
#3629 = AXIS2_PLACEMENT_3D('',#3630,#3631,#3632);
#3630 = CARTESIAN_POINT('',(-94.,15.,-112.));
#3631 = DIRECTION('',(-0.,-0.,-1.));
#3632 = DIRECTION('',(0.,-1.,0.));
#3633 = PCURVE('',#1085,#3634);
#3634 = DEFINITIONAL_REPRESENTATION('',(#3635),#3639);
#3635 = LINE('',#3636,#3637);
#3636 = CARTESIAN_POINT('',(1.570796326795,-0.));
#3637 = VECTOR('',#3638,1.);
#3638 = DIRECTION('',(-1.,0.));
#3639 = ( GEOMETRIC_REPRESENTATION_CONTEXT(2) 
PARAMETRIC_REPRESENTATION_CONTEXT() REPRESENTATION_CONTEXT('2D SPACE',''
  ) );
#3640 = PCURVE('',#3315,#3641);
#3641 = DEFINITIONAL_REPRESENTATION('',(#3642),#3650);
#3642 = ( BOUNDED_CURVE() B_SPLINE_CURVE(2,(#3643,#3644,#3645,#3646,
#3647,#3648,#3649),.UNSPECIFIED.,.T.,.F.) B_SPLINE_CURVE_WITH_KNOTS((1,2
    ,2,2,2,1),(-2.094395102393,0.,2.094395102393,4.188790204786,
6.28318530718,8.377580409573),.UNSPECIFIED.) CURVE() 
GEOMETRIC_REPRESENTATION_ITEM() RATIONAL_B_SPLINE_CURVE((1.,0.5,1.,0.5,
1.,0.5,1.)) REPRESENTATION_ITEM('') );
#3643 = CARTESIAN_POINT('',(6.,30.));
#3644 = CARTESIAN_POINT('',(-4.392304845413,30.));
#3645 = CARTESIAN_POINT('',(0.803847577293,39.));
#3646 = CARTESIAN_POINT('',(6.,48.));
#3647 = CARTESIAN_POINT('',(11.196152422707,39.));
#3648 = CARTESIAN_POINT('',(16.392304845413,30.));
#3649 = CARTESIAN_POINT('',(6.,30.));
#3650 = ( GEOMETRIC_REPRESENTATION_CONTEXT(2) 
PARAMETRIC_REPRESENTATION_CONTEXT() REPRESENTATION_CONTEXT('2D SPACE',''
  ) );
#3651 = ORIENTED_EDGE('',*,*,#3577,.T.);
#3652 = ORIENTED_EDGE('',*,*,#1068,.T.);
#3653 = ADVANCED_FACE('',(#3654),#1057,.F.);
#3654 = FACE_BOUND('',#3655,.F.);
#3655 = EDGE_LOOP('',(#3656,#3657,#3658,#3679));
#3656 = ORIENTED_EDGE('',*,*,#1042,.F.);
#3657 = ORIENTED_EDGE('',*,*,#3275,.F.);
#3658 = ORIENTED_EDGE('',*,*,#3659,.T.);
#3659 = EDGE_CURVE('',#3276,#3604,#3660,.T.);
#3660 = SURFACE_CURVE('',#3661,(#3665,#3672),.PCURVE_S1.);
#3661 = LINE('',#3662,#3663);
#3662 = CARTESIAN_POINT('',(-100.,-21.,-112.));
#3663 = VECTOR('',#3664,1.);
#3664 = DIRECTION('',(0.,1.,0.));
#3665 = PCURVE('',#1057,#3666);
#3666 = DEFINITIONAL_REPRESENTATION('',(#3667),#3671);
#3667 = LINE('',#3668,#3669);
#3668 = CARTESIAN_POINT('',(0.,0.));
#3669 = VECTOR('',#3670,1.);
#3670 = DIRECTION('',(0.,-1.));
#3671 = ( GEOMETRIC_REPRESENTATION_CONTEXT(2) 
PARAMETRIC_REPRESENTATION_CONTEXT() REPRESENTATION_CONTEXT('2D SPACE',''
  ) );
#3672 = PCURVE('',#3315,#3673);
#3673 = DEFINITIONAL_REPRESENTATION('',(#3674),#3678);
#3674 = LINE('',#3675,#3676);
#3675 = CARTESIAN_POINT('',(0.,0.));
#3676 = VECTOR('',#3677,1.);
#3677 = DIRECTION('',(0.,1.));
#3678 = ( GEOMETRIC_REPRESENTATION_CONTEXT(2) 
PARAMETRIC_REPRESENTATION_CONTEXT() REPRESENTATION_CONTEXT('2D SPACE',''
  ) );
#3679 = ORIENTED_EDGE('',*,*,#3603,.T.);
#3680 = ADVANCED_FACE('',(#3681),#1278,.F.);
#3681 = FACE_BOUND('',#3682,.F.);
#3682 = EDGE_LOOP('',(#3683,#3684,#3707,#3733,#3759,#3785,#3806,#3807));
#3683 = ORIENTED_EDGE('',*,*,#1379,.F.);
#3684 = ORIENTED_EDGE('',*,*,#3685,.T.);
#3685 = EDGE_CURVE('',#1351,#3686,#3688,.T.);
#3686 = VERTEX_POINT('',#3687);
#3687 = CARTESIAN_POINT('',(-382.,-75.,32.75));
#3688 = SURFACE_CURVE('',#3689,(#3693,#3700),.PCURVE_S1.);
#3689 = LINE('',#3690,#3691);
#3690 = CARTESIAN_POINT('',(-382.,-75.,20.));
#3691 = VECTOR('',#3692,1.);
#3692 = DIRECTION('',(0.,0.,1.));
#3693 = PCURVE('',#1278,#3694);
#3694 = DEFINITIONAL_REPRESENTATION('',(#3695),#3699);
#3695 = LINE('',#3696,#3697);
#3696 = CARTESIAN_POINT('',(0.,8.));
#3697 = VECTOR('',#3698,1.);
#3698 = DIRECTION('',(1.,0.));
#3699 = ( GEOMETRIC_REPRESENTATION_CONTEXT(2) 
PARAMETRIC_REPRESENTATION_CONTEXT() REPRESENTATION_CONTEXT('2D SPACE',''
  ) );
#3700 = PCURVE('',#1367,#3701);
#3701 = DEFINITIONAL_REPRESENTATION('',(#3702),#3706);
#3702 = LINE('',#3703,#3704);
#3703 = CARTESIAN_POINT('',(1.570796326795,0.));
#3704 = VECTOR('',#3705,1.);
#3705 = DIRECTION('',(0.,1.));
#3706 = ( GEOMETRIC_REPRESENTATION_CONTEXT(2) 
PARAMETRIC_REPRESENTATION_CONTEXT() REPRESENTATION_CONTEXT('2D SPACE',''
  ) );
#3707 = ORIENTED_EDGE('',*,*,#3708,.T.);
#3708 = EDGE_CURVE('',#3686,#3709,#3711,.T.);
#3709 = VERTEX_POINT('',#3710);
#3710 = CARTESIAN_POINT('',(-370.,-75.,32.75));
#3711 = SURFACE_CURVE('',#3712,(#3716,#3722),.PCURVE_S1.);
#3712 = LINE('',#3713,#3714);
#3713 = CARTESIAN_POINT('',(-392.,-75.,32.75));
#3714 = VECTOR('',#3715,1.);
#3715 = DIRECTION('',(1.,0.,0.));
#3716 = PCURVE('',#1278,#3717);
#3717 = DEFINITIONAL_REPRESENTATION('',(#3718),#3721);
#3718 = B_SPLINE_CURVE_WITH_KNOTS('',1,(#3719,#3720),.UNSPECIFIED.,.F.,
  .F.,(2,2),(10.,22.),.PIECEWISE_BEZIER_KNOTS.);
#3719 = CARTESIAN_POINT('',(12.75,8.));
#3720 = CARTESIAN_POINT('',(12.75,20.));
#3721 = ( GEOMETRIC_REPRESENTATION_CONTEXT(2) 
PARAMETRIC_REPRESENTATION_CONTEXT() REPRESENTATION_CONTEXT('2D SPACE',''
  ) );
#3722 = PCURVE('',#3723,#3728);
#3723 = PLANE('',#3724);
#3724 = AXIS2_PLACEMENT_3D('',#3725,#3726,#3727);
#3725 = CARTESIAN_POINT('',(-394.,-83.,32.75));
#3726 = DIRECTION('',(0.,0.,1.));
#3727 = DIRECTION('',(1.,0.,0.));
#3728 = DEFINITIONAL_REPRESENTATION('',(#3729),#3732);
#3729 = B_SPLINE_CURVE_WITH_KNOTS('',1,(#3730,#3731),.UNSPECIFIED.,.F.,
  .F.,(2,2),(10.,22.),.PIECEWISE_BEZIER_KNOTS.);
#3730 = CARTESIAN_POINT('',(12.,8.));
#3731 = CARTESIAN_POINT('',(24.,8.));
#3732 = ( GEOMETRIC_REPRESENTATION_CONTEXT(2) 
PARAMETRIC_REPRESENTATION_CONTEXT() REPRESENTATION_CONTEXT('2D SPACE',''
  ) );
#3733 = ORIENTED_EDGE('',*,*,#3734,.F.);
#3734 = EDGE_CURVE('',#3735,#3709,#3737,.T.);
#3735 = VERTEX_POINT('',#3736);
#3736 = CARTESIAN_POINT('',(-370.,-75.,177.25));
#3737 = SURFACE_CURVE('',#3738,(#3742,#3748),.PCURVE_S1.);
#3738 = LINE('',#3739,#3740);
#3739 = CARTESIAN_POINT('',(-370.,-75.,26.375));
#3740 = VECTOR('',#3741,1.);
#3741 = DIRECTION('',(0.,0.,-1.));
#3742 = PCURVE('',#1278,#3743);
#3743 = DEFINITIONAL_REPRESENTATION('',(#3744),#3747);
#3744 = B_SPLINE_CURVE_WITH_KNOTS('',1,(#3745,#3746),.UNSPECIFIED.,.F.,
  .F.,(2,2),(-150.875,-6.375),.PIECEWISE_BEZIER_KNOTS.);
#3745 = CARTESIAN_POINT('',(157.25,20.));
#3746 = CARTESIAN_POINT('',(12.75,20.));
#3747 = ( GEOMETRIC_REPRESENTATION_CONTEXT(2) 
PARAMETRIC_REPRESENTATION_CONTEXT() REPRESENTATION_CONTEXT('2D SPACE',''
  ) );
#3748 = PCURVE('',#3749,#3754);
#3749 = PLANE('',#3750);
#3750 = AXIS2_PLACEMENT_3D('',#3751,#3752,#3753);
#3751 = CARTESIAN_POINT('',(-370.,-83.,32.75));
#3752 = DIRECTION('',(1.,0.,0.));
#3753 = DIRECTION('',(0.,0.,1.));
#3754 = DEFINITIONAL_REPRESENTATION('',(#3755),#3758);
#3755 = B_SPLINE_CURVE_WITH_KNOTS('',1,(#3756,#3757),.UNSPECIFIED.,.F.,
  .F.,(2,2),(-150.875,-6.375),.PIECEWISE_BEZIER_KNOTS.);
#3756 = CARTESIAN_POINT('',(144.5,-8.));
#3757 = CARTESIAN_POINT('',(0.,-8.));
#3758 = ( GEOMETRIC_REPRESENTATION_CONTEXT(2) 
PARAMETRIC_REPRESENTATION_CONTEXT() REPRESENTATION_CONTEXT('2D SPACE',''
  ) );
#3759 = ORIENTED_EDGE('',*,*,#3760,.F.);
#3760 = EDGE_CURVE('',#3761,#3735,#3763,.T.);
#3761 = VERTEX_POINT('',#3762);
#3762 = CARTESIAN_POINT('',(-382.,-75.,177.25));
#3763 = SURFACE_CURVE('',#3764,(#3768,#3774),.PCURVE_S1.);
#3764 = LINE('',#3765,#3766);
#3765 = CARTESIAN_POINT('',(-392.,-75.,177.25));
#3766 = VECTOR('',#3767,1.);
#3767 = DIRECTION('',(1.,0.,0.));
#3768 = PCURVE('',#1278,#3769);
#3769 = DEFINITIONAL_REPRESENTATION('',(#3770),#3773);
#3770 = B_SPLINE_CURVE_WITH_KNOTS('',1,(#3771,#3772),.UNSPECIFIED.,.F.,
  .F.,(2,2),(10.,22.),.PIECEWISE_BEZIER_KNOTS.);
#3771 = CARTESIAN_POINT('',(157.25,8.));
#3772 = CARTESIAN_POINT('',(157.25,20.));
#3773 = ( GEOMETRIC_REPRESENTATION_CONTEXT(2) 
PARAMETRIC_REPRESENTATION_CONTEXT() REPRESENTATION_CONTEXT('2D SPACE',''
  ) );
#3774 = PCURVE('',#3775,#3780);
#3775 = PLANE('',#3776);
#3776 = AXIS2_PLACEMENT_3D('',#3777,#3778,#3779);
#3777 = CARTESIAN_POINT('',(-394.,-83.,177.25));
#3778 = DIRECTION('',(0.,0.,1.));
#3779 = DIRECTION('',(1.,0.,0.));
#3780 = DEFINITIONAL_REPRESENTATION('',(#3781),#3784);
#3781 = B_SPLINE_CURVE_WITH_KNOTS('',1,(#3782,#3783),.UNSPECIFIED.,.F.,
  .F.,(2,2),(10.,22.),.PIECEWISE_BEZIER_KNOTS.);
#3782 = CARTESIAN_POINT('',(12.,8.));
#3783 = CARTESIAN_POINT('',(24.,8.));
#3784 = ( GEOMETRIC_REPRESENTATION_CONTEXT(2) 
PARAMETRIC_REPRESENTATION_CONTEXT() REPRESENTATION_CONTEXT('2D SPACE',''
  ) );
#3785 = ORIENTED_EDGE('',*,*,#3786,.T.);
#3786 = EDGE_CURVE('',#3761,#1569,#3787,.T.);
#3787 = SURFACE_CURVE('',#3788,(#3792,#3799),.PCURVE_S1.);
#3788 = LINE('',#3789,#3790);
#3789 = CARTESIAN_POINT('',(-382.,-75.,20.));
#3790 = VECTOR('',#3791,1.);
#3791 = DIRECTION('',(0.,0.,1.));
#3792 = PCURVE('',#1278,#3793);
#3793 = DEFINITIONAL_REPRESENTATION('',(#3794),#3798);
#3794 = LINE('',#3795,#3796);
#3795 = CARTESIAN_POINT('',(0.,8.));
#3796 = VECTOR('',#3797,1.);
#3797 = DIRECTION('',(1.,0.));
#3798 = ( GEOMETRIC_REPRESENTATION_CONTEXT(2) 
PARAMETRIC_REPRESENTATION_CONTEXT() REPRESENTATION_CONTEXT('2D SPACE',''
  ) );
#3799 = PCURVE('',#1585,#3800);
#3800 = DEFINITIONAL_REPRESENTATION('',(#3801),#3805);
#3801 = LINE('',#3802,#3803);
#3802 = CARTESIAN_POINT('',(1.570796326795,0.));
#3803 = VECTOR('',#3804,1.);
#3804 = DIRECTION('',(0.,1.));
#3805 = ( GEOMETRIC_REPRESENTATION_CONTEXT(2) 
PARAMETRIC_REPRESENTATION_CONTEXT() REPRESENTATION_CONTEXT('2D SPACE',''
  ) );
#3806 = ORIENTED_EDGE('',*,*,#1597,.T.);
#3807 = ORIENTED_EDGE('',*,*,#1262,.F.);
#3808 = ADVANCED_FACE('',(#3809),#1338,.F.);
#3809 = FACE_BOUND('',#3810,.F.);
#3810 = EDGE_LOOP('',(#3811,#3834,#3855,#3856,#3879,#3900,#3926,#3952));
#3811 = ORIENTED_EDGE('',*,*,#3812,.T.);
#3812 = EDGE_CURVE('',#3813,#3815,#3817,.T.);
#3813 = VERTEX_POINT('',#3814);
#3814 = CARTESIAN_POINT('',(-390.,-52.25,32.75));
#3815 = VERTEX_POINT('',#3816);
#3816 = CARTESIAN_POINT('',(-390.,-67.,32.75));
#3817 = SURFACE_CURVE('',#3818,(#3822,#3828),.PCURVE_S1.);
#3818 = LINE('',#3819,#3820);
#3819 = CARTESIAN_POINT('',(-390.,-79.,32.75));
#3820 = VECTOR('',#3821,1.);
#3821 = DIRECTION('',(0.,-1.,0.));
#3822 = PCURVE('',#1338,#3823);
#3823 = DEFINITIONAL_REPRESENTATION('',(#3824),#3827);
#3824 = B_SPLINE_CURVE_WITH_KNOTS('',1,(#3825,#3826),.UNSPECIFIED.,.F.,
  .F.,(2,2),(-146.,-12.),.PIECEWISE_BEZIER_KNOTS.);
#3825 = CARTESIAN_POINT('',(12.75,-142.));
#3826 = CARTESIAN_POINT('',(12.75,-8.));
#3827 = ( GEOMETRIC_REPRESENTATION_CONTEXT(2) 
PARAMETRIC_REPRESENTATION_CONTEXT() REPRESENTATION_CONTEXT('2D SPACE',''
  ) );
#3828 = PCURVE('',#3723,#3829);
#3829 = DEFINITIONAL_REPRESENTATION('',(#3830),#3833);
#3830 = B_SPLINE_CURVE_WITH_KNOTS('',1,(#3831,#3832),.UNSPECIFIED.,.F.,
  .F.,(2,2),(-146.,-12.),.PIECEWISE_BEZIER_KNOTS.);
#3831 = CARTESIAN_POINT('',(4.,150.));
#3832 = CARTESIAN_POINT('',(4.,16.));
#3833 = ( GEOMETRIC_REPRESENTATION_CONTEXT(2) 
PARAMETRIC_REPRESENTATION_CONTEXT() REPRESENTATION_CONTEXT('2D SPACE',''
  ) );
#3834 = ORIENTED_EDGE('',*,*,#3835,.F.);
#3835 = EDGE_CURVE('',#1321,#3815,#3836,.T.);
#3836 = SURFACE_CURVE('',#3837,(#3841,#3848),.PCURVE_S1.);
#3837 = LINE('',#3838,#3839);
#3838 = CARTESIAN_POINT('',(-390.,-67.,20.));
#3839 = VECTOR('',#3840,1.);
#3840 = DIRECTION('',(0.,0.,1.));
#3841 = PCURVE('',#1338,#3842);
#3842 = DEFINITIONAL_REPRESENTATION('',(#3843),#3847);
#3843 = LINE('',#3844,#3845);
#3844 = CARTESIAN_POINT('',(0.,-8.));
#3845 = VECTOR('',#3846,1.);
#3846 = DIRECTION('',(1.,0.));
#3847 = ( GEOMETRIC_REPRESENTATION_CONTEXT(2) 
PARAMETRIC_REPRESENTATION_CONTEXT() REPRESENTATION_CONTEXT('2D SPACE',''
  ) );
#3848 = PCURVE('',#1367,#3849);
#3849 = DEFINITIONAL_REPRESENTATION('',(#3850),#3854);
#3850 = LINE('',#3851,#3852);
#3851 = CARTESIAN_POINT('',(0.,0.));
#3852 = VECTOR('',#3853,1.);
#3853 = DIRECTION('',(0.,1.));
#3854 = ( GEOMETRIC_REPRESENTATION_CONTEXT(2) 
PARAMETRIC_REPRESENTATION_CONTEXT() REPRESENTATION_CONTEXT('2D SPACE',''
  ) );
#3855 = ORIENTED_EDGE('',*,*,#1320,.T.);
#3856 = ORIENTED_EDGE('',*,*,#3857,.T.);
#3857 = EDGE_CURVE('',#1323,#3858,#3860,.T.);
#3858 = VERTEX_POINT('',#3859);
#3859 = CARTESIAN_POINT('',(-390.,67.,32.75));
#3860 = SURFACE_CURVE('',#3861,(#3865,#3872),.PCURVE_S1.);
#3861 = LINE('',#3862,#3863);
#3862 = CARTESIAN_POINT('',(-390.,67.,20.));
#3863 = VECTOR('',#3864,1.);
#3864 = DIRECTION('',(0.,0.,1.));
#3865 = PCURVE('',#1338,#3866);
#3866 = DEFINITIONAL_REPRESENTATION('',(#3867),#3871);
#3867 = LINE('',#3868,#3869);
#3868 = CARTESIAN_POINT('',(0.,-142.));
#3869 = VECTOR('',#3870,1.);
#3870 = DIRECTION('',(1.,0.));
#3871 = ( GEOMETRIC_REPRESENTATION_CONTEXT(2) 
PARAMETRIC_REPRESENTATION_CONTEXT() REPRESENTATION_CONTEXT('2D SPACE',''
  ) );
#3872 = PCURVE('',#1473,#3873);
#3873 = DEFINITIONAL_REPRESENTATION('',(#3874),#3878);
#3874 = LINE('',#3875,#3876);
#3875 = CARTESIAN_POINT('',(-0.,0.));
#3876 = VECTOR('',#3877,1.);
#3877 = DIRECTION('',(-0.,1.));
#3878 = ( GEOMETRIC_REPRESENTATION_CONTEXT(2) 
PARAMETRIC_REPRESENTATION_CONTEXT() REPRESENTATION_CONTEXT('2D SPACE',''
  ) );
#3879 = ORIENTED_EDGE('',*,*,#3880,.T.);
#3880 = EDGE_CURVE('',#3858,#3881,#3883,.T.);
#3881 = VERTEX_POINT('',#3882);
#3882 = CARTESIAN_POINT('',(-390.,52.25,32.75));
#3883 = SURFACE_CURVE('',#3884,(#3888,#3894),.PCURVE_S1.);
#3884 = LINE('',#3885,#3886);
#3885 = CARTESIAN_POINT('',(-390.,-79.,32.75));
#3886 = VECTOR('',#3887,1.);
#3887 = DIRECTION('',(0.,-1.,0.));
#3888 = PCURVE('',#1338,#3889);
#3889 = DEFINITIONAL_REPRESENTATION('',(#3890),#3893);
#3890 = B_SPLINE_CURVE_WITH_KNOTS('',1,(#3891,#3892),.UNSPECIFIED.,.F.,
  .F.,(2,2),(-146.,-12.),.PIECEWISE_BEZIER_KNOTS.);
#3891 = CARTESIAN_POINT('',(12.75,-142.));
#3892 = CARTESIAN_POINT('',(12.75,-8.));
#3893 = ( GEOMETRIC_REPRESENTATION_CONTEXT(2) 
PARAMETRIC_REPRESENTATION_CONTEXT() REPRESENTATION_CONTEXT('2D SPACE',''
  ) );
#3894 = PCURVE('',#3723,#3895);
#3895 = DEFINITIONAL_REPRESENTATION('',(#3896),#3899);
#3896 = B_SPLINE_CURVE_WITH_KNOTS('',1,(#3897,#3898),.UNSPECIFIED.,.F.,
  .F.,(2,2),(-146.,-12.),.PIECEWISE_BEZIER_KNOTS.);
#3897 = CARTESIAN_POINT('',(4.,150.));
#3898 = CARTESIAN_POINT('',(4.,16.));
#3899 = ( GEOMETRIC_REPRESENTATION_CONTEXT(2) 
PARAMETRIC_REPRESENTATION_CONTEXT() REPRESENTATION_CONTEXT('2D SPACE',''
  ) );
#3900 = ORIENTED_EDGE('',*,*,#3901,.F.);
#3901 = EDGE_CURVE('',#3902,#3881,#3904,.T.);
#3902 = VERTEX_POINT('',#3903);
#3903 = CARTESIAN_POINT('',(-390.,52.25,26.25));
#3904 = SURFACE_CURVE('',#3905,(#3909,#3915),.PCURVE_S1.);
#3905 = LINE('',#3906,#3907);
#3906 = CARTESIAN_POINT('',(-390.,52.25,23.125));
#3907 = VECTOR('',#3908,1.);
#3908 = DIRECTION('',(0.,0.,1.));
#3909 = PCURVE('',#1338,#3910);
#3910 = DEFINITIONAL_REPRESENTATION('',(#3911),#3914);
#3911 = B_SPLINE_CURVE_WITH_KNOTS('',1,(#3912,#3913),.UNSPECIFIED.,.F.,
  .F.,(2,2),(3.125,126.625),.PIECEWISE_BEZIER_KNOTS.);
#3912 = CARTESIAN_POINT('',(6.25,-127.25));
#3913 = CARTESIAN_POINT('',(129.75,-127.25));
#3914 = ( GEOMETRIC_REPRESENTATION_CONTEXT(2) 
PARAMETRIC_REPRESENTATION_CONTEXT() REPRESENTATION_CONTEXT('2D SPACE',''
  ) );
#3915 = PCURVE('',#3916,#3921);
#3916 = PLANE('',#3917);
#3917 = AXIS2_PLACEMENT_3D('',#3918,#3919,#3920);
#3918 = CARTESIAN_POINT('',(-393.5,52.25,26.25));
#3919 = DIRECTION('',(0.,1.,0.));
#3920 = DIRECTION('',(0.,0.,1.));
#3921 = DEFINITIONAL_REPRESENTATION('',(#3922),#3925);
#3922 = B_SPLINE_CURVE_WITH_KNOTS('',1,(#3923,#3924),.UNSPECIFIED.,.F.,
  .F.,(2,2),(3.125,126.625),.PIECEWISE_BEZIER_KNOTS.);
#3923 = CARTESIAN_POINT('',(0.,3.5));
#3924 = CARTESIAN_POINT('',(123.5,3.5));
#3925 = ( GEOMETRIC_REPRESENTATION_CONTEXT(2) 
PARAMETRIC_REPRESENTATION_CONTEXT() REPRESENTATION_CONTEXT('2D SPACE',''
  ) );
#3926 = ORIENTED_EDGE('',*,*,#3927,.T.);
#3927 = EDGE_CURVE('',#3902,#3928,#3930,.T.);
#3928 = VERTEX_POINT('',#3929);
#3929 = CARTESIAN_POINT('',(-390.,-52.25,26.25));
#3930 = SURFACE_CURVE('',#3931,(#3935,#3941),.PCURVE_S1.);
#3931 = LINE('',#3932,#3933);
#3932 = CARTESIAN_POINT('',(-390.,-63.625,26.25));
#3933 = VECTOR('',#3934,1.);
#3934 = DIRECTION('',(0.,-1.,0.));
#3935 = PCURVE('',#1338,#3936);
#3936 = DEFINITIONAL_REPRESENTATION('',(#3937),#3940);
#3937 = B_SPLINE_CURVE_WITH_KNOTS('',1,(#3938,#3939),.UNSPECIFIED.,.F.,
  .F.,(2,2),(-115.875,-11.375),.PIECEWISE_BEZIER_KNOTS.);
#3938 = CARTESIAN_POINT('',(6.25,-127.25));
#3939 = CARTESIAN_POINT('',(6.25,-22.75));
#3940 = ( GEOMETRIC_REPRESENTATION_CONTEXT(2) 
PARAMETRIC_REPRESENTATION_CONTEXT() REPRESENTATION_CONTEXT('2D SPACE',''
  ) );
#3941 = PCURVE('',#3942,#3947);
#3942 = PLANE('',#3943);
#3943 = AXIS2_PLACEMENT_3D('',#3944,#3945,#3946);
#3944 = CARTESIAN_POINT('',(-393.5,-52.25,26.25));
#3945 = DIRECTION('',(0.,0.,1.));
#3946 = DIRECTION('',(1.,0.,0.));
#3947 = DEFINITIONAL_REPRESENTATION('',(#3948),#3951);
#3948 = B_SPLINE_CURVE_WITH_KNOTS('',1,(#3949,#3950),.UNSPECIFIED.,.F.,
  .F.,(2,2),(-115.875,-11.375),.PIECEWISE_BEZIER_KNOTS.);
#3949 = CARTESIAN_POINT('',(3.5,104.5));
#3950 = CARTESIAN_POINT('',(3.5,0.));
#3951 = ( GEOMETRIC_REPRESENTATION_CONTEXT(2) 
PARAMETRIC_REPRESENTATION_CONTEXT() REPRESENTATION_CONTEXT('2D SPACE',''
  ) );
#3952 = ORIENTED_EDGE('',*,*,#3953,.T.);
#3953 = EDGE_CURVE('',#3928,#3813,#3954,.T.);
#3954 = SURFACE_CURVE('',#3955,(#3959,#3965),.PCURVE_S1.);
#3955 = LINE('',#3956,#3957);
#3956 = CARTESIAN_POINT('',(-390.,-52.25,23.125));
#3957 = VECTOR('',#3958,1.);
#3958 = DIRECTION('',(0.,0.,1.));
#3959 = PCURVE('',#1338,#3960);
#3960 = DEFINITIONAL_REPRESENTATION('',(#3961),#3964);
#3961 = B_SPLINE_CURVE_WITH_KNOTS('',1,(#3962,#3963),.UNSPECIFIED.,.F.,
  .F.,(2,2),(3.125,126.625),.PIECEWISE_BEZIER_KNOTS.);
#3962 = CARTESIAN_POINT('',(6.25,-22.75));
#3963 = CARTESIAN_POINT('',(129.75,-22.75));
#3964 = ( GEOMETRIC_REPRESENTATION_CONTEXT(2) 
PARAMETRIC_REPRESENTATION_CONTEXT() REPRESENTATION_CONTEXT('2D SPACE',''
  ) );
#3965 = PCURVE('',#3966,#3971);
#3966 = PLANE('',#3967);
#3967 = AXIS2_PLACEMENT_3D('',#3968,#3969,#3970);
#3968 = CARTESIAN_POINT('',(-393.5,-52.25,26.25));
#3969 = DIRECTION('',(0.,1.,0.));
#3970 = DIRECTION('',(0.,0.,1.));
#3971 = DEFINITIONAL_REPRESENTATION('',(#3972),#3975);
#3972 = B_SPLINE_CURVE_WITH_KNOTS('',1,(#3973,#3974),.UNSPECIFIED.,.F.,
  .F.,(2,2),(3.125,126.625),.PIECEWISE_BEZIER_KNOTS.);
#3973 = CARTESIAN_POINT('',(0.,3.5));
#3974 = CARTESIAN_POINT('',(123.5,3.5));
#3975 = ( GEOMETRIC_REPRESENTATION_CONTEXT(2) 
PARAMETRIC_REPRESENTATION_CONTEXT() REPRESENTATION_CONTEXT('2D SPACE',''
  ) );
#3976 = ADVANCED_FACE('',(#3977),#1367,.T.);
#3977 = FACE_BOUND('',#3978,.T.);
#3978 = EDGE_LOOP('',(#3979,#3980,#3981,#3982));
#3979 = ORIENTED_EDGE('',*,*,#3835,.F.);
#3980 = ORIENTED_EDGE('',*,*,#1350,.T.);
#3981 = ORIENTED_EDGE('',*,*,#3685,.T.);
#3982 = ORIENTED_EDGE('',*,*,#3983,.F.);
#3983 = EDGE_CURVE('',#3815,#3686,#3984,.T.);
#3984 = SURFACE_CURVE('',#3985,(#3990,#3997),.PCURVE_S1.);
#3985 = CIRCLE('',#3986,8.);
#3986 = AXIS2_PLACEMENT_3D('',#3987,#3988,#3989);
#3987 = CARTESIAN_POINT('',(-382.,-67.,32.75));
#3988 = DIRECTION('',(0.,0.,1.));
#3989 = DIRECTION('',(-1.,-0.,0.));
#3990 = PCURVE('',#1367,#3991);
#3991 = DEFINITIONAL_REPRESENTATION('',(#3992),#3996);
#3992 = LINE('',#3993,#3994);
#3993 = CARTESIAN_POINT('',(0.,12.75));
#3994 = VECTOR('',#3995,1.);
#3995 = DIRECTION('',(1.,0.));
#3996 = ( GEOMETRIC_REPRESENTATION_CONTEXT(2) 
PARAMETRIC_REPRESENTATION_CONTEXT() REPRESENTATION_CONTEXT('2D SPACE',''
  ) );
#3997 = PCURVE('',#3723,#3998);
#3998 = DEFINITIONAL_REPRESENTATION('',(#3999),#4003);
#3999 = CIRCLE('',#4000,8.);
#4000 = AXIS2_PLACEMENT_2D('',#4001,#4002);
#4001 = CARTESIAN_POINT('',(12.,16.));
#4002 = DIRECTION('',(-1.,0.));
#4003 = ( GEOMETRIC_REPRESENTATION_CONTEXT(2) 
PARAMETRIC_REPRESENTATION_CONTEXT() REPRESENTATION_CONTEXT('2D SPACE',''
  ) );
#4004 = ADVANCED_FACE('',(#4005),#1473,.T.);
#4005 = FACE_BOUND('',#4006,.F.);
#4006 = EDGE_LOOP('',(#4007,#4008,#4009,#4032));
#4007 = ORIENTED_EDGE('',*,*,#3857,.F.);
#4008 = ORIENTED_EDGE('',*,*,#1454,.T.);
#4009 = ORIENTED_EDGE('',*,*,#4010,.T.);
#4010 = EDGE_CURVE('',#1427,#4011,#4013,.T.);
#4011 = VERTEX_POINT('',#4012);
#4012 = CARTESIAN_POINT('',(-382.,75.,32.75));
#4013 = SURFACE_CURVE('',#4014,(#4018,#4025),.PCURVE_S1.);
#4014 = LINE('',#4015,#4016);
#4015 = CARTESIAN_POINT('',(-382.,75.,20.));
#4016 = VECTOR('',#4017,1.);
#4017 = DIRECTION('',(0.,0.,1.));
#4018 = PCURVE('',#1473,#4019);
#4019 = DEFINITIONAL_REPRESENTATION('',(#4020),#4024);
#4020 = LINE('',#4021,#4022);
#4021 = CARTESIAN_POINT('',(-1.570796326795,0.));
#4022 = VECTOR('',#4023,1.);
#4023 = DIRECTION('',(-0.,1.));
#4024 = ( GEOMETRIC_REPRESENTATION_CONTEXT(2) 
PARAMETRIC_REPRESENTATION_CONTEXT() REPRESENTATION_CONTEXT('2D SPACE',''
  ) );
#4025 = PCURVE('',#1442,#4026);
#4026 = DEFINITIONAL_REPRESENTATION('',(#4027),#4031);
#4027 = LINE('',#4028,#4029);
#4028 = CARTESIAN_POINT('',(0.,8.));
#4029 = VECTOR('',#4030,1.);
#4030 = DIRECTION('',(1.,0.));
#4031 = ( GEOMETRIC_REPRESENTATION_CONTEXT(2) 
PARAMETRIC_REPRESENTATION_CONTEXT() REPRESENTATION_CONTEXT('2D SPACE',''
  ) );
#4032 = ORIENTED_EDGE('',*,*,#4033,.T.);
#4033 = EDGE_CURVE('',#4011,#3858,#4034,.T.);
#4034 = SURFACE_CURVE('',#4035,(#4040,#4047),.PCURVE_S1.);
#4035 = CIRCLE('',#4036,8.);
#4036 = AXIS2_PLACEMENT_3D('',#4037,#4038,#4039);
#4037 = CARTESIAN_POINT('',(-382.,67.,32.75));
#4038 = DIRECTION('',(0.,0.,1.));
#4039 = DIRECTION('',(-1.,-0.,0.));
#4040 = PCURVE('',#1473,#4041);
#4041 = DEFINITIONAL_REPRESENTATION('',(#4042),#4046);
#4042 = LINE('',#4043,#4044);
#4043 = CARTESIAN_POINT('',(-6.28318530718,12.75));
#4044 = VECTOR('',#4045,1.);
#4045 = DIRECTION('',(1.,-0.));
#4046 = ( GEOMETRIC_REPRESENTATION_CONTEXT(2) 
PARAMETRIC_REPRESENTATION_CONTEXT() REPRESENTATION_CONTEXT('2D SPACE',''
  ) );
#4047 = PCURVE('',#3723,#4048);
#4048 = DEFINITIONAL_REPRESENTATION('',(#4049),#4053);
#4049 = CIRCLE('',#4050,8.);
#4050 = AXIS2_PLACEMENT_2D('',#4051,#4052);
#4051 = CARTESIAN_POINT('',(12.,150.));
#4052 = DIRECTION('',(-1.,0.));
#4053 = ( GEOMETRIC_REPRESENTATION_CONTEXT(2) 
PARAMETRIC_REPRESENTATION_CONTEXT() REPRESENTATION_CONTEXT('2D SPACE',''
  ) );
#4054 = ADVANCED_FACE('',(#4055),#1442,.T.);
#4055 = FACE_BOUND('',#4056,.T.);
#4056 = EDGE_LOOP('',(#4057,#4058,#4059,#4080,#4106,#4127,#4148,#4149));
#4057 = ORIENTED_EDGE('',*,*,#1426,.F.);
#4058 = ORIENTED_EDGE('',*,*,#4010,.T.);
#4059 = ORIENTED_EDGE('',*,*,#4060,.T.);
#4060 = EDGE_CURVE('',#4011,#4061,#4063,.T.);
#4061 = VERTEX_POINT('',#4062);
#4062 = CARTESIAN_POINT('',(-370.,75.,32.75));
#4063 = SURFACE_CURVE('',#4064,(#4068,#4074),.PCURVE_S1.);
#4064 = LINE('',#4065,#4066);
#4065 = CARTESIAN_POINT('',(-392.,75.,32.75));
#4066 = VECTOR('',#4067,1.);
#4067 = DIRECTION('',(1.,0.,0.));
#4068 = PCURVE('',#1442,#4069);
#4069 = DEFINITIONAL_REPRESENTATION('',(#4070),#4073);
#4070 = B_SPLINE_CURVE_WITH_KNOTS('',1,(#4071,#4072),.UNSPECIFIED.,.F.,
  .F.,(2,2),(10.,22.),.PIECEWISE_BEZIER_KNOTS.);
#4071 = CARTESIAN_POINT('',(12.75,8.));
#4072 = CARTESIAN_POINT('',(12.75,20.));
#4073 = ( GEOMETRIC_REPRESENTATION_CONTEXT(2) 
PARAMETRIC_REPRESENTATION_CONTEXT() REPRESENTATION_CONTEXT('2D SPACE',''
  ) );
#4074 = PCURVE('',#3723,#4075);
#4075 = DEFINITIONAL_REPRESENTATION('',(#4076),#4079);
#4076 = B_SPLINE_CURVE_WITH_KNOTS('',1,(#4077,#4078),.UNSPECIFIED.,.F.,
  .F.,(2,2),(10.,22.),.PIECEWISE_BEZIER_KNOTS.);
#4077 = CARTESIAN_POINT('',(12.,158.));
#4078 = CARTESIAN_POINT('',(24.,158.));
#4079 = ( GEOMETRIC_REPRESENTATION_CONTEXT(2) 
PARAMETRIC_REPRESENTATION_CONTEXT() REPRESENTATION_CONTEXT('2D SPACE',''
  ) );
#4080 = ORIENTED_EDGE('',*,*,#4081,.F.);
#4081 = EDGE_CURVE('',#4082,#4061,#4084,.T.);
#4082 = VERTEX_POINT('',#4083);
#4083 = CARTESIAN_POINT('',(-370.,75.,177.25));
#4084 = SURFACE_CURVE('',#4085,(#4089,#4095),.PCURVE_S1.);
#4085 = LINE('',#4086,#4087);
#4086 = CARTESIAN_POINT('',(-370.,75.,26.375));
#4087 = VECTOR('',#4088,1.);
#4088 = DIRECTION('',(0.,0.,-1.));
#4089 = PCURVE('',#1442,#4090);
#4090 = DEFINITIONAL_REPRESENTATION('',(#4091),#4094);
#4091 = B_SPLINE_CURVE_WITH_KNOTS('',1,(#4092,#4093),.UNSPECIFIED.,.F.,
  .F.,(2,2),(-150.875,-6.375),.PIECEWISE_BEZIER_KNOTS.);
#4092 = CARTESIAN_POINT('',(157.25,20.));
#4093 = CARTESIAN_POINT('',(12.75,20.));
#4094 = ( GEOMETRIC_REPRESENTATION_CONTEXT(2) 
PARAMETRIC_REPRESENTATION_CONTEXT() REPRESENTATION_CONTEXT('2D SPACE',''
  ) );
#4095 = PCURVE('',#4096,#4101);
#4096 = PLANE('',#4097);
#4097 = AXIS2_PLACEMENT_3D('',#4098,#4099,#4100);
#4098 = CARTESIAN_POINT('',(-370.,-83.,32.75));
#4099 = DIRECTION('',(1.,0.,0.));
#4100 = DIRECTION('',(0.,0.,1.));
#4101 = DEFINITIONAL_REPRESENTATION('',(#4102),#4105);
#4102 = B_SPLINE_CURVE_WITH_KNOTS('',1,(#4103,#4104),.UNSPECIFIED.,.F.,
  .F.,(2,2),(-150.875,-6.375),.PIECEWISE_BEZIER_KNOTS.);
#4103 = CARTESIAN_POINT('',(144.5,-158.));
#4104 = CARTESIAN_POINT('',(0.,-158.));
#4105 = ( GEOMETRIC_REPRESENTATION_CONTEXT(2) 
PARAMETRIC_REPRESENTATION_CONTEXT() REPRESENTATION_CONTEXT('2D SPACE',''
  ) );
#4106 = ORIENTED_EDGE('',*,*,#4107,.F.);
#4107 = EDGE_CURVE('',#4108,#4082,#4110,.T.);
#4108 = VERTEX_POINT('',#4109);
#4109 = CARTESIAN_POINT('',(-382.,75.,177.25));
#4110 = SURFACE_CURVE('',#4111,(#4115,#4121),.PCURVE_S1.);
#4111 = LINE('',#4112,#4113);
#4112 = CARTESIAN_POINT('',(-392.,75.,177.25));
#4113 = VECTOR('',#4114,1.);
#4114 = DIRECTION('',(1.,0.,0.));
#4115 = PCURVE('',#1442,#4116);
#4116 = DEFINITIONAL_REPRESENTATION('',(#4117),#4120);
#4117 = B_SPLINE_CURVE_WITH_KNOTS('',1,(#4118,#4119),.UNSPECIFIED.,.F.,
  .F.,(2,2),(10.,22.),.PIECEWISE_BEZIER_KNOTS.);
#4118 = CARTESIAN_POINT('',(157.25,8.));
#4119 = CARTESIAN_POINT('',(157.25,20.));
#4120 = ( GEOMETRIC_REPRESENTATION_CONTEXT(2) 
PARAMETRIC_REPRESENTATION_CONTEXT() REPRESENTATION_CONTEXT('2D SPACE',''
  ) );
#4121 = PCURVE('',#3775,#4122);
#4122 = DEFINITIONAL_REPRESENTATION('',(#4123),#4126);
#4123 = B_SPLINE_CURVE_WITH_KNOTS('',1,(#4124,#4125),.UNSPECIFIED.,.F.,
  .F.,(2,2),(10.,22.),.PIECEWISE_BEZIER_KNOTS.);
#4124 = CARTESIAN_POINT('',(12.,158.));
#4125 = CARTESIAN_POINT('',(24.,158.));
#4126 = ( GEOMETRIC_REPRESENTATION_CONTEXT(2) 
PARAMETRIC_REPRESENTATION_CONTEXT() REPRESENTATION_CONTEXT('2D SPACE',''
  ) );
#4127 = ORIENTED_EDGE('',*,*,#4128,.T.);
#4128 = EDGE_CURVE('',#4108,#1622,#4129,.T.);
#4129 = SURFACE_CURVE('',#4130,(#4134,#4141),.PCURVE_S1.);
#4130 = LINE('',#4131,#4132);
#4131 = CARTESIAN_POINT('',(-382.,75.,20.));
#4132 = VECTOR('',#4133,1.);
#4133 = DIRECTION('',(0.,0.,1.));
#4134 = PCURVE('',#1442,#4135);
#4135 = DEFINITIONAL_REPRESENTATION('',(#4136),#4140);
#4136 = LINE('',#4137,#4138);
#4137 = CARTESIAN_POINT('',(0.,8.));
#4138 = VECTOR('',#4139,1.);
#4139 = DIRECTION('',(1.,0.));
#4140 = ( GEOMETRIC_REPRESENTATION_CONTEXT(2) 
PARAMETRIC_REPRESENTATION_CONTEXT() REPRESENTATION_CONTEXT('2D SPACE',''
  ) );
#4141 = PCURVE('',#1663,#4142);
#4142 = DEFINITIONAL_REPRESENTATION('',(#4143),#4147);
#4143 = LINE('',#4144,#4145);
#4144 = CARTESIAN_POINT('',(-1.570796326795,0.));
#4145 = VECTOR('',#4146,1.);
#4146 = DIRECTION('',(-0.,1.));
#4147 = ( GEOMETRIC_REPRESENTATION_CONTEXT(2) 
PARAMETRIC_REPRESENTATION_CONTEXT() REPRESENTATION_CONTEXT('2D SPACE',''
  ) );
#4148 = ORIENTED_EDGE('',*,*,#1621,.T.);
#4149 = ORIENTED_EDGE('',*,*,#1489,.F.);
#4150 = ADVANCED_FACE('',(#4151),#1556,.F.);
#4151 = FACE_BOUND('',#4152,.F.);
#4152 = EDGE_LOOP('',(#4153,#4154,#4177,#4198));
#4153 = ORIENTED_EDGE('',*,*,#1538,.F.);
#4154 = ORIENTED_EDGE('',*,*,#4155,.F.);
#4155 = EDGE_CURVE('',#4156,#1539,#4158,.T.);
#4156 = VERTEX_POINT('',#4157);
#4157 = CARTESIAN_POINT('',(-390.,-67.,177.25));
#4158 = SURFACE_CURVE('',#4159,(#4163,#4170),.PCURVE_S1.);
#4159 = LINE('',#4160,#4161);
#4160 = CARTESIAN_POINT('',(-390.,-67.,20.));
#4161 = VECTOR('',#4162,1.);
#4162 = DIRECTION('',(0.,0.,1.));
#4163 = PCURVE('',#1556,#4164);
#4164 = DEFINITIONAL_REPRESENTATION('',(#4165),#4169);
#4165 = LINE('',#4166,#4167);
#4166 = CARTESIAN_POINT('',(0.,-8.));
#4167 = VECTOR('',#4168,1.);
#4168 = DIRECTION('',(1.,0.));
#4169 = ( GEOMETRIC_REPRESENTATION_CONTEXT(2) 
PARAMETRIC_REPRESENTATION_CONTEXT() REPRESENTATION_CONTEXT('2D SPACE',''
  ) );
#4170 = PCURVE('',#1585,#4171);
#4171 = DEFINITIONAL_REPRESENTATION('',(#4172),#4176);
#4172 = LINE('',#4173,#4174);
#4173 = CARTESIAN_POINT('',(0.,0.));
#4174 = VECTOR('',#4175,1.);
#4175 = DIRECTION('',(0.,1.));
#4176 = ( GEOMETRIC_REPRESENTATION_CONTEXT(2) 
PARAMETRIC_REPRESENTATION_CONTEXT() REPRESENTATION_CONTEXT('2D SPACE',''
  ) );
#4177 = ORIENTED_EDGE('',*,*,#4178,.F.);
#4178 = EDGE_CURVE('',#4179,#4156,#4181,.T.);
#4179 = VERTEX_POINT('',#4180);
#4180 = CARTESIAN_POINT('',(-390.,67.,177.25));
#4181 = SURFACE_CURVE('',#4182,(#4186,#4192),.PCURVE_S1.);
#4182 = LINE('',#4183,#4184);
#4183 = CARTESIAN_POINT('',(-390.,-79.,177.25));
#4184 = VECTOR('',#4185,1.);
#4185 = DIRECTION('',(0.,-1.,0.));
#4186 = PCURVE('',#1556,#4187);
#4187 = DEFINITIONAL_REPRESENTATION('',(#4188),#4191);
#4188 = B_SPLINE_CURVE_WITH_KNOTS('',1,(#4189,#4190),.UNSPECIFIED.,.F.,
  .F.,(2,2),(-146.,-12.),.PIECEWISE_BEZIER_KNOTS.);
#4189 = CARTESIAN_POINT('',(157.25,-142.));
#4190 = CARTESIAN_POINT('',(157.25,-8.));
#4191 = ( GEOMETRIC_REPRESENTATION_CONTEXT(2) 
PARAMETRIC_REPRESENTATION_CONTEXT() REPRESENTATION_CONTEXT('2D SPACE',''
  ) );
#4192 = PCURVE('',#3775,#4193);
#4193 = DEFINITIONAL_REPRESENTATION('',(#4194),#4197);
#4194 = B_SPLINE_CURVE_WITH_KNOTS('',1,(#4195,#4196),.UNSPECIFIED.,.F.,
  .F.,(2,2),(-146.,-12.),.PIECEWISE_BEZIER_KNOTS.);
#4195 = CARTESIAN_POINT('',(4.,150.));
#4196 = CARTESIAN_POINT('',(4.,16.));
#4197 = ( GEOMETRIC_REPRESENTATION_CONTEXT(2) 
PARAMETRIC_REPRESENTATION_CONTEXT() REPRESENTATION_CONTEXT('2D SPACE',''
  ) );
#4198 = ORIENTED_EDGE('',*,*,#4199,.T.);
#4199 = EDGE_CURVE('',#4179,#1541,#4200,.T.);
#4200 = SURFACE_CURVE('',#4201,(#4205,#4212),.PCURVE_S1.);
#4201 = LINE('',#4202,#4203);
#4202 = CARTESIAN_POINT('',(-390.,67.,20.));
#4203 = VECTOR('',#4204,1.);
#4204 = DIRECTION('',(0.,0.,1.));
#4205 = PCURVE('',#1556,#4206);
#4206 = DEFINITIONAL_REPRESENTATION('',(#4207),#4211);
#4207 = LINE('',#4208,#4209);
#4208 = CARTESIAN_POINT('',(0.,-142.));
#4209 = VECTOR('',#4210,1.);
#4210 = DIRECTION('',(1.,0.));
#4211 = ( GEOMETRIC_REPRESENTATION_CONTEXT(2) 
PARAMETRIC_REPRESENTATION_CONTEXT() REPRESENTATION_CONTEXT('2D SPACE',''
  ) );
#4212 = PCURVE('',#1663,#4213);
#4213 = DEFINITIONAL_REPRESENTATION('',(#4214),#4218);
#4214 = LINE('',#4215,#4216);
#4215 = CARTESIAN_POINT('',(-0.,0.));
#4216 = VECTOR('',#4217,1.);
#4217 = DIRECTION('',(-0.,1.));
#4218 = ( GEOMETRIC_REPRESENTATION_CONTEXT(2) 
PARAMETRIC_REPRESENTATION_CONTEXT() REPRESENTATION_CONTEXT('2D SPACE',''
  ) );
#4219 = ADVANCED_FACE('',(#4220),#1585,.T.);
#4220 = FACE_BOUND('',#4221,.T.);
#4221 = EDGE_LOOP('',(#4222,#4223,#4245,#4246));
#4222 = ORIENTED_EDGE('',*,*,#4155,.F.);
#4223 = ORIENTED_EDGE('',*,*,#4224,.T.);
#4224 = EDGE_CURVE('',#4156,#3761,#4225,.T.);
#4225 = SURFACE_CURVE('',#4226,(#4231,#4238),.PCURVE_S1.);
#4226 = CIRCLE('',#4227,8.);
#4227 = AXIS2_PLACEMENT_3D('',#4228,#4229,#4230);
#4228 = CARTESIAN_POINT('',(-382.,-67.,177.25));
#4229 = DIRECTION('',(0.,0.,1.));
#4230 = DIRECTION('',(-1.,-0.,0.));
#4231 = PCURVE('',#1585,#4232);
#4232 = DEFINITIONAL_REPRESENTATION('',(#4233),#4237);
#4233 = LINE('',#4234,#4235);
#4234 = CARTESIAN_POINT('',(0.,157.25));
#4235 = VECTOR('',#4236,1.);
#4236 = DIRECTION('',(1.,0.));
#4237 = ( GEOMETRIC_REPRESENTATION_CONTEXT(2) 
PARAMETRIC_REPRESENTATION_CONTEXT() REPRESENTATION_CONTEXT('2D SPACE',''
  ) );
#4238 = PCURVE('',#3775,#4239);
#4239 = DEFINITIONAL_REPRESENTATION('',(#4240),#4244);
#4240 = CIRCLE('',#4241,8.);
#4241 = AXIS2_PLACEMENT_2D('',#4242,#4243);
#4242 = CARTESIAN_POINT('',(12.,16.));
#4243 = DIRECTION('',(-1.,0.));
#4244 = ( GEOMETRIC_REPRESENTATION_CONTEXT(2) 
PARAMETRIC_REPRESENTATION_CONTEXT() REPRESENTATION_CONTEXT('2D SPACE',''
  ) );
#4245 = ORIENTED_EDGE('',*,*,#3786,.T.);
#4246 = ORIENTED_EDGE('',*,*,#1568,.F.);
#4247 = ADVANCED_FACE('',(#4248),#1663,.T.);
#4248 = FACE_BOUND('',#4249,.F.);
#4249 = EDGE_LOOP('',(#4250,#4251,#4273,#4274));
#4250 = ORIENTED_EDGE('',*,*,#4199,.F.);
#4251 = ORIENTED_EDGE('',*,*,#4252,.F.);
#4252 = EDGE_CURVE('',#4108,#4179,#4253,.T.);
#4253 = SURFACE_CURVE('',#4254,(#4259,#4266),.PCURVE_S1.);
#4254 = CIRCLE('',#4255,8.);
#4255 = AXIS2_PLACEMENT_3D('',#4256,#4257,#4258);
#4256 = CARTESIAN_POINT('',(-382.,67.,177.25));
#4257 = DIRECTION('',(0.,0.,1.));
#4258 = DIRECTION('',(-1.,-0.,0.));
#4259 = PCURVE('',#1663,#4260);
#4260 = DEFINITIONAL_REPRESENTATION('',(#4261),#4265);
#4261 = LINE('',#4262,#4263);
#4262 = CARTESIAN_POINT('',(-6.28318530718,157.25));
#4263 = VECTOR('',#4264,1.);
#4264 = DIRECTION('',(1.,-0.));
#4265 = ( GEOMETRIC_REPRESENTATION_CONTEXT(2) 
PARAMETRIC_REPRESENTATION_CONTEXT() REPRESENTATION_CONTEXT('2D SPACE',''
  ) );
#4266 = PCURVE('',#3775,#4267);
#4267 = DEFINITIONAL_REPRESENTATION('',(#4268),#4272);
#4268 = CIRCLE('',#4269,8.);
#4269 = AXIS2_PLACEMENT_2D('',#4270,#4271);
#4270 = CARTESIAN_POINT('',(12.,150.));
#4271 = DIRECTION('',(-1.,0.));
#4272 = ( GEOMETRIC_REPRESENTATION_CONTEXT(2) 
PARAMETRIC_REPRESENTATION_CONTEXT() REPRESENTATION_CONTEXT('2D SPACE',''
  ) );
#4273 = ORIENTED_EDGE('',*,*,#4128,.T.);
#4274 = ORIENTED_EDGE('',*,*,#1644,.F.);
#4275 = ADVANCED_FACE('',(#4276),#1694,.T.);
#4276 = FACE_BOUND('',#4277,.T.);
#4277 = EDGE_LOOP('',(#4278,#4301,#4329,#4350));
#4278 = ORIENTED_EDGE('',*,*,#4279,.F.);
#4279 = EDGE_CURVE('',#4280,#1678,#4282,.T.);
#4280 = VERTEX_POINT('',#4281);
#4281 = CARTESIAN_POINT('',(-234.,-38.5,185.5));
#4282 = SURFACE_CURVE('',#4283,(#4287,#4294),.PCURVE_S1.);
#4283 = LINE('',#4284,#4285);
#4284 = CARTESIAN_POINT('',(-234.,-38.5,185.5));
#4285 = VECTOR('',#4286,1.);
#4286 = DIRECTION('',(0.,0.,1.));
#4287 = PCURVE('',#1694,#4288);
#4288 = DEFINITIONAL_REPRESENTATION('',(#4289),#4293);
#4289 = LINE('',#4290,#4291);
#4290 = CARTESIAN_POINT('',(0.,112.));
#4291 = VECTOR('',#4292,1.);
#4292 = DIRECTION('',(1.,0.));
#4293 = ( GEOMETRIC_REPRESENTATION_CONTEXT(2) 
PARAMETRIC_REPRESENTATION_CONTEXT() REPRESENTATION_CONTEXT('2D SPACE',''
  ) );
#4294 = PCURVE('',#1770,#4295);
#4295 = DEFINITIONAL_REPRESENTATION('',(#4296),#4300);
#4296 = LINE('',#4297,#4298);
#4297 = CARTESIAN_POINT('',(0.,0.));
#4298 = VECTOR('',#4299,1.);
#4299 = DIRECTION('',(1.,0.));
#4300 = ( GEOMETRIC_REPRESENTATION_CONTEXT(2) 
PARAMETRIC_REPRESENTATION_CONTEXT() REPRESENTATION_CONTEXT('2D SPACE',''
  ) );
#4301 = ORIENTED_EDGE('',*,*,#4302,.F.);
#4302 = EDGE_CURVE('',#4303,#4280,#4305,.T.);
#4303 = VERTEX_POINT('',#4304);
#4304 = CARTESIAN_POINT('',(-346.,-38.5,185.5));
#4305 = SURFACE_CURVE('',#4306,(#4310,#4317),.PCURVE_S1.);
#4306 = LINE('',#4307,#4308);
#4307 = CARTESIAN_POINT('',(-346.,-38.5,185.5));
#4308 = VECTOR('',#4309,1.);
#4309 = DIRECTION('',(1.,0.,0.));
#4310 = PCURVE('',#1694,#4311);
#4311 = DEFINITIONAL_REPRESENTATION('',(#4312),#4316);
#4312 = LINE('',#4313,#4314);
#4313 = CARTESIAN_POINT('',(0.,0.));
#4314 = VECTOR('',#4315,1.);
#4315 = DIRECTION('',(0.,1.));
#4316 = ( GEOMETRIC_REPRESENTATION_CONTEXT(2) 
PARAMETRIC_REPRESENTATION_CONTEXT() REPRESENTATION_CONTEXT('2D SPACE',''
  ) );
#4317 = PCURVE('',#4318,#4323);
#4318 = PLANE('',#4319);
#4319 = AXIS2_PLACEMENT_3D('',#4320,#4321,#4322);
#4320 = CARTESIAN_POINT('',(-346.,-38.5,185.5));
#4321 = DIRECTION('',(0.,0.,1.));
#4322 = DIRECTION('',(1.,0.,0.));
#4323 = DEFINITIONAL_REPRESENTATION('',(#4324),#4328);
#4324 = LINE('',#4325,#4326);
#4325 = CARTESIAN_POINT('',(0.,0.));
#4326 = VECTOR('',#4327,1.);
#4327 = DIRECTION('',(1.,0.));
#4328 = ( GEOMETRIC_REPRESENTATION_CONTEXT(2) 
PARAMETRIC_REPRESENTATION_CONTEXT() REPRESENTATION_CONTEXT('2D SPACE',''
  ) );
#4329 = ORIENTED_EDGE('',*,*,#4330,.T.);
#4330 = EDGE_CURVE('',#4303,#1680,#4331,.T.);
#4331 = SURFACE_CURVE('',#4332,(#4336,#4343),.PCURVE_S1.);
#4332 = LINE('',#4333,#4334);
#4333 = CARTESIAN_POINT('',(-346.,-38.5,185.5));
#4334 = VECTOR('',#4335,1.);
#4335 = DIRECTION('',(0.,0.,1.));
#4336 = PCURVE('',#1694,#4337);
#4337 = DEFINITIONAL_REPRESENTATION('',(#4338),#4342);
#4338 = LINE('',#4339,#4340);
#4339 = CARTESIAN_POINT('',(0.,0.));
#4340 = VECTOR('',#4341,1.);
#4341 = DIRECTION('',(1.,0.));
#4342 = ( GEOMETRIC_REPRESENTATION_CONTEXT(2) 
PARAMETRIC_REPRESENTATION_CONTEXT() REPRESENTATION_CONTEXT('2D SPACE',''
  ) );
#4343 = PCURVE('',#1720,#4344);
#4344 = DEFINITIONAL_REPRESENTATION('',(#4345),#4349);
#4345 = LINE('',#4346,#4347);
#4346 = CARTESIAN_POINT('',(0.,0.));
#4347 = VECTOR('',#4348,1.);
#4348 = DIRECTION('',(1.,0.));
#4349 = ( GEOMETRIC_REPRESENTATION_CONTEXT(2) 
PARAMETRIC_REPRESENTATION_CONTEXT() REPRESENTATION_CONTEXT('2D SPACE',''
  ) );
#4350 = ORIENTED_EDGE('',*,*,#1677,.F.);
#4351 = ADVANCED_FACE('',(#4352),#1770,.F.);
#4352 = FACE_BOUND('',#4353,.F.);
#4353 = EDGE_LOOP('',(#4354,#4355,#4378,#4399));
#4354 = ORIENTED_EDGE('',*,*,#4279,.F.);
#4355 = ORIENTED_EDGE('',*,*,#4356,.T.);
#4356 = EDGE_CURVE('',#4280,#4357,#4359,.T.);
#4357 = VERTEX_POINT('',#4358);
#4358 = CARTESIAN_POINT('',(-234.,38.5,185.5));
#4359 = SURFACE_CURVE('',#4360,(#4364,#4371),.PCURVE_S1.);
#4360 = LINE('',#4361,#4362);
#4361 = CARTESIAN_POINT('',(-234.,-38.5,185.5));
#4362 = VECTOR('',#4363,1.);
#4363 = DIRECTION('',(0.,1.,0.));
#4364 = PCURVE('',#1770,#4365);
#4365 = DEFINITIONAL_REPRESENTATION('',(#4366),#4370);
#4366 = LINE('',#4367,#4368);
#4367 = CARTESIAN_POINT('',(0.,0.));
#4368 = VECTOR('',#4369,1.);
#4369 = DIRECTION('',(0.,-1.));
#4370 = ( GEOMETRIC_REPRESENTATION_CONTEXT(2) 
PARAMETRIC_REPRESENTATION_CONTEXT() REPRESENTATION_CONTEXT('2D SPACE',''
  ) );
#4371 = PCURVE('',#4318,#4372);
#4372 = DEFINITIONAL_REPRESENTATION('',(#4373),#4377);
#4373 = LINE('',#4374,#4375);
#4374 = CARTESIAN_POINT('',(112.,0.));
#4375 = VECTOR('',#4376,1.);
#4376 = DIRECTION('',(0.,1.));
#4377 = ( GEOMETRIC_REPRESENTATION_CONTEXT(2) 
PARAMETRIC_REPRESENTATION_CONTEXT() REPRESENTATION_CONTEXT('2D SPACE',''
  ) );
#4378 = ORIENTED_EDGE('',*,*,#4379,.T.);
#4379 = EDGE_CURVE('',#4357,#1732,#4380,.T.);
#4380 = SURFACE_CURVE('',#4381,(#4385,#4392),.PCURVE_S1.);
#4381 = LINE('',#4382,#4383);
#4382 = CARTESIAN_POINT('',(-234.,38.5,185.5));
#4383 = VECTOR('',#4384,1.);
#4384 = DIRECTION('',(0.,0.,1.));
#4385 = PCURVE('',#1770,#4386);
#4386 = DEFINITIONAL_REPRESENTATION('',(#4387),#4391);
#4387 = LINE('',#4388,#4389);
#4388 = CARTESIAN_POINT('',(0.,-77.));
#4389 = VECTOR('',#4390,1.);
#4390 = DIRECTION('',(1.,0.));
#4391 = ( GEOMETRIC_REPRESENTATION_CONTEXT(2) 
PARAMETRIC_REPRESENTATION_CONTEXT() REPRESENTATION_CONTEXT('2D SPACE',''
  ) );
#4392 = PCURVE('',#1746,#4393);
#4393 = DEFINITIONAL_REPRESENTATION('',(#4394),#4398);
#4394 = LINE('',#4395,#4396);
#4395 = CARTESIAN_POINT('',(0.,112.));
#4396 = VECTOR('',#4397,1.);
#4397 = DIRECTION('',(1.,0.));
#4398 = ( GEOMETRIC_REPRESENTATION_CONTEXT(2) 
PARAMETRIC_REPRESENTATION_CONTEXT() REPRESENTATION_CONTEXT('2D SPACE',''
  ) );
#4399 = ORIENTED_EDGE('',*,*,#1757,.F.);
#4400 = ADVANCED_FACE('',(#4401),#1746,.F.);
#4401 = FACE_BOUND('',#4402,.F.);
#4402 = EDGE_LOOP('',(#4403,#4404,#4427,#4448));
#4403 = ORIENTED_EDGE('',*,*,#4379,.F.);
#4404 = ORIENTED_EDGE('',*,*,#4405,.F.);
#4405 = EDGE_CURVE('',#4406,#4357,#4408,.T.);
#4406 = VERTEX_POINT('',#4407);
#4407 = CARTESIAN_POINT('',(-346.,38.5,185.5));
#4408 = SURFACE_CURVE('',#4409,(#4413,#4420),.PCURVE_S1.);
#4409 = LINE('',#4410,#4411);
#4410 = CARTESIAN_POINT('',(-346.,38.5,185.5));
#4411 = VECTOR('',#4412,1.);
#4412 = DIRECTION('',(1.,0.,0.));
#4413 = PCURVE('',#1746,#4414);
#4414 = DEFINITIONAL_REPRESENTATION('',(#4415),#4419);
#4415 = LINE('',#4416,#4417);
#4416 = CARTESIAN_POINT('',(0.,0.));
#4417 = VECTOR('',#4418,1.);
#4418 = DIRECTION('',(0.,1.));
#4419 = ( GEOMETRIC_REPRESENTATION_CONTEXT(2) 
PARAMETRIC_REPRESENTATION_CONTEXT() REPRESENTATION_CONTEXT('2D SPACE',''
  ) );
#4420 = PCURVE('',#4318,#4421);
#4421 = DEFINITIONAL_REPRESENTATION('',(#4422),#4426);
#4422 = LINE('',#4423,#4424);
#4423 = CARTESIAN_POINT('',(0.,77.));
#4424 = VECTOR('',#4425,1.);
#4425 = DIRECTION('',(1.,0.));
#4426 = ( GEOMETRIC_REPRESENTATION_CONTEXT(2) 
PARAMETRIC_REPRESENTATION_CONTEXT() REPRESENTATION_CONTEXT('2D SPACE',''
  ) );
#4427 = ORIENTED_EDGE('',*,*,#4428,.T.);
#4428 = EDGE_CURVE('',#4406,#1706,#4429,.T.);
#4429 = SURFACE_CURVE('',#4430,(#4434,#4441),.PCURVE_S1.);
#4430 = LINE('',#4431,#4432);
#4431 = CARTESIAN_POINT('',(-346.,38.5,185.5));
#4432 = VECTOR('',#4433,1.);
#4433 = DIRECTION('',(0.,0.,1.));
#4434 = PCURVE('',#1746,#4435);
#4435 = DEFINITIONAL_REPRESENTATION('',(#4436),#4440);
#4436 = LINE('',#4437,#4438);
#4437 = CARTESIAN_POINT('',(0.,0.));
#4438 = VECTOR('',#4439,1.);
#4439 = DIRECTION('',(1.,0.));
#4440 = ( GEOMETRIC_REPRESENTATION_CONTEXT(2) 
PARAMETRIC_REPRESENTATION_CONTEXT() REPRESENTATION_CONTEXT('2D SPACE',''
  ) );
#4441 = PCURVE('',#1720,#4442);
#4442 = DEFINITIONAL_REPRESENTATION('',(#4443),#4447);
#4443 = LINE('',#4444,#4445);
#4444 = CARTESIAN_POINT('',(0.,-77.));
#4445 = VECTOR('',#4446,1.);
#4446 = DIRECTION('',(1.,0.));
#4447 = ( GEOMETRIC_REPRESENTATION_CONTEXT(2) 
PARAMETRIC_REPRESENTATION_CONTEXT() REPRESENTATION_CONTEXT('2D SPACE',''
  ) );
#4448 = ORIENTED_EDGE('',*,*,#1731,.F.);
#4449 = ADVANCED_FACE('',(#4450),#1720,.T.);
#4450 = FACE_BOUND('',#4451,.T.);
#4451 = EDGE_LOOP('',(#4452,#4453,#4474,#4475));
#4452 = ORIENTED_EDGE('',*,*,#4330,.F.);
#4453 = ORIENTED_EDGE('',*,*,#4454,.T.);
#4454 = EDGE_CURVE('',#4303,#4406,#4455,.T.);
#4455 = SURFACE_CURVE('',#4456,(#4460,#4467),.PCURVE_S1.);
#4456 = LINE('',#4457,#4458);
#4457 = CARTESIAN_POINT('',(-346.,-38.5,185.5));
#4458 = VECTOR('',#4459,1.);
#4459 = DIRECTION('',(0.,1.,0.));
#4460 = PCURVE('',#1720,#4461);
#4461 = DEFINITIONAL_REPRESENTATION('',(#4462),#4466);
#4462 = LINE('',#4463,#4464);
#4463 = CARTESIAN_POINT('',(0.,0.));
#4464 = VECTOR('',#4465,1.);
#4465 = DIRECTION('',(0.,-1.));
#4466 = ( GEOMETRIC_REPRESENTATION_CONTEXT(2) 
PARAMETRIC_REPRESENTATION_CONTEXT() REPRESENTATION_CONTEXT('2D SPACE',''
  ) );
#4467 = PCURVE('',#4318,#4468);
#4468 = DEFINITIONAL_REPRESENTATION('',(#4469),#4473);
#4469 = LINE('',#4470,#4471);
#4470 = CARTESIAN_POINT('',(0.,0.));
#4471 = VECTOR('',#4472,1.);
#4472 = DIRECTION('',(0.,1.));
#4473 = ( GEOMETRIC_REPRESENTATION_CONTEXT(2) 
PARAMETRIC_REPRESENTATION_CONTEXT() REPRESENTATION_CONTEXT('2D SPACE',''
  ) );
#4474 = ORIENTED_EDGE('',*,*,#4428,.T.);
#4475 = ORIENTED_EDGE('',*,*,#1705,.F.);
#4476 = ADVANCED_FACE('',(#4477),#1827,.F.);
#4477 = FACE_BOUND('',#4478,.F.);
#4478 = EDGE_LOOP('',(#4479,#4502,#4503,#4526));
#4479 = ORIENTED_EDGE('',*,*,#4480,.F.);
#4480 = EDGE_CURVE('',#1811,#4481,#4483,.T.);
#4481 = VERTEX_POINT('',#4482);
#4482 = CARTESIAN_POINT('',(-162.,-137.,174.));
#4483 = SURFACE_CURVE('',#4484,(#4488,#4495),.PCURVE_S1.);
#4484 = LINE('',#4485,#4486);
#4485 = CARTESIAN_POINT('',(-162.,-141.,174.));
#4486 = VECTOR('',#4487,1.);
#4487 = DIRECTION('',(0.,1.,0.));
#4488 = PCURVE('',#1827,#4489);
#4489 = DEFINITIONAL_REPRESENTATION('',(#4490),#4494);
#4490 = LINE('',#4491,#4492);
#4491 = CARTESIAN_POINT('',(0.,0.));
#4492 = VECTOR('',#4493,1.);
#4493 = DIRECTION('',(0.,1.));
#4494 = ( GEOMETRIC_REPRESENTATION_CONTEXT(2) 
PARAMETRIC_REPRESENTATION_CONTEXT() REPRESENTATION_CONTEXT('2D SPACE',''
  ) );
#4495 = PCURVE('',#1853,#4496);
#4496 = DEFINITIONAL_REPRESENTATION('',(#4497),#4501);
#4497 = LINE('',#4498,#4499);
#4498 = CARTESIAN_POINT('',(162.,0.));
#4499 = VECTOR('',#4500,1.);
#4500 = DIRECTION('',(0.,-1.));
#4501 = ( GEOMETRIC_REPRESENTATION_CONTEXT(2) 
PARAMETRIC_REPRESENTATION_CONTEXT() REPRESENTATION_CONTEXT('2D SPACE',''
  ) );
#4502 = ORIENTED_EDGE('',*,*,#1810,.T.);
#4503 = ORIENTED_EDGE('',*,*,#4504,.T.);
#4504 = EDGE_CURVE('',#1813,#4505,#4507,.T.);
#4505 = VERTEX_POINT('',#4506);
#4506 = CARTESIAN_POINT('',(-72.,-137.,174.));
#4507 = SURFACE_CURVE('',#4508,(#4512,#4519),.PCURVE_S1.);
#4508 = LINE('',#4509,#4510);
#4509 = CARTESIAN_POINT('',(-72.,-141.,174.));
#4510 = VECTOR('',#4511,1.);
#4511 = DIRECTION('',(0.,1.,0.));
#4512 = PCURVE('',#1827,#4513);
#4513 = DEFINITIONAL_REPRESENTATION('',(#4514),#4518);
#4514 = LINE('',#4515,#4516);
#4515 = CARTESIAN_POINT('',(90.,0.));
#4516 = VECTOR('',#4517,1.);
#4517 = DIRECTION('',(0.,1.));
#4518 = ( GEOMETRIC_REPRESENTATION_CONTEXT(2) 
PARAMETRIC_REPRESENTATION_CONTEXT() REPRESENTATION_CONTEXT('2D SPACE',''
  ) );
#4519 = PCURVE('',#1903,#4520);
#4520 = DEFINITIONAL_REPRESENTATION('',(#4521),#4525);
#4521 = LINE('',#4522,#4523);
#4522 = CARTESIAN_POINT('',(162.,0.));
#4523 = VECTOR('',#4524,1.);
#4524 = DIRECTION('',(0.,-1.));
#4525 = ( GEOMETRIC_REPRESENTATION_CONTEXT(2) 
PARAMETRIC_REPRESENTATION_CONTEXT() REPRESENTATION_CONTEXT('2D SPACE',''
  ) );
#4526 = ORIENTED_EDGE('',*,*,#4527,.F.);
#4527 = EDGE_CURVE('',#4481,#4505,#4528,.T.);
#4528 = SURFACE_CURVE('',#4529,(#4533,#4539),.PCURVE_S1.);
#4529 = LINE('',#4530,#4531);
#4530 = CARTESIAN_POINT('',(-174.5,-137.,174.));
#4531 = VECTOR('',#4532,1.);
#4532 = DIRECTION('',(1.,0.,0.));
#4533 = PCURVE('',#1827,#4534);
#4534 = DEFINITIONAL_REPRESENTATION('',(#4535),#4538);
#4535 = B_SPLINE_CURVE_WITH_KNOTS('',1,(#4536,#4537),.UNSPECIFIED.,.F.,
  .F.,(2,2),(12.5,102.5),.PIECEWISE_BEZIER_KNOTS.);
#4536 = CARTESIAN_POINT('',(0.,4.));
#4537 = CARTESIAN_POINT('',(90.,4.));
#4538 = ( GEOMETRIC_REPRESENTATION_CONTEXT(2) 
PARAMETRIC_REPRESENTATION_CONTEXT() REPRESENTATION_CONTEXT('2D SPACE',''
  ) );
#4539 = PCURVE('',#4540,#4545);
#4540 = PLANE('',#4541);
#4541 = AXIS2_PLACEMENT_3D('',#4542,#4543,#4544);
#4542 = CARTESIAN_POINT('',(-187.,-137.,3.));
#4543 = DIRECTION('',(0.,1.,0.));
#4544 = DIRECTION('',(0.,0.,1.));
#4545 = DEFINITIONAL_REPRESENTATION('',(#4546),#4549);
#4546 = B_SPLINE_CURVE_WITH_KNOTS('',1,(#4547,#4548),.UNSPECIFIED.,.F.,
  .F.,(2,2),(12.5,102.5),.PIECEWISE_BEZIER_KNOTS.);
#4547 = CARTESIAN_POINT('',(171.,25.));
#4548 = CARTESIAN_POINT('',(171.,115.));
#4549 = ( GEOMETRIC_REPRESENTATION_CONTEXT(2) 
PARAMETRIC_REPRESENTATION_CONTEXT() REPRESENTATION_CONTEXT('2D SPACE',''
  ) );
#4550 = ADVANCED_FACE('',(#4551),#1903,.F.);
#4551 = FACE_BOUND('',#4552,.F.);
#4552 = EDGE_LOOP('',(#4553,#4554,#4555,#4578));
#4553 = ORIENTED_EDGE('',*,*,#4504,.F.);
#4554 = ORIENTED_EDGE('',*,*,#1890,.T.);
#4555 = ORIENTED_EDGE('',*,*,#4556,.T.);
#4556 = EDGE_CURVE('',#1865,#4557,#4559,.T.);
#4557 = VERTEX_POINT('',#4558);
#4558 = CARTESIAN_POINT('',(-72.,-137.,12.));
#4559 = SURFACE_CURVE('',#4560,(#4564,#4571),.PCURVE_S1.);
#4560 = LINE('',#4561,#4562);
#4561 = CARTESIAN_POINT('',(-72.,-141.,12.));
#4562 = VECTOR('',#4563,1.);
#4563 = DIRECTION('',(0.,1.,0.));
#4564 = PCURVE('',#1903,#4565);
#4565 = DEFINITIONAL_REPRESENTATION('',(#4566),#4570);
#4566 = LINE('',#4567,#4568);
#4567 = CARTESIAN_POINT('',(0.,0.));
#4568 = VECTOR('',#4569,1.);
#4569 = DIRECTION('',(0.,-1.));
#4570 = ( GEOMETRIC_REPRESENTATION_CONTEXT(2) 
PARAMETRIC_REPRESENTATION_CONTEXT() REPRESENTATION_CONTEXT('2D SPACE',''
  ) );
#4571 = PCURVE('',#1879,#4572);
#4572 = DEFINITIONAL_REPRESENTATION('',(#4573),#4577);
#4573 = LINE('',#4574,#4575);
#4574 = CARTESIAN_POINT('',(90.,0.));
#4575 = VECTOR('',#4576,1.);
#4576 = DIRECTION('',(0.,1.));
#4577 = ( GEOMETRIC_REPRESENTATION_CONTEXT(2) 
PARAMETRIC_REPRESENTATION_CONTEXT() REPRESENTATION_CONTEXT('2D SPACE',''
  ) );
#4578 = ORIENTED_EDGE('',*,*,#4579,.F.);
#4579 = EDGE_CURVE('',#4505,#4557,#4580,.T.);
#4580 = SURFACE_CURVE('',#4581,(#4585,#4591),.PCURVE_S1.);
#4581 = LINE('',#4582,#4583);
#4582 = CARTESIAN_POINT('',(-72.,-137.,7.5));
#4583 = VECTOR('',#4584,1.);
#4584 = DIRECTION('',(0.,0.,-1.));
#4585 = PCURVE('',#1903,#4586);
#4586 = DEFINITIONAL_REPRESENTATION('',(#4587),#4590);
#4587 = B_SPLINE_CURVE_WITH_KNOTS('',1,(#4588,#4589),.UNSPECIFIED.,.F.,
  .F.,(2,2),(-166.5,-4.5),.PIECEWISE_BEZIER_KNOTS.);
#4588 = CARTESIAN_POINT('',(162.,-4.));
#4589 = CARTESIAN_POINT('',(0.,-4.));
#4590 = ( GEOMETRIC_REPRESENTATION_CONTEXT(2) 
PARAMETRIC_REPRESENTATION_CONTEXT() REPRESENTATION_CONTEXT('2D SPACE',''
  ) );
#4591 = PCURVE('',#4540,#4592);
#4592 = DEFINITIONAL_REPRESENTATION('',(#4593),#4596);
#4593 = B_SPLINE_CURVE_WITH_KNOTS('',1,(#4594,#4595),.UNSPECIFIED.,.F.,
  .F.,(2,2),(-166.5,-4.5),.PIECEWISE_BEZIER_KNOTS.);
#4594 = CARTESIAN_POINT('',(171.,115.));
#4595 = CARTESIAN_POINT('',(9.,115.));
#4596 = ( GEOMETRIC_REPRESENTATION_CONTEXT(2) 
PARAMETRIC_REPRESENTATION_CONTEXT() REPRESENTATION_CONTEXT('2D SPACE',''
  ) );
#4597 = ADVANCED_FACE('',(#4598),#1879,.T.);
#4598 = FACE_BOUND('',#4599,.T.);
#4599 = EDGE_LOOP('',(#4600,#4623,#4624,#4625));
#4600 = ORIENTED_EDGE('',*,*,#4601,.F.);
#4601 = EDGE_CURVE('',#1839,#4602,#4604,.T.);
#4602 = VERTEX_POINT('',#4603);
#4603 = CARTESIAN_POINT('',(-162.,-137.,12.));
#4604 = SURFACE_CURVE('',#4605,(#4609,#4616),.PCURVE_S1.);
#4605 = LINE('',#4606,#4607);
#4606 = CARTESIAN_POINT('',(-162.,-141.,12.));
#4607 = VECTOR('',#4608,1.);
#4608 = DIRECTION('',(0.,1.,0.));
#4609 = PCURVE('',#1879,#4610);
#4610 = DEFINITIONAL_REPRESENTATION('',(#4611),#4615);
#4611 = LINE('',#4612,#4613);
#4612 = CARTESIAN_POINT('',(0.,0.));
#4613 = VECTOR('',#4614,1.);
#4614 = DIRECTION('',(0.,1.));
#4615 = ( GEOMETRIC_REPRESENTATION_CONTEXT(2) 
PARAMETRIC_REPRESENTATION_CONTEXT() REPRESENTATION_CONTEXT('2D SPACE',''
  ) );
#4616 = PCURVE('',#1853,#4617);
#4617 = DEFINITIONAL_REPRESENTATION('',(#4618),#4622);
#4618 = LINE('',#4619,#4620);
#4619 = CARTESIAN_POINT('',(0.,0.));
#4620 = VECTOR('',#4621,1.);
#4621 = DIRECTION('',(0.,-1.));
#4622 = ( GEOMETRIC_REPRESENTATION_CONTEXT(2) 
PARAMETRIC_REPRESENTATION_CONTEXT() REPRESENTATION_CONTEXT('2D SPACE',''
  ) );
#4623 = ORIENTED_EDGE('',*,*,#1864,.T.);
#4624 = ORIENTED_EDGE('',*,*,#4556,.T.);
#4625 = ORIENTED_EDGE('',*,*,#4626,.F.);
#4626 = EDGE_CURVE('',#4602,#4557,#4627,.T.);
#4627 = SURFACE_CURVE('',#4628,(#4632,#4638),.PCURVE_S1.);
#4628 = LINE('',#4629,#4630);
#4629 = CARTESIAN_POINT('',(-174.5,-137.,12.));
#4630 = VECTOR('',#4631,1.);
#4631 = DIRECTION('',(1.,0.,0.));
#4632 = PCURVE('',#1879,#4633);
#4633 = DEFINITIONAL_REPRESENTATION('',(#4634),#4637);
#4634 = B_SPLINE_CURVE_WITH_KNOTS('',1,(#4635,#4636),.UNSPECIFIED.,.F.,
  .F.,(2,2),(12.5,102.5),.PIECEWISE_BEZIER_KNOTS.);
#4635 = CARTESIAN_POINT('',(0.,4.));
#4636 = CARTESIAN_POINT('',(90.,4.));
#4637 = ( GEOMETRIC_REPRESENTATION_CONTEXT(2) 
PARAMETRIC_REPRESENTATION_CONTEXT() REPRESENTATION_CONTEXT('2D SPACE',''
  ) );
#4638 = PCURVE('',#4540,#4639);
#4639 = DEFINITIONAL_REPRESENTATION('',(#4640),#4643);
#4640 = B_SPLINE_CURVE_WITH_KNOTS('',1,(#4641,#4642),.UNSPECIFIED.,.F.,
  .F.,(2,2),(12.5,102.5),.PIECEWISE_BEZIER_KNOTS.);
#4641 = CARTESIAN_POINT('',(9.,25.));
#4642 = CARTESIAN_POINT('',(9.,115.));
#4643 = ( GEOMETRIC_REPRESENTATION_CONTEXT(2) 
PARAMETRIC_REPRESENTATION_CONTEXT() REPRESENTATION_CONTEXT('2D SPACE',''
  ) );
#4644 = ADVANCED_FACE('',(#4645),#1853,.T.);
#4645 = FACE_BOUND('',#4646,.T.);
#4646 = EDGE_LOOP('',(#4647,#4648,#4649,#4650));
#4647 = ORIENTED_EDGE('',*,*,#4480,.F.);
#4648 = ORIENTED_EDGE('',*,*,#1838,.T.);
#4649 = ORIENTED_EDGE('',*,*,#4601,.T.);
#4650 = ORIENTED_EDGE('',*,*,#4651,.F.);
#4651 = EDGE_CURVE('',#4481,#4602,#4652,.T.);
#4652 = SURFACE_CURVE('',#4653,(#4657,#4663),.PCURVE_S1.);
#4653 = LINE('',#4654,#4655);
#4654 = CARTESIAN_POINT('',(-162.,-137.,7.5));
#4655 = VECTOR('',#4656,1.);
#4656 = DIRECTION('',(0.,0.,-1.));
#4657 = PCURVE('',#1853,#4658);
#4658 = DEFINITIONAL_REPRESENTATION('',(#4659),#4662);
#4659 = B_SPLINE_CURVE_WITH_KNOTS('',1,(#4660,#4661),.UNSPECIFIED.,.F.,
  .F.,(2,2),(-166.5,-4.5),.PIECEWISE_BEZIER_KNOTS.);
#4660 = CARTESIAN_POINT('',(162.,-4.));
#4661 = CARTESIAN_POINT('',(0.,-4.));
#4662 = ( GEOMETRIC_REPRESENTATION_CONTEXT(2) 
PARAMETRIC_REPRESENTATION_CONTEXT() REPRESENTATION_CONTEXT('2D SPACE',''
  ) );
#4663 = PCURVE('',#4540,#4664);
#4664 = DEFINITIONAL_REPRESENTATION('',(#4665),#4668);
#4665 = B_SPLINE_CURVE_WITH_KNOTS('',1,(#4666,#4667),.UNSPECIFIED.,.F.,
  .F.,(2,2),(-166.5,-4.5),.PIECEWISE_BEZIER_KNOTS.);
#4666 = CARTESIAN_POINT('',(171.,25.));
#4667 = CARTESIAN_POINT('',(9.,25.));
#4668 = ( GEOMETRIC_REPRESENTATION_CONTEXT(2) 
PARAMETRIC_REPRESENTATION_CONTEXT() REPRESENTATION_CONTEXT('2D SPACE',''
  ) );
#4669 = ADVANCED_FACE('',(#4670),#1960,.F.);
#4670 = FACE_BOUND('',#4671,.F.);
#4671 = EDGE_LOOP('',(#4672,#4701,#4728,#4749));
#4672 = ORIENTED_EDGE('',*,*,#4673,.F.);
#4673 = EDGE_CURVE('',#4674,#1944,#4676,.T.);
#4674 = VERTEX_POINT('',#4675);
#4675 = CARTESIAN_POINT('',(121.5,137.,99.5));
#4676 = SURFACE_CURVE('',#4677,(#4682,#4689),.PCURVE_S1.);
#4677 = CIRCLE('',#4678,3.);
#4678 = AXIS2_PLACEMENT_3D('',#4679,#4680,#4681);
#4679 = CARTESIAN_POINT('',(121.5,140.,99.5));
#4680 = DIRECTION('',(0.,0.,1.));
#4681 = DIRECTION('',(1.,0.,-0.));
#4682 = PCURVE('',#1960,#4683);
#4683 = DEFINITIONAL_REPRESENTATION('',(#4684),#4688);
#4684 = CIRCLE('',#4685,3.);
#4685 = AXIS2_PLACEMENT_2D('',#4686,#4687);
#4686 = CARTESIAN_POINT('',(90.5,141.));
#4687 = DIRECTION('',(1.,0.));
#4688 = ( GEOMETRIC_REPRESENTATION_CONTEXT(2) 
PARAMETRIC_REPRESENTATION_CONTEXT() REPRESENTATION_CONTEXT('2D SPACE',''
  ) );
#4689 = PCURVE('',#4690,#4695);
#4690 = CYLINDRICAL_SURFACE('',#4691,3.);
#4691 = AXIS2_PLACEMENT_3D('',#4692,#4693,#4694);
#4692 = CARTESIAN_POINT('',(121.5,140.,91.));
#4693 = DIRECTION('',(0.,0.,1.));
#4694 = DIRECTION('',(1.,0.,-0.));
#4695 = DEFINITIONAL_REPRESENTATION('',(#4696),#4700);
#4696 = LINE('',#4697,#4698);
#4697 = CARTESIAN_POINT('',(-6.28318530718,8.5));
#4698 = VECTOR('',#4699,1.);
#4699 = DIRECTION('',(1.,-0.));
#4700 = ( GEOMETRIC_REPRESENTATION_CONTEXT(2) 
PARAMETRIC_REPRESENTATION_CONTEXT() REPRESENTATION_CONTEXT('2D SPACE',''
  ) );
#4701 = ORIENTED_EDGE('',*,*,#4702,.T.);
#4702 = EDGE_CURVE('',#4674,#4703,#4705,.T.);
#4703 = VERTEX_POINT('',#4704);
#4704 = CARTESIAN_POINT('',(167.,137.,99.5));
#4705 = SURFACE_CURVE('',#4706,(#4710,#4716),.PCURVE_S1.);
#4706 = LINE('',#4707,#4708);
#4707 = CARTESIAN_POINT('',(-78.,137.,99.5));
#4708 = VECTOR('',#4709,1.);
#4709 = DIRECTION('',(1.,0.,0.));
#4710 = PCURVE('',#1960,#4711);
#4711 = DEFINITIONAL_REPRESENTATION('',(#4712),#4715);
#4712 = B_SPLINE_CURVE_WITH_KNOTS('',1,(#4713,#4714),.UNSPECIFIED.,.F.,
  .F.,(2,2),(109.,245.),.PIECEWISE_BEZIER_KNOTS.);
#4713 = CARTESIAN_POINT('',(0.,138.));
#4714 = CARTESIAN_POINT('',(136.,138.));
#4715 = ( GEOMETRIC_REPRESENTATION_CONTEXT(2) 
PARAMETRIC_REPRESENTATION_CONTEXT() REPRESENTATION_CONTEXT('2D SPACE',''
  ) );
#4716 = PCURVE('',#4717,#4722);
#4717 = PLANE('',#4718);
#4718 = AXIS2_PLACEMENT_3D('',#4719,#4720,#4721);
#4719 = CARTESIAN_POINT('',(-187.,137.,3.));
#4720 = DIRECTION('',(0.,1.,0.));
#4721 = DIRECTION('',(0.,0.,1.));
#4722 = DEFINITIONAL_REPRESENTATION('',(#4723),#4727);
#4723 = LINE('',#4724,#4725);
#4724 = CARTESIAN_POINT('',(96.5,109.));
#4725 = VECTOR('',#4726,1.);
#4726 = DIRECTION('',(0.,1.));
#4727 = ( GEOMETRIC_REPRESENTATION_CONTEXT(2) 
PARAMETRIC_REPRESENTATION_CONTEXT() REPRESENTATION_CONTEXT('2D SPACE',''
  ) );
#4728 = ORIENTED_EDGE('',*,*,#4729,.T.);
#4729 = EDGE_CURVE('',#4703,#1946,#4730,.T.);
#4730 = SURFACE_CURVE('',#4731,(#4735,#4742),.PCURVE_S1.);
#4731 = LINE('',#4732,#4733);
#4732 = CARTESIAN_POINT('',(167.,-1.,99.5));
#4733 = VECTOR('',#4734,1.);
#4734 = DIRECTION('',(0.,1.,0.));
#4735 = PCURVE('',#1960,#4736);
#4736 = DEFINITIONAL_REPRESENTATION('',(#4737),#4741);
#4737 = LINE('',#4738,#4739);
#4738 = CARTESIAN_POINT('',(136.,0.));
#4739 = VECTOR('',#4740,1.);
#4740 = DIRECTION('',(0.,1.));
#4741 = ( GEOMETRIC_REPRESENTATION_CONTEXT(2) 
PARAMETRIC_REPRESENTATION_CONTEXT() REPRESENTATION_CONTEXT('2D SPACE',''
  ) );
#4742 = PCURVE('',#2144,#4743);
#4743 = DEFINITIONAL_REPRESENTATION('',(#4744),#4748);
#4744 = LINE('',#4745,#4746);
#4745 = CARTESIAN_POINT('',(85.,0.));
#4746 = VECTOR('',#4747,1.);
#4747 = DIRECTION('',(0.,-1.));
#4748 = ( GEOMETRIC_REPRESENTATION_CONTEXT(2) 
PARAMETRIC_REPRESENTATION_CONTEXT() REPRESENTATION_CONTEXT('2D SPACE',''
  ) );
#4749 = ORIENTED_EDGE('',*,*,#1943,.F.);
#4750 = ADVANCED_FACE('',(#4751),#2144,.F.);
#4751 = FACE_BOUND('',#4752,.F.);
#4752 = EDGE_LOOP('',(#4753,#4754,#4776,#4797));
#4753 = ORIENTED_EDGE('',*,*,#4729,.F.);
#4754 = ORIENTED_EDGE('',*,*,#4755,.T.);
#4755 = EDGE_CURVE('',#4703,#4756,#4758,.T.);
#4756 = VERTEX_POINT('',#4757);
#4757 = CARTESIAN_POINT('',(167.,137.,14.5));
#4758 = SURFACE_CURVE('',#4759,(#4763,#4769),.PCURVE_S1.);
#4759 = LINE('',#4760,#4761);
#4760 = CARTESIAN_POINT('',(167.,137.,8.75));
#4761 = VECTOR('',#4762,1.);
#4762 = DIRECTION('',(0.,0.,-1.));
#4763 = PCURVE('',#2144,#4764);
#4764 = DEFINITIONAL_REPRESENTATION('',(#4765),#4768);
#4765 = B_SPLINE_CURVE_WITH_KNOTS('',1,(#4766,#4767),.UNSPECIFIED.,.F.,
  .F.,(2,2),(-90.75,-5.75),.PIECEWISE_BEZIER_KNOTS.);
#4766 = CARTESIAN_POINT('',(85.,-138.));
#4767 = CARTESIAN_POINT('',(0.,-138.));
#4768 = ( GEOMETRIC_REPRESENTATION_CONTEXT(2) 
PARAMETRIC_REPRESENTATION_CONTEXT() REPRESENTATION_CONTEXT('2D SPACE',''
  ) );
#4769 = PCURVE('',#4717,#4770);
#4770 = DEFINITIONAL_REPRESENTATION('',(#4771),#4775);
#4771 = LINE('',#4772,#4773);
#4772 = CARTESIAN_POINT('',(5.75,354.));
#4773 = VECTOR('',#4774,1.);
#4774 = DIRECTION('',(-1.,0.));
#4775 = ( GEOMETRIC_REPRESENTATION_CONTEXT(2) 
PARAMETRIC_REPRESENTATION_CONTEXT() REPRESENTATION_CONTEXT('2D SPACE',''
  ) );
#4776 = ORIENTED_EDGE('',*,*,#4777,.T.);
#4777 = EDGE_CURVE('',#4756,#2106,#4778,.T.);
#4778 = SURFACE_CURVE('',#4779,(#4783,#4790),.PCURVE_S1.);
#4779 = LINE('',#4780,#4781);
#4780 = CARTESIAN_POINT('',(167.,-1.,14.5));
#4781 = VECTOR('',#4782,1.);
#4782 = DIRECTION('',(0.,1.,0.));
#4783 = PCURVE('',#2144,#4784);
#4784 = DEFINITIONAL_REPRESENTATION('',(#4785),#4789);
#4785 = LINE('',#4786,#4787);
#4786 = CARTESIAN_POINT('',(0.,0.));
#4787 = VECTOR('',#4788,1.);
#4788 = DIRECTION('',(0.,-1.));
#4789 = ( GEOMETRIC_REPRESENTATION_CONTEXT(2) 
PARAMETRIC_REPRESENTATION_CONTEXT() REPRESENTATION_CONTEXT('2D SPACE',''
  ) );
#4790 = PCURVE('',#2120,#4791);
#4791 = DEFINITIONAL_REPRESENTATION('',(#4792),#4796);
#4792 = LINE('',#4793,#4794);
#4793 = CARTESIAN_POINT('',(136.,0.));
#4794 = VECTOR('',#4795,1.);
#4795 = DIRECTION('',(0.,1.));
#4796 = ( GEOMETRIC_REPRESENTATION_CONTEXT(2) 
PARAMETRIC_REPRESENTATION_CONTEXT() REPRESENTATION_CONTEXT('2D SPACE',''
  ) );
#4797 = ORIENTED_EDGE('',*,*,#2131,.F.);
#4798 = ADVANCED_FACE('',(#4799),#2120,.T.);
#4799 = FACE_BOUND('',#4800,.T.);
#4800 = EDGE_LOOP('',(#4801,#4824,#4844,#4845));
#4801 = ORIENTED_EDGE('',*,*,#4802,.F.);
#4802 = EDGE_CURVE('',#4803,#2080,#4805,.T.);
#4803 = VERTEX_POINT('',#4804);
#4804 = CARTESIAN_POINT('',(31.,137.,14.5));
#4805 = SURFACE_CURVE('',#4806,(#4810,#4817),.PCURVE_S1.);
#4806 = LINE('',#4807,#4808);
#4807 = CARTESIAN_POINT('',(31.,-1.,14.5));
#4808 = VECTOR('',#4809,1.);
#4809 = DIRECTION('',(0.,1.,0.));
#4810 = PCURVE('',#2120,#4811);
#4811 = DEFINITIONAL_REPRESENTATION('',(#4812),#4816);
#4812 = LINE('',#4813,#4814);
#4813 = CARTESIAN_POINT('',(0.,0.));
#4814 = VECTOR('',#4815,1.);
#4815 = DIRECTION('',(0.,1.));
#4816 = ( GEOMETRIC_REPRESENTATION_CONTEXT(2) 
PARAMETRIC_REPRESENTATION_CONTEXT() REPRESENTATION_CONTEXT('2D SPACE',''
  ) );
#4817 = PCURVE('',#2094,#4818);
#4818 = DEFINITIONAL_REPRESENTATION('',(#4819),#4823);
#4819 = LINE('',#4820,#4821);
#4820 = CARTESIAN_POINT('',(0.,0.));
#4821 = VECTOR('',#4822,1.);
#4822 = DIRECTION('',(0.,-1.));
#4823 = ( GEOMETRIC_REPRESENTATION_CONTEXT(2) 
PARAMETRIC_REPRESENTATION_CONTEXT() REPRESENTATION_CONTEXT('2D SPACE',''
  ) );
#4824 = ORIENTED_EDGE('',*,*,#4825,.T.);
#4825 = EDGE_CURVE('',#4803,#4756,#4826,.T.);
#4826 = SURFACE_CURVE('',#4827,(#4831,#4837),.PCURVE_S1.);
#4827 = LINE('',#4828,#4829);
#4828 = CARTESIAN_POINT('',(-78.,137.,14.5));
#4829 = VECTOR('',#4830,1.);
#4830 = DIRECTION('',(1.,0.,0.));
#4831 = PCURVE('',#2120,#4832);
#4832 = DEFINITIONAL_REPRESENTATION('',(#4833),#4836);
#4833 = B_SPLINE_CURVE_WITH_KNOTS('',1,(#4834,#4835),.UNSPECIFIED.,.F.,
  .F.,(2,2),(109.,245.),.PIECEWISE_BEZIER_KNOTS.);
#4834 = CARTESIAN_POINT('',(0.,138.));
#4835 = CARTESIAN_POINT('',(136.,138.));
#4836 = ( GEOMETRIC_REPRESENTATION_CONTEXT(2) 
PARAMETRIC_REPRESENTATION_CONTEXT() REPRESENTATION_CONTEXT('2D SPACE',''
  ) );
#4837 = PCURVE('',#4717,#4838);
#4838 = DEFINITIONAL_REPRESENTATION('',(#4839),#4843);
#4839 = LINE('',#4840,#4841);
#4840 = CARTESIAN_POINT('',(11.5,109.));
#4841 = VECTOR('',#4842,1.);
#4842 = DIRECTION('',(0.,1.));
#4843 = ( GEOMETRIC_REPRESENTATION_CONTEXT(2) 
PARAMETRIC_REPRESENTATION_CONTEXT() REPRESENTATION_CONTEXT('2D SPACE',''
  ) );
#4844 = ORIENTED_EDGE('',*,*,#4777,.T.);
#4845 = ORIENTED_EDGE('',*,*,#2105,.F.);
#4846 = ADVANCED_FACE('',(#4847),#2094,.T.);
#4847 = FACE_BOUND('',#4848,.T.);
#4848 = EDGE_LOOP('',(#4849,#4870,#4890,#4891));
#4849 = ORIENTED_EDGE('',*,*,#4850,.T.);
#4850 = EDGE_CURVE('',#2054,#4851,#4853,.T.);
#4851 = VERTEX_POINT('',#4852);
#4852 = CARTESIAN_POINT('',(31.,137.,91.));
#4853 = SURFACE_CURVE('',#4854,(#4858,#4864),.PCURVE_S1.);
#4854 = LINE('',#4855,#4856);
#4855 = CARTESIAN_POINT('',(31.,68.,91.));
#4856 = VECTOR('',#4857,1.);
#4857 = DIRECTION('',(0.,-1.,0.));
#4858 = PCURVE('',#2094,#4859);
#4859 = DEFINITIONAL_REPRESENTATION('',(#4860),#4863);
#4860 = B_SPLINE_CURVE_WITH_KNOTS('',1,(#4861,#4862),.UNSPECIFIED.,.F.,
  .F.,(2,2),(-72.,-69.),.PIECEWISE_BEZIER_KNOTS.);
#4861 = CARTESIAN_POINT('',(76.5,-141.));
#4862 = CARTESIAN_POINT('',(76.5,-138.));
#4863 = ( GEOMETRIC_REPRESENTATION_CONTEXT(2) 
PARAMETRIC_REPRESENTATION_CONTEXT() REPRESENTATION_CONTEXT('2D SPACE',''
  ) );
#4864 = PCURVE('',#2068,#4865);
#4865 = DEFINITIONAL_REPRESENTATION('',(#4866),#4869);
#4866 = B_SPLINE_CURVE_WITH_KNOTS('',1,(#4867,#4868),.UNSPECIFIED.,.F.,
  .F.,(2,2),(-72.,-69.),.PIECEWISE_BEZIER_KNOTS.);
#4867 = CARTESIAN_POINT('',(115.5,3.));
#4868 = CARTESIAN_POINT('',(115.5,0.));
#4869 = ( GEOMETRIC_REPRESENTATION_CONTEXT(2) 
PARAMETRIC_REPRESENTATION_CONTEXT() REPRESENTATION_CONTEXT('2D SPACE',''
  ) );
#4870 = ORIENTED_EDGE('',*,*,#4871,.T.);
#4871 = EDGE_CURVE('',#4851,#4803,#4872,.T.);
#4872 = SURFACE_CURVE('',#4873,(#4877,#4883),.PCURVE_S1.);
#4873 = LINE('',#4874,#4875);
#4874 = CARTESIAN_POINT('',(31.,137.,8.75));
#4875 = VECTOR('',#4876,1.);
#4876 = DIRECTION('',(0.,0.,-1.));
#4877 = PCURVE('',#2094,#4878);
#4878 = DEFINITIONAL_REPRESENTATION('',(#4879),#4882);
#4879 = B_SPLINE_CURVE_WITH_KNOTS('',1,(#4880,#4881),.UNSPECIFIED.,.F.,
  .F.,(2,2),(-90.75,-5.75),.PIECEWISE_BEZIER_KNOTS.);
#4880 = CARTESIAN_POINT('',(85.,-138.));
#4881 = CARTESIAN_POINT('',(0.,-138.));
#4882 = ( GEOMETRIC_REPRESENTATION_CONTEXT(2) 
PARAMETRIC_REPRESENTATION_CONTEXT() REPRESENTATION_CONTEXT('2D SPACE',''
  ) );
#4883 = PCURVE('',#4717,#4884);
#4884 = DEFINITIONAL_REPRESENTATION('',(#4885),#4889);
#4885 = LINE('',#4886,#4887);
#4886 = CARTESIAN_POINT('',(5.75,218.));
#4887 = VECTOR('',#4888,1.);
#4888 = DIRECTION('',(-1.,0.));
#4889 = ( GEOMETRIC_REPRESENTATION_CONTEXT(2) 
PARAMETRIC_REPRESENTATION_CONTEXT() REPRESENTATION_CONTEXT('2D SPACE',''
  ) );
#4890 = ORIENTED_EDGE('',*,*,#4802,.T.);
#4891 = ORIENTED_EDGE('',*,*,#2079,.F.);
#4892 = ADVANCED_FACE('',(#4893),#2068,.F.);
#4893 = FACE_BOUND('',#4894,.F.);
#4894 = EDGE_LOOP('',(#4895,#4918,#4919,#4920,#4943,#4971,#4994,#5023,
    #5051));
#4895 = ORIENTED_EDGE('',*,*,#4896,.F.);
#4896 = EDGE_CURVE('',#2026,#4897,#4899,.T.);
#4897 = VERTEX_POINT('',#4898);
#4898 = CARTESIAN_POINT('',(-84.5,152.,91.));
#4899 = SURFACE_CURVE('',#4900,(#4904,#4911),.PCURVE_S1.);
#4900 = LINE('',#4901,#4902);
#4901 = CARTESIAN_POINT('',(-84.5,137.,91.));
#4902 = VECTOR('',#4903,1.);
#4903 = DIRECTION('',(0.,1.,0.));
#4904 = PCURVE('',#2068,#4905);
#4905 = DEFINITIONAL_REPRESENTATION('',(#4906),#4910);
#4906 = LINE('',#4907,#4908);
#4907 = CARTESIAN_POINT('',(0.,0.));
#4908 = VECTOR('',#4909,1.);
#4909 = DIRECTION('',(0.,1.));
#4910 = ( GEOMETRIC_REPRESENTATION_CONTEXT(2) 
PARAMETRIC_REPRESENTATION_CONTEXT() REPRESENTATION_CONTEXT('2D SPACE',''
  ) );
#4911 = PCURVE('',#2041,#4912);
#4912 = DEFINITIONAL_REPRESENTATION('',(#4913),#4917);
#4913 = LINE('',#4914,#4915);
#4914 = CARTESIAN_POINT('',(0.,0.));
#4915 = VECTOR('',#4916,1.);
#4916 = DIRECTION('',(0.,-1.));
#4917 = ( GEOMETRIC_REPRESENTATION_CONTEXT(2) 
PARAMETRIC_REPRESENTATION_CONTEXT() REPRESENTATION_CONTEXT('2D SPACE',''
  ) );
#4918 = ORIENTED_EDGE('',*,*,#2053,.T.);
#4919 = ORIENTED_EDGE('',*,*,#4850,.T.);
#4920 = ORIENTED_EDGE('',*,*,#4921,.T.);
#4921 = EDGE_CURVE('',#4851,#4922,#4924,.T.);
#4922 = VERTEX_POINT('',#4923);
#4923 = CARTESIAN_POINT('',(121.5,137.,91.));
#4924 = SURFACE_CURVE('',#4925,(#4929,#4936),.PCURVE_S1.);
#4925 = LINE('',#4926,#4927);
#4926 = CARTESIAN_POINT('',(-84.5,137.,91.));
#4927 = VECTOR('',#4928,1.);
#4928 = DIRECTION('',(1.,0.,0.));
#4929 = PCURVE('',#2068,#4930);
#4930 = DEFINITIONAL_REPRESENTATION('',(#4931),#4935);
#4931 = LINE('',#4932,#4933);
#4932 = CARTESIAN_POINT('',(0.,0.));
#4933 = VECTOR('',#4934,1.);
#4934 = DIRECTION('',(1.,0.));
#4935 = ( GEOMETRIC_REPRESENTATION_CONTEXT(2) 
PARAMETRIC_REPRESENTATION_CONTEXT() REPRESENTATION_CONTEXT('2D SPACE',''
  ) );
#4936 = PCURVE('',#4717,#4937);
#4937 = DEFINITIONAL_REPRESENTATION('',(#4938),#4942);
#4938 = LINE('',#4939,#4940);
#4939 = CARTESIAN_POINT('',(88.,102.5));
#4940 = VECTOR('',#4941,1.);
#4941 = DIRECTION('',(0.,1.));
#4942 = ( GEOMETRIC_REPRESENTATION_CONTEXT(2) 
PARAMETRIC_REPRESENTATION_CONTEXT() REPRESENTATION_CONTEXT('2D SPACE',''
  ) );
#4943 = ORIENTED_EDGE('',*,*,#4944,.F.);
#4944 = EDGE_CURVE('',#4945,#4922,#4947,.T.);
#4945 = VERTEX_POINT('',#4946);
#4946 = CARTESIAN_POINT('',(124.5,140.,91.));
#4947 = SURFACE_CURVE('',#4948,(#4953,#4964),.PCURVE_S1.);
#4948 = CIRCLE('',#4949,3.);
#4949 = AXIS2_PLACEMENT_3D('',#4950,#4951,#4952);
#4950 = CARTESIAN_POINT('',(121.5,140.,91.));
#4951 = DIRECTION('',(-0.,-0.,-1.));
#4952 = DIRECTION('',(0.,-1.,0.));
#4953 = PCURVE('',#2068,#4954);
#4954 = DEFINITIONAL_REPRESENTATION('',(#4955),#4963);
#4955 = ( BOUNDED_CURVE() B_SPLINE_CURVE(2,(#4956,#4957,#4958,#4959,
#4960,#4961,#4962),.UNSPECIFIED.,.T.,.F.) B_SPLINE_CURVE_WITH_KNOTS((1,2
    ,2,2,2,1),(-2.094395102393,0.,2.094395102393,4.188790204786,
6.28318530718,8.377580409573),.UNSPECIFIED.) CURVE() 
GEOMETRIC_REPRESENTATION_ITEM() RATIONAL_B_SPLINE_CURVE((1.,0.5,1.,0.5,
1.,0.5,1.)) REPRESENTATION_ITEM('') );
#4956 = CARTESIAN_POINT('',(206.,0.));
#4957 = CARTESIAN_POINT('',(200.80384757729,0.));
#4958 = CARTESIAN_POINT('',(203.40192378864,4.5));
#4959 = CARTESIAN_POINT('',(206.,9.));
#4960 = CARTESIAN_POINT('',(208.59807621135,4.5));
#4961 = CARTESIAN_POINT('',(211.1961524227,4.440892098501E-15));
#4962 = CARTESIAN_POINT('',(206.,0.));
#4963 = ( GEOMETRIC_REPRESENTATION_CONTEXT(2) 
PARAMETRIC_REPRESENTATION_CONTEXT() REPRESENTATION_CONTEXT('2D SPACE',''
  ) );
#4964 = PCURVE('',#4690,#4965);
#4965 = DEFINITIONAL_REPRESENTATION('',(#4966),#4970);
#4966 = LINE('',#4967,#4968);
#4967 = CARTESIAN_POINT('',(4.712388980385,-0.));
#4968 = VECTOR('',#4969,1.);
#4969 = DIRECTION('',(-1.,0.));
#4970 = ( GEOMETRIC_REPRESENTATION_CONTEXT(2) 
PARAMETRIC_REPRESENTATION_CONTEXT() REPRESENTATION_CONTEXT('2D SPACE',''
  ) );
#4971 = ORIENTED_EDGE('',*,*,#4972,.T.);
#4972 = EDGE_CURVE('',#4945,#4973,#4975,.T.);
#4973 = VERTEX_POINT('',#4974);
#4974 = CARTESIAN_POINT('',(124.5,152.,91.));
#4975 = SURFACE_CURVE('',#4976,(#4980,#4987),.PCURVE_S1.);
#4976 = LINE('',#4977,#4978);
#4977 = CARTESIAN_POINT('',(124.5,137.,91.));
#4978 = VECTOR('',#4979,1.);
#4979 = DIRECTION('',(0.,1.,0.));
#4980 = PCURVE('',#2068,#4981);
#4981 = DEFINITIONAL_REPRESENTATION('',(#4982),#4986);
#4982 = LINE('',#4983,#4984);
#4983 = CARTESIAN_POINT('',(209.,0.));
#4984 = VECTOR('',#4985,1.);
#4985 = DIRECTION('',(0.,1.));
#4986 = ( GEOMETRIC_REPRESENTATION_CONTEXT(2) 
PARAMETRIC_REPRESENTATION_CONTEXT() REPRESENTATION_CONTEXT('2D SPACE',''
  ) );
#4987 = PCURVE('',#1987,#4988);
#4988 = DEFINITIONAL_REPRESENTATION('',(#4989),#4993);
#4989 = LINE('',#4990,#4991);
#4990 = CARTESIAN_POINT('',(0.,0.));
#4991 = VECTOR('',#4992,1.);
#4992 = DIRECTION('',(0.,-1.));
#4993 = ( GEOMETRIC_REPRESENTATION_CONTEXT(2) 
PARAMETRIC_REPRESENTATION_CONTEXT() REPRESENTATION_CONTEXT('2D SPACE',''
  ) );
#4994 = ORIENTED_EDGE('',*,*,#4995,.T.);
#4995 = EDGE_CURVE('',#4973,#4996,#4998,.T.);
#4996 = VERTEX_POINT('',#4997);
#4997 = CARTESIAN_POINT('',(121.5,155.,91.));
#4998 = SURFACE_CURVE('',#4999,(#5004,#5011),.PCURVE_S1.);
#4999 = CIRCLE('',#5000,3.);
#5000 = AXIS2_PLACEMENT_3D('',#5001,#5002,#5003);
#5001 = CARTESIAN_POINT('',(121.5,152.,91.));
#5002 = DIRECTION('',(0.,0.,1.));
#5003 = DIRECTION('',(0.,-1.,0.));
#5004 = PCURVE('',#2068,#5005);
#5005 = DEFINITIONAL_REPRESENTATION('',(#5006),#5010);
#5006 = CIRCLE('',#5007,3.);
#5007 = AXIS2_PLACEMENT_2D('',#5008,#5009);
#5008 = CARTESIAN_POINT('',(206.,15.));
#5009 = DIRECTION('',(0.,-1.));
#5010 = ( GEOMETRIC_REPRESENTATION_CONTEXT(2) 
PARAMETRIC_REPRESENTATION_CONTEXT() REPRESENTATION_CONTEXT('2D SPACE',''
  ) );
#5011 = PCURVE('',#5012,#5017);
#5012 = CYLINDRICAL_SURFACE('',#5013,3.);
#5013 = AXIS2_PLACEMENT_3D('',#5014,#5015,#5016);
#5014 = CARTESIAN_POINT('',(121.5,152.,91.));
#5015 = DIRECTION('',(0.,0.,1.));
#5016 = DIRECTION('',(1.,0.,-0.));
#5017 = DEFINITIONAL_REPRESENTATION('',(#5018),#5022);
#5018 = LINE('',#5019,#5020);
#5019 = CARTESIAN_POINT('',(-1.570796326795,0.));
#5020 = VECTOR('',#5021,1.);
#5021 = DIRECTION('',(1.,0.));
#5022 = ( GEOMETRIC_REPRESENTATION_CONTEXT(2) 
PARAMETRIC_REPRESENTATION_CONTEXT() REPRESENTATION_CONTEXT('2D SPACE',''
  ) );
#5023 = ORIENTED_EDGE('',*,*,#5024,.F.);
#5024 = EDGE_CURVE('',#5025,#4996,#5027,.T.);
#5025 = VERTEX_POINT('',#5026);
#5026 = CARTESIAN_POINT('',(-81.5,155.,91.));
#5027 = SURFACE_CURVE('',#5028,(#5032,#5039),.PCURVE_S1.);
#5028 = LINE('',#5029,#5030);
#5029 = CARTESIAN_POINT('',(-84.5,155.,91.));
#5030 = VECTOR('',#5031,1.);
#5031 = DIRECTION('',(1.,0.,0.));
#5032 = PCURVE('',#2068,#5033);
#5033 = DEFINITIONAL_REPRESENTATION('',(#5034),#5038);
#5034 = LINE('',#5035,#5036);
#5035 = CARTESIAN_POINT('',(0.,18.));
#5036 = VECTOR('',#5037,1.);
#5037 = DIRECTION('',(1.,0.));
#5038 = ( GEOMETRIC_REPRESENTATION_CONTEXT(2) 
PARAMETRIC_REPRESENTATION_CONTEXT() REPRESENTATION_CONTEXT('2D SPACE',''
  ) );
#5039 = PCURVE('',#5040,#5045);
#5040 = PLANE('',#5041);
#5041 = AXIS2_PLACEMENT_3D('',#5042,#5043,#5044);
#5042 = CARTESIAN_POINT('',(-84.5,155.,91.));
#5043 = DIRECTION('',(0.,1.,0.));
#5044 = DIRECTION('',(0.,0.,1.));
#5045 = DEFINITIONAL_REPRESENTATION('',(#5046),#5050);
#5046 = LINE('',#5047,#5048);
#5047 = CARTESIAN_POINT('',(0.,0.));
#5048 = VECTOR('',#5049,1.);
#5049 = DIRECTION('',(0.,1.));
#5050 = ( GEOMETRIC_REPRESENTATION_CONTEXT(2) 
PARAMETRIC_REPRESENTATION_CONTEXT() REPRESENTATION_CONTEXT('2D SPACE',''
  ) );
#5051 = ORIENTED_EDGE('',*,*,#5052,.F.);
#5052 = EDGE_CURVE('',#4897,#5025,#5053,.T.);
#5053 = SURFACE_CURVE('',#5054,(#5059,#5070),.PCURVE_S1.);
#5054 = CIRCLE('',#5055,3.);
#5055 = AXIS2_PLACEMENT_3D('',#5056,#5057,#5058);
#5056 = CARTESIAN_POINT('',(-81.5,152.,91.));
#5057 = DIRECTION('',(-0.,-0.,-1.));
#5058 = DIRECTION('',(0.,-1.,0.));
#5059 = PCURVE('',#2068,#5060);
#5060 = DEFINITIONAL_REPRESENTATION('',(#5061),#5069);
#5061 = ( BOUNDED_CURVE() B_SPLINE_CURVE(2,(#5062,#5063,#5064,#5065,
#5066,#5067,#5068),.UNSPECIFIED.,.T.,.F.) B_SPLINE_CURVE_WITH_KNOTS((1,2
    ,2,2,2,1),(-2.094395102393,0.,2.094395102393,4.188790204786,
6.28318530718,8.377580409573),.UNSPECIFIED.) CURVE() 
GEOMETRIC_REPRESENTATION_ITEM() RATIONAL_B_SPLINE_CURVE((1.,0.5,1.,0.5,
1.,0.5,1.)) REPRESENTATION_ITEM('') );
#5062 = CARTESIAN_POINT('',(3.,12.));
#5063 = CARTESIAN_POINT('',(-2.196152422707,12.));
#5064 = CARTESIAN_POINT('',(0.401923788647,16.5));
#5065 = CARTESIAN_POINT('',(3.,21.));
#5066 = CARTESIAN_POINT('',(5.598076211353,16.5));
#5067 = CARTESIAN_POINT('',(8.196152422707,12.));
#5068 = CARTESIAN_POINT('',(3.,12.));
#5069 = ( GEOMETRIC_REPRESENTATION_CONTEXT(2) 
PARAMETRIC_REPRESENTATION_CONTEXT() REPRESENTATION_CONTEXT('2D SPACE',''
  ) );
#5070 = PCURVE('',#5071,#5076);
#5071 = CYLINDRICAL_SURFACE('',#5072,3.);
#5072 = AXIS2_PLACEMENT_3D('',#5073,#5074,#5075);
#5073 = CARTESIAN_POINT('',(-81.5,152.,91.));
#5074 = DIRECTION('',(0.,0.,1.));
#5075 = DIRECTION('',(-1.,-0.,0.));
#5076 = DEFINITIONAL_REPRESENTATION('',(#5077),#5081);
#5077 = LINE('',#5078,#5079);
#5078 = CARTESIAN_POINT('',(1.570796326795,-0.));
#5079 = VECTOR('',#5080,1.);
#5080 = DIRECTION('',(-1.,0.));
#5081 = ( GEOMETRIC_REPRESENTATION_CONTEXT(2) 
PARAMETRIC_REPRESENTATION_CONTEXT() REPRESENTATION_CONTEXT('2D SPACE',''
  ) );
#5082 = ADVANCED_FACE('',(#5083),#2041,.F.);
#5083 = FACE_BOUND('',#5084,.F.);
#5084 = EDGE_LOOP('',(#5085,#5108,#5109,#5110));
#5085 = ORIENTED_EDGE('',*,*,#5086,.F.);
#5086 = EDGE_CURVE('',#2000,#5087,#5089,.T.);
#5087 = VERTEX_POINT('',#5088);
#5088 = CARTESIAN_POINT('',(-84.5,152.,217.));
#5089 = SURFACE_CURVE('',#5090,(#5094,#5101),.PCURVE_S1.);
#5090 = LINE('',#5091,#5092);
#5091 = CARTESIAN_POINT('',(-84.5,137.,217.));
#5092 = VECTOR('',#5093,1.);
#5093 = DIRECTION('',(0.,1.,0.));
#5094 = PCURVE('',#2041,#5095);
#5095 = DEFINITIONAL_REPRESENTATION('',(#5096),#5100);
#5096 = LINE('',#5097,#5098);
#5097 = CARTESIAN_POINT('',(126.,0.));
#5098 = VECTOR('',#5099,1.);
#5099 = DIRECTION('',(0.,-1.));
#5100 = ( GEOMETRIC_REPRESENTATION_CONTEXT(2) 
PARAMETRIC_REPRESENTATION_CONTEXT() REPRESENTATION_CONTEXT('2D SPACE',''
  ) );
#5101 = PCURVE('',#2014,#5102);
#5102 = DEFINITIONAL_REPRESENTATION('',(#5103),#5107);
#5103 = LINE('',#5104,#5105);
#5104 = CARTESIAN_POINT('',(0.,0.));
#5105 = VECTOR('',#5106,1.);
#5106 = DIRECTION('',(0.,1.));
#5107 = ( GEOMETRIC_REPRESENTATION_CONTEXT(2) 
PARAMETRIC_REPRESENTATION_CONTEXT() REPRESENTATION_CONTEXT('2D SPACE',''
  ) );
#5108 = ORIENTED_EDGE('',*,*,#2025,.F.);
#5109 = ORIENTED_EDGE('',*,*,#4896,.T.);
#5110 = ORIENTED_EDGE('',*,*,#5111,.T.);
#5111 = EDGE_CURVE('',#4897,#5087,#5112,.T.);
#5112 = SURFACE_CURVE('',#5113,(#5117,#5124),.PCURVE_S1.);
#5113 = LINE('',#5114,#5115);
#5114 = CARTESIAN_POINT('',(-84.5,152.,91.));
#5115 = VECTOR('',#5116,1.);
#5116 = DIRECTION('',(0.,0.,1.));
#5117 = PCURVE('',#2041,#5118);
#5118 = DEFINITIONAL_REPRESENTATION('',(#5119),#5123);
#5119 = LINE('',#5120,#5121);
#5120 = CARTESIAN_POINT('',(0.,-15.));
#5121 = VECTOR('',#5122,1.);
#5122 = DIRECTION('',(1.,0.));
#5123 = ( GEOMETRIC_REPRESENTATION_CONTEXT(2) 
PARAMETRIC_REPRESENTATION_CONTEXT() REPRESENTATION_CONTEXT('2D SPACE',''
  ) );
#5124 = PCURVE('',#5071,#5125);
#5125 = DEFINITIONAL_REPRESENTATION('',(#5126),#5130);
#5126 = LINE('',#5127,#5128);
#5127 = CARTESIAN_POINT('',(-0.,0.));
#5128 = VECTOR('',#5129,1.);
#5129 = DIRECTION('',(-0.,1.));
#5130 = ( GEOMETRIC_REPRESENTATION_CONTEXT(2) 
PARAMETRIC_REPRESENTATION_CONTEXT() REPRESENTATION_CONTEXT('2D SPACE',''
  ) );
#5131 = ADVANCED_FACE('',(#5132),#2014,.T.);
#5132 = FACE_BOUND('',#5133,.T.);
#5133 = EDGE_LOOP('',(#5134,#5135,#5136,#5159,#5183,#5206));
#5134 = ORIENTED_EDGE('',*,*,#5086,.F.);
#5135 = ORIENTED_EDGE('',*,*,#1999,.T.);
#5136 = ORIENTED_EDGE('',*,*,#5137,.T.);
#5137 = EDGE_CURVE('',#1972,#5138,#5140,.T.);
#5138 = VERTEX_POINT('',#5139);
#5139 = CARTESIAN_POINT('',(124.5,152.,217.));
#5140 = SURFACE_CURVE('',#5141,(#5145,#5152),.PCURVE_S1.);
#5141 = LINE('',#5142,#5143);
#5142 = CARTESIAN_POINT('',(124.5,137.,217.));
#5143 = VECTOR('',#5144,1.);
#5144 = DIRECTION('',(0.,1.,0.));
#5145 = PCURVE('',#2014,#5146);
#5146 = DEFINITIONAL_REPRESENTATION('',(#5147),#5151);
#5147 = LINE('',#5148,#5149);
#5148 = CARTESIAN_POINT('',(209.,0.));
#5149 = VECTOR('',#5150,1.);
#5150 = DIRECTION('',(0.,1.));
#5151 = ( GEOMETRIC_REPRESENTATION_CONTEXT(2) 
PARAMETRIC_REPRESENTATION_CONTEXT() REPRESENTATION_CONTEXT('2D SPACE',''
  ) );
#5152 = PCURVE('',#1987,#5153);
#5153 = DEFINITIONAL_REPRESENTATION('',(#5154),#5158);
#5154 = LINE('',#5155,#5156);
#5155 = CARTESIAN_POINT('',(126.,0.));
#5156 = VECTOR('',#5157,1.);
#5157 = DIRECTION('',(0.,-1.));
#5158 = ( GEOMETRIC_REPRESENTATION_CONTEXT(2) 
PARAMETRIC_REPRESENTATION_CONTEXT() REPRESENTATION_CONTEXT('2D SPACE',''
  ) );
#5159 = ORIENTED_EDGE('',*,*,#5160,.T.);
#5160 = EDGE_CURVE('',#5138,#5161,#5163,.T.);
#5161 = VERTEX_POINT('',#5162);
#5162 = CARTESIAN_POINT('',(121.5,155.,217.));
#5163 = SURFACE_CURVE('',#5164,(#5169,#5176),.PCURVE_S1.);
#5164 = CIRCLE('',#5165,3.);
#5165 = AXIS2_PLACEMENT_3D('',#5166,#5167,#5168);
#5166 = CARTESIAN_POINT('',(121.5,152.,217.));
#5167 = DIRECTION('',(0.,0.,1.));
#5168 = DIRECTION('',(0.,-1.,0.));
#5169 = PCURVE('',#2014,#5170);
#5170 = DEFINITIONAL_REPRESENTATION('',(#5171),#5175);
#5171 = CIRCLE('',#5172,3.);
#5172 = AXIS2_PLACEMENT_2D('',#5173,#5174);
#5173 = CARTESIAN_POINT('',(206.,15.));
#5174 = DIRECTION('',(0.,-1.));
#5175 = ( GEOMETRIC_REPRESENTATION_CONTEXT(2) 
PARAMETRIC_REPRESENTATION_CONTEXT() REPRESENTATION_CONTEXT('2D SPACE',''
  ) );
#5176 = PCURVE('',#5012,#5177);
#5177 = DEFINITIONAL_REPRESENTATION('',(#5178),#5182);
#5178 = LINE('',#5179,#5180);
#5179 = CARTESIAN_POINT('',(-1.570796326795,126.));
#5180 = VECTOR('',#5181,1.);
#5181 = DIRECTION('',(1.,0.));
#5182 = ( GEOMETRIC_REPRESENTATION_CONTEXT(2) 
PARAMETRIC_REPRESENTATION_CONTEXT() REPRESENTATION_CONTEXT('2D SPACE',''
  ) );
#5183 = ORIENTED_EDGE('',*,*,#5184,.F.);
#5184 = EDGE_CURVE('',#5185,#5161,#5187,.T.);
#5185 = VERTEX_POINT('',#5186);
#5186 = CARTESIAN_POINT('',(-81.5,155.,217.));
#5187 = SURFACE_CURVE('',#5188,(#5192,#5199),.PCURVE_S1.);
#5188 = LINE('',#5189,#5190);
#5189 = CARTESIAN_POINT('',(-84.5,155.,217.));
#5190 = VECTOR('',#5191,1.);
#5191 = DIRECTION('',(1.,0.,0.));
#5192 = PCURVE('',#2014,#5193);
#5193 = DEFINITIONAL_REPRESENTATION('',(#5194),#5198);
#5194 = LINE('',#5195,#5196);
#5195 = CARTESIAN_POINT('',(0.,18.));
#5196 = VECTOR('',#5197,1.);
#5197 = DIRECTION('',(1.,0.));
#5198 = ( GEOMETRIC_REPRESENTATION_CONTEXT(2) 
PARAMETRIC_REPRESENTATION_CONTEXT() REPRESENTATION_CONTEXT('2D SPACE',''
  ) );
#5199 = PCURVE('',#5040,#5200);
#5200 = DEFINITIONAL_REPRESENTATION('',(#5201),#5205);
#5201 = LINE('',#5202,#5203);
#5202 = CARTESIAN_POINT('',(126.,0.));
#5203 = VECTOR('',#5204,1.);
#5204 = DIRECTION('',(0.,1.));
#5205 = ( GEOMETRIC_REPRESENTATION_CONTEXT(2) 
PARAMETRIC_REPRESENTATION_CONTEXT() REPRESENTATION_CONTEXT('2D SPACE',''
  ) );
#5206 = ORIENTED_EDGE('',*,*,#5207,.F.);
#5207 = EDGE_CURVE('',#5087,#5185,#5208,.T.);
#5208 = SURFACE_CURVE('',#5209,(#5214,#5225),.PCURVE_S1.);
#5209 = CIRCLE('',#5210,3.);
#5210 = AXIS2_PLACEMENT_3D('',#5211,#5212,#5213);
#5211 = CARTESIAN_POINT('',(-81.5,152.,217.));
#5212 = DIRECTION('',(-0.,-0.,-1.));
#5213 = DIRECTION('',(0.,-1.,0.));
#5214 = PCURVE('',#2014,#5215);
#5215 = DEFINITIONAL_REPRESENTATION('',(#5216),#5224);
#5216 = ( BOUNDED_CURVE() B_SPLINE_CURVE(2,(#5217,#5218,#5219,#5220,
#5221,#5222,#5223),.UNSPECIFIED.,.T.,.F.) B_SPLINE_CURVE_WITH_KNOTS((1,2
    ,2,2,2,1),(-2.094395102393,0.,2.094395102393,4.188790204786,
6.28318530718,8.377580409573),.UNSPECIFIED.) CURVE() 
GEOMETRIC_REPRESENTATION_ITEM() RATIONAL_B_SPLINE_CURVE((1.,0.5,1.,0.5,
1.,0.5,1.)) REPRESENTATION_ITEM('') );
#5217 = CARTESIAN_POINT('',(3.,12.));
#5218 = CARTESIAN_POINT('',(-2.196152422707,12.));
#5219 = CARTESIAN_POINT('',(0.401923788647,16.5));
#5220 = CARTESIAN_POINT('',(3.,21.));
#5221 = CARTESIAN_POINT('',(5.598076211353,16.5));
#5222 = CARTESIAN_POINT('',(8.196152422707,12.));
#5223 = CARTESIAN_POINT('',(3.,12.));
#5224 = ( GEOMETRIC_REPRESENTATION_CONTEXT(2) 
PARAMETRIC_REPRESENTATION_CONTEXT() REPRESENTATION_CONTEXT('2D SPACE',''
  ) );
#5225 = PCURVE('',#5071,#5226);
#5226 = DEFINITIONAL_REPRESENTATION('',(#5227),#5231);
#5227 = LINE('',#5228,#5229);
#5228 = CARTESIAN_POINT('',(1.570796326795,126.));
#5229 = VECTOR('',#5230,1.);
#5230 = DIRECTION('',(-1.,0.));
#5231 = ( GEOMETRIC_REPRESENTATION_CONTEXT(2) 
PARAMETRIC_REPRESENTATION_CONTEXT() REPRESENTATION_CONTEXT('2D SPACE',''
  ) );
#5232 = ADVANCED_FACE('',(#5233),#1987,.T.);
#5233 = FACE_BOUND('',#5234,.T.);
#5234 = EDGE_LOOP('',(#5235,#5236,#5237,#5258,#5259));
#5235 = ORIENTED_EDGE('',*,*,#5137,.F.);
#5236 = ORIENTED_EDGE('',*,*,#1971,.F.);
#5237 = ORIENTED_EDGE('',*,*,#5238,.F.);
#5238 = EDGE_CURVE('',#4945,#1944,#5239,.T.);
#5239 = SURFACE_CURVE('',#5240,(#5244,#5251),.PCURVE_S1.);
#5240 = LINE('',#5241,#5242);
#5241 = CARTESIAN_POINT('',(124.5,140.,91.));
#5242 = VECTOR('',#5243,1.);
#5243 = DIRECTION('',(0.,0.,1.));
#5244 = PCURVE('',#1987,#5245);
#5245 = DEFINITIONAL_REPRESENTATION('',(#5246),#5250);
#5246 = LINE('',#5247,#5248);
#5247 = CARTESIAN_POINT('',(0.,-3.));
#5248 = VECTOR('',#5249,1.);
#5249 = DIRECTION('',(1.,0.));
#5250 = ( GEOMETRIC_REPRESENTATION_CONTEXT(2) 
PARAMETRIC_REPRESENTATION_CONTEXT() REPRESENTATION_CONTEXT('2D SPACE',''
  ) );
#5251 = PCURVE('',#4690,#5252);
#5252 = DEFINITIONAL_REPRESENTATION('',(#5253),#5257);
#5253 = LINE('',#5254,#5255);
#5254 = CARTESIAN_POINT('',(-0.,0.));
#5255 = VECTOR('',#5256,1.);
#5256 = DIRECTION('',(-0.,1.));
#5257 = ( GEOMETRIC_REPRESENTATION_CONTEXT(2) 
PARAMETRIC_REPRESENTATION_CONTEXT() REPRESENTATION_CONTEXT('2D SPACE',''
  ) );
#5258 = ORIENTED_EDGE('',*,*,#4972,.T.);
#5259 = ORIENTED_EDGE('',*,*,#5260,.T.);
#5260 = EDGE_CURVE('',#4973,#5138,#5261,.T.);
#5261 = SURFACE_CURVE('',#5262,(#5266,#5273),.PCURVE_S1.);
#5262 = LINE('',#5263,#5264);
#5263 = CARTESIAN_POINT('',(124.5,152.,91.));
#5264 = VECTOR('',#5265,1.);
#5265 = DIRECTION('',(0.,0.,1.));
#5266 = PCURVE('',#1987,#5267);
#5267 = DEFINITIONAL_REPRESENTATION('',(#5268),#5272);
#5268 = LINE('',#5269,#5270);
#5269 = CARTESIAN_POINT('',(0.,-15.));
#5270 = VECTOR('',#5271,1.);
#5271 = DIRECTION('',(1.,0.));
#5272 = ( GEOMETRIC_REPRESENTATION_CONTEXT(2) 
PARAMETRIC_REPRESENTATION_CONTEXT() REPRESENTATION_CONTEXT('2D SPACE',''
  ) );
#5273 = PCURVE('',#5012,#5274);
#5274 = DEFINITIONAL_REPRESENTATION('',(#5275),#5279);
#5275 = LINE('',#5276,#5277);
#5276 = CARTESIAN_POINT('',(0.,0.));
#5277 = VECTOR('',#5278,1.);
#5278 = DIRECTION('',(0.,1.));
#5279 = ( GEOMETRIC_REPRESENTATION_CONTEXT(2) 
PARAMETRIC_REPRESENTATION_CONTEXT() REPRESENTATION_CONTEXT('2D SPACE',''
  ) );
#5280 = ADVANCED_FACE('',(#5281),#2236,.F.);
#5281 = FACE_BOUND('',#5282,.F.);
#5282 = EDGE_LOOP('',(#5283,#5308,#5329,#5348,#5349,#5370,#5391,#5414));
#5283 = ORIENTED_EDGE('',*,*,#5284,.F.);
#5284 = EDGE_CURVE('',#5285,#5287,#5289,.T.);
#5285 = VERTEX_POINT('',#5286);
#5286 = CARTESIAN_POINT('',(190.12701665379,52.,107.));
#5287 = VERTEX_POINT('',#5288);
#5288 = CARTESIAN_POINT('',(609.8729833462,52.,107.));
#5289 = SURFACE_CURVE('',#5290,(#5294,#5301),.PCURVE_S1.);
#5290 = LINE('',#5291,#5292);
#5291 = CARTESIAN_POINT('',(189.,52.,107.));
#5292 = VECTOR('',#5293,1.);
#5293 = DIRECTION('',(1.,0.,0.));
#5294 = PCURVE('',#2236,#5295);
#5295 = DEFINITIONAL_REPRESENTATION('',(#5296),#5300);
#5296 = LINE('',#5297,#5298);
#5297 = CARTESIAN_POINT('',(0.,0.));
#5298 = VECTOR('',#5299,1.);
#5299 = DIRECTION('',(0.,1.));
#5300 = ( GEOMETRIC_REPRESENTATION_CONTEXT(2) 
PARAMETRIC_REPRESENTATION_CONTEXT() REPRESENTATION_CONTEXT('2D SPACE',''
  ) );
#5301 = PCURVE('',#2354,#5302);
#5302 = DEFINITIONAL_REPRESENTATION('',(#5303),#5307);
#5303 = LINE('',#5304,#5305);
#5304 = CARTESIAN_POINT('',(0.,104.));
#5305 = VECTOR('',#5306,1.);
#5306 = DIRECTION('',(1.,0.));
#5307 = ( GEOMETRIC_REPRESENTATION_CONTEXT(2) 
PARAMETRIC_REPRESENTATION_CONTEXT() REPRESENTATION_CONTEXT('2D SPACE',''
  ) );
#5308 = ORIENTED_EDGE('',*,*,#5309,.T.);
#5309 = EDGE_CURVE('',#5285,#5310,#5312,.T.);
#5310 = VERTEX_POINT('',#5311);
#5311 = CARTESIAN_POINT('',(190.12701664223,52.,133.21539030778));
#5312 = SURFACE_CURVE('',#5313,(#5317,#5323),.PCURVE_S1.);
#5313 = LINE('',#5314,#5315);
#5314 = CARTESIAN_POINT('',(190.12701665379,52.,104.));
#5315 = VECTOR('',#5316,1.);
#5316 = DIRECTION('',(0.,0.,1.));
#5317 = PCURVE('',#2236,#5318);
#5318 = DEFINITIONAL_REPRESENTATION('',(#5319),#5322);
#5319 = B_SPLINE_CURVE_WITH_KNOTS('',1,(#5320,#5321),.UNSPECIFIED.,.F.,
  .F.,(2,2),(-6.000000070117E-07,39.464346847147),
  .PIECEWISE_BEZIER_KNOTS.);
#5320 = CARTESIAN_POINT('',(-3.0000006,1.127016653793));
#5321 = CARTESIAN_POINT('',(36.464346847147,1.127016653793));
#5322 = ( GEOMETRIC_REPRESENTATION_CONTEXT(2) 
PARAMETRIC_REPRESENTATION_CONTEXT() REPRESENTATION_CONTEXT('2D SPACE',''
  ) );
#5323 = PCURVE('',#2381,#5324);
#5324 = DEFINITIONAL_REPRESENTATION('',(#5325),#5328);
#5325 = B_SPLINE_CURVE_WITH_KNOTS('',1,(#5326,#5327),.UNSPECIFIED.,.F.,
  .F.,(2,2),(-6.000000070117E-07,39.464346847147),
  .PIECEWISE_BEZIER_KNOTS.);
#5326 = CARTESIAN_POINT('',(-0.252680255142,-6.000000070117E-07));
#5327 = CARTESIAN_POINT('',(-0.252680255142,39.464346847147));
#5328 = ( GEOMETRIC_REPRESENTATION_CONTEXT(2) 
PARAMETRIC_REPRESENTATION_CONTEXT() REPRESENTATION_CONTEXT('2D SPACE',''
  ) );
#5329 = ORIENTED_EDGE('',*,*,#5330,.T.);
#5330 = EDGE_CURVE('',#5310,#2219,#5331,.T.);
#5331 = SURFACE_CURVE('',#5332,(#5336,#5342),.PCURVE_S1.);
#5332 = LINE('',#5333,#5334);
#5333 = CARTESIAN_POINT('',(190.,52.,133.21539030917));
#5334 = VECTOR('',#5335,1.);
#5335 = DIRECTION('',(-1.,-0.,-0.));
#5336 = PCURVE('',#2236,#5337);
#5337 = DEFINITIONAL_REPRESENTATION('',(#5338),#5341);
#5338 = B_SPLINE_CURVE_WITH_KNOTS('',1,(#5339,#5340),.UNSPECIFIED.,.F.,
  .F.,(2,2),(-36.0000006,5.999999928008E-07),.PIECEWISE_BEZIER_KNOTS.);
#5339 = CARTESIAN_POINT('',(26.215390309173,37.0000006));
#5340 = CARTESIAN_POINT('',(26.215390309173,0.9999994));
#5341 = ( GEOMETRIC_REPRESENTATION_CONTEXT(2) 
PARAMETRIC_REPRESENTATION_CONTEXT() REPRESENTATION_CONTEXT('2D SPACE',''
  ) );
#5342 = PCURVE('',#2266,#5343);
#5343 = DEFINITIONAL_REPRESENTATION('',(#5344),#5347);
#5344 = B_SPLINE_CURVE_WITH_KNOTS('',1,(#5345,#5346),.UNSPECIFIED.,.F.,
  .F.,(2,2),(-36.0000006,5.999999928008E-07),.PIECEWISE_BEZIER_KNOTS.);
#5345 = CARTESIAN_POINT('',(-5.902934100487,-36.0000006));
#5346 = CARTESIAN_POINT('',(-5.902934100487,5.999999928008E-07));
#5347 = ( GEOMETRIC_REPRESENTATION_CONTEXT(2) 
PARAMETRIC_REPRESENTATION_CONTEXT() REPRESENTATION_CONTEXT('2D SPACE',''
  ) );
#5348 = ORIENTED_EDGE('',*,*,#2218,.T.);
#5349 = ORIENTED_EDGE('',*,*,#5350,.F.);
#5350 = EDGE_CURVE('',#5351,#2221,#5353,.T.);
#5351 = VERTEX_POINT('',#5352);
#5352 = CARTESIAN_POINT('',(190.12701664223,52.,174.78460969221));
#5353 = SURFACE_CURVE('',#5354,(#5358,#5364),.PCURVE_S1.);
#5354 = LINE('',#5355,#5356);
#5355 = CARTESIAN_POINT('',(190.,52.,174.78460969082));
#5356 = VECTOR('',#5357,1.);
#5357 = DIRECTION('',(-1.,-0.,-0.));
#5358 = PCURVE('',#2236,#5359);
#5359 = DEFINITIONAL_REPRESENTATION('',(#5360),#5363);
#5360 = B_SPLINE_CURVE_WITH_KNOTS('',1,(#5361,#5362),.UNSPECIFIED.,.F.,
  .F.,(2,2),(-36.0000006,5.999999928008E-07),.PIECEWISE_BEZIER_KNOTS.);
#5361 = CARTESIAN_POINT('',(67.784609690827,37.0000006));
#5362 = CARTESIAN_POINT('',(67.784609690827,0.9999994));
#5363 = ( GEOMETRIC_REPRESENTATION_CONTEXT(2) 
PARAMETRIC_REPRESENTATION_CONTEXT() REPRESENTATION_CONTEXT('2D SPACE',''
  ) );
#5364 = PCURVE('',#2266,#5365);
#5365 = DEFINITIONAL_REPRESENTATION('',(#5366),#5369);
#5366 = B_SPLINE_CURVE_WITH_KNOTS('',1,(#5367,#5368),.UNSPECIFIED.,.F.,
  .F.,(2,2),(-36.0000006,5.999999928008E-07),.PIECEWISE_BEZIER_KNOTS.);
#5367 = CARTESIAN_POINT('',(-6.663436513873,-36.0000006));
#5368 = CARTESIAN_POINT('',(-6.663436513873,5.999999928008E-07));
#5369 = ( GEOMETRIC_REPRESENTATION_CONTEXT(2) 
PARAMETRIC_REPRESENTATION_CONTEXT() REPRESENTATION_CONTEXT('2D SPACE',''
  ) );
#5370 = ORIENTED_EDGE('',*,*,#5371,.T.);
#5371 = EDGE_CURVE('',#5351,#5372,#5374,.T.);
#5372 = VERTEX_POINT('',#5373);
#5373 = CARTESIAN_POINT('',(190.12701665379,52.,201.));
#5374 = SURFACE_CURVE('',#5375,(#5379,#5385),.PCURVE_S1.);
#5375 = LINE('',#5376,#5377);
#5376 = CARTESIAN_POINT('',(190.12701665379,52.,104.));
#5377 = VECTOR('',#5378,1.);
#5378 = DIRECTION('',(0.,0.,1.));
#5379 = PCURVE('',#2236,#5380);
#5380 = DEFINITIONAL_REPRESENTATION('',(#5381),#5384);
#5381 = B_SPLINE_CURVE_WITH_KNOTS('',1,(#5382,#5383),.UNSPECIFIED.,.F.,
  .F.,(2,2),(60.535653152853,100.0000006),.PIECEWISE_BEZIER_KNOTS.);
#5382 = CARTESIAN_POINT('',(57.535653152853,1.127016653793));
#5383 = CARTESIAN_POINT('',(97.0000006,1.127016653793));
#5384 = ( GEOMETRIC_REPRESENTATION_CONTEXT(2) 
PARAMETRIC_REPRESENTATION_CONTEXT() REPRESENTATION_CONTEXT('2D SPACE',''
  ) );
#5385 = PCURVE('',#2571,#5386);
#5386 = DEFINITIONAL_REPRESENTATION('',(#5387),#5390);
#5387 = B_SPLINE_CURVE_WITH_KNOTS('',1,(#5388,#5389),.UNSPECIFIED.,.F.,
  .F.,(2,2),(60.535653152853,100.0000006),.PIECEWISE_BEZIER_KNOTS.);
#5388 = CARTESIAN_POINT('',(-0.252680255142,60.535653152853));
#5389 = CARTESIAN_POINT('',(-0.252680255142,100.0000006));
#5390 = ( GEOMETRIC_REPRESENTATION_CONTEXT(2) 
PARAMETRIC_REPRESENTATION_CONTEXT() REPRESENTATION_CONTEXT('2D SPACE',''
  ) );
#5391 = ORIENTED_EDGE('',*,*,#5392,.T.);
#5392 = EDGE_CURVE('',#5372,#5393,#5395,.T.);
#5393 = VERTEX_POINT('',#5394);
#5394 = CARTESIAN_POINT('',(609.8729833462,52.,201.));
#5395 = SURFACE_CURVE('',#5396,(#5400,#5407),.PCURVE_S1.);
#5396 = LINE('',#5397,#5398);
#5397 = CARTESIAN_POINT('',(189.,52.,201.));
#5398 = VECTOR('',#5399,1.);
#5399 = DIRECTION('',(1.,0.,0.));
#5400 = PCURVE('',#2236,#5401);
#5401 = DEFINITIONAL_REPRESENTATION('',(#5402),#5406);
#5402 = LINE('',#5403,#5404);
#5403 = CARTESIAN_POINT('',(94.,0.));
#5404 = VECTOR('',#5405,1.);
#5405 = DIRECTION('',(0.,1.));
#5406 = ( GEOMETRIC_REPRESENTATION_CONTEXT(2) 
PARAMETRIC_REPRESENTATION_CONTEXT() REPRESENTATION_CONTEXT('2D SPACE',''
  ) );
#5407 = PCURVE('',#2597,#5408);
#5408 = DEFINITIONAL_REPRESENTATION('',(#5409),#5413);
#5409 = LINE('',#5410,#5411);
#5410 = CARTESIAN_POINT('',(0.,104.));
#5411 = VECTOR('',#5412,1.);
#5412 = DIRECTION('',(1.,0.));
#5413 = ( GEOMETRIC_REPRESENTATION_CONTEXT(2) 
PARAMETRIC_REPRESENTATION_CONTEXT() REPRESENTATION_CONTEXT('2D SPACE',''
  ) );
#5414 = ORIENTED_EDGE('',*,*,#5415,.F.);
#5415 = EDGE_CURVE('',#5287,#5393,#5416,.T.);
#5416 = SURFACE_CURVE('',#5417,(#5421,#5427),.PCURVE_S1.);
#5417 = LINE('',#5418,#5419);
#5418 = CARTESIAN_POINT('',(609.8729833462,52.,104.));
#5419 = VECTOR('',#5420,1.);
#5420 = DIRECTION('',(0.,0.,1.));
#5421 = PCURVE('',#2236,#5422);
#5422 = DEFINITIONAL_REPRESENTATION('',(#5423),#5426);
#5423 = B_SPLINE_CURVE_WITH_KNOTS('',1,(#5424,#5425),.UNSPECIFIED.,.F.,
  .F.,(2,2),(-6.000000070117E-07,100.0000006),.PIECEWISE_BEZIER_KNOTS.);
#5424 = CARTESIAN_POINT('',(-3.0000006,420.8729833462));
#5425 = CARTESIAN_POINT('',(97.0000006,420.8729833462));
#5426 = ( GEOMETRIC_REPRESENTATION_CONTEXT(2) 
PARAMETRIC_REPRESENTATION_CONTEXT() REPRESENTATION_CONTEXT('2D SPACE',''
  ) );
#5427 = PCURVE('',#5428,#5433);
#5428 = CYLINDRICAL_SURFACE('',#5429,4.);
#5429 = AXIS2_PLACEMENT_3D('',#5430,#5431,#5432);
#5430 = CARTESIAN_POINT('',(606.,51.,104.));
#5431 = DIRECTION('',(0.,0.,1.));
#5432 = DIRECTION('',(1.,0.,-0.));
#5433 = DEFINITIONAL_REPRESENTATION('',(#5434),#5437);
#5434 = B_SPLINE_CURVE_WITH_KNOTS('',1,(#5435,#5436),.UNSPECIFIED.,.F.,
  .F.,(2,2),(-6.000000070117E-07,100.0000006),.PIECEWISE_BEZIER_KNOTS.);
#5435 = CARTESIAN_POINT('',(0.252680255142,-6.000000070117E-07));
#5436 = CARTESIAN_POINT('',(0.252680255142,100.0000006));
#5437 = ( GEOMETRIC_REPRESENTATION_CONTEXT(2) 
PARAMETRIC_REPRESENTATION_CONTEXT() REPRESENTATION_CONTEXT('2D SPACE',''
  ) );
#5438 = ADVANCED_FACE('',(#5439),#2266,.T.);
#5439 = FACE_BOUND('',#5440,.F.);
#5440 = EDGE_LOOP('',(#5441,#5442,#5443,#5444,#5572,#5598,#5631,#5652));
#5441 = ORIENTED_EDGE('',*,*,#5350,.T.);
#5442 = ORIENTED_EDGE('',*,*,#2247,.T.);
#5443 = ORIENTED_EDGE('',*,*,#5330,.F.);
#5444 = ORIENTED_EDGE('',*,*,#5445,.T.);
#5445 = EDGE_CURVE('',#5310,#5446,#5448,.T.);
#5446 = VERTEX_POINT('',#5447);
#5447 = CARTESIAN_POINT('',(194.,55.,143.46434624714));
#5448 = SURFACE_CURVE('',#5449,(#5488,#5530),.PCURVE_S1.);
#5449 = B_SPLINE_CURVE_WITH_KNOTS('',7,(#5450,#5451,#5452,#5453,#5454,
    #5455,#5456,#5457,#5458,#5459,#5460,#5461,#5462,#5463,#5464,#5465,
    #5466,#5467,#5468,#5469,#5470,#5471,#5472,#5473,#5474,#5475,#5476,
    #5477,#5478,#5479,#5480,#5481,#5482,#5483,#5484,#5485,#5486,#5487),
  .UNSPECIFIED.,.F.,.F.,(8,6,6,6,6,6,8),(0.,0.422884379075,
    0.630632189886,0.817616866851,0.913298366733,0.963268127963,1.),
  .UNSPECIFIED.);
#5450 = CARTESIAN_POINT('',(190.,51.,130.86993298755));
#5451 = CARTESIAN_POINT('',(190.,51.368161510977,131.68170050426));
#5452 = CARTESIAN_POINT('',(190.03953199897,51.720523666749,
    132.49870616132));
#5453 = CARTESIAN_POINT('',(190.11249869108,52.055460672061,
    133.31708181662));
#5454 = CARTESIAN_POINT('',(190.21456023912,52.372730760312,
    134.13495127735));
#5455 = CARTESIAN_POINT('',(190.34293719498,52.672781019047,
    134.95199542708));
#5456 = CARTESIAN_POINT('',(190.49618860114,52.955985454276,
    135.7682528337));
#5457 = CARTESIAN_POINT('',(190.76153357778,53.353102275405,
    136.98167517114));
#5458 = CARTESIAN_POINT('',(190.85472448729,53.479575904193,
    137.37997455008));
#5459 = CARTESIAN_POINT('',(190.95379177848,53.601969906746,
    137.77738142164));
#5460 = CARTESIAN_POINT('',(191.0589638356,53.720456197516,
    138.17425530761));
#5461 = CARTESIAN_POINT('',(191.17054045268,53.835054201416,
    138.57053567587));
#5462 = CARTESIAN_POINT('',(191.28884271478,53.945608707139,
    138.96549814007));
#5463 = CARTESIAN_POINT('',(191.52697583073,54.147381707208,
    139.71032973377));
#5464 = CARTESIAN_POINT('',(191.64416678534,54.238322201528,
    140.05667635362));
#5465 = CARTESIAN_POINT('',(191.76749175419,54.326031870533,
    140.40096474072));
#5466 = CARTESIAN_POINT('',(191.89878826654,54.411153952576,
    140.74560540161));
#5467 = CARTESIAN_POINT('',(192.03961651214,54.49347338672,
    141.09003251742));
#5468 = CARTESIAN_POINT('',(192.1911005461,54.572087115451,
    141.43017746064));
#5469 = CARTESIAN_POINT('',(192.4372700816,54.683236922686,
    141.92634179843));
#5470 = CARTESIAN_POINT('',(192.52302224675,54.719280268235,
    142.09006078497));
#5471 = CARTESIAN_POINT('',(192.6128051681,54.754304941229,
    142.25178715121));
#5472 = CARTESIAN_POINT('',(192.70800954652,54.788461420938,
    142.41217600396));
#5473 = CARTESIAN_POINT('',(192.80972373198,54.821529195511,
    142.57015255409));
#5474 = CARTESIAN_POINT('',(192.91874652963,54.852974561304,
    142.72292003078));
#5475 = CARTESIAN_POINT('',(193.09677869917,54.897197982039,
    142.94090975333));
#5476 = CARTESIAN_POINT('',(193.16020917586,54.911763851089,
    143.01331944779));
#5477 = CARTESIAN_POINT('',(193.22656659894,54.92572094752,
    143.0832670729));
#5478 = CARTESIAN_POINT('',(193.29633474535,54.938971282291,
    143.15020090569));
#5479 = CARTESIAN_POINT('',(193.36991900188,54.951332893881,
    143.21311240909));
#5480 = CARTESIAN_POINT('',(193.44766039567,54.962545998551,
    143.27054803778));
#5481 = CARTESIAN_POINT('',(193.59026681042,54.979424580017,
    143.35743081499));
#5482 = CARTESIAN_POINT('',(193.65383263614,54.985860908385,
    143.39071634325));
#5483 = CARTESIAN_POINT('',(193.71993524701,54.991314804536,
    143.41904330112));
#5484 = CARTESIAN_POINT('',(193.78804904109,54.995580519732,
    143.44127384315));
#5485 = CARTESIAN_POINT('',(193.85771130818,54.998508613126,
    143.45656172176));
#5486 = CARTESIAN_POINT('',(193.92849808328,55.,143.46434624714));
#5487 = CARTESIAN_POINT('',(194.,55.,143.46434624714));
#5488 = PCURVE('',#2266,#5489);
#5489 = DEFINITIONAL_REPRESENTATION('',(#5490),#5529);
#5490 = B_SPLINE_CURVE_WITH_KNOTS('',7,(#5491,#5492,#5493,#5494,#5495,
    #5496,#5497,#5498,#5499,#5500,#5501,#5502,#5503,#5504,#5505,#5506,
    #5507,#5508,#5509,#5510,#5511,#5512,#5513,#5514,#5515,#5516,#5517,
    #5518,#5519,#5520,#5521,#5522,#5523,#5524,#5525,#5526,#5527,#5528),
  .UNSPECIFIED.,.F.,.F.,(8,6,6,6,6,6,8),(0.,0.422884379075,
    0.630632189886,0.817616866851,0.913298366733,0.963268127963,1.),
  .UNSPECIFIED.);
#5491 = CARTESIAN_POINT('',(-5.857399109326,0.));
#5492 = CARTESIAN_POINT('',(-5.873316119458,0.));
#5493 = CARTESIAN_POINT('',(-5.889201786323,-3.953199897077E-02));
#5494 = CARTESIAN_POINT('',(-5.904987792492,-0.112498691082));
#5495 = CARTESIAN_POINT('',(-5.920648335506,-0.21456023912));
#5496 = CARTESIAN_POINT('',(-5.936187099624,-0.342937194983));
#5497 = CARTESIAN_POINT('',(-5.951613104173,-0.496188601148));
#5498 = CARTESIAN_POINT('',(-5.974412246115,-0.761533577784));
#5499 = CARTESIAN_POINT('',(-5.981874403381,-0.854724487291));
#5500 = CARTESIAN_POINT('',(-5.989299448569,-0.953791778486));
#5501 = CARTESIAN_POINT('',(-5.996695083523,-1.0589638356));
#5502 = CARTESIAN_POINT('',(-6.004061036324,-1.170540452684));
#5503 = CARTESIAN_POINT('',(-6.011384768899,-1.288842714785));
#5504 = CARTESIAN_POINT('',(-6.025164727525,-1.526975830733));
#5505 = CARTESIAN_POINT('',(-6.031558941184,-1.644166785343));
#5506 = CARTESIAN_POINT('',(-6.037903049755,-1.767491754193));
#5507 = CARTESIAN_POINT('',(-6.044241969514,-1.898788266541));
#5508 = CARTESIAN_POINT('',(-6.050565394057,-2.03961651214));
#5509 = CARTESIAN_POINT('',(-6.056799382581,-2.191100546105));
#5510 = CARTESIAN_POINT('',(-6.065879056311,-2.437270081609));
#5511 = CARTESIAN_POINT('',(-6.068872600159,-2.523022246758));
#5512 = CARTESIAN_POINT('',(-6.071827492232,-2.612805168104));
#5513 = CARTESIAN_POINT('',(-6.074755773791,-2.708009546523));
#5514 = CARTESIAN_POINT('',(-6.077637895883,-2.809723731982));
#5515 = CARTESIAN_POINT('',(-6.080423067412,-2.918746529631));
#5516 = CARTESIAN_POINT('',(-6.084395036722,-3.096778699173));
#5517 = CARTESIAN_POINT('',(-6.085713967018,-3.160209175869));
#5518 = CARTESIAN_POINT('',(-6.086987652186,-3.226566598947));
#5519 = CARTESIAN_POINT('',(-6.088206092047,-3.296334745354));
#5520 = CARTESIAN_POINT('',(-6.089350992035,-3.36991900188));
#5521 = CARTESIAN_POINT('',(-6.090395990807,-3.447660395672));
#5522 = CARTESIAN_POINT('',(-6.091976474407,-3.590266810427));
#5523 = CARTESIAN_POINT('',(-6.092581868883,-3.653832636141));
#5524 = CARTESIAN_POINT('',(-6.093096997467,-3.719935247016));
#5525 = CARTESIAN_POINT('',(-6.093501213589,-3.788049041096));
#5526 = CARTESIAN_POINT('',(-6.093779173629,-3.857711308187));
#5527 = CARTESIAN_POINT('',(-6.093920711151,-3.928498083285));
#5528 = CARTESIAN_POINT('',(-6.093920711151,-4.));
#5529 = ( GEOMETRIC_REPRESENTATION_CONTEXT(2) 
PARAMETRIC_REPRESENTATION_CONTEXT() REPRESENTATION_CONTEXT('2D SPACE',''
  ) );
#5530 = PCURVE('',#2381,#5531);
#5531 = DEFINITIONAL_REPRESENTATION('',(#5532),#5571);
#5532 = B_SPLINE_CURVE_WITH_KNOTS('',7,(#5533,#5534,#5535,#5536,#5537,
    #5538,#5539,#5540,#5541,#5542,#5543,#5544,#5545,#5546,#5547,#5548,
    #5549,#5550,#5551,#5552,#5553,#5554,#5555,#5556,#5557,#5558,#5559,
    #5560,#5561,#5562,#5563,#5564,#5565,#5566,#5567,#5568,#5569,#5570),
  .UNSPECIFIED.,.F.,.F.,(8,6,6,6,6,6,8),(0.,0.422884379075,
    0.630632189886,0.817616866851,0.913298366733,0.963268127963,1.),
  .UNSPECIFIED.);
#5533 = CARTESIAN_POINT('',(0.,26.869932987559));
#5534 = CARTESIAN_POINT('',(-9.204037774418E-02,27.68170050426));
#5535 = CARTESIAN_POINT('',(-0.180130957446,28.498706161327));
#5536 = CARTESIAN_POINT('',(-0.265138396304,29.31708181662));
#5537 = CARTESIAN_POINT('',(-0.347786344563,30.13495127736));
#5538 = CARTESIAN_POINT('',(-0.428826586237,30.951995427089));
#5539 = CARTESIAN_POINT('',(-0.508980910553,31.768252833709));
#5540 = CARTESIAN_POINT('',(-0.628382995504,32.981675171147));
#5541 = CARTESIAN_POINT('',(-0.667616264212,33.379974550086));
#5542 = CARTESIAN_POINT('',(-0.706917101714,33.77738142164));
#5543 = CARTESIAN_POINT('',(-0.746450039477,34.174255307619));
#5544 = CARTESIAN_POINT('',(-0.78636572181,34.570535675873));
#5545 = CARTESIAN_POINT('',(-0.826797586335,34.965498140071));
#5546 = CARTESIAN_POINT('',(-0.904827918766,35.710329733771));
#5547 = CARTESIAN_POINT('',(-0.941877923341,36.056676353624));
#5548 = CARTESIAN_POINT('',(-0.979658231623,36.400964740728));
#5549 = CARTESIAN_POINT('',(-1.018707635744,36.745605401615));
#5550 = CARTESIAN_POINT('',(-1.059409953311,37.090032517421));
#5551 = CARTESIAN_POINT('',(-1.102013380763,37.43017746064));
#5552 = CARTESIAN_POINT('',(-1.169538246488,37.926341798434));
#5553 = CARTESIAN_POINT('',(-1.192785061049,38.090060784976));
#5554 = CARTESIAN_POINT('',(-1.21686487892,38.25178715121));
#5555 = CARTESIAN_POINT('',(-1.242132885284,38.412176003968));
#5556 = CARTESIAN_POINT('',(-1.268849023681,38.570152554098));
#5557 = CARTESIAN_POINT('',(-1.297196042217,38.722920030785));
#5558 = CARTESIAN_POINT('',(-1.343056676434,38.940909753332));
#5559 = CARTESIAN_POINT('',(-1.359324469879,39.013319447796));
#5560 = CARTESIAN_POINT('',(-1.376272070316,39.083267072908));
#5561 = CARTESIAN_POINT('',(-1.394019311401,39.150200905692));
#5562 = CARTESIAN_POINT('',(-1.412665553081,39.213112409098));
#5563 = CARTESIAN_POINT('',(-1.432295678633,39.270548037785));
#5564 = CARTESIAN_POINT('',(-1.468196127831,39.357430814992));
#5565 = CARTESIAN_POINT('',(-1.484166569607,39.390716343253));
#5566 = CARTESIAN_POINT('',(-1.500743658127,39.419043301128));
#5567 = CARTESIAN_POINT('',(-1.517799258035,39.441273843157));
#5568 = CARTESIAN_POINT('',(-1.535224155834,39.456561721765));
#5569 = CARTESIAN_POINT('',(-1.552920847616,39.464346247147));
#5570 = CARTESIAN_POINT('',(-1.570796326795,39.464346247147));
#5571 = ( GEOMETRIC_REPRESENTATION_CONTEXT(2) 
PARAMETRIC_REPRESENTATION_CONTEXT() REPRESENTATION_CONTEXT('2D SPACE',''
  ) );
#5572 = ORIENTED_EDGE('',*,*,#5573,.F.);
#5573 = EDGE_CURVE('',#5574,#5446,#5576,.T.);
#5574 = VERTEX_POINT('',#5575);
#5575 = CARTESIAN_POINT('',(226.,55.,143.46434624714));
#5576 = SURFACE_CURVE('',#5577,(#5581,#5587),.PCURVE_S1.);
#5577 = LINE('',#5578,#5579);
#5578 = CARTESIAN_POINT('',(190.,55.,143.46434624714));
#5579 = VECTOR('',#5580,1.);
#5580 = DIRECTION('',(-1.,-0.,-0.));
#5581 = PCURVE('',#2266,#5582);
#5582 = DEFINITIONAL_REPRESENTATION('',(#5583),#5586);
#5583 = B_SPLINE_CURVE_WITH_KNOTS('',1,(#5584,#5585),.UNSPECIFIED.,.F.,
  .F.,(2,2),(-36.,-4.),.PIECEWISE_BEZIER_KNOTS.);
#5584 = CARTESIAN_POINT('',(-6.093920711151,-36.));
#5585 = CARTESIAN_POINT('',(-6.093920711151,-4.));
#5586 = ( GEOMETRIC_REPRESENTATION_CONTEXT(2) 
PARAMETRIC_REPRESENTATION_CONTEXT() REPRESENTATION_CONTEXT('2D SPACE',''
  ) );
#5587 = PCURVE('',#5588,#5593);
#5588 = PLANE('',#5589);
#5589 = AXIS2_PLACEMENT_3D('',#5590,#5591,#5592);
#5590 = CARTESIAN_POINT('',(190.,55.,104.));
#5591 = DIRECTION('',(0.,1.,0.));
#5592 = DIRECTION('',(0.,0.,1.));
#5593 = DEFINITIONAL_REPRESENTATION('',(#5594),#5597);
#5594 = B_SPLINE_CURVE_WITH_KNOTS('',1,(#5595,#5596),.UNSPECIFIED.,.F.,
  .F.,(2,2),(-36.0000006,5.999999928008E-07),.PIECEWISE_BEZIER_KNOTS.);
#5595 = CARTESIAN_POINT('',(39.464346247147,36.0000006));
#5596 = CARTESIAN_POINT('',(39.464346247147,-5.999999928008E-07));
#5597 = ( GEOMETRIC_REPRESENTATION_CONTEXT(2) 
PARAMETRIC_REPRESENTATION_CONTEXT() REPRESENTATION_CONTEXT('2D SPACE',''
  ) );
#5598 = ORIENTED_EDGE('',*,*,#5599,.F.);
#5599 = EDGE_CURVE('',#5600,#5574,#5602,.T.);
#5600 = VERTEX_POINT('',#5601);
#5601 = CARTESIAN_POINT('',(226.,55.,164.53565375285));
#5602 = SURFACE_CURVE('',#5603,(#5608,#5615),.PCURVE_S1.);
#5603 = CIRCLE('',#5604,56.);
#5604 = AXIS2_PLACEMENT_3D('',#5605,#5606,#5607);
#5605 = CARTESIAN_POINT('',(226.,0.,154.));
#5606 = DIRECTION('',(-1.,0.,0.));
#5607 = DIRECTION('',(0.,0.982142857143,0.188136674158));
#5608 = PCURVE('',#2266,#5609);
#5609 = DEFINITIONAL_REPRESENTATION('',(#5610),#5614);
#5610 = LINE('',#5611,#5612);
#5611 = CARTESIAN_POINT('',(-6.472449903208,-36.));
#5612 = VECTOR('',#5613,1.);
#5613 = DIRECTION('',(1.,-0.));
#5614 = ( GEOMETRIC_REPRESENTATION_CONTEXT(2) 
PARAMETRIC_REPRESENTATION_CONTEXT() REPRESENTATION_CONTEXT('2D SPACE',''
  ) );
#5615 = PCURVE('',#5616,#5621);
#5616 = PLANE('',#5617);
#5617 = AXIS2_PLACEMENT_3D('',#5618,#5619,#5620);
#5618 = CARTESIAN_POINT('',(226.,-6.251154891609E-15,154.));
#5619 = DIRECTION('',(1.,0.,0.));
#5620 = DIRECTION('',(-0.,0.,1.));
#5621 = DEFINITIONAL_REPRESENTATION('',(#5622),#5630);
#5622 = ( BOUNDED_CURVE() B_SPLINE_CURVE(2,(#5623,#5624,#5625,#5626,
#5627,#5628,#5629),.UNSPECIFIED.,.T.,.F.) B_SPLINE_CURVE_WITH_KNOTS((1,2
    ,2,2,2,1),(-2.094395102393,0.,2.094395102393,4.188790204786,
6.28318530718,8.377580409573),.UNSPECIFIED.) CURVE() 
GEOMETRIC_REPRESENTATION_ITEM() RATIONAL_B_SPLINE_CURVE((1.,0.5,1.,0.5,
1.,0.5,1.)) REPRESENTATION_ITEM('') );
#5623 = CARTESIAN_POINT('',(10.535653752853,-55.));
#5624 = CARTESIAN_POINT('',(-84.72714066343,-73.24828759089));
#5625 = CARTESIAN_POINT('',(-52.89922408457,18.375856204553));
#5626 = CARTESIAN_POINT('',(-21.0713075057,110.));
#5627 = CARTESIAN_POINT('',(42.363570331718,36.624143795447));
#5628 = CARTESIAN_POINT('',(105.79844816914,-36.7517124091));
#5629 = CARTESIAN_POINT('',(10.535653752853,-55.));
#5630 = ( GEOMETRIC_REPRESENTATION_CONTEXT(2) 
PARAMETRIC_REPRESENTATION_CONTEXT() REPRESENTATION_CONTEXT('2D SPACE',''
  ) );
#5631 = ORIENTED_EDGE('',*,*,#5632,.T.);
#5632 = EDGE_CURVE('',#5600,#5633,#5635,.T.);
#5633 = VERTEX_POINT('',#5634);
#5634 = CARTESIAN_POINT('',(194.,55.,164.53565375285));
#5635 = SURFACE_CURVE('',#5636,(#5640,#5646),.PCURVE_S1.);
#5636 = LINE('',#5637,#5638);
#5637 = CARTESIAN_POINT('',(190.,55.,164.53565375285));
#5638 = VECTOR('',#5639,1.);
#5639 = DIRECTION('',(-1.,-0.,-0.));
#5640 = PCURVE('',#2266,#5641);
#5641 = DEFINITIONAL_REPRESENTATION('',(#5642),#5645);
#5642 = B_SPLINE_CURVE_WITH_KNOTS('',1,(#5643,#5644),.UNSPECIFIED.,.F.,
  .F.,(2,2),(-36.,-4.),.PIECEWISE_BEZIER_KNOTS.);
#5643 = CARTESIAN_POINT('',(-6.472449903208,-36.));
#5644 = CARTESIAN_POINT('',(-6.472449903208,-4.));
#5645 = ( GEOMETRIC_REPRESENTATION_CONTEXT(2) 
PARAMETRIC_REPRESENTATION_CONTEXT() REPRESENTATION_CONTEXT('2D SPACE',''
  ) );
#5646 = PCURVE('',#5588,#5647);
#5647 = DEFINITIONAL_REPRESENTATION('',(#5648),#5651);
#5648 = B_SPLINE_CURVE_WITH_KNOTS('',1,(#5649,#5650),.UNSPECIFIED.,.F.,
  .F.,(2,2),(-36.0000006,5.999999928008E-07),.PIECEWISE_BEZIER_KNOTS.);
#5649 = CARTESIAN_POINT('',(60.535653752853,36.0000006));
#5650 = CARTESIAN_POINT('',(60.535653752853,-5.999999928008E-07));
#5651 = ( GEOMETRIC_REPRESENTATION_CONTEXT(2) 
PARAMETRIC_REPRESENTATION_CONTEXT() REPRESENTATION_CONTEXT('2D SPACE',''
  ) );
#5652 = ORIENTED_EDGE('',*,*,#5653,.F.);
#5653 = EDGE_CURVE('',#5351,#5633,#5654,.T.);
#5654 = SURFACE_CURVE('',#5655,(#5694,#5736),.PCURVE_S1.);
#5655 = B_SPLINE_CURVE_WITH_KNOTS('',7,(#5656,#5657,#5658,#5659,#5660,
    #5661,#5662,#5663,#5664,#5665,#5666,#5667,#5668,#5669,#5670,#5671,
    #5672,#5673,#5674,#5675,#5676,#5677,#5678,#5679,#5680,#5681,#5682,
    #5683,#5684,#5685,#5686,#5687,#5688,#5689,#5690,#5691,#5692,#5693),
  .UNSPECIFIED.,.F.,.F.,(8,6,6,6,6,6,8),(0.,0.422884383508,
    0.630632196499,0.817616875426,0.913298372705,0.963268130495,1.),
  .UNSPECIFIED.);
#5656 = CARTESIAN_POINT('',(190.,51.,177.13006701244));
#5657 = CARTESIAN_POINT('',(190.,51.368161510975,176.31829949574));
#5658 = CARTESIAN_POINT('',(190.03953199897,51.72052366675,
    175.50129383867));
#5659 = CARTESIAN_POINT('',(190.11249869108,52.055460672063,
    174.68291818337));
#5660 = CARTESIAN_POINT('',(190.21456023911,52.37273076031,
    173.86504872264));
#5661 = CARTESIAN_POINT('',(190.34293719498,52.672781019047,
    173.04800457291));
#5662 = CARTESIAN_POINT('',(190.49618860114,52.955985454277,
    172.23174716629));
#5663 = CARTESIAN_POINT('',(190.76153357778,53.353102275405,
    171.01832482885));
#5664 = CARTESIAN_POINT('',(190.85472448729,53.479575904193,
    170.62002544991));
#5665 = CARTESIAN_POINT('',(190.95379177848,53.601969906746,
    170.22261857836));
#5666 = CARTESIAN_POINT('',(191.0589638356,53.720456197516,
    169.82574469238));
#5667 = CARTESIAN_POINT('',(191.17054045268,53.835054201416,
    169.42946432412));
#5668 = CARTESIAN_POINT('',(191.28884271478,53.94560870714,
    169.03450185992));
#5669 = CARTESIAN_POINT('',(191.52697583073,54.147381707207,
    168.28967026623));
#5670 = CARTESIAN_POINT('',(191.64416678534,54.23832220153,
    167.94332364637));
#5671 = CARTESIAN_POINT('',(191.76749175419,54.326031870533,
    167.59903525926));
#5672 = CARTESIAN_POINT('',(191.89878826653,54.411153952574,
    167.25439459839));
#5673 = CARTESIAN_POINT('',(192.03961651214,54.49347338672,
    166.90996748257));
#5674 = CARTESIAN_POINT('',(192.1911005461,54.572087115452,
    166.56982253935));
#5675 = CARTESIAN_POINT('',(192.43727007846,54.683236921267,
    166.07365820789));
#5676 = CARTESIAN_POINT('',(192.5230222553,54.719280271395,
    165.90993920048));
#5677 = CARTESIAN_POINT('',(192.61280516186,54.754304939451,
    165.74821285734));
#5678 = CARTESIAN_POINT('',(192.70800954158,54.788461419019,
    165.5878240048));
#5679 = CARTESIAN_POINT('',(192.8097237421,54.821529198505,
    165.4298474316));
#5680 = CARTESIAN_POINT('',(192.91874652475,54.852974560091,
    165.27707997519));
#5681 = CARTESIAN_POINT('',(193.09677869917,54.89719798204,
    165.05909024666));
#5682 = CARTESIAN_POINT('',(193.16020917586,54.911763851087,
    164.98668055221));
#5683 = CARTESIAN_POINT('',(193.22656659894,54.92572094752,
    164.91673292709));
#5684 = CARTESIAN_POINT('',(193.29633474535,54.938971282292,
    164.8497990943));
#5685 = CARTESIAN_POINT('',(193.36991900188,54.951332893881,
    164.78688759089));
#5686 = CARTESIAN_POINT('',(193.44766039566,54.962545998551,
    164.72945196222));
#5687 = CARTESIAN_POINT('',(193.59026681042,54.979424580016,
    164.642569185));
#5688 = CARTESIAN_POINT('',(193.65383263614,54.985860908385,
    164.60928365674));
#5689 = CARTESIAN_POINT('',(193.71993524701,54.991314804536,
    164.58095669887));
#5690 = CARTESIAN_POINT('',(193.78804904109,54.995580519732,
    164.55872615684));
#5691 = CARTESIAN_POINT('',(193.85771130818,54.998508613126,
    164.54343827823));
#5692 = CARTESIAN_POINT('',(193.92849808328,55.,164.53565375285));
#5693 = CARTESIAN_POINT('',(194.,55.,164.53565375285));
#5694 = PCURVE('',#2266,#5695);
#5695 = DEFINITIONAL_REPRESENTATION('',(#5696),#5735);
#5696 = B_SPLINE_CURVE_WITH_KNOTS('',7,(#5697,#5698,#5699,#5700,#5701,
    #5702,#5703,#5704,#5705,#5706,#5707,#5708,#5709,#5710,#5711,#5712,
    #5713,#5714,#5715,#5716,#5717,#5718,#5719,#5720,#5721,#5722,#5723,
    #5724,#5725,#5726,#5727,#5728,#5729,#5730,#5731,#5732,#5733,#5734),
  .UNSPECIFIED.,.F.,.F.,(8,6,6,6,6,6,8),(0.,0.422884383508,
    0.630632196499,0.817616875426,0.913298372705,0.963268130495,1.),
  .UNSPECIFIED.);
#5697 = CARTESIAN_POINT('',(-6.708971505033,0.));
#5698 = CARTESIAN_POINT('',(-6.693054494901,0.));
#5699 = CARTESIAN_POINT('',(-6.677168828036,-3.95319989705E-02));
#5700 = CARTESIAN_POINT('',(-6.661382821867,-0.112498691083));
#5701 = CARTESIAN_POINT('',(-6.645722278853,-0.21456023912));
#5702 = CARTESIAN_POINT('',(-6.630183514736,-0.342937194982));
#5703 = CARTESIAN_POINT('',(-6.614757510186,-0.496188601148));
#5704 = CARTESIAN_POINT('',(-6.591958368244,-0.761533577785));
#5705 = CARTESIAN_POINT('',(-6.584496210979,-0.854724487292));
#5706 = CARTESIAN_POINT('',(-6.57707116579,-0.953791778486));
#5707 = CARTESIAN_POINT('',(-6.569675530836,-1.0589638356));
#5708 = CARTESIAN_POINT('',(-6.562309578035,-1.170540452684));
#5709 = CARTESIAN_POINT('',(-6.554985845461,-1.288842714786));
#5710 = CARTESIAN_POINT('',(-6.541205886835,-1.526975830732));
#5711 = CARTESIAN_POINT('',(-6.534811673175,-1.644166785344));
#5712 = CARTESIAN_POINT('',(-6.528467564604,-1.767491754195));
#5713 = CARTESIAN_POINT('',(-6.522128644846,-1.898788266537));
#5714 = CARTESIAN_POINT('',(-6.515805220302,-2.03961651214));
#5715 = CARTESIAN_POINT('',(-6.509571231778,-2.191100546108));
#5716 = CARTESIAN_POINT('',(-6.500491558164,-2.437270078467));
#5717 = CARTESIAN_POINT('',(-6.497498013935,-2.523022255301));
#5718 = CARTESIAN_POINT('',(-6.494543122283,-2.612805161869));
#5719 = CARTESIAN_POINT('',(-6.491614840728,-2.708009541581));
#5720 = CARTESIAN_POINT('',(-6.488732718215,-2.809723742103));
#5721 = CARTESIAN_POINT('',(-6.485947547056,-2.91874652475));
#5722 = CARTESIAN_POINT('',(-6.481975577637,-3.096778699179));
#5723 = CARTESIAN_POINT('',(-6.480656647341,-3.160209175864));
#5724 = CARTESIAN_POINT('',(-6.479382962173,-3.226566598941));
#5725 = CARTESIAN_POINT('',(-6.478164522312,-3.296334745358));
#5726 = CARTESIAN_POINT('',(-6.477019622324,-3.369919001888));
#5727 = CARTESIAN_POINT('',(-6.475974623552,-3.447660395665));
#5728 = CARTESIAN_POINT('',(-6.474394139953,-3.590266810427));
#5729 = CARTESIAN_POINT('',(-6.473788745476,-3.653832636141));
#5730 = CARTESIAN_POINT('',(-6.473273616892,-3.719935247016));
#5731 = CARTESIAN_POINT('',(-6.47286940077,-3.788049041096));
#5732 = CARTESIAN_POINT('',(-6.47259144073,-3.857711308187));
#5733 = CARTESIAN_POINT('',(-6.472449903208,-3.928498083285));
#5734 = CARTESIAN_POINT('',(-6.472449903208,-4.));
#5735 = ( GEOMETRIC_REPRESENTATION_CONTEXT(2) 
PARAMETRIC_REPRESENTATION_CONTEXT() REPRESENTATION_CONTEXT('2D SPACE',''
  ) );
#5736 = PCURVE('',#2571,#5737);
#5737 = DEFINITIONAL_REPRESENTATION('',(#5738),#5777);
#5738 = B_SPLINE_CURVE_WITH_KNOTS('',7,(#5739,#5740,#5741,#5742,#5743,
    #5744,#5745,#5746,#5747,#5748,#5749,#5750,#5751,#5752,#5753,#5754,
    #5755,#5756,#5757,#5758,#5759,#5760,#5761,#5762,#5763,#5764,#5765,
    #5766,#5767,#5768,#5769,#5770,#5771,#5772,#5773,#5774,#5775,#5776),
  .UNSPECIFIED.,.F.,.F.,(8,6,6,6,6,6,8),(0.,0.422884383508,
    0.630632196499,0.817616875426,0.913298372705,0.963268130495,1.),
  .UNSPECIFIED.);
#5739 = CARTESIAN_POINT('',(0.,73.130067012441));
#5740 = CARTESIAN_POINT('',(-9.204037774381E-02,72.318299495743));
#5741 = CARTESIAN_POINT('',(-0.180130957446,71.50129383867));
#5742 = CARTESIAN_POINT('',(-0.265138396305,70.682918183377));
#5743 = CARTESIAN_POINT('',(-0.347786344563,69.865048722644));
#5744 = CARTESIAN_POINT('',(-0.428826586237,69.048004572912));
#5745 = CARTESIAN_POINT('',(-0.508980910553,68.23174716629));
#5746 = CARTESIAN_POINT('',(-0.628382995504,67.018324828851));
#5747 = CARTESIAN_POINT('',(-0.667616264212,66.620025449914));
#5748 = CARTESIAN_POINT('',(-0.706917101713,66.222618578362));
#5749 = CARTESIAN_POINT('',(-0.746450039477,65.825744692382));
#5750 = CARTESIAN_POINT('',(-0.78636572181,65.429464324127));
#5751 = CARTESIAN_POINT('',(-0.826797586335,65.034501859926));
#5752 = CARTESIAN_POINT('',(-0.904827918765,64.289670266232));
#5753 = CARTESIAN_POINT('',(-0.941877923342,63.943323646372));
#5754 = CARTESIAN_POINT('',(-0.979658231623,63.599035259265));
#5755 = CARTESIAN_POINT('',(-1.018707635743,63.254394598399));
#5756 = CARTESIAN_POINT('',(-1.059409953311,62.909967482578));
#5757 = CARTESIAN_POINT('',(-1.102013380764,62.569822539353));
#5758 = CARTESIAN_POINT('',(-1.169538245626,62.073658207899));
#5759 = CARTESIAN_POINT('',(-1.192785063333,61.909939200486));
#5760 = CARTESIAN_POINT('',(-1.216864877296,61.748212857349));
#5761 = CARTESIAN_POINT('',(-1.242132883956,61.587824004805));
#5762 = CARTESIAN_POINT('',(-1.268849026326,61.429847431603));
#5763 = CARTESIAN_POINT('',(-1.29719604096,61.277079975191));
#5764 = CARTESIAN_POINT('',(-1.343056676436,61.059090246661));
#5765 = CARTESIAN_POINT('',(-1.359324469877,60.986680552212));
#5766 = CARTESIAN_POINT('',(-1.376272070314,60.916732927095));
#5767 = CARTESIAN_POINT('',(-1.394019311403,60.849799094302));
#5768 = CARTESIAN_POINT('',(-1.412665553083,60.786887590899));
#5769 = CARTESIAN_POINT('',(-1.432295678631,60.72945196222));
#5770 = CARTESIAN_POINT('',(-1.468196127831,60.642569185008));
#5771 = CARTESIAN_POINT('',(-1.484166569607,60.609283656746));
#5772 = CARTESIAN_POINT('',(-1.500743658127,60.580956698871));
#5773 = CARTESIAN_POINT('',(-1.517799258035,60.558726156843));
#5774 = CARTESIAN_POINT('',(-1.535224155834,60.543438278235));
#5775 = CARTESIAN_POINT('',(-1.552920847616,60.535653752853));
#5776 = CARTESIAN_POINT('',(-1.570796326795,60.535653752853));
#5777 = ( GEOMETRIC_REPRESENTATION_CONTEXT(2) 
PARAMETRIC_REPRESENTATION_CONTEXT() REPRESENTATION_CONTEXT('2D SPACE',''
  ) );
#5778 = ADVANCED_FACE('',(#5779,#6035),#2298,.F.);
#5779 = FACE_BOUND('',#5780,.F.);
#5780 = EDGE_LOOP('',(#5781,#5782,#5806,#5834,#5867,#5895,#5919,#5942,
    #5968,#5969,#5990,#6016));
#5781 = ORIENTED_EDGE('',*,*,#2280,.F.);
#5782 = ORIENTED_EDGE('',*,*,#5783,.T.);
#5783 = EDGE_CURVE('',#2281,#5784,#5786,.T.);
#5784 = VERTEX_POINT('',#5785);
#5785 = CARTESIAN_POINT('',(194.,-55.,104.));
#5786 = SURFACE_CURVE('',#5787,(#5792,#5799),.PCURVE_S1.);
#5787 = CIRCLE('',#5788,4.);
#5788 = AXIS2_PLACEMENT_3D('',#5789,#5790,#5791);
#5789 = CARTESIAN_POINT('',(194.,-51.,104.));
#5790 = DIRECTION('',(0.,0.,1.));
#5791 = DIRECTION('',(0.,-1.,0.));
#5792 = PCURVE('',#2298,#5793);
#5793 = DEFINITIONAL_REPRESENTATION('',(#5794),#5798);
#5794 = CIRCLE('',#5795,4.);
#5795 = AXIS2_PLACEMENT_2D('',#5796,#5797);
#5796 = CARTESIAN_POINT('',(4.,4.));
#5797 = DIRECTION('',(0.,-1.));
#5798 = ( GEOMETRIC_REPRESENTATION_CONTEXT(2) 
PARAMETRIC_REPRESENTATION_CONTEXT() REPRESENTATION_CONTEXT('2D SPACE',''
  ) );
#5799 = PCURVE('',#2326,#5800);
#5800 = DEFINITIONAL_REPRESENTATION('',(#5801),#5805);
#5801 = LINE('',#5802,#5803);
#5802 = CARTESIAN_POINT('',(-4.712388980385,0.));
#5803 = VECTOR('',#5804,1.);
#5804 = DIRECTION('',(1.,0.));
#5805 = ( GEOMETRIC_REPRESENTATION_CONTEXT(2) 
PARAMETRIC_REPRESENTATION_CONTEXT() REPRESENTATION_CONTEXT('2D SPACE',''
  ) );
#5806 = ORIENTED_EDGE('',*,*,#5807,.T.);
#5807 = EDGE_CURVE('',#5784,#5808,#5810,.T.);
#5808 = VERTEX_POINT('',#5809);
#5809 = CARTESIAN_POINT('',(606.,-55.,104.));
#5810 = SURFACE_CURVE('',#5811,(#5815,#5822),.PCURVE_S1.);
#5811 = LINE('',#5812,#5813);
#5812 = CARTESIAN_POINT('',(190.,-55.,104.));
#5813 = VECTOR('',#5814,1.);
#5814 = DIRECTION('',(1.,0.,0.));
#5815 = PCURVE('',#2298,#5816);
#5816 = DEFINITIONAL_REPRESENTATION('',(#5817),#5821);
#5817 = LINE('',#5818,#5819);
#5818 = CARTESIAN_POINT('',(0.,0.));
#5819 = VECTOR('',#5820,1.);
#5820 = DIRECTION('',(1.,0.));
#5821 = ( GEOMETRIC_REPRESENTATION_CONTEXT(2) 
PARAMETRIC_REPRESENTATION_CONTEXT() REPRESENTATION_CONTEXT('2D SPACE',''
  ) );
#5822 = PCURVE('',#5823,#5828);
#5823 = PLANE('',#5824);
#5824 = AXIS2_PLACEMENT_3D('',#5825,#5826,#5827);
#5825 = CARTESIAN_POINT('',(190.,-55.,104.));
#5826 = DIRECTION('',(0.,1.,0.));
#5827 = DIRECTION('',(0.,0.,1.));
#5828 = DEFINITIONAL_REPRESENTATION('',(#5829),#5833);
#5829 = LINE('',#5830,#5831);
#5830 = CARTESIAN_POINT('',(0.,0.));
#5831 = VECTOR('',#5832,1.);
#5832 = DIRECTION('',(0.,1.));
#5833 = ( GEOMETRIC_REPRESENTATION_CONTEXT(2) 
PARAMETRIC_REPRESENTATION_CONTEXT() REPRESENTATION_CONTEXT('2D SPACE',''
  ) );
#5834 = ORIENTED_EDGE('',*,*,#5835,.F.);
#5835 = EDGE_CURVE('',#5836,#5808,#5838,.T.);
#5836 = VERTEX_POINT('',#5837);
#5837 = CARTESIAN_POINT('',(610.,-51.,104.));
#5838 = SURFACE_CURVE('',#5839,(#5844,#5855),.PCURVE_S1.);
#5839 = CIRCLE('',#5840,4.);
#5840 = AXIS2_PLACEMENT_3D('',#5841,#5842,#5843);
#5841 = CARTESIAN_POINT('',(606.,-51.,104.));
#5842 = DIRECTION('',(-0.,-0.,-1.));
#5843 = DIRECTION('',(0.,-1.,0.));
#5844 = PCURVE('',#2298,#5845);
#5845 = DEFINITIONAL_REPRESENTATION('',(#5846),#5854);
#5846 = ( BOUNDED_CURVE() B_SPLINE_CURVE(2,(#5847,#5848,#5849,#5850,
#5851,#5852,#5853),.UNSPECIFIED.,.T.,.F.) B_SPLINE_CURVE_WITH_KNOTS((1,2
    ,2,2,2,1),(-2.094395102393,0.,2.094395102393,4.188790204786,
6.28318530718,8.377580409573),.UNSPECIFIED.) CURVE() 
GEOMETRIC_REPRESENTATION_ITEM() RATIONAL_B_SPLINE_CURVE((1.,0.5,1.,0.5,
1.,0.5,1.)) REPRESENTATION_ITEM('') );
#5847 = CARTESIAN_POINT('',(416.,0.));
#5848 = CARTESIAN_POINT('',(409.07179676972,0.));
#5849 = CARTESIAN_POINT('',(412.53589838486,6.));
#5850 = CARTESIAN_POINT('',(416.,12.));
#5851 = CARTESIAN_POINT('',(419.46410161513,6.));
#5852 = CARTESIAN_POINT('',(422.92820323027,6.217248937901E-15));
#5853 = CARTESIAN_POINT('',(416.,0.));
#5854 = ( GEOMETRIC_REPRESENTATION_CONTEXT(2) 
PARAMETRIC_REPRESENTATION_CONTEXT() REPRESENTATION_CONTEXT('2D SPACE',''
  ) );
#5855 = PCURVE('',#5856,#5861);
#5856 = CYLINDRICAL_SURFACE('',#5857,4.);
#5857 = AXIS2_PLACEMENT_3D('',#5858,#5859,#5860);
#5858 = CARTESIAN_POINT('',(606.,-51.,104.));
#5859 = DIRECTION('',(0.,0.,1.));
#5860 = DIRECTION('',(1.,0.,-0.));
#5861 = DEFINITIONAL_REPRESENTATION('',(#5862),#5866);
#5862 = LINE('',#5863,#5864);
#5863 = CARTESIAN_POINT('',(4.712388980385,-0.));
#5864 = VECTOR('',#5865,1.);
#5865 = DIRECTION('',(-1.,0.));
#5866 = ( GEOMETRIC_REPRESENTATION_CONTEXT(2) 
PARAMETRIC_REPRESENTATION_CONTEXT() REPRESENTATION_CONTEXT('2D SPACE',''
  ) );
#5867 = ORIENTED_EDGE('',*,*,#5868,.T.);
#5868 = EDGE_CURVE('',#5836,#5869,#5871,.T.);
#5869 = VERTEX_POINT('',#5870);
#5870 = CARTESIAN_POINT('',(610.,51.,104.));
#5871 = SURFACE_CURVE('',#5872,(#5876,#5883),.PCURVE_S1.);
#5872 = LINE('',#5873,#5874);
#5873 = CARTESIAN_POINT('',(610.,-55.,104.));
#5874 = VECTOR('',#5875,1.);
#5875 = DIRECTION('',(0.,1.,0.));
#5876 = PCURVE('',#2298,#5877);
#5877 = DEFINITIONAL_REPRESENTATION('',(#5878),#5882);
#5878 = LINE('',#5879,#5880);
#5879 = CARTESIAN_POINT('',(420.,0.));
#5880 = VECTOR('',#5881,1.);
#5881 = DIRECTION('',(0.,1.));
#5882 = ( GEOMETRIC_REPRESENTATION_CONTEXT(2) 
PARAMETRIC_REPRESENTATION_CONTEXT() REPRESENTATION_CONTEXT('2D SPACE',''
  ) );
#5883 = PCURVE('',#5884,#5889);
#5884 = PLANE('',#5885);
#5885 = AXIS2_PLACEMENT_3D('',#5886,#5887,#5888);
#5886 = CARTESIAN_POINT('',(610.,-55.,104.));
#5887 = DIRECTION('',(1.,0.,0.));
#5888 = DIRECTION('',(0.,0.,1.));
#5889 = DEFINITIONAL_REPRESENTATION('',(#5890),#5894);
#5890 = LINE('',#5891,#5892);
#5891 = CARTESIAN_POINT('',(0.,0.));
#5892 = VECTOR('',#5893,1.);
#5893 = DIRECTION('',(0.,-1.));
#5894 = ( GEOMETRIC_REPRESENTATION_CONTEXT(2) 
PARAMETRIC_REPRESENTATION_CONTEXT() REPRESENTATION_CONTEXT('2D SPACE',''
  ) );
#5895 = ORIENTED_EDGE('',*,*,#5896,.T.);
#5896 = EDGE_CURVE('',#5869,#5897,#5899,.T.);
#5897 = VERTEX_POINT('',#5898);
#5898 = CARTESIAN_POINT('',(606.,55.,104.));
#5899 = SURFACE_CURVE('',#5900,(#5905,#5912),.PCURVE_S1.);
#5900 = CIRCLE('',#5901,4.);
#5901 = AXIS2_PLACEMENT_3D('',#5902,#5903,#5904);
#5902 = CARTESIAN_POINT('',(606.,51.,104.));
#5903 = DIRECTION('',(0.,0.,1.));
#5904 = DIRECTION('',(0.,-1.,0.));
#5905 = PCURVE('',#2298,#5906);
#5906 = DEFINITIONAL_REPRESENTATION('',(#5907),#5911);
#5907 = CIRCLE('',#5908,4.);
#5908 = AXIS2_PLACEMENT_2D('',#5909,#5910);
#5909 = CARTESIAN_POINT('',(416.,106.));
#5910 = DIRECTION('',(0.,-1.));
#5911 = ( GEOMETRIC_REPRESENTATION_CONTEXT(2) 
PARAMETRIC_REPRESENTATION_CONTEXT() REPRESENTATION_CONTEXT('2D SPACE',''
  ) );
#5912 = PCURVE('',#5428,#5913);
#5913 = DEFINITIONAL_REPRESENTATION('',(#5914),#5918);
#5914 = LINE('',#5915,#5916);
#5915 = CARTESIAN_POINT('',(-1.570796326795,0.));
#5916 = VECTOR('',#5917,1.);
#5917 = DIRECTION('',(1.,0.));
#5918 = ( GEOMETRIC_REPRESENTATION_CONTEXT(2) 
PARAMETRIC_REPRESENTATION_CONTEXT() REPRESENTATION_CONTEXT('2D SPACE',''
  ) );
#5919 = ORIENTED_EDGE('',*,*,#5920,.F.);
#5920 = EDGE_CURVE('',#5921,#5897,#5923,.T.);
#5921 = VERTEX_POINT('',#5922);
#5922 = CARTESIAN_POINT('',(194.,55.,104.));
#5923 = SURFACE_CURVE('',#5924,(#5928,#5935),.PCURVE_S1.);
#5924 = LINE('',#5925,#5926);
#5925 = CARTESIAN_POINT('',(190.,55.,104.));
#5926 = VECTOR('',#5927,1.);
#5927 = DIRECTION('',(1.,0.,0.));
#5928 = PCURVE('',#2298,#5929);
#5929 = DEFINITIONAL_REPRESENTATION('',(#5930),#5934);
#5930 = LINE('',#5931,#5932);
#5931 = CARTESIAN_POINT('',(0.,110.));
#5932 = VECTOR('',#5933,1.);
#5933 = DIRECTION('',(1.,0.));
#5934 = ( GEOMETRIC_REPRESENTATION_CONTEXT(2) 
PARAMETRIC_REPRESENTATION_CONTEXT() REPRESENTATION_CONTEXT('2D SPACE',''
  ) );
#5935 = PCURVE('',#5588,#5936);
#5936 = DEFINITIONAL_REPRESENTATION('',(#5937),#5941);
#5937 = LINE('',#5938,#5939);
#5938 = CARTESIAN_POINT('',(0.,0.));
#5939 = VECTOR('',#5940,1.);
#5940 = DIRECTION('',(0.,1.));
#5941 = ( GEOMETRIC_REPRESENTATION_CONTEXT(2) 
PARAMETRIC_REPRESENTATION_CONTEXT() REPRESENTATION_CONTEXT('2D SPACE',''
  ) );
#5942 = ORIENTED_EDGE('',*,*,#5943,.F.);
#5943 = EDGE_CURVE('',#2366,#5921,#5944,.T.);
#5944 = SURFACE_CURVE('',#5945,(#5950,#5961),.PCURVE_S1.);
#5945 = CIRCLE('',#5946,4.);
#5946 = AXIS2_PLACEMENT_3D('',#5947,#5948,#5949);
#5947 = CARTESIAN_POINT('',(194.,51.,104.));
#5948 = DIRECTION('',(-0.,-0.,-1.));
#5949 = DIRECTION('',(0.,-1.,0.));
#5950 = PCURVE('',#2298,#5951);
#5951 = DEFINITIONAL_REPRESENTATION('',(#5952),#5960);
#5952 = ( BOUNDED_CURVE() B_SPLINE_CURVE(2,(#5953,#5954,#5955,#5956,
#5957,#5958,#5959),.UNSPECIFIED.,.T.,.F.) B_SPLINE_CURVE_WITH_KNOTS((1,2
    ,2,2,2,1),(-2.094395102393,0.,2.094395102393,4.188790204786,
6.28318530718,8.377580409573),.UNSPECIFIED.) CURVE() 
GEOMETRIC_REPRESENTATION_ITEM() RATIONAL_B_SPLINE_CURVE((1.,0.5,1.,0.5,
1.,0.5,1.)) REPRESENTATION_ITEM('') );
#5953 = CARTESIAN_POINT('',(4.,102.));
#5954 = CARTESIAN_POINT('',(-2.928203230276,102.));
#5955 = CARTESIAN_POINT('',(0.535898384862,108.));
#5956 = CARTESIAN_POINT('',(4.,114.));
#5957 = CARTESIAN_POINT('',(7.464101615138,108.));
#5958 = CARTESIAN_POINT('',(10.928203230276,102.));
#5959 = CARTESIAN_POINT('',(4.,102.));
#5960 = ( GEOMETRIC_REPRESENTATION_CONTEXT(2) 
PARAMETRIC_REPRESENTATION_CONTEXT() REPRESENTATION_CONTEXT('2D SPACE',''
  ) );
#5961 = PCURVE('',#2381,#5962);
#5962 = DEFINITIONAL_REPRESENTATION('',(#5963),#5967);
#5963 = LINE('',#5964,#5965);
#5964 = CARTESIAN_POINT('',(1.570796326795,-0.));
#5965 = VECTOR('',#5966,1.);
#5966 = DIRECTION('',(-1.,0.));
#5967 = ( GEOMETRIC_REPRESENTATION_CONTEXT(2) 
PARAMETRIC_REPRESENTATION_CONTEXT() REPRESENTATION_CONTEXT('2D SPACE',''
  ) );
#5968 = ORIENTED_EDGE('',*,*,#2393,.F.);
#5969 = ORIENTED_EDGE('',*,*,#5970,.F.);
#5970 = EDGE_CURVE('',#5971,#2394,#5973,.T.);
#5971 = VERTEX_POINT('',#5972);
#5972 = CARTESIAN_POINT('',(226.,25.219040425837,104.));
#5973 = SURFACE_CURVE('',#5974,(#5978,#5984),.PCURVE_S1.);
#5974 = LINE('',#5975,#5976);
#5975 = CARTESIAN_POINT('',(190.,25.219040425837,104.));
#5976 = VECTOR('',#5977,1.);
#5977 = DIRECTION('',(-1.,-0.,-0.));
#5978 = PCURVE('',#2298,#5979);
#5979 = DEFINITIONAL_REPRESENTATION('',(#5980),#5983);
#5980 = B_SPLINE_CURVE_WITH_KNOTS('',1,(#5981,#5982),.UNSPECIFIED.,.F.,
  .F.,(2,2),(-36.0000006,5.999999928008E-07),.PIECEWISE_BEZIER_KNOTS.);
#5981 = CARTESIAN_POINT('',(36.0000006,80.219040425837));
#5982 = CARTESIAN_POINT('',(-5.999999928008E-07,80.219040425837));
#5983 = ( GEOMETRIC_REPRESENTATION_CONTEXT(2) 
PARAMETRIC_REPRESENTATION_CONTEXT() REPRESENTATION_CONTEXT('2D SPACE',''
  ) );
#5984 = PCURVE('',#2431,#5985);
#5985 = DEFINITIONAL_REPRESENTATION('',(#5986),#5989);
#5986 = B_SPLINE_CURVE_WITH_KNOTS('',1,(#5987,#5988),.UNSPECIFIED.,.F.,
  .F.,(2,2),(-36.0000006,5.999999928008E-07),.PIECEWISE_BEZIER_KNOTS.);
#5987 = CARTESIAN_POINT('',(-5.179535091394,-36.0000006));
#5988 = CARTESIAN_POINT('',(-5.179535091394,5.999999928008E-07));
#5989 = ( GEOMETRIC_REPRESENTATION_CONTEXT(2) 
PARAMETRIC_REPRESENTATION_CONTEXT() REPRESENTATION_CONTEXT('2D SPACE',''
  ) );
#5990 = ORIENTED_EDGE('',*,*,#5991,.F.);
#5991 = EDGE_CURVE('',#5992,#5971,#5994,.T.);
#5992 = VERTEX_POINT('',#5993);
#5993 = CARTESIAN_POINT('',(226.,-25.21904042583,104.));
#5994 = SURFACE_CURVE('',#5995,(#5999,#6005),.PCURVE_S1.);
#5995 = LINE('',#5996,#5997);
#5996 = CARTESIAN_POINT('',(226.,-27.5,104.));
#5997 = VECTOR('',#5998,1.);
#5998 = DIRECTION('',(0.,1.,0.));
#5999 = PCURVE('',#2298,#6000);
#6000 = DEFINITIONAL_REPRESENTATION('',(#6001),#6004);
#6001 = B_SPLINE_CURVE_WITH_KNOTS('',1,(#6002,#6003),.UNSPECIFIED.,.F.,
  .F.,(2,2),(-27.5,82.5),.PIECEWISE_BEZIER_KNOTS.);
#6002 = CARTESIAN_POINT('',(36.,0.));
#6003 = CARTESIAN_POINT('',(36.,110.));
#6004 = ( GEOMETRIC_REPRESENTATION_CONTEXT(2) 
PARAMETRIC_REPRESENTATION_CONTEXT() REPRESENTATION_CONTEXT('2D SPACE',''
  ) );
#6005 = PCURVE('',#6006,#6011);
#6006 = PLANE('',#6007);
#6007 = AXIS2_PLACEMENT_3D('',#6008,#6009,#6010);
#6008 = CARTESIAN_POINT('',(226.,-6.251154891609E-15,154.));
#6009 = DIRECTION('',(1.,0.,0.));
#6010 = DIRECTION('',(-0.,0.,1.));
#6011 = DEFINITIONAL_REPRESENTATION('',(#6012),#6015);
#6012 = B_SPLINE_CURVE_WITH_KNOTS('',1,(#6013,#6014),.UNSPECIFIED.,.F.,
  .F.,(2,2),(-27.5,82.5),.PIECEWISE_BEZIER_KNOTS.);
#6013 = CARTESIAN_POINT('',(-50.,55.));
#6014 = CARTESIAN_POINT('',(-50.,-55.));
#6015 = ( GEOMETRIC_REPRESENTATION_CONTEXT(2) 
PARAMETRIC_REPRESENTATION_CONTEXT() REPRESENTATION_CONTEXT('2D SPACE',''
  ) );
#6016 = ORIENTED_EDGE('',*,*,#6017,.T.);
#6017 = EDGE_CURVE('',#5992,#2283,#6018,.T.);
#6018 = SURFACE_CURVE('',#6019,(#6023,#6029),.PCURVE_S1.);
#6019 = LINE('',#6020,#6021);
#6020 = CARTESIAN_POINT('',(190.,-25.21904042583,104.));
#6021 = VECTOR('',#6022,1.);
#6022 = DIRECTION('',(-1.,-0.,-0.));
#6023 = PCURVE('',#2298,#6024);
#6024 = DEFINITIONAL_REPRESENTATION('',(#6025),#6028);
#6025 = B_SPLINE_CURVE_WITH_KNOTS('',1,(#6026,#6027),.UNSPECIFIED.,.F.,
  .F.,(2,2),(-36.0000006,5.999999928008E-07),.PIECEWISE_BEZIER_KNOTS.);
#6026 = CARTESIAN_POINT('',(36.0000006,29.780959574163));
#6027 = CARTESIAN_POINT('',(-5.999999928008E-07,29.780959574163));
#6028 = ( GEOMETRIC_REPRESENTATION_CONTEXT(2) 
PARAMETRIC_REPRESENTATION_CONTEXT() REPRESENTATION_CONTEXT('2D SPACE',''
  ) );
#6029 = PCURVE('',#2431,#6030);
#6030 = DEFINITIONAL_REPRESENTATION('',(#6031),#6034);
#6031 = B_SPLINE_CURVE_WITH_KNOTS('',1,(#6032,#6033),.UNSPECIFIED.,.F.,
  .F.,(2,2),(-36.0000006,5.999999928008E-07),.PIECEWISE_BEZIER_KNOTS.);
#6032 = CARTESIAN_POINT('',(-4.245242869376,-36.0000006));
#6033 = CARTESIAN_POINT('',(-4.245242869376,5.999999928008E-07));
#6034 = ( GEOMETRIC_REPRESENTATION_CONTEXT(2) 
PARAMETRIC_REPRESENTATION_CONTEXT() REPRESENTATION_CONTEXT('2D SPACE',''
  ) );
#6035 = FACE_BOUND('',#6036,.F.);
#6036 = EDGE_LOOP('',(#6037,#6068,#6094,#6123,#6149,#6178,#6204,#6233));
#6037 = ORIENTED_EDGE('',*,*,#6038,.F.);
#6038 = EDGE_CURVE('',#6039,#6041,#6043,.T.);
#6039 = VERTEX_POINT('',#6040);
#6040 = CARTESIAN_POINT('',(274.,-16.,104.));
#6041 = VERTEX_POINT('',#6042);
#6042 = CARTESIAN_POINT('',(276.,-18.,104.));
#6043 = SURFACE_CURVE('',#6044,(#6049,#6056),.PCURVE_S1.);
#6044 = CIRCLE('',#6045,2.);
#6045 = AXIS2_PLACEMENT_3D('',#6046,#6047,#6048);
#6046 = CARTESIAN_POINT('',(276.,-16.,104.));
#6047 = DIRECTION('',(0.,0.,1.));
#6048 = DIRECTION('',(-1.,-0.,0.));
#6049 = PCURVE('',#2298,#6050);
#6050 = DEFINITIONAL_REPRESENTATION('',(#6051),#6055);
#6051 = CIRCLE('',#6052,2.);
#6052 = AXIS2_PLACEMENT_2D('',#6053,#6054);
#6053 = CARTESIAN_POINT('',(86.,39.));
#6054 = DIRECTION('',(-1.,0.));
#6055 = ( GEOMETRIC_REPRESENTATION_CONTEXT(2) 
PARAMETRIC_REPRESENTATION_CONTEXT() REPRESENTATION_CONTEXT('2D SPACE',''
  ) );
#6056 = PCURVE('',#6057,#6062);
#6057 = CYLINDRICAL_SURFACE('',#6058,2.);
#6058 = AXIS2_PLACEMENT_3D('',#6059,#6060,#6061);
#6059 = CARTESIAN_POINT('',(276.,-16.,86.));
#6060 = DIRECTION('',(0.,0.,1.));
#6061 = DIRECTION('',(-1.,-0.,0.));
#6062 = DEFINITIONAL_REPRESENTATION('',(#6063),#6067);
#6063 = LINE('',#6064,#6065);
#6064 = CARTESIAN_POINT('',(0.,18.));
#6065 = VECTOR('',#6066,1.);
#6066 = DIRECTION('',(1.,0.));
#6067 = ( GEOMETRIC_REPRESENTATION_CONTEXT(2) 
PARAMETRIC_REPRESENTATION_CONTEXT() REPRESENTATION_CONTEXT('2D SPACE',''
  ) );
#6068 = ORIENTED_EDGE('',*,*,#6069,.T.);
#6069 = EDGE_CURVE('',#6039,#6070,#6072,.T.);
#6070 = VERTEX_POINT('',#6071);
#6071 = CARTESIAN_POINT('',(274.,16.,104.));
#6072 = SURFACE_CURVE('',#6073,(#6077,#6083),.PCURVE_S1.);
#6073 = LINE('',#6074,#6075);
#6074 = CARTESIAN_POINT('',(274.,-36.5,104.));
#6075 = VECTOR('',#6076,1.);
#6076 = DIRECTION('',(0.,1.,0.));
#6077 = PCURVE('',#2298,#6078);
#6078 = DEFINITIONAL_REPRESENTATION('',(#6079),#6082);
#6079 = B_SPLINE_CURVE_WITH_KNOTS('',1,(#6080,#6081),.UNSPECIFIED.,.F.,
  .F.,(2,2),(20.5,52.5),.PIECEWISE_BEZIER_KNOTS.);
#6080 = CARTESIAN_POINT('',(84.,39.));
#6081 = CARTESIAN_POINT('',(84.,71.));
#6082 = ( GEOMETRIC_REPRESENTATION_CONTEXT(2) 
PARAMETRIC_REPRESENTATION_CONTEXT() REPRESENTATION_CONTEXT('2D SPACE',''
  ) );
#6083 = PCURVE('',#6084,#6089);
#6084 = PLANE('',#6085);
#6085 = AXIS2_PLACEMENT_3D('',#6086,#6087,#6088);
#6086 = CARTESIAN_POINT('',(274.,-18.,86.));
#6087 = DIRECTION('',(1.,0.,0.));
#6088 = DIRECTION('',(0.,0.,1.));
#6089 = DEFINITIONAL_REPRESENTATION('',(#6090),#6093);
#6090 = B_SPLINE_CURVE_WITH_KNOTS('',1,(#6091,#6092),.UNSPECIFIED.,.F.,
  .F.,(2,2),(20.5,52.5),.PIECEWISE_BEZIER_KNOTS.);
#6091 = CARTESIAN_POINT('',(18.,-2.));
#6092 = CARTESIAN_POINT('',(18.,-34.));
#6093 = ( GEOMETRIC_REPRESENTATION_CONTEXT(2) 
PARAMETRIC_REPRESENTATION_CONTEXT() REPRESENTATION_CONTEXT('2D SPACE',''
  ) );
#6094 = ORIENTED_EDGE('',*,*,#6095,.F.);
#6095 = EDGE_CURVE('',#6096,#6070,#6098,.T.);
#6096 = VERTEX_POINT('',#6097);
#6097 = CARTESIAN_POINT('',(276.,18.,104.));
#6098 = SURFACE_CURVE('',#6099,(#6104,#6111),.PCURVE_S1.);
#6099 = CIRCLE('',#6100,2.);
#6100 = AXIS2_PLACEMENT_3D('',#6101,#6102,#6103);
#6101 = CARTESIAN_POINT('',(276.,16.,104.));
#6102 = DIRECTION('',(0.,0.,1.));
#6103 = DIRECTION('',(-1.,-0.,0.));
#6104 = PCURVE('',#2298,#6105);
#6105 = DEFINITIONAL_REPRESENTATION('',(#6106),#6110);
#6106 = CIRCLE('',#6107,2.);
#6107 = AXIS2_PLACEMENT_2D('',#6108,#6109);
#6108 = CARTESIAN_POINT('',(86.,71.));
#6109 = DIRECTION('',(-1.,0.));
#6110 = ( GEOMETRIC_REPRESENTATION_CONTEXT(2) 
PARAMETRIC_REPRESENTATION_CONTEXT() REPRESENTATION_CONTEXT('2D SPACE',''
  ) );
#6111 = PCURVE('',#6112,#6117);
#6112 = CYLINDRICAL_SURFACE('',#6113,2.);
#6113 = AXIS2_PLACEMENT_3D('',#6114,#6115,#6116);
#6114 = CARTESIAN_POINT('',(276.,16.,86.));
#6115 = DIRECTION('',(0.,0.,1.));
#6116 = DIRECTION('',(-1.,-0.,0.));
#6117 = DEFINITIONAL_REPRESENTATION('',(#6118),#6122);
#6118 = LINE('',#6119,#6120);
#6119 = CARTESIAN_POINT('',(-6.28318530718,18.));
#6120 = VECTOR('',#6121,1.);
#6121 = DIRECTION('',(1.,-0.));
#6122 = ( GEOMETRIC_REPRESENTATION_CONTEXT(2) 
PARAMETRIC_REPRESENTATION_CONTEXT() REPRESENTATION_CONTEXT('2D SPACE',''
  ) );
#6123 = ORIENTED_EDGE('',*,*,#6124,.F.);
#6124 = EDGE_CURVE('',#6125,#6096,#6127,.T.);
#6125 = VERTEX_POINT('',#6126);
#6126 = CARTESIAN_POINT('',(566.,18.,104.));
#6127 = SURFACE_CURVE('',#6128,(#6132,#6138),.PCURVE_S1.);
#6128 = LINE('',#6129,#6130);
#6129 = CARTESIAN_POINT('',(232.,18.,104.));
#6130 = VECTOR('',#6131,1.);
#6131 = DIRECTION('',(-1.,0.,0.));
#6132 = PCURVE('',#2298,#6133);
#6133 = DEFINITIONAL_REPRESENTATION('',(#6134),#6137);
#6134 = B_SPLINE_CURVE_WITH_KNOTS('',1,(#6135,#6136),.UNSPECIFIED.,.F.,
  .F.,(2,2),(-334.,-44.),.PIECEWISE_BEZIER_KNOTS.);
#6135 = CARTESIAN_POINT('',(376.,73.));
#6136 = CARTESIAN_POINT('',(86.,73.));
#6137 = ( GEOMETRIC_REPRESENTATION_CONTEXT(2) 
PARAMETRIC_REPRESENTATION_CONTEXT() REPRESENTATION_CONTEXT('2D SPACE',''
  ) );
#6138 = PCURVE('',#6139,#6144);
#6139 = PLANE('',#6140);
#6140 = AXIS2_PLACEMENT_3D('',#6141,#6142,#6143);
#6141 = CARTESIAN_POINT('',(274.,18.,86.));
#6142 = DIRECTION('',(0.,1.,0.));
#6143 = DIRECTION('',(0.,0.,1.));
#6144 = DEFINITIONAL_REPRESENTATION('',(#6145),#6148);
#6145 = B_SPLINE_CURVE_WITH_KNOTS('',1,(#6146,#6147),.UNSPECIFIED.,.F.,
  .F.,(2,2),(-334.,-44.),.PIECEWISE_BEZIER_KNOTS.);
#6146 = CARTESIAN_POINT('',(18.,292.));
#6147 = CARTESIAN_POINT('',(18.,2.));
#6148 = ( GEOMETRIC_REPRESENTATION_CONTEXT(2) 
PARAMETRIC_REPRESENTATION_CONTEXT() REPRESENTATION_CONTEXT('2D SPACE',''
  ) );
#6149 = ORIENTED_EDGE('',*,*,#6150,.F.);
#6150 = EDGE_CURVE('',#6151,#6125,#6153,.T.);
#6151 = VERTEX_POINT('',#6152);
#6152 = CARTESIAN_POINT('',(568.,16.,104.));
#6153 = SURFACE_CURVE('',#6154,(#6159,#6166),.PCURVE_S1.);
#6154 = CIRCLE('',#6155,2.);
#6155 = AXIS2_PLACEMENT_3D('',#6156,#6157,#6158);
#6156 = CARTESIAN_POINT('',(566.,16.,104.));
#6157 = DIRECTION('',(0.,0.,1.));
#6158 = DIRECTION('',(1.,0.,-0.));
#6159 = PCURVE('',#2298,#6160);
#6160 = DEFINITIONAL_REPRESENTATION('',(#6161),#6165);
#6161 = CIRCLE('',#6162,2.);
#6162 = AXIS2_PLACEMENT_2D('',#6163,#6164);
#6163 = CARTESIAN_POINT('',(376.,71.));
#6164 = DIRECTION('',(1.,0.));
#6165 = ( GEOMETRIC_REPRESENTATION_CONTEXT(2) 
PARAMETRIC_REPRESENTATION_CONTEXT() REPRESENTATION_CONTEXT('2D SPACE',''
  ) );
#6166 = PCURVE('',#6167,#6172);
#6167 = CYLINDRICAL_SURFACE('',#6168,2.);
#6168 = AXIS2_PLACEMENT_3D('',#6169,#6170,#6171);
#6169 = CARTESIAN_POINT('',(566.,16.,86.));
#6170 = DIRECTION('',(0.,0.,1.));
#6171 = DIRECTION('',(1.,0.,-0.));
#6172 = DEFINITIONAL_REPRESENTATION('',(#6173),#6177);
#6173 = LINE('',#6174,#6175);
#6174 = CARTESIAN_POINT('',(0.,18.));
#6175 = VECTOR('',#6176,1.);
#6176 = DIRECTION('',(1.,0.));
#6177 = ( GEOMETRIC_REPRESENTATION_CONTEXT(2) 
PARAMETRIC_REPRESENTATION_CONTEXT() REPRESENTATION_CONTEXT('2D SPACE',''
  ) );
#6178 = ORIENTED_EDGE('',*,*,#6179,.F.);
#6179 = EDGE_CURVE('',#6180,#6151,#6182,.T.);
#6180 = VERTEX_POINT('',#6181);
#6181 = CARTESIAN_POINT('',(568.,-16.,104.));
#6182 = SURFACE_CURVE('',#6183,(#6187,#6193),.PCURVE_S1.);
#6183 = LINE('',#6184,#6185);
#6184 = CARTESIAN_POINT('',(568.,-36.5,104.));
#6185 = VECTOR('',#6186,1.);
#6186 = DIRECTION('',(0.,1.,0.));
#6187 = PCURVE('',#2298,#6188);
#6188 = DEFINITIONAL_REPRESENTATION('',(#6189),#6192);
#6189 = B_SPLINE_CURVE_WITH_KNOTS('',1,(#6190,#6191),.UNSPECIFIED.,.F.,
  .F.,(2,2),(20.5,52.5),.PIECEWISE_BEZIER_KNOTS.);
#6190 = CARTESIAN_POINT('',(378.,39.));
#6191 = CARTESIAN_POINT('',(378.,71.));
#6192 = ( GEOMETRIC_REPRESENTATION_CONTEXT(2) 
PARAMETRIC_REPRESENTATION_CONTEXT() REPRESENTATION_CONTEXT('2D SPACE',''
  ) );
#6193 = PCURVE('',#6194,#6199);
#6194 = PLANE('',#6195);
#6195 = AXIS2_PLACEMENT_3D('',#6196,#6197,#6198);
#6196 = CARTESIAN_POINT('',(568.,-18.,86.));
#6197 = DIRECTION('',(1.,0.,0.));
#6198 = DIRECTION('',(0.,0.,1.));
#6199 = DEFINITIONAL_REPRESENTATION('',(#6200),#6203);
#6200 = B_SPLINE_CURVE_WITH_KNOTS('',1,(#6201,#6202),.UNSPECIFIED.,.F.,
  .F.,(2,2),(20.5,52.5),.PIECEWISE_BEZIER_KNOTS.);
#6201 = CARTESIAN_POINT('',(18.,-2.));
#6202 = CARTESIAN_POINT('',(18.,-34.));
#6203 = ( GEOMETRIC_REPRESENTATION_CONTEXT(2) 
PARAMETRIC_REPRESENTATION_CONTEXT() REPRESENTATION_CONTEXT('2D SPACE',''
  ) );
#6204 = ORIENTED_EDGE('',*,*,#6205,.F.);
#6205 = EDGE_CURVE('',#6206,#6180,#6208,.T.);
#6206 = VERTEX_POINT('',#6207);
#6207 = CARTESIAN_POINT('',(566.,-18.,104.));
#6208 = SURFACE_CURVE('',#6209,(#6214,#6221),.PCURVE_S1.);
#6209 = CIRCLE('',#6210,2.);
#6210 = AXIS2_PLACEMENT_3D('',#6211,#6212,#6213);
#6211 = CARTESIAN_POINT('',(566.,-16.,104.));
#6212 = DIRECTION('',(0.,0.,1.));
#6213 = DIRECTION('',(1.,0.,-0.));
#6214 = PCURVE('',#2298,#6215);
#6215 = DEFINITIONAL_REPRESENTATION('',(#6216),#6220);
#6216 = CIRCLE('',#6217,2.);
#6217 = AXIS2_PLACEMENT_2D('',#6218,#6219);
#6218 = CARTESIAN_POINT('',(376.,39.));
#6219 = DIRECTION('',(1.,0.));
#6220 = ( GEOMETRIC_REPRESENTATION_CONTEXT(2) 
PARAMETRIC_REPRESENTATION_CONTEXT() REPRESENTATION_CONTEXT('2D SPACE',''
  ) );
#6221 = PCURVE('',#6222,#6227);
#6222 = CYLINDRICAL_SURFACE('',#6223,2.);
#6223 = AXIS2_PLACEMENT_3D('',#6224,#6225,#6226);
#6224 = CARTESIAN_POINT('',(566.,-16.,86.));
#6225 = DIRECTION('',(0.,0.,1.));
#6226 = DIRECTION('',(1.,0.,-0.));
#6227 = DEFINITIONAL_REPRESENTATION('',(#6228),#6232);
#6228 = LINE('',#6229,#6230);
#6229 = CARTESIAN_POINT('',(-6.28318530718,18.));
#6230 = VECTOR('',#6231,1.);
#6231 = DIRECTION('',(1.,-0.));
#6232 = ( GEOMETRIC_REPRESENTATION_CONTEXT(2) 
PARAMETRIC_REPRESENTATION_CONTEXT() REPRESENTATION_CONTEXT('2D SPACE',''
  ) );
#6233 = ORIENTED_EDGE('',*,*,#6234,.T.);
#6234 = EDGE_CURVE('',#6206,#6041,#6235,.T.);
#6235 = SURFACE_CURVE('',#6236,(#6240,#6246),.PCURVE_S1.);
#6236 = LINE('',#6237,#6238);
#6237 = CARTESIAN_POINT('',(232.,-18.,104.));
#6238 = VECTOR('',#6239,1.);
#6239 = DIRECTION('',(-1.,0.,0.));
#6240 = PCURVE('',#2298,#6241);
#6241 = DEFINITIONAL_REPRESENTATION('',(#6242),#6245);
#6242 = B_SPLINE_CURVE_WITH_KNOTS('',1,(#6243,#6244),.UNSPECIFIED.,.F.,
  .F.,(2,2),(-334.,-44.),.PIECEWISE_BEZIER_KNOTS.);
#6243 = CARTESIAN_POINT('',(376.,37.));
#6244 = CARTESIAN_POINT('',(86.,37.));
#6245 = ( GEOMETRIC_REPRESENTATION_CONTEXT(2) 
PARAMETRIC_REPRESENTATION_CONTEXT() REPRESENTATION_CONTEXT('2D SPACE',''
  ) );
#6246 = PCURVE('',#6247,#6252);
#6247 = PLANE('',#6248);
#6248 = AXIS2_PLACEMENT_3D('',#6249,#6250,#6251);
#6249 = CARTESIAN_POINT('',(274.,-18.,86.));
#6250 = DIRECTION('',(0.,1.,0.));
#6251 = DIRECTION('',(0.,0.,1.));
#6252 = DEFINITIONAL_REPRESENTATION('',(#6253),#6256);
#6253 = B_SPLINE_CURVE_WITH_KNOTS('',1,(#6254,#6255),.UNSPECIFIED.,.F.,
  .F.,(2,2),(-334.,-44.),.PIECEWISE_BEZIER_KNOTS.);
#6254 = CARTESIAN_POINT('',(18.,292.));
#6255 = CARTESIAN_POINT('',(18.,2.));
#6256 = ( GEOMETRIC_REPRESENTATION_CONTEXT(2) 
PARAMETRIC_REPRESENTATION_CONTEXT() REPRESENTATION_CONTEXT('2D SPACE',''
  ) );
#6257 = ADVANCED_FACE('',(#6258),#2431,.T.);
#6258 = FACE_BOUND('',#6259,.F.);
#6259 = EDGE_LOOP('',(#6260,#6261,#6262,#6263));
#6260 = ORIENTED_EDGE('',*,*,#5970,.T.);
#6261 = ORIENTED_EDGE('',*,*,#2416,.F.);
#6262 = ORIENTED_EDGE('',*,*,#6017,.F.);
#6263 = ORIENTED_EDGE('',*,*,#6264,.T.);
#6264 = EDGE_CURVE('',#5992,#5971,#6265,.T.);
#6265 = SURFACE_CURVE('',#6266,(#6271,#6278),.PCURVE_S1.);
#6266 = CIRCLE('',#6267,56.);
#6267 = AXIS2_PLACEMENT_3D('',#6268,#6269,#6270);
#6268 = CARTESIAN_POINT('',(226.,0.,154.));
#6269 = DIRECTION('',(1.,0.,0.));
#6270 = DIRECTION('',(0.,1.,0.));
#6271 = PCURVE('',#2431,#6272);
#6272 = DEFINITIONAL_REPRESENTATION('',(#6273),#6277);
#6273 = LINE('',#6274,#6275);
#6274 = CARTESIAN_POINT('',(-0.,-36.));
#6275 = VECTOR('',#6276,1.);
#6276 = DIRECTION('',(-1.,0.));
#6277 = ( GEOMETRIC_REPRESENTATION_CONTEXT(2) 
PARAMETRIC_REPRESENTATION_CONTEXT() REPRESENTATION_CONTEXT('2D SPACE',''
  ) );
#6278 = PCURVE('',#6006,#6279);
#6279 = DEFINITIONAL_REPRESENTATION('',(#6280),#6284);
#6280 = CIRCLE('',#6281,56.);
#6281 = AXIS2_PLACEMENT_2D('',#6282,#6283);
#6282 = CARTESIAN_POINT('',(-2.84217094304E-14,-6.251154891609E-15));
#6283 = DIRECTION('',(0.,-1.));
#6284 = ( GEOMETRIC_REPRESENTATION_CONTEXT(2) 
PARAMETRIC_REPRESENTATION_CONTEXT() REPRESENTATION_CONTEXT('2D SPACE',''
  ) );
#6285 = ADVANCED_FACE('',(#6286),#2381,.T.);
#6286 = FACE_BOUND('',#6287,.F.);
#6287 = EDGE_LOOP('',(#6288,#6289,#6290,#6311,#6312,#6313));
#6288 = ORIENTED_EDGE('',*,*,#2365,.F.);
#6289 = ORIENTED_EDGE('',*,*,#5943,.T.);
#6290 = ORIENTED_EDGE('',*,*,#6291,.T.);
#6291 = EDGE_CURVE('',#5921,#5446,#6292,.T.);
#6292 = SURFACE_CURVE('',#6293,(#6297,#6304),.PCURVE_S1.);
#6293 = LINE('',#6294,#6295);
#6294 = CARTESIAN_POINT('',(194.,55.,104.));
#6295 = VECTOR('',#6296,1.);
#6296 = DIRECTION('',(0.,0.,1.));
#6297 = PCURVE('',#2381,#6298);
#6298 = DEFINITIONAL_REPRESENTATION('',(#6299),#6303);
#6299 = LINE('',#6300,#6301);
#6300 = CARTESIAN_POINT('',(-1.570796326795,0.));
#6301 = VECTOR('',#6302,1.);
#6302 = DIRECTION('',(-0.,1.));
#6303 = ( GEOMETRIC_REPRESENTATION_CONTEXT(2) 
PARAMETRIC_REPRESENTATION_CONTEXT() REPRESENTATION_CONTEXT('2D SPACE',''
  ) );
#6304 = PCURVE('',#5588,#6305);
#6305 = DEFINITIONAL_REPRESENTATION('',(#6306),#6310);
#6306 = LINE('',#6307,#6308);
#6307 = CARTESIAN_POINT('',(0.,4.));
#6308 = VECTOR('',#6309,1.);
#6309 = DIRECTION('',(1.,0.));
#6310 = ( GEOMETRIC_REPRESENTATION_CONTEXT(2) 
PARAMETRIC_REPRESENTATION_CONTEXT() REPRESENTATION_CONTEXT('2D SPACE',''
  ) );
#6311 = ORIENTED_EDGE('',*,*,#5445,.F.);
#6312 = ORIENTED_EDGE('',*,*,#5309,.F.);
#6313 = ORIENTED_EDGE('',*,*,#6314,.T.);
#6314 = EDGE_CURVE('',#5285,#2339,#6315,.T.);
#6315 = SURFACE_CURVE('',#6316,(#6321,#6328),.PCURVE_S1.);
#6316 = CIRCLE('',#6317,4.);
#6317 = AXIS2_PLACEMENT_3D('',#6318,#6319,#6320);
#6318 = CARTESIAN_POINT('',(194.,51.,107.));
#6319 = DIRECTION('',(0.,0.,1.));
#6320 = DIRECTION('',(-1.,-0.,0.));
#6321 = PCURVE('',#2381,#6322);
#6322 = DEFINITIONAL_REPRESENTATION('',(#6323),#6327);
#6323 = LINE('',#6324,#6325);
#6324 = CARTESIAN_POINT('',(-6.28318530718,3.));
#6325 = VECTOR('',#6326,1.);
#6326 = DIRECTION('',(1.,-0.));
#6327 = ( GEOMETRIC_REPRESENTATION_CONTEXT(2) 
PARAMETRIC_REPRESENTATION_CONTEXT() REPRESENTATION_CONTEXT('2D SPACE',''
  ) );
#6328 = PCURVE('',#2354,#6329);
#6329 = DEFINITIONAL_REPRESENTATION('',(#6330),#6334);
#6330 = CIRCLE('',#6331,4.);
#6331 = AXIS2_PLACEMENT_2D('',#6332,#6333);
#6332 = CARTESIAN_POINT('',(5.,103.));
#6333 = DIRECTION('',(-1.,0.));
#6334 = ( GEOMETRIC_REPRESENTATION_CONTEXT(2) 
PARAMETRIC_REPRESENTATION_CONTEXT() REPRESENTATION_CONTEXT('2D SPACE',''
  ) );
#6335 = ADVANCED_FACE('',(#6336),#2354,.T.);
#6336 = FACE_BOUND('',#6337,.T.);
#6337 = EDGE_LOOP('',(#6338,#6339,#6340,#6341,#6365,#6388,#6412,#6433));
#6338 = ORIENTED_EDGE('',*,*,#5284,.F.);
#6339 = ORIENTED_EDGE('',*,*,#6314,.T.);
#6340 = ORIENTED_EDGE('',*,*,#2338,.T.);
#6341 = ORIENTED_EDGE('',*,*,#6342,.T.);
#6342 = EDGE_CURVE('',#2311,#6343,#6345,.T.);
#6343 = VERTEX_POINT('',#6344);
#6344 = CARTESIAN_POINT('',(190.12701665379,-52.,107.));
#6345 = SURFACE_CURVE('',#6346,(#6351,#6358),.PCURVE_S1.);
#6346 = CIRCLE('',#6347,4.);
#6347 = AXIS2_PLACEMENT_3D('',#6348,#6349,#6350);
#6348 = CARTESIAN_POINT('',(194.,-51.,107.));
#6349 = DIRECTION('',(0.,0.,1.));
#6350 = DIRECTION('',(-1.,-0.,0.));
#6351 = PCURVE('',#2354,#6352);
#6352 = DEFINITIONAL_REPRESENTATION('',(#6353),#6357);
#6353 = CIRCLE('',#6354,4.);
#6354 = AXIS2_PLACEMENT_2D('',#6355,#6356);
#6355 = CARTESIAN_POINT('',(5.,1.));
#6356 = DIRECTION('',(-1.,0.));
#6357 = ( GEOMETRIC_REPRESENTATION_CONTEXT(2) 
PARAMETRIC_REPRESENTATION_CONTEXT() REPRESENTATION_CONTEXT('2D SPACE',''
  ) );
#6358 = PCURVE('',#2326,#6359);
#6359 = DEFINITIONAL_REPRESENTATION('',(#6360),#6364);
#6360 = LINE('',#6361,#6362);
#6361 = CARTESIAN_POINT('',(0.,3.));
#6362 = VECTOR('',#6363,1.);
#6363 = DIRECTION('',(1.,0.));
#6364 = ( GEOMETRIC_REPRESENTATION_CONTEXT(2) 
PARAMETRIC_REPRESENTATION_CONTEXT() REPRESENTATION_CONTEXT('2D SPACE',''
  ) );
#6365 = ORIENTED_EDGE('',*,*,#6366,.T.);
#6366 = EDGE_CURVE('',#6343,#6367,#6369,.T.);
#6367 = VERTEX_POINT('',#6368);
#6368 = CARTESIAN_POINT('',(609.8729833462,-52.,107.));
#6369 = SURFACE_CURVE('',#6370,(#6374,#6381),.PCURVE_S1.);
#6370 = LINE('',#6371,#6372);
#6371 = CARTESIAN_POINT('',(189.,-52.,107.));
#6372 = VECTOR('',#6373,1.);
#6373 = DIRECTION('',(1.,0.,0.));
#6374 = PCURVE('',#2354,#6375);
#6375 = DEFINITIONAL_REPRESENTATION('',(#6376),#6380);
#6376 = LINE('',#6377,#6378);
#6377 = CARTESIAN_POINT('',(0.,0.));
#6378 = VECTOR('',#6379,1.);
#6379 = DIRECTION('',(1.,0.));
#6380 = ( GEOMETRIC_REPRESENTATION_CONTEXT(2) 
PARAMETRIC_REPRESENTATION_CONTEXT() REPRESENTATION_CONTEXT('2D SPACE',''
  ) );
#6381 = PCURVE('',#2628,#6382);
#6382 = DEFINITIONAL_REPRESENTATION('',(#6383),#6387);
#6383 = LINE('',#6384,#6385);
#6384 = CARTESIAN_POINT('',(0.,0.));
#6385 = VECTOR('',#6386,1.);
#6386 = DIRECTION('',(0.,1.));
#6387 = ( GEOMETRIC_REPRESENTATION_CONTEXT(2) 
PARAMETRIC_REPRESENTATION_CONTEXT() REPRESENTATION_CONTEXT('2D SPACE',''
  ) );
#6388 = ORIENTED_EDGE('',*,*,#6389,.T.);
#6389 = EDGE_CURVE('',#6367,#6390,#6392,.T.);
#6390 = VERTEX_POINT('',#6391);
#6391 = CARTESIAN_POINT('',(610.,-51.,107.));
#6392 = SURFACE_CURVE('',#6393,(#6398,#6405),.PCURVE_S1.);
#6393 = CIRCLE('',#6394,4.);
#6394 = AXIS2_PLACEMENT_3D('',#6395,#6396,#6397);
#6395 = CARTESIAN_POINT('',(606.,-51.,107.));
#6396 = DIRECTION('',(0.,0.,1.));
#6397 = DIRECTION('',(1.,0.,-0.));
#6398 = PCURVE('',#2354,#6399);
#6399 = DEFINITIONAL_REPRESENTATION('',(#6400),#6404);
#6400 = CIRCLE('',#6401,4.);
#6401 = AXIS2_PLACEMENT_2D('',#6402,#6403);
#6402 = CARTESIAN_POINT('',(417.,1.));
#6403 = DIRECTION('',(1.,0.));
#6404 = ( GEOMETRIC_REPRESENTATION_CONTEXT(2) 
PARAMETRIC_REPRESENTATION_CONTEXT() REPRESENTATION_CONTEXT('2D SPACE',''
  ) );
#6405 = PCURVE('',#5856,#6406);
#6406 = DEFINITIONAL_REPRESENTATION('',(#6407),#6411);
#6407 = LINE('',#6408,#6409);
#6408 = CARTESIAN_POINT('',(-6.28318530718,3.));
#6409 = VECTOR('',#6410,1.);
#6410 = DIRECTION('',(1.,-0.));
#6411 = ( GEOMETRIC_REPRESENTATION_CONTEXT(2) 
PARAMETRIC_REPRESENTATION_CONTEXT() REPRESENTATION_CONTEXT('2D SPACE',''
  ) );
#6412 = ORIENTED_EDGE('',*,*,#6413,.F.);
#6413 = EDGE_CURVE('',#6414,#6390,#6416,.T.);
#6414 = VERTEX_POINT('',#6415);
#6415 = CARTESIAN_POINT('',(610.,51.,107.));
#6416 = SURFACE_CURVE('',#6417,(#6421,#6427),.PCURVE_S1.);
#6417 = LINE('',#6418,#6419);
#6418 = CARTESIAN_POINT('',(610.,-53.5,107.));
#6419 = VECTOR('',#6420,1.);
#6420 = DIRECTION('',(0.,-1.,0.));
#6421 = PCURVE('',#2354,#6422);
#6422 = DEFINITIONAL_REPRESENTATION('',(#6423),#6426);
#6423 = B_SPLINE_CURVE_WITH_KNOTS('',1,(#6424,#6425),.UNSPECIFIED.,.F.,
  .F.,(2,2),(-104.5,-2.5),.PIECEWISE_BEZIER_KNOTS.);
#6424 = CARTESIAN_POINT('',(421.,103.));
#6425 = CARTESIAN_POINT('',(421.,1.));
#6426 = ( GEOMETRIC_REPRESENTATION_CONTEXT(2) 
PARAMETRIC_REPRESENTATION_CONTEXT() REPRESENTATION_CONTEXT('2D SPACE',''
  ) );
#6427 = PCURVE('',#5884,#6428);
#6428 = DEFINITIONAL_REPRESENTATION('',(#6429),#6432);
#6429 = B_SPLINE_CURVE_WITH_KNOTS('',1,(#6430,#6431),.UNSPECIFIED.,.F.,
  .F.,(2,2),(-104.5,-2.5),.PIECEWISE_BEZIER_KNOTS.);
#6430 = CARTESIAN_POINT('',(3.,-106.));
#6431 = CARTESIAN_POINT('',(3.,-4.));
#6432 = ( GEOMETRIC_REPRESENTATION_CONTEXT(2) 
PARAMETRIC_REPRESENTATION_CONTEXT() REPRESENTATION_CONTEXT('2D SPACE',''
  ) );
#6433 = ORIENTED_EDGE('',*,*,#6434,.T.);
#6434 = EDGE_CURVE('',#6414,#5287,#6435,.T.);
#6435 = SURFACE_CURVE('',#6436,(#6441,#6448),.PCURVE_S1.);
#6436 = CIRCLE('',#6437,4.);
#6437 = AXIS2_PLACEMENT_3D('',#6438,#6439,#6440);
#6438 = CARTESIAN_POINT('',(606.,51.,107.));
#6439 = DIRECTION('',(0.,0.,1.));
#6440 = DIRECTION('',(1.,0.,-0.));
#6441 = PCURVE('',#2354,#6442);
#6442 = DEFINITIONAL_REPRESENTATION('',(#6443),#6447);
#6443 = CIRCLE('',#6444,4.);
#6444 = AXIS2_PLACEMENT_2D('',#6445,#6446);
#6445 = CARTESIAN_POINT('',(417.,103.));
#6446 = DIRECTION('',(1.,0.));
#6447 = ( GEOMETRIC_REPRESENTATION_CONTEXT(2) 
PARAMETRIC_REPRESENTATION_CONTEXT() REPRESENTATION_CONTEXT('2D SPACE',''
  ) );
#6448 = PCURVE('',#5428,#6449);
#6449 = DEFINITIONAL_REPRESENTATION('',(#6450),#6454);
#6450 = LINE('',#6451,#6452);
#6451 = CARTESIAN_POINT('',(0.,3.));
#6452 = VECTOR('',#6453,1.);
#6453 = DIRECTION('',(1.,0.));
#6454 = ( GEOMETRIC_REPRESENTATION_CONTEXT(2) 
PARAMETRIC_REPRESENTATION_CONTEXT() REPRESENTATION_CONTEXT('2D SPACE',''
  ) );
#6455 = ADVANCED_FACE('',(#6456),#2326,.T.);
#6456 = FACE_BOUND('',#6457,.T.);
#6457 = EDGE_LOOP('',(#6458,#6459,#6460,#6483,#6611,#6630));
#6458 = ORIENTED_EDGE('',*,*,#2310,.F.);
#6459 = ORIENTED_EDGE('',*,*,#5783,.T.);
#6460 = ORIENTED_EDGE('',*,*,#6461,.T.);
#6461 = EDGE_CURVE('',#5784,#6462,#6464,.T.);
#6462 = VERTEX_POINT('',#6463);
#6463 = CARTESIAN_POINT('',(194.,-55.,143.46434624714));
#6464 = SURFACE_CURVE('',#6465,(#6469,#6476),.PCURVE_S1.);
#6465 = LINE('',#6466,#6467);
#6466 = CARTESIAN_POINT('',(194.,-55.,104.));
#6467 = VECTOR('',#6468,1.);
#6468 = DIRECTION('',(0.,0.,1.));
#6469 = PCURVE('',#2326,#6470);
#6470 = DEFINITIONAL_REPRESENTATION('',(#6471),#6475);
#6471 = LINE('',#6472,#6473);
#6472 = CARTESIAN_POINT('',(1.570796326795,0.));
#6473 = VECTOR('',#6474,1.);
#6474 = DIRECTION('',(0.,1.));
#6475 = ( GEOMETRIC_REPRESENTATION_CONTEXT(2) 
PARAMETRIC_REPRESENTATION_CONTEXT() REPRESENTATION_CONTEXT('2D SPACE',''
  ) );
#6476 = PCURVE('',#5823,#6477);
#6477 = DEFINITIONAL_REPRESENTATION('',(#6478),#6482);
#6478 = LINE('',#6479,#6480);
#6479 = CARTESIAN_POINT('',(0.,4.));
#6480 = VECTOR('',#6481,1.);
#6481 = DIRECTION('',(1.,0.));
#6482 = ( GEOMETRIC_REPRESENTATION_CONTEXT(2) 
PARAMETRIC_REPRESENTATION_CONTEXT() REPRESENTATION_CONTEXT('2D SPACE',''
  ) );
#6483 = ORIENTED_EDGE('',*,*,#6484,.F.);
#6484 = EDGE_CURVE('',#6485,#6462,#6487,.T.);
#6485 = VERTEX_POINT('',#6486);
#6486 = CARTESIAN_POINT('',(190.12701664223,-52.,133.21539030778));
#6487 = SURFACE_CURVE('',#6488,(#6527,#6569),.PCURVE_S1.);
#6488 = B_SPLINE_CURVE_WITH_KNOTS('',7,(#6489,#6490,#6491,#6492,#6493,
    #6494,#6495,#6496,#6497,#6498,#6499,#6500,#6501,#6502,#6503,#6504,
    #6505,#6506,#6507,#6508,#6509,#6510,#6511,#6512,#6513,#6514,#6515,
    #6516,#6517,#6518,#6519,#6520,#6521,#6522,#6523,#6524,#6525,#6526),
  .UNSPECIFIED.,.F.,.F.,(8,6,6,6,6,6,8),(0.,0.422884383332,
    0.630632196235,0.817616875079,0.913298372464,0.963268130393,1.),
  .UNSPECIFIED.);
#6489 = CARTESIAN_POINT('',(190.,-51.,130.86993298755));
#6490 = CARTESIAN_POINT('',(190.,-51.36816151097,131.68170050426));
#6491 = CARTESIAN_POINT('',(190.03953199897,-51.72052366675,
    132.49870616132));
#6492 = CARTESIAN_POINT('',(190.11249869108,-52.05546067206,
    133.31708181661));
#6493 = CARTESIAN_POINT('',(190.21456023912,-52.37273076031,
    134.13495127736));
#6494 = CARTESIAN_POINT('',(190.34293719498,-52.67278101904,
    134.95199542708));
#6495 = CARTESIAN_POINT('',(190.49618860114,-52.95598545427,
    135.7682528337));
#6496 = CARTESIAN_POINT('',(190.76153357778,-53.3531022754,
    136.98167517115));
#6497 = CARTESIAN_POINT('',(190.85472448729,-53.47957590419,
    137.37997455008));
#6498 = CARTESIAN_POINT('',(190.95379177848,-53.60196990674,
    137.77738142163));
#6499 = CARTESIAN_POINT('',(191.0589638356,-53.72045619751,
    138.17425530761));
#6500 = CARTESIAN_POINT('',(191.17054045268,-53.83505420141,
    138.57053567587));
#6501 = CARTESIAN_POINT('',(191.28884271478,-53.94560870713,
    138.96549814007));
#6502 = CARTESIAN_POINT('',(191.52697583072,-54.1473817072,
    139.71032973375));
#6503 = CARTESIAN_POINT('',(191.64416678534,-54.23832220153,
    140.05667635363));
#6504 = CARTESIAN_POINT('',(191.76749175419,-54.32603187053,
    140.40096474073));
#6505 = CARTESIAN_POINT('',(191.89878826653,-54.41115395257,
    140.74560540159));
#6506 = CARTESIAN_POINT('',(192.03961651213,-54.49347338672,
    141.09003251741));
#6507 = CARTESIAN_POINT('',(192.19110054611,-54.57208711545,
    141.43017746065));
#6508 = CARTESIAN_POINT('',(192.43727007859,-54.68323692132,
    141.92634179235));
#6509 = CARTESIAN_POINT('',(192.52302225495,-54.71928027126,
    142.09006079892));
#6510 = CARTESIAN_POINT('',(192.61280516212,-54.75430493952,
    142.251787143));
#6511 = CARTESIAN_POINT('',(192.70800954178,-54.78846141909,
    142.41217599555));
#6512 = CARTESIAN_POINT('',(192.80972374169,-54.82152919838,
    142.57015256781));
#6513 = CARTESIAN_POINT('',(192.91874652494,-54.85297456014,
    142.72292002505));
#6514 = CARTESIAN_POINT('',(193.09677869917,-54.89719798204,
    142.94090975333));
#6515 = CARTESIAN_POINT('',(193.16020917586,-54.91176385108,
    143.01331944778));
#6516 = CARTESIAN_POINT('',(193.22656659894,-54.92572094752,
    143.0832670729));
#6517 = CARTESIAN_POINT('',(193.29633474535,-54.93897128229,
    143.15020090569));
#6518 = CARTESIAN_POINT('',(193.36991900188,-54.95133289388,
    143.2131124091));
#6519 = CARTESIAN_POINT('',(193.44766039566,-54.96254599855,
    143.27054803778));
#6520 = CARTESIAN_POINT('',(193.59026681042,-54.97942458001,
    143.35743081499));
#6521 = CARTESIAN_POINT('',(193.65383263614,-54.98586090838,
    143.39071634325));
#6522 = CARTESIAN_POINT('',(193.71993524701,-54.99131480453,
    143.41904330112));
#6523 = CARTESIAN_POINT('',(193.78804904109,-54.99558051973,
    143.44127384315));
#6524 = CARTESIAN_POINT('',(193.85771130818,-54.99850861312,
    143.45656172176));
#6525 = CARTESIAN_POINT('',(193.92849808328,-55.,143.46434624714));
#6526 = CARTESIAN_POINT('',(194.,-55.,143.46434624714));
#6527 = PCURVE('',#2326,#6528);
#6528 = DEFINITIONAL_REPRESENTATION('',(#6529),#6568);
#6529 = B_SPLINE_CURVE_WITH_KNOTS('',7,(#6530,#6531,#6532,#6533,#6534,
    #6535,#6536,#6537,#6538,#6539,#6540,#6541,#6542,#6543,#6544,#6545,
    #6546,#6547,#6548,#6549,#6550,#6551,#6552,#6553,#6554,#6555,#6556,
    #6557,#6558,#6559,#6560,#6561,#6562,#6563,#6564,#6565,#6566,#6567),
  .UNSPECIFIED.,.F.,.F.,(8,6,6,6,6,6,8),(0.,0.422884383332,
    0.630632196235,0.817616875079,0.913298372464,0.963268130393,1.),
  .UNSPECIFIED.);
#6530 = CARTESIAN_POINT('',(0.,26.869932987559));
#6531 = CARTESIAN_POINT('',(9.204037774415E-02,27.68170050426));
#6532 = CARTESIAN_POINT('',(0.180130957446,28.498706161329));
#6533 = CARTESIAN_POINT('',(0.265138396304,29.317081816617));
#6534 = CARTESIAN_POINT('',(0.347786344564,30.134951277362));
#6535 = CARTESIAN_POINT('',(0.428826586237,30.951995427088));
#6536 = CARTESIAN_POINT('',(0.508980910553,31.768252833709));
#6537 = CARTESIAN_POINT('',(0.628382995504,32.98167517115));
#6538 = CARTESIAN_POINT('',(0.667616264212,33.379974550086));
#6539 = CARTESIAN_POINT('',(0.706917101713,33.777381421638));
#6540 = CARTESIAN_POINT('',(0.746450039477,34.174255307618));
#6541 = CARTESIAN_POINT('',(0.78636572181,34.570535675872));
#6542 = CARTESIAN_POINT('',(0.826797586335,34.965498140073));
#6543 = CARTESIAN_POINT('',(0.904827918764,35.710329733759));
#6544 = CARTESIAN_POINT('',(0.941877923343,36.056676353638));
#6545 = CARTESIAN_POINT('',(0.979658231624,36.400964740737));
#6546 = CARTESIAN_POINT('',(1.018707635743,36.745605401598));
#6547 = CARTESIAN_POINT('',(1.05940995331,37.090032517417));
#6548 = CARTESIAN_POINT('',(1.102013380765,37.430177460651));
#6549 = CARTESIAN_POINT('',(1.169538245662,37.926341792359));
#6550 = CARTESIAN_POINT('',(1.19278506324,38.09006079892));
#6551 = CARTESIAN_POINT('',(1.216864877362,38.251787143001));
#6552 = CARTESIAN_POINT('',(1.24213288401,38.412175995554));
#6553 = CARTESIAN_POINT('',(1.268849026218,38.570152567813));
#6554 = CARTESIAN_POINT('',(1.297196041011,38.722920025052));
#6555 = CARTESIAN_POINT('',(1.343056676436,38.940909753339));
#6556 = CARTESIAN_POINT('',(1.359324469877,39.013319447787));
#6557 = CARTESIAN_POINT('',(1.376272070314,39.083267072905));
#6558 = CARTESIAN_POINT('',(1.394019311403,39.150200905698));
#6559 = CARTESIAN_POINT('',(1.412665553083,39.213112409101));
#6560 = CARTESIAN_POINT('',(1.432295678631,39.27054803778));
#6561 = CARTESIAN_POINT('',(1.468196127831,39.357430814991));
#6562 = CARTESIAN_POINT('',(1.484166569607,39.390716343254));
#6563 = CARTESIAN_POINT('',(1.500743658127,39.419043301129));
#6564 = CARTESIAN_POINT('',(1.517799258035,39.441273843157));
#6565 = CARTESIAN_POINT('',(1.535224155834,39.456561721765));
#6566 = CARTESIAN_POINT('',(1.552920847616,39.464346247147));
#6567 = CARTESIAN_POINT('',(1.570796326795,39.464346247147));
#6568 = ( GEOMETRIC_REPRESENTATION_CONTEXT(2) 
PARAMETRIC_REPRESENTATION_CONTEXT() REPRESENTATION_CONTEXT('2D SPACE',''
  ) );
#6569 = PCURVE('',#2654,#6570);
#6570 = DEFINITIONAL_REPRESENTATION('',(#6571),#6610);
#6571 = B_SPLINE_CURVE_WITH_KNOTS('',7,(#6572,#6573,#6574,#6575,#6576,
    #6577,#6578,#6579,#6580,#6581,#6582,#6583,#6584,#6585,#6586,#6587,
    #6588,#6589,#6590,#6591,#6592,#6593,#6594,#6595,#6596,#6597,#6598,
    #6599,#6600,#6601,#6602,#6603,#6604,#6605,#6606,#6607,#6608,#6609),
  .UNSPECIFIED.,.F.,.F.,(8,6,6,6,6,6,8),(0.,0.422884383332,
    0.630632196235,0.817616875079,0.913298372464,0.963268130393,1.),
  .UNSPECIFIED.);
#6572 = CARTESIAN_POINT('',(-3.567378851443,0.));
#6573 = CARTESIAN_POINT('',(-3.551461841312,0.));
#6574 = CARTESIAN_POINT('',(-3.535576174446,-3.953199897097E-02));
#6575 = CARTESIAN_POINT('',(-3.519790168277,-0.112498691082));
#6576 = CARTESIAN_POINT('',(-3.504129625263,-0.21456023912));
#6577 = CARTESIAN_POINT('',(-3.488590861146,-0.342937194983));
#6578 = CARTESIAN_POINT('',(-3.473164856596,-0.496188601148));
#6579 = CARTESIAN_POINT('',(-3.450365714654,-0.761533577785));
#6580 = CARTESIAN_POINT('',(-3.442903557389,-0.854724487292));
#6581 = CARTESIAN_POINT('',(-3.4354785122,-0.953791778486));
#6582 = CARTESIAN_POINT('',(-3.428082877246,-1.0589638356));
#6583 = CARTESIAN_POINT('',(-3.420716924445,-1.170540452684));
#6584 = CARTESIAN_POINT('',(-3.413393191871,-1.288842714786));
#6585 = CARTESIAN_POINT('',(-3.399613233245,-1.526975830729));
#6586 = CARTESIAN_POINT('',(-3.393219019585,-1.644166785347));
#6587 = CARTESIAN_POINT('',(-3.386874911014,-1.767491754197));
#6588 = CARTESIAN_POINT('',(-3.380535991256,-1.898788266536));
#6589 = CARTESIAN_POINT('',(-3.374212566713,-2.039616512137));
#6590 = CARTESIAN_POINT('',(-3.367978578188,-2.19110054611));
#6591 = CARTESIAN_POINT('',(-3.358898904569,-2.437270078595));
#6592 = CARTESIAN_POINT('',(-3.355905360356,-2.523022254952));
#6593 = CARTESIAN_POINT('',(-3.352950468687,-2.612805162124));
#6594 = CARTESIAN_POINT('',(-3.350022187132,-2.708009541784));
#6595 = CARTESIAN_POINT('',(-3.347140064636,-2.80972374169));
#6596 = CARTESIAN_POINT('',(-3.344354893462,-2.918746524949));
#6597 = CARTESIAN_POINT('',(-3.340382924047,-3.096778699178));
#6598 = CARTESIAN_POINT('',(-3.339063993752,-3.160209175864));
#6599 = CARTESIAN_POINT('',(-3.337790308583,-3.226566598941));
#6600 = CARTESIAN_POINT('',(-3.336571868722,-3.296334745359));
#6601 = CARTESIAN_POINT('',(-3.335426968734,-3.369919001888));
#6602 = CARTESIAN_POINT('',(-3.334381969962,-3.447660395664));
#6603 = CARTESIAN_POINT('',(-3.332801486363,-3.590266810426));
#6604 = CARTESIAN_POINT('',(-3.332196091886,-3.653832636141));
#6605 = CARTESIAN_POINT('',(-3.331680963303,-3.719935247017));
#6606 = CARTESIAN_POINT('',(-3.33127674718,-3.788049041096));
#6607 = CARTESIAN_POINT('',(-3.330998787141,-3.857711308187));
#6608 = CARTESIAN_POINT('',(-3.330857249619,-3.928498083284));
#6609 = CARTESIAN_POINT('',(-3.330857249619,-4.));
#6610 = ( GEOMETRIC_REPRESENTATION_CONTEXT(2) 
PARAMETRIC_REPRESENTATION_CONTEXT() REPRESENTATION_CONTEXT('2D SPACE',''
  ) );
#6611 = ORIENTED_EDGE('',*,*,#6612,.F.);
#6612 = EDGE_CURVE('',#6343,#6485,#6613,.T.);
#6613 = SURFACE_CURVE('',#6614,(#6618,#6624),.PCURVE_S1.);
#6614 = LINE('',#6615,#6616);
#6615 = CARTESIAN_POINT('',(190.12701665379,-52.,104.));
#6616 = VECTOR('',#6617,1.);
#6617 = DIRECTION('',(0.,0.,1.));
#6618 = PCURVE('',#2326,#6619);
#6619 = DEFINITIONAL_REPRESENTATION('',(#6620),#6623);
#6620 = B_SPLINE_CURVE_WITH_KNOTS('',1,(#6621,#6622),.UNSPECIFIED.,.F.,
  .F.,(2,2),(-6.000000070117E-07,39.464346847147),
  .PIECEWISE_BEZIER_KNOTS.);
#6621 = CARTESIAN_POINT('',(0.252680255142,-6.000000070117E-07));
#6622 = CARTESIAN_POINT('',(0.252680255142,39.464346847147));
#6623 = ( GEOMETRIC_REPRESENTATION_CONTEXT(2) 
PARAMETRIC_REPRESENTATION_CONTEXT() REPRESENTATION_CONTEXT('2D SPACE',''
  ) );
#6624 = PCURVE('',#2628,#6625);
#6625 = DEFINITIONAL_REPRESENTATION('',(#6626),#6629);
#6626 = B_SPLINE_CURVE_WITH_KNOTS('',1,(#6627,#6628),.UNSPECIFIED.,.F.,
  .F.,(2,2),(-6.000000070117E-07,39.464346847147),
  .PIECEWISE_BEZIER_KNOTS.);
#6627 = CARTESIAN_POINT('',(-3.0000006,1.127016653793));
#6628 = CARTESIAN_POINT('',(36.464346847147,1.127016653793));
#6629 = ( GEOMETRIC_REPRESENTATION_CONTEXT(2) 
PARAMETRIC_REPRESENTATION_CONTEXT() REPRESENTATION_CONTEXT('2D SPACE',''
  ) );
#6630 = ORIENTED_EDGE('',*,*,#6342,.F.);
#6631 = ADVANCED_FACE('',(#6632),#2463,.T.);
#6632 = FACE_BOUND('',#6633,.T.);
#6633 = EDGE_LOOP('',(#6634,#6635,#6659,#6680,#6808,#6831));
#6634 = ORIENTED_EDGE('',*,*,#2445,.F.);
#6635 = ORIENTED_EDGE('',*,*,#6636,.T.);
#6636 = EDGE_CURVE('',#2446,#6637,#6639,.T.);
#6637 = VERTEX_POINT('',#6638);
#6638 = CARTESIAN_POINT('',(190.12701665379,-52.,201.));
#6639 = SURFACE_CURVE('',#6640,(#6645,#6652),.PCURVE_S1.);
#6640 = CIRCLE('',#6641,4.);
#6641 = AXIS2_PLACEMENT_3D('',#6642,#6643,#6644);
#6642 = CARTESIAN_POINT('',(194.,-51.,201.));
#6643 = DIRECTION('',(0.,0.,1.));
#6644 = DIRECTION('',(-1.,-0.,0.));
#6645 = PCURVE('',#2463,#6646);
#6646 = DEFINITIONAL_REPRESENTATION('',(#6647),#6651);
#6647 = LINE('',#6648,#6649);
#6648 = CARTESIAN_POINT('',(0.,97.));
#6649 = VECTOR('',#6650,1.);
#6650 = DIRECTION('',(1.,0.));
#6651 = ( GEOMETRIC_REPRESENTATION_CONTEXT(2) 
PARAMETRIC_REPRESENTATION_CONTEXT() REPRESENTATION_CONTEXT('2D SPACE',''
  ) );
#6652 = PCURVE('',#2597,#6653);
#6653 = DEFINITIONAL_REPRESENTATION('',(#6654),#6658);
#6654 = CIRCLE('',#6655,4.);
#6655 = AXIS2_PLACEMENT_2D('',#6656,#6657);
#6656 = CARTESIAN_POINT('',(5.,1.));
#6657 = DIRECTION('',(-1.,0.));
#6658 = ( GEOMETRIC_REPRESENTATION_CONTEXT(2) 
PARAMETRIC_REPRESENTATION_CONTEXT() REPRESENTATION_CONTEXT('2D SPACE',''
  ) );
#6659 = ORIENTED_EDGE('',*,*,#6660,.F.);
#6660 = EDGE_CURVE('',#6661,#6637,#6663,.T.);
#6661 = VERTEX_POINT('',#6662);
#6662 = CARTESIAN_POINT('',(190.12701664223,-52.,174.78460969221));
#6663 = SURFACE_CURVE('',#6664,(#6668,#6674),.PCURVE_S1.);
#6664 = LINE('',#6665,#6666);
#6665 = CARTESIAN_POINT('',(190.12701665379,-52.,104.));
#6666 = VECTOR('',#6667,1.);
#6667 = DIRECTION('',(0.,0.,1.));
#6668 = PCURVE('',#2463,#6669);
#6669 = DEFINITIONAL_REPRESENTATION('',(#6670),#6673);
#6670 = B_SPLINE_CURVE_WITH_KNOTS('',1,(#6671,#6672),.UNSPECIFIED.,.F.,
  .F.,(2,2),(60.535653152853,100.0000006),.PIECEWISE_BEZIER_KNOTS.);
#6671 = CARTESIAN_POINT('',(0.252680255142,60.535653152853));
#6672 = CARTESIAN_POINT('',(0.252680255142,100.0000006));
#6673 = ( GEOMETRIC_REPRESENTATION_CONTEXT(2) 
PARAMETRIC_REPRESENTATION_CONTEXT() REPRESENTATION_CONTEXT('2D SPACE',''
  ) );
#6674 = PCURVE('',#2628,#6675);
#6675 = DEFINITIONAL_REPRESENTATION('',(#6676),#6679);
#6676 = B_SPLINE_CURVE_WITH_KNOTS('',1,(#6677,#6678),.UNSPECIFIED.,.F.,
  .F.,(2,2),(60.535653152853,100.0000006),.PIECEWISE_BEZIER_KNOTS.);
#6677 = CARTESIAN_POINT('',(57.535653152853,1.127016653793));
#6678 = CARTESIAN_POINT('',(97.0000006,1.127016653793));
#6679 = ( GEOMETRIC_REPRESENTATION_CONTEXT(2) 
PARAMETRIC_REPRESENTATION_CONTEXT() REPRESENTATION_CONTEXT('2D SPACE',''
  ) );
#6680 = ORIENTED_EDGE('',*,*,#6681,.T.);
#6681 = EDGE_CURVE('',#6661,#6682,#6684,.T.);
#6682 = VERTEX_POINT('',#6683);
#6683 = CARTESIAN_POINT('',(194.,-55.,164.53565375285));
#6684 = SURFACE_CURVE('',#6685,(#6724,#6766),.PCURVE_S1.);
#6685 = B_SPLINE_CURVE_WITH_KNOTS('',7,(#6686,#6687,#6688,#6689,#6690,
    #6691,#6692,#6693,#6694,#6695,#6696,#6697,#6698,#6699,#6700,#6701,
    #6702,#6703,#6704,#6705,#6706,#6707,#6708,#6709,#6710,#6711,#6712,
    #6713,#6714,#6715,#6716,#6717,#6718,#6719,#6720,#6721,#6722,#6723),
  .UNSPECIFIED.,.F.,.F.,(8,6,6,6,6,6,8),(0.,0.422884383338,
    0.630632196243,0.817616875092,0.913298372473,0.963268130396,1.),
  .UNSPECIFIED.);
#6686 = CARTESIAN_POINT('',(190.,-51.,177.13006701244));
#6687 = CARTESIAN_POINT('',(190.,-51.36816151097,176.31829949574));
#6688 = CARTESIAN_POINT('',(190.03953199897,-51.72052366675,
    175.50129383867));
#6689 = CARTESIAN_POINT('',(190.11249869108,-52.05546067206,
    174.68291818338));
#6690 = CARTESIAN_POINT('',(190.21456023912,-52.37273076031,
    173.86504872264));
#6691 = CARTESIAN_POINT('',(190.34293719498,-52.67278101904,
    173.04800457291));
#6692 = CARTESIAN_POINT('',(190.49618860114,-52.95598545427,
    172.23174716629));
#6693 = CARTESIAN_POINT('',(190.76153357778,-53.3531022754,
    171.01832482885));
#6694 = CARTESIAN_POINT('',(190.85472448729,-53.47957590419,
    170.62002544991));
#6695 = CARTESIAN_POINT('',(190.95379177848,-53.60196990674,
    170.22261857836));
#6696 = CARTESIAN_POINT('',(191.0589638356,-53.72045619751,
    169.82574469238));
#6697 = CARTESIAN_POINT('',(191.17054045268,-53.83505420141,
    169.42946432412));
#6698 = CARTESIAN_POINT('',(191.28884271478,-53.94560870713,
    169.03450185992));
#6699 = CARTESIAN_POINT('',(191.52697583073,-54.1473817072,
    168.28967026623));
#6700 = CARTESIAN_POINT('',(191.64416678534,-54.23832220152,
    167.94332364637));
#6701 = CARTESIAN_POINT('',(191.76749175419,-54.32603187053,
    167.59903525926));
#6702 = CARTESIAN_POINT('',(191.89878826653,-54.41115395257,
    167.25439459839));
#6703 = CARTESIAN_POINT('',(192.03961651214,-54.49347338672,
    166.90996748257));
#6704 = CARTESIAN_POINT('',(192.1911005461,-54.57208711545,
    166.56982253935));
#6705 = CARTESIAN_POINT('',(192.43727007859,-54.68323692132,
    166.07365820765));
#6706 = CARTESIAN_POINT('',(192.52302225496,-54.71928027127,
    165.90993920105));
#6707 = CARTESIAN_POINT('',(192.61280516211,-54.75430493952,
    165.74821285701));
#6708 = CARTESIAN_POINT('',(192.70800954177,-54.78846141909,
    165.58782400446));
#6709 = CARTESIAN_POINT('',(192.8097237417,-54.82152919838,
    165.42984743216));
#6710 = CARTESIAN_POINT('',(192.91874652494,-54.85297456013,
    165.27707997495));
#6711 = CARTESIAN_POINT('',(193.09677869917,-54.89719798204,
    165.05909024666));
#6712 = CARTESIAN_POINT('',(193.16020917586,-54.91176385108,
    164.98668055221));
#6713 = CARTESIAN_POINT('',(193.22656659894,-54.92572094752,
    164.91673292709));
#6714 = CARTESIAN_POINT('',(193.29633474535,-54.93897128229,
    164.8497990943));
#6715 = CARTESIAN_POINT('',(193.36991900188,-54.95133289388,
    164.78688759089));
#6716 = CARTESIAN_POINT('',(193.44766039566,-54.96254599855,
    164.72945196222));
#6717 = CARTESIAN_POINT('',(193.59026681042,-54.97942458001,
    164.642569185));
#6718 = CARTESIAN_POINT('',(193.65383263614,-54.98586090838,
    164.60928365674));
#6719 = CARTESIAN_POINT('',(193.71993524701,-54.99131480453,
    164.58095669887));
#6720 = CARTESIAN_POINT('',(193.78804904109,-54.99558051973,
    164.55872615684));
#6721 = CARTESIAN_POINT('',(193.85771130818,-54.99850861312,
    164.54343827823));
#6722 = CARTESIAN_POINT('',(193.92849808328,-55.,164.53565375285));
#6723 = CARTESIAN_POINT('',(194.,-55.,164.53565375285));
#6724 = PCURVE('',#2463,#6725);
#6725 = DEFINITIONAL_REPRESENTATION('',(#6726),#6765);
#6726 = B_SPLINE_CURVE_WITH_KNOTS('',7,(#6727,#6728,#6729,#6730,#6731,
    #6732,#6733,#6734,#6735,#6736,#6737,#6738,#6739,#6740,#6741,#6742,
    #6743,#6744,#6745,#6746,#6747,#6748,#6749,#6750,#6751,#6752,#6753,
    #6754,#6755,#6756,#6757,#6758,#6759,#6760,#6761,#6762,#6763,#6764),
  .UNSPECIFIED.,.F.,.F.,(8,6,6,6,6,6,8),(0.,0.422884383338,
    0.630632196243,0.817616875092,0.913298372473,0.963268130396,1.),
  .UNSPECIFIED.);
#6727 = CARTESIAN_POINT('',(0.,73.130067012441));
#6728 = CARTESIAN_POINT('',(9.204037774391E-02,72.318299495742));
#6729 = CARTESIAN_POINT('',(0.180130957446,71.50129383867));
#6730 = CARTESIAN_POINT('',(0.265138396304,70.682918183381));
#6731 = CARTESIAN_POINT('',(0.347786344563,69.865048722638));
#6732 = CARTESIAN_POINT('',(0.428826586237,69.048004572911));
#6733 = CARTESIAN_POINT('',(0.508980910553,68.231747166291));
#6734 = CARTESIAN_POINT('',(0.628382995504,67.018324828853));
#6735 = CARTESIAN_POINT('',(0.667616264212,66.620025449914));
#6736 = CARTESIAN_POINT('',(0.706917101714,66.22261857836));
#6737 = CARTESIAN_POINT('',(0.746450039477,65.825744692381));
#6738 = CARTESIAN_POINT('',(0.78636572181,65.429464324127));
#6739 = CARTESIAN_POINT('',(0.826797586335,65.034501859929));
#6740 = CARTESIAN_POINT('',(0.904827918765,64.289670266231));
#6741 = CARTESIAN_POINT('',(0.941877923342,63.943323646373));
#6742 = CARTESIAN_POINT('',(0.979658231623,63.599035259264));
#6743 = CARTESIAN_POINT('',(1.018707635743,63.254394598398));
#6744 = CARTESIAN_POINT('',(1.059409953311,62.909967482579));
#6745 = CARTESIAN_POINT('',(1.102013380764,62.569822539354));
#6746 = CARTESIAN_POINT('',(1.16953824566,62.073658207651));
#6747 = CARTESIAN_POINT('',(1.192785063244,61.909939201054));
#6748 = CARTESIAN_POINT('',(1.216864877359,61.748212857015));
#6749 = CARTESIAN_POINT('',(1.242132884008,61.587824004463));
#6750 = CARTESIAN_POINT('',(1.268849026223,61.429847432161));
#6751 = CARTESIAN_POINT('',(1.297196041009,61.277079974959));
#6752 = CARTESIAN_POINT('',(1.343056676436,61.059090246661));
#6753 = CARTESIAN_POINT('',(1.359324469877,60.986680552212));
#6754 = CARTESIAN_POINT('',(1.376272070314,60.916732927095));
#6755 = CARTESIAN_POINT('',(1.394019311403,60.849799094302));
#6756 = CARTESIAN_POINT('',(1.412665553083,60.786887590899));
#6757 = CARTESIAN_POINT('',(1.432295678631,60.72945196222));
#6758 = CARTESIAN_POINT('',(1.468196127831,60.642569185008));
#6759 = CARTESIAN_POINT('',(1.484166569607,60.609283656746));
#6760 = CARTESIAN_POINT('',(1.500743658127,60.580956698871));
#6761 = CARTESIAN_POINT('',(1.517799258035,60.558726156843));
#6762 = CARTESIAN_POINT('',(1.535224155834,60.543438278235));
#6763 = CARTESIAN_POINT('',(1.552920847616,60.535653752853));
#6764 = CARTESIAN_POINT('',(1.570796326795,60.535653752853));
#6765 = ( GEOMETRIC_REPRESENTATION_CONTEXT(2) 
PARAMETRIC_REPRESENTATION_CONTEXT() REPRESENTATION_CONTEXT('2D SPACE',''
  ) );
#6766 = PCURVE('',#2654,#6767);
#6767 = DEFINITIONAL_REPRESENTATION('',(#6768),#6807);
#6768 = B_SPLINE_CURVE_WITH_KNOTS('',7,(#6769,#6770,#6771,#6772,#6773,
    #6774,#6775,#6776,#6777,#6778,#6779,#6780,#6781,#6782,#6783,#6784,
    #6785,#6786,#6787,#6788,#6789,#6790,#6791,#6792,#6793,#6794,#6795,
    #6796,#6797,#6798,#6799,#6800,#6801,#6802,#6803,#6804,#6805,#6806),
  .UNSPECIFIED.,.F.,.F.,(8,6,6,6,6,6,8),(0.,0.422884383338,
    0.630632196243,0.817616875092,0.913298372473,0.963268130396,1.),
  .UNSPECIFIED.);
#6769 = CARTESIAN_POINT('',(-2.715806455737,0.));
#6770 = CARTESIAN_POINT('',(-2.731723465868,0.));
#6771 = CARTESIAN_POINT('',(-2.747609132734,-3.953199897058E-02));
#6772 = CARTESIAN_POINT('',(-2.763395138902,-0.112498691083));
#6773 = CARTESIAN_POINT('',(-2.779055681917,-0.21456023912));
#6774 = CARTESIAN_POINT('',(-2.794594446034,-0.342937194983));
#6775 = CARTESIAN_POINT('',(-2.810020450583,-0.496188601148));
#6776 = CARTESIAN_POINT('',(-2.832819592525,-0.761533577784));
#6777 = CARTESIAN_POINT('',(-2.840281749791,-0.854724487291));
#6778 = CARTESIAN_POINT('',(-2.847706794979,-0.953791778486));
#6779 = CARTESIAN_POINT('',(-2.855102429933,-1.0589638356));
#6780 = CARTESIAN_POINT('',(-2.862468382734,-1.170540452684));
#6781 = CARTESIAN_POINT('',(-2.869792115309,-1.288842714785));
#6782 = CARTESIAN_POINT('',(-2.883572073935,-1.526975830732));
#6783 = CARTESIAN_POINT('',(-2.889966287595,-1.644166785344));
#6784 = CARTESIAN_POINT('',(-2.896310396166,-1.767491754196));
#6785 = CARTESIAN_POINT('',(-2.902649315923,-1.898788266537));
#6786 = CARTESIAN_POINT('',(-2.908972740467,-2.03961651214));
#6787 = CARTESIAN_POINT('',(-2.915206728991,-2.191100546108));
#6788 = CARTESIAN_POINT('',(-2.92428640261,-2.43727007859));
#6789 = CARTESIAN_POINT('',(-2.927279946824,-2.523022254967));
#6790 = CARTESIAN_POINT('',(-2.930234838493,-2.612805162112));
#6791 = CARTESIAN_POINT('',(-2.933163120047,-2.708009541774));
#6792 = CARTESIAN_POINT('',(-2.936045242544,-2.809723741708));
#6793 = CARTESIAN_POINT('',(-2.938830413717,-2.91874652494));
#6794 = CARTESIAN_POINT('',(-2.942802383133,-3.096778699179));
#6795 = CARTESIAN_POINT('',(-2.944121313428,-3.160209175864));
#6796 = CARTESIAN_POINT('',(-2.945394998596,-3.226566598941));
#6797 = CARTESIAN_POINT('',(-2.946613438457,-3.296334745358));
#6798 = CARTESIAN_POINT('',(-2.947758338445,-3.369919001888));
#6799 = CARTESIAN_POINT('',(-2.948803337217,-3.447660395665));
#6800 = CARTESIAN_POINT('',(-2.950383820817,-3.590266810427));
#6801 = CARTESIAN_POINT('',(-2.950989215293,-3.653832636141));
#6802 = CARTESIAN_POINT('',(-2.951504343877,-3.719935247017));
#6803 = CARTESIAN_POINT('',(-2.95190856,-3.788049041096));
#6804 = CARTESIAN_POINT('',(-2.952186520039,-3.857711308187));
#6805 = CARTESIAN_POINT('',(-2.952328057561,-3.928498083285));
#6806 = CARTESIAN_POINT('',(-2.952328057561,-4.));
#6807 = ( GEOMETRIC_REPRESENTATION_CONTEXT(2) 
PARAMETRIC_REPRESENTATION_CONTEXT() REPRESENTATION_CONTEXT('2D SPACE',''
  ) );
#6808 = ORIENTED_EDGE('',*,*,#6809,.T.);
#6809 = EDGE_CURVE('',#6682,#6810,#6812,.T.);
#6810 = VERTEX_POINT('',#6811);
#6811 = CARTESIAN_POINT('',(194.,-55.,204.));
#6812 = SURFACE_CURVE('',#6813,(#6817,#6824),.PCURVE_S1.);
#6813 = LINE('',#6814,#6815);
#6814 = CARTESIAN_POINT('',(194.,-55.,104.));
#6815 = VECTOR('',#6816,1.);
#6816 = DIRECTION('',(0.,0.,1.));
#6817 = PCURVE('',#2463,#6818);
#6818 = DEFINITIONAL_REPRESENTATION('',(#6819),#6823);
#6819 = LINE('',#6820,#6821);
#6820 = CARTESIAN_POINT('',(1.570796326795,0.));
#6821 = VECTOR('',#6822,1.);
#6822 = DIRECTION('',(0.,1.));
#6823 = ( GEOMETRIC_REPRESENTATION_CONTEXT(2) 
PARAMETRIC_REPRESENTATION_CONTEXT() REPRESENTATION_CONTEXT('2D SPACE',''
  ) );
#6824 = PCURVE('',#5823,#6825);
#6825 = DEFINITIONAL_REPRESENTATION('',(#6826),#6830);
#6826 = LINE('',#6827,#6828);
#6827 = CARTESIAN_POINT('',(0.,4.));
#6828 = VECTOR('',#6829,1.);
#6829 = DIRECTION('',(1.,0.));
#6830 = ( GEOMETRIC_REPRESENTATION_CONTEXT(2) 
PARAMETRIC_REPRESENTATION_CONTEXT() REPRESENTATION_CONTEXT('2D SPACE',''
  ) );
#6831 = ORIENTED_EDGE('',*,*,#6832,.F.);
#6832 = EDGE_CURVE('',#2448,#6810,#6833,.T.);
#6833 = SURFACE_CURVE('',#6834,(#6839,#6846),.PCURVE_S1.);
#6834 = CIRCLE('',#6835,4.);
#6835 = AXIS2_PLACEMENT_3D('',#6836,#6837,#6838);
#6836 = CARTESIAN_POINT('',(194.,-51.,204.));
#6837 = DIRECTION('',(0.,0.,1.));
#6838 = DIRECTION('',(0.,-1.,0.));
#6839 = PCURVE('',#2463,#6840);
#6840 = DEFINITIONAL_REPRESENTATION('',(#6841),#6845);
#6841 = LINE('',#6842,#6843);
#6842 = CARTESIAN_POINT('',(-4.712388980385,100.));
#6843 = VECTOR('',#6844,1.);
#6844 = DIRECTION('',(1.,0.));
#6845 = ( GEOMETRIC_REPRESENTATION_CONTEXT(2) 
PARAMETRIC_REPRESENTATION_CONTEXT() REPRESENTATION_CONTEXT('2D SPACE',''
  ) );
#6846 = PCURVE('',#2491,#6847);
#6847 = DEFINITIONAL_REPRESENTATION('',(#6848),#6852);
#6848 = CIRCLE('',#6849,4.);
#6849 = AXIS2_PLACEMENT_2D('',#6850,#6851);
#6850 = CARTESIAN_POINT('',(4.,4.));
#6851 = DIRECTION('',(0.,-1.));
#6852 = ( GEOMETRIC_REPRESENTATION_CONTEXT(2) 
PARAMETRIC_REPRESENTATION_CONTEXT() REPRESENTATION_CONTEXT('2D SPACE',''
  ) );
#6853 = ADVANCED_FACE('',(#6854),#2597,.F.);
#6854 = FACE_BOUND('',#6855,.F.);
#6855 = EDGE_LOOP('',(#6856,#6857,#6879,#6880,#6881,#6904,#6928,#6954));
#6856 = ORIENTED_EDGE('',*,*,#5392,.F.);
#6857 = ORIENTED_EDGE('',*,*,#6858,.T.);
#6858 = EDGE_CURVE('',#5372,#2556,#6859,.T.);
#6859 = SURFACE_CURVE('',#6860,(#6865,#6872),.PCURVE_S1.);
#6860 = CIRCLE('',#6861,4.);
#6861 = AXIS2_PLACEMENT_3D('',#6862,#6863,#6864);
#6862 = CARTESIAN_POINT('',(194.,51.,201.));
#6863 = DIRECTION('',(0.,0.,1.));
#6864 = DIRECTION('',(-1.,-0.,0.));
#6865 = PCURVE('',#2597,#6866);
#6866 = DEFINITIONAL_REPRESENTATION('',(#6867),#6871);
#6867 = CIRCLE('',#6868,4.);
#6868 = AXIS2_PLACEMENT_2D('',#6869,#6870);
#6869 = CARTESIAN_POINT('',(5.,103.));
#6870 = DIRECTION('',(-1.,0.));
#6871 = ( GEOMETRIC_REPRESENTATION_CONTEXT(2) 
PARAMETRIC_REPRESENTATION_CONTEXT() REPRESENTATION_CONTEXT('2D SPACE',''
  ) );
#6872 = PCURVE('',#2571,#6873);
#6873 = DEFINITIONAL_REPRESENTATION('',(#6874),#6878);
#6874 = LINE('',#6875,#6876);
#6875 = CARTESIAN_POINT('',(-6.28318530718,97.));
#6876 = VECTOR('',#6877,1.);
#6877 = DIRECTION('',(1.,-0.));
#6878 = ( GEOMETRIC_REPRESENTATION_CONTEXT(2) 
PARAMETRIC_REPRESENTATION_CONTEXT() REPRESENTATION_CONTEXT('2D SPACE',''
  ) );
#6879 = ORIENTED_EDGE('',*,*,#2583,.T.);
#6880 = ORIENTED_EDGE('',*,*,#6636,.T.);
#6881 = ORIENTED_EDGE('',*,*,#6882,.T.);
#6882 = EDGE_CURVE('',#6637,#6883,#6885,.T.);
#6883 = VERTEX_POINT('',#6884);
#6884 = CARTESIAN_POINT('',(609.8729833462,-52.,201.));
#6885 = SURFACE_CURVE('',#6886,(#6890,#6897),.PCURVE_S1.);
#6886 = LINE('',#6887,#6888);
#6887 = CARTESIAN_POINT('',(189.,-52.,201.));
#6888 = VECTOR('',#6889,1.);
#6889 = DIRECTION('',(1.,0.,0.));
#6890 = PCURVE('',#2597,#6891);
#6891 = DEFINITIONAL_REPRESENTATION('',(#6892),#6896);
#6892 = LINE('',#6893,#6894);
#6893 = CARTESIAN_POINT('',(0.,0.));
#6894 = VECTOR('',#6895,1.);
#6895 = DIRECTION('',(1.,0.));
#6896 = ( GEOMETRIC_REPRESENTATION_CONTEXT(2) 
PARAMETRIC_REPRESENTATION_CONTEXT() REPRESENTATION_CONTEXT('2D SPACE',''
  ) );
#6897 = PCURVE('',#2628,#6898);
#6898 = DEFINITIONAL_REPRESENTATION('',(#6899),#6903);
#6899 = LINE('',#6900,#6901);
#6900 = CARTESIAN_POINT('',(94.,0.));
#6901 = VECTOR('',#6902,1.);
#6902 = DIRECTION('',(0.,1.));
#6903 = ( GEOMETRIC_REPRESENTATION_CONTEXT(2) 
PARAMETRIC_REPRESENTATION_CONTEXT() REPRESENTATION_CONTEXT('2D SPACE',''
  ) );
#6904 = ORIENTED_EDGE('',*,*,#6905,.T.);
#6905 = EDGE_CURVE('',#6883,#6906,#6908,.T.);
#6906 = VERTEX_POINT('',#6907);
#6907 = CARTESIAN_POINT('',(610.,-51.,201.));
#6908 = SURFACE_CURVE('',#6909,(#6914,#6921),.PCURVE_S1.);
#6909 = CIRCLE('',#6910,4.);
#6910 = AXIS2_PLACEMENT_3D('',#6911,#6912,#6913);
#6911 = CARTESIAN_POINT('',(606.,-51.,201.));
#6912 = DIRECTION('',(0.,0.,1.));
#6913 = DIRECTION('',(1.,0.,-0.));
#6914 = PCURVE('',#2597,#6915);
#6915 = DEFINITIONAL_REPRESENTATION('',(#6916),#6920);
#6916 = CIRCLE('',#6917,4.);
#6917 = AXIS2_PLACEMENT_2D('',#6918,#6919);
#6918 = CARTESIAN_POINT('',(417.,1.));
#6919 = DIRECTION('',(1.,0.));
#6920 = ( GEOMETRIC_REPRESENTATION_CONTEXT(2) 
PARAMETRIC_REPRESENTATION_CONTEXT() REPRESENTATION_CONTEXT('2D SPACE',''
  ) );
#6921 = PCURVE('',#5856,#6922);
#6922 = DEFINITIONAL_REPRESENTATION('',(#6923),#6927);
#6923 = LINE('',#6924,#6925);
#6924 = CARTESIAN_POINT('',(-6.28318530718,97.));
#6925 = VECTOR('',#6926,1.);
#6926 = DIRECTION('',(1.,-0.));
#6927 = ( GEOMETRIC_REPRESENTATION_CONTEXT(2) 
PARAMETRIC_REPRESENTATION_CONTEXT() REPRESENTATION_CONTEXT('2D SPACE',''
  ) );
#6928 = ORIENTED_EDGE('',*,*,#6929,.F.);
#6929 = EDGE_CURVE('',#6930,#6906,#6932,.T.);
#6930 = VERTEX_POINT('',#6931);
#6931 = CARTESIAN_POINT('',(610.,51.,201.));
#6932 = SURFACE_CURVE('',#6933,(#6937,#6943),.PCURVE_S1.);
#6933 = LINE('',#6934,#6935);
#6934 = CARTESIAN_POINT('',(610.,-53.5,201.));
#6935 = VECTOR('',#6936,1.);
#6936 = DIRECTION('',(0.,-1.,0.));
#6937 = PCURVE('',#2597,#6938);
#6938 = DEFINITIONAL_REPRESENTATION('',(#6939),#6942);
#6939 = B_SPLINE_CURVE_WITH_KNOTS('',1,(#6940,#6941),.UNSPECIFIED.,.F.,
  .F.,(2,2),(-104.5,-2.5),.PIECEWISE_BEZIER_KNOTS.);
#6940 = CARTESIAN_POINT('',(421.,103.));
#6941 = CARTESIAN_POINT('',(421.,1.));
#6942 = ( GEOMETRIC_REPRESENTATION_CONTEXT(2) 
PARAMETRIC_REPRESENTATION_CONTEXT() REPRESENTATION_CONTEXT('2D SPACE',''
  ) );
#6943 = PCURVE('',#6944,#6949);
#6944 = PLANE('',#6945);
#6945 = AXIS2_PLACEMENT_3D('',#6946,#6947,#6948);
#6946 = CARTESIAN_POINT('',(610.,-55.,104.));
#6947 = DIRECTION('',(1.,0.,0.));
#6948 = DIRECTION('',(0.,0.,1.));
#6949 = DEFINITIONAL_REPRESENTATION('',(#6950),#6953);
#6950 = B_SPLINE_CURVE_WITH_KNOTS('',1,(#6951,#6952),.UNSPECIFIED.,.F.,
  .F.,(2,2),(-104.5,-2.5),.PIECEWISE_BEZIER_KNOTS.);
#6951 = CARTESIAN_POINT('',(97.,-106.));
#6952 = CARTESIAN_POINT('',(97.,-4.));
#6953 = ( GEOMETRIC_REPRESENTATION_CONTEXT(2) 
PARAMETRIC_REPRESENTATION_CONTEXT() REPRESENTATION_CONTEXT('2D SPACE',''
  ) );
#6954 = ORIENTED_EDGE('',*,*,#6955,.T.);
#6955 = EDGE_CURVE('',#6930,#5393,#6956,.T.);
#6956 = SURFACE_CURVE('',#6957,(#6962,#6969),.PCURVE_S1.);
#6957 = CIRCLE('',#6958,4.);
#6958 = AXIS2_PLACEMENT_3D('',#6959,#6960,#6961);
#6959 = CARTESIAN_POINT('',(606.,51.,201.));
#6960 = DIRECTION('',(0.,0.,1.));
#6961 = DIRECTION('',(1.,0.,-0.));
#6962 = PCURVE('',#2597,#6963);
#6963 = DEFINITIONAL_REPRESENTATION('',(#6964),#6968);
#6964 = CIRCLE('',#6965,4.);
#6965 = AXIS2_PLACEMENT_2D('',#6966,#6967);
#6966 = CARTESIAN_POINT('',(417.,103.));
#6967 = DIRECTION('',(1.,0.));
#6968 = ( GEOMETRIC_REPRESENTATION_CONTEXT(2) 
PARAMETRIC_REPRESENTATION_CONTEXT() REPRESENTATION_CONTEXT('2D SPACE',''
  ) );
#6969 = PCURVE('',#5428,#6970);
#6970 = DEFINITIONAL_REPRESENTATION('',(#6971),#6975);
#6971 = LINE('',#6972,#6973);
#6972 = CARTESIAN_POINT('',(0.,97.));
#6973 = VECTOR('',#6974,1.);
#6974 = DIRECTION('',(1.,0.));
#6975 = ( GEOMETRIC_REPRESENTATION_CONTEXT(2) 
PARAMETRIC_REPRESENTATION_CONTEXT() REPRESENTATION_CONTEXT('2D SPACE',''
  ) );
#6976 = ADVANCED_FACE('',(#6977),#2571,.T.);
#6977 = FACE_BOUND('',#6978,.F.);
#6978 = EDGE_LOOP('',(#6979,#6980,#6981,#6982,#6983,#7006));
#6979 = ORIENTED_EDGE('',*,*,#2555,.F.);
#6980 = ORIENTED_EDGE('',*,*,#6858,.F.);
#6981 = ORIENTED_EDGE('',*,*,#5371,.F.);
#6982 = ORIENTED_EDGE('',*,*,#5653,.T.);
#6983 = ORIENTED_EDGE('',*,*,#6984,.T.);
#6984 = EDGE_CURVE('',#5633,#6985,#6987,.T.);
#6985 = VERTEX_POINT('',#6986);
#6986 = CARTESIAN_POINT('',(194.,55.,204.));
#6987 = SURFACE_CURVE('',#6988,(#6992,#6999),.PCURVE_S1.);
#6988 = LINE('',#6989,#6990);
#6989 = CARTESIAN_POINT('',(194.,55.,104.));
#6990 = VECTOR('',#6991,1.);
#6991 = DIRECTION('',(0.,0.,1.));
#6992 = PCURVE('',#2571,#6993);
#6993 = DEFINITIONAL_REPRESENTATION('',(#6994),#6998);
#6994 = LINE('',#6995,#6996);
#6995 = CARTESIAN_POINT('',(-1.570796326795,0.));
#6996 = VECTOR('',#6997,1.);
#6997 = DIRECTION('',(-0.,1.));
#6998 = ( GEOMETRIC_REPRESENTATION_CONTEXT(2) 
PARAMETRIC_REPRESENTATION_CONTEXT() REPRESENTATION_CONTEXT('2D SPACE',''
  ) );
#6999 = PCURVE('',#5588,#7000);
#7000 = DEFINITIONAL_REPRESENTATION('',(#7001),#7005);
#7001 = LINE('',#7002,#7003);
#7002 = CARTESIAN_POINT('',(0.,4.));
#7003 = VECTOR('',#7004,1.);
#7004 = DIRECTION('',(1.,0.));
#7005 = ( GEOMETRIC_REPRESENTATION_CONTEXT(2) 
PARAMETRIC_REPRESENTATION_CONTEXT() REPRESENTATION_CONTEXT('2D SPACE',''
  ) );
#7006 = ORIENTED_EDGE('',*,*,#7007,.F.);
#7007 = EDGE_CURVE('',#2533,#6985,#7008,.T.);
#7008 = SURFACE_CURVE('',#7009,(#7014,#7021),.PCURVE_S1.);
#7009 = CIRCLE('',#7010,4.);
#7010 = AXIS2_PLACEMENT_3D('',#7011,#7012,#7013);
#7011 = CARTESIAN_POINT('',(194.,51.,204.));
#7012 = DIRECTION('',(-0.,-0.,-1.));
#7013 = DIRECTION('',(0.,-1.,0.));
#7014 = PCURVE('',#2571,#7015);
#7015 = DEFINITIONAL_REPRESENTATION('',(#7016),#7020);
#7016 = LINE('',#7017,#7018);
#7017 = CARTESIAN_POINT('',(1.570796326795,100.));
#7018 = VECTOR('',#7019,1.);
#7019 = DIRECTION('',(-1.,0.));
#7020 = ( GEOMETRIC_REPRESENTATION_CONTEXT(2) 
PARAMETRIC_REPRESENTATION_CONTEXT() REPRESENTATION_CONTEXT('2D SPACE',''
  ) );
#7021 = PCURVE('',#2491,#7022);
#7022 = DEFINITIONAL_REPRESENTATION('',(#7023),#7031);
#7023 = ( BOUNDED_CURVE() B_SPLINE_CURVE(2,(#7024,#7025,#7026,#7027,
#7028,#7029,#7030),.UNSPECIFIED.,.T.,.F.) B_SPLINE_CURVE_WITH_KNOTS((1,2
    ,2,2,2,1),(-2.094395102393,0.,2.094395102393,4.188790204786,
6.28318530718,8.377580409573),.UNSPECIFIED.) CURVE() 
GEOMETRIC_REPRESENTATION_ITEM() RATIONAL_B_SPLINE_CURVE((1.,0.5,1.,0.5,
1.,0.5,1.)) REPRESENTATION_ITEM('') );
#7024 = CARTESIAN_POINT('',(4.,102.));
#7025 = CARTESIAN_POINT('',(-2.928203230276,102.));
#7026 = CARTESIAN_POINT('',(0.535898384862,108.));
#7027 = CARTESIAN_POINT('',(4.,114.));
#7028 = CARTESIAN_POINT('',(7.464101615138,108.));
#7029 = CARTESIAN_POINT('',(10.928203230276,102.));
#7030 = CARTESIAN_POINT('',(4.,102.));
#7031 = ( GEOMETRIC_REPRESENTATION_CONTEXT(2) 
PARAMETRIC_REPRESENTATION_CONTEXT() REPRESENTATION_CONTEXT('2D SPACE',''
  ) );
#7032 = ADVANCED_FACE('',(#7033,#7224),#2491,.T.);
#7033 = FACE_BOUND('',#7034,.T.);
#7034 = EDGE_LOOP('',(#7035,#7036,#7037,#7060,#7088,#7111,#7135,#7156,
    #7157,#7158,#7179,#7205));
#7035 = ORIENTED_EDGE('',*,*,#2475,.F.);
#7036 = ORIENTED_EDGE('',*,*,#6832,.T.);
#7037 = ORIENTED_EDGE('',*,*,#7038,.T.);
#7038 = EDGE_CURVE('',#6810,#7039,#7041,.T.);
#7039 = VERTEX_POINT('',#7040);
#7040 = CARTESIAN_POINT('',(606.,-55.,204.));
#7041 = SURFACE_CURVE('',#7042,(#7046,#7053),.PCURVE_S1.);
#7042 = LINE('',#7043,#7044);
#7043 = CARTESIAN_POINT('',(190.,-55.,204.));
#7044 = VECTOR('',#7045,1.);
#7045 = DIRECTION('',(1.,0.,0.));
#7046 = PCURVE('',#2491,#7047);
#7047 = DEFINITIONAL_REPRESENTATION('',(#7048),#7052);
#7048 = LINE('',#7049,#7050);
#7049 = CARTESIAN_POINT('',(0.,0.));
#7050 = VECTOR('',#7051,1.);
#7051 = DIRECTION('',(1.,0.));
#7052 = ( GEOMETRIC_REPRESENTATION_CONTEXT(2) 
PARAMETRIC_REPRESENTATION_CONTEXT() REPRESENTATION_CONTEXT('2D SPACE',''
  ) );
#7053 = PCURVE('',#5823,#7054);
#7054 = DEFINITIONAL_REPRESENTATION('',(#7055),#7059);
#7055 = LINE('',#7056,#7057);
#7056 = CARTESIAN_POINT('',(100.,0.));
#7057 = VECTOR('',#7058,1.);
#7058 = DIRECTION('',(0.,1.));
#7059 = ( GEOMETRIC_REPRESENTATION_CONTEXT(2) 
PARAMETRIC_REPRESENTATION_CONTEXT() REPRESENTATION_CONTEXT('2D SPACE',''
  ) );
#7060 = ORIENTED_EDGE('',*,*,#7061,.F.);
#7061 = EDGE_CURVE('',#7062,#7039,#7064,.T.);
#7062 = VERTEX_POINT('',#7063);
#7063 = CARTESIAN_POINT('',(610.,-51.,204.));
#7064 = SURFACE_CURVE('',#7065,(#7070,#7081),.PCURVE_S1.);
#7065 = CIRCLE('',#7066,4.);
#7066 = AXIS2_PLACEMENT_3D('',#7067,#7068,#7069);
#7067 = CARTESIAN_POINT('',(606.,-51.,204.));
#7068 = DIRECTION('',(-0.,-0.,-1.));
#7069 = DIRECTION('',(0.,-1.,0.));
#7070 = PCURVE('',#2491,#7071);
#7071 = DEFINITIONAL_REPRESENTATION('',(#7072),#7080);
#7072 = ( BOUNDED_CURVE() B_SPLINE_CURVE(2,(#7073,#7074,#7075,#7076,
#7077,#7078,#7079),.UNSPECIFIED.,.T.,.F.) B_SPLINE_CURVE_WITH_KNOTS((1,2
    ,2,2,2,1),(-2.094395102393,0.,2.094395102393,4.188790204786,
6.28318530718,8.377580409573),.UNSPECIFIED.) CURVE() 
GEOMETRIC_REPRESENTATION_ITEM() RATIONAL_B_SPLINE_CURVE((1.,0.5,1.,0.5,
1.,0.5,1.)) REPRESENTATION_ITEM('') );
#7073 = CARTESIAN_POINT('',(416.,0.));
#7074 = CARTESIAN_POINT('',(409.07179676972,0.));
#7075 = CARTESIAN_POINT('',(412.53589838486,6.));
#7076 = CARTESIAN_POINT('',(416.,12.));
#7077 = CARTESIAN_POINT('',(419.46410161513,6.));
#7078 = CARTESIAN_POINT('',(422.92820323027,6.217248937901E-15));
#7079 = CARTESIAN_POINT('',(416.,0.));
#7080 = ( GEOMETRIC_REPRESENTATION_CONTEXT(2) 
PARAMETRIC_REPRESENTATION_CONTEXT() REPRESENTATION_CONTEXT('2D SPACE',''
  ) );
#7081 = PCURVE('',#5856,#7082);
#7082 = DEFINITIONAL_REPRESENTATION('',(#7083),#7087);
#7083 = LINE('',#7084,#7085);
#7084 = CARTESIAN_POINT('',(4.712388980385,100.));
#7085 = VECTOR('',#7086,1.);
#7086 = DIRECTION('',(-1.,0.));
#7087 = ( GEOMETRIC_REPRESENTATION_CONTEXT(2) 
PARAMETRIC_REPRESENTATION_CONTEXT() REPRESENTATION_CONTEXT('2D SPACE',''
  ) );
#7088 = ORIENTED_EDGE('',*,*,#7089,.T.);
#7089 = EDGE_CURVE('',#7062,#7090,#7092,.T.);
#7090 = VERTEX_POINT('',#7091);
#7091 = CARTESIAN_POINT('',(610.,51.,204.));
#7092 = SURFACE_CURVE('',#7093,(#7097,#7104),.PCURVE_S1.);
#7093 = LINE('',#7094,#7095);
#7094 = CARTESIAN_POINT('',(610.,-55.,204.));
#7095 = VECTOR('',#7096,1.);
#7096 = DIRECTION('',(0.,1.,0.));
#7097 = PCURVE('',#2491,#7098);
#7098 = DEFINITIONAL_REPRESENTATION('',(#7099),#7103);
#7099 = LINE('',#7100,#7101);
#7100 = CARTESIAN_POINT('',(420.,0.));
#7101 = VECTOR('',#7102,1.);
#7102 = DIRECTION('',(0.,1.));
#7103 = ( GEOMETRIC_REPRESENTATION_CONTEXT(2) 
PARAMETRIC_REPRESENTATION_CONTEXT() REPRESENTATION_CONTEXT('2D SPACE',''
  ) );
#7104 = PCURVE('',#6944,#7105);
#7105 = DEFINITIONAL_REPRESENTATION('',(#7106),#7110);
#7106 = LINE('',#7107,#7108);
#7107 = CARTESIAN_POINT('',(100.,0.));
#7108 = VECTOR('',#7109,1.);
#7109 = DIRECTION('',(0.,-1.));
#7110 = ( GEOMETRIC_REPRESENTATION_CONTEXT(2) 
PARAMETRIC_REPRESENTATION_CONTEXT() REPRESENTATION_CONTEXT('2D SPACE',''
  ) );
#7111 = ORIENTED_EDGE('',*,*,#7112,.T.);
#7112 = EDGE_CURVE('',#7090,#7113,#7115,.T.);
#7113 = VERTEX_POINT('',#7114);
#7114 = CARTESIAN_POINT('',(606.,55.,204.));
#7115 = SURFACE_CURVE('',#7116,(#7121,#7128),.PCURVE_S1.);
#7116 = CIRCLE('',#7117,4.);
#7117 = AXIS2_PLACEMENT_3D('',#7118,#7119,#7120);
#7118 = CARTESIAN_POINT('',(606.,51.,204.));
#7119 = DIRECTION('',(0.,0.,1.));
#7120 = DIRECTION('',(0.,-1.,0.));
#7121 = PCURVE('',#2491,#7122);
#7122 = DEFINITIONAL_REPRESENTATION('',(#7123),#7127);
#7123 = CIRCLE('',#7124,4.);
#7124 = AXIS2_PLACEMENT_2D('',#7125,#7126);
#7125 = CARTESIAN_POINT('',(416.,106.));
#7126 = DIRECTION('',(0.,-1.));
#7127 = ( GEOMETRIC_REPRESENTATION_CONTEXT(2) 
PARAMETRIC_REPRESENTATION_CONTEXT() REPRESENTATION_CONTEXT('2D SPACE',''
  ) );
#7128 = PCURVE('',#5428,#7129);
#7129 = DEFINITIONAL_REPRESENTATION('',(#7130),#7134);
#7130 = LINE('',#7131,#7132);
#7131 = CARTESIAN_POINT('',(-1.570796326795,100.));
#7132 = VECTOR('',#7133,1.);
#7133 = DIRECTION('',(1.,0.));
#7134 = ( GEOMETRIC_REPRESENTATION_CONTEXT(2) 
PARAMETRIC_REPRESENTATION_CONTEXT() REPRESENTATION_CONTEXT('2D SPACE',''
  ) );
#7135 = ORIENTED_EDGE('',*,*,#7136,.F.);
#7136 = EDGE_CURVE('',#6985,#7113,#7137,.T.);
#7137 = SURFACE_CURVE('',#7138,(#7142,#7149),.PCURVE_S1.);
#7138 = LINE('',#7139,#7140);
#7139 = CARTESIAN_POINT('',(190.,55.,204.));
#7140 = VECTOR('',#7141,1.);
#7141 = DIRECTION('',(1.,0.,0.));
#7142 = PCURVE('',#2491,#7143);
#7143 = DEFINITIONAL_REPRESENTATION('',(#7144),#7148);
#7144 = LINE('',#7145,#7146);
#7145 = CARTESIAN_POINT('',(0.,110.));
#7146 = VECTOR('',#7147,1.);
#7147 = DIRECTION('',(1.,0.));
#7148 = ( GEOMETRIC_REPRESENTATION_CONTEXT(2) 
PARAMETRIC_REPRESENTATION_CONTEXT() REPRESENTATION_CONTEXT('2D SPACE',''
  ) );
#7149 = PCURVE('',#5588,#7150);
#7150 = DEFINITIONAL_REPRESENTATION('',(#7151),#7155);
#7151 = LINE('',#7152,#7153);
#7152 = CARTESIAN_POINT('',(100.,0.));
#7153 = VECTOR('',#7154,1.);
#7154 = DIRECTION('',(0.,1.));
#7155 = ( GEOMETRIC_REPRESENTATION_CONTEXT(2) 
PARAMETRIC_REPRESENTATION_CONTEXT() REPRESENTATION_CONTEXT('2D SPACE',''
  ) );
#7156 = ORIENTED_EDGE('',*,*,#7007,.F.);
#7157 = ORIENTED_EDGE('',*,*,#2532,.F.);
#7158 = ORIENTED_EDGE('',*,*,#7159,.F.);
#7159 = EDGE_CURVE('',#7160,#2504,#7162,.T.);
#7160 = VERTEX_POINT('',#7161);
#7161 = CARTESIAN_POINT('',(226.,25.219040425837,204.));
#7162 = SURFACE_CURVE('',#7163,(#7167,#7173),.PCURVE_S1.);
#7163 = LINE('',#7164,#7165);
#7164 = CARTESIAN_POINT('',(190.,25.219040425837,204.));
#7165 = VECTOR('',#7166,1.);
#7166 = DIRECTION('',(-1.,-0.,-0.));
#7167 = PCURVE('',#2491,#7168);
#7168 = DEFINITIONAL_REPRESENTATION('',(#7169),#7172);
#7169 = B_SPLINE_CURVE_WITH_KNOTS('',1,(#7170,#7171),.UNSPECIFIED.,.F.,
  .F.,(2,2),(-36.0000006,5.999999928008E-07),.PIECEWISE_BEZIER_KNOTS.);
#7170 = CARTESIAN_POINT('',(36.0000006,80.219040425837));
#7171 = CARTESIAN_POINT('',(-5.999999928008E-07,80.219040425837));
#7172 = ( GEOMETRIC_REPRESENTATION_CONTEXT(2) 
PARAMETRIC_REPRESENTATION_CONTEXT() REPRESENTATION_CONTEXT('2D SPACE',''
  ) );
#7173 = PCURVE('',#2520,#7174);
#7174 = DEFINITIONAL_REPRESENTATION('',(#7175),#7178);
#7175 = B_SPLINE_CURVE_WITH_KNOTS('',1,(#7176,#7177),.UNSPECIFIED.,.F.,
  .F.,(2,2),(-36.0000006,5.999999928008E-07),.PIECEWISE_BEZIER_KNOTS.);
#7176 = CARTESIAN_POINT('',(-1.103650215786,-36.0000006));
#7177 = CARTESIAN_POINT('',(-1.103650215786,5.999999928008E-07));
#7178 = ( GEOMETRIC_REPRESENTATION_CONTEXT(2) 
PARAMETRIC_REPRESENTATION_CONTEXT() REPRESENTATION_CONTEXT('2D SPACE',''
  ) );
#7179 = ORIENTED_EDGE('',*,*,#7180,.F.);
#7180 = EDGE_CURVE('',#7181,#7160,#7183,.T.);
#7181 = VERTEX_POINT('',#7182);
#7182 = CARTESIAN_POINT('',(226.,-25.21904042583,204.));
#7183 = SURFACE_CURVE('',#7184,(#7188,#7194),.PCURVE_S1.);
#7184 = LINE('',#7185,#7186);
#7185 = CARTESIAN_POINT('',(226.,-27.5,204.));
#7186 = VECTOR('',#7187,1.);
#7187 = DIRECTION('',(0.,1.,0.));
#7188 = PCURVE('',#2491,#7189);
#7189 = DEFINITIONAL_REPRESENTATION('',(#7190),#7193);
#7190 = B_SPLINE_CURVE_WITH_KNOTS('',1,(#7191,#7192),.UNSPECIFIED.,.F.,
  .F.,(2,2),(-27.5,82.5),.PIECEWISE_BEZIER_KNOTS.);
#7191 = CARTESIAN_POINT('',(36.,0.));
#7192 = CARTESIAN_POINT('',(36.,110.));
#7193 = ( GEOMETRIC_REPRESENTATION_CONTEXT(2) 
PARAMETRIC_REPRESENTATION_CONTEXT() REPRESENTATION_CONTEXT('2D SPACE',''
  ) );
#7194 = PCURVE('',#7195,#7200);
#7195 = PLANE('',#7196);
#7196 = AXIS2_PLACEMENT_3D('',#7197,#7198,#7199);
#7197 = CARTESIAN_POINT('',(226.,-6.251154891609E-15,154.));
#7198 = DIRECTION('',(1.,0.,0.));
#7199 = DIRECTION('',(-0.,0.,1.));
#7200 = DEFINITIONAL_REPRESENTATION('',(#7201),#7204);
#7201 = B_SPLINE_CURVE_WITH_KNOTS('',1,(#7202,#7203),.UNSPECIFIED.,.F.,
  .F.,(2,2),(-27.5,82.5),.PIECEWISE_BEZIER_KNOTS.);
#7202 = CARTESIAN_POINT('',(50.,55.));
#7203 = CARTESIAN_POINT('',(50.,-55.));
#7204 = ( GEOMETRIC_REPRESENTATION_CONTEXT(2) 
PARAMETRIC_REPRESENTATION_CONTEXT() REPRESENTATION_CONTEXT('2D SPACE',''
  ) );
#7205 = ORIENTED_EDGE('',*,*,#7206,.T.);
#7206 = EDGE_CURVE('',#7181,#2476,#7207,.T.);
#7207 = SURFACE_CURVE('',#7208,(#7212,#7218),.PCURVE_S1.);
#7208 = LINE('',#7209,#7210);
#7209 = CARTESIAN_POINT('',(190.,-25.21904042583,204.));
#7210 = VECTOR('',#7211,1.);
#7211 = DIRECTION('',(-1.,-0.,-0.));
#7212 = PCURVE('',#2491,#7213);
#7213 = DEFINITIONAL_REPRESENTATION('',(#7214),#7217);
#7214 = B_SPLINE_CURVE_WITH_KNOTS('',1,(#7215,#7216),.UNSPECIFIED.,.F.,
  .F.,(2,2),(-36.0000006,5.999999928008E-07),.PIECEWISE_BEZIER_KNOTS.);
#7215 = CARTESIAN_POINT('',(36.0000006,29.780959574163));
#7216 = CARTESIAN_POINT('',(-5.999999928008E-07,29.780959574163));
#7217 = ( GEOMETRIC_REPRESENTATION_CONTEXT(2) 
PARAMETRIC_REPRESENTATION_CONTEXT() REPRESENTATION_CONTEXT('2D SPACE',''
  ) );
#7218 = PCURVE('',#2520,#7219);
#7219 = DEFINITIONAL_REPRESENTATION('',(#7220),#7223);
#7220 = B_SPLINE_CURVE_WITH_KNOTS('',1,(#7221,#7222),.UNSPECIFIED.,.F.,
  .F.,(2,2),(-36.0000006,5.999999928008E-07),.PIECEWISE_BEZIER_KNOTS.);
#7221 = CARTESIAN_POINT('',(-2.037942437804,-36.0000006));
#7222 = CARTESIAN_POINT('',(-2.037942437804,5.999999928008E-07));
#7223 = ( GEOMETRIC_REPRESENTATION_CONTEXT(2) 
PARAMETRIC_REPRESENTATION_CONTEXT() REPRESENTATION_CONTEXT('2D SPACE',''
  ) );
#7224 = FACE_BOUND('',#7225,.T.);
#7225 = EDGE_LOOP('',(#7226,#7257,#7283,#7312,#7338,#7367,#7393,#7422));
#7226 = ORIENTED_EDGE('',*,*,#7227,.F.);
#7227 = EDGE_CURVE('',#7228,#7230,#7232,.T.);
#7228 = VERTEX_POINT('',#7229);
#7229 = CARTESIAN_POINT('',(232.,-9.,204.));
#7230 = VERTEX_POINT('',#7231);
#7231 = CARTESIAN_POINT('',(234.,-11.,204.));
#7232 = SURFACE_CURVE('',#7233,(#7238,#7245),.PCURVE_S1.);
#7233 = CIRCLE('',#7234,2.);
#7234 = AXIS2_PLACEMENT_3D('',#7235,#7236,#7237);
#7235 = CARTESIAN_POINT('',(234.,-9.,204.));
#7236 = DIRECTION('',(0.,0.,1.));
#7237 = DIRECTION('',(-1.,-0.,0.));
#7238 = PCURVE('',#2491,#7239);
#7239 = DEFINITIONAL_REPRESENTATION('',(#7240),#7244);
#7240 = CIRCLE('',#7241,2.);
#7241 = AXIS2_PLACEMENT_2D('',#7242,#7243);
#7242 = CARTESIAN_POINT('',(44.,46.));
#7243 = DIRECTION('',(-1.,0.));
#7244 = ( GEOMETRIC_REPRESENTATION_CONTEXT(2) 
PARAMETRIC_REPRESENTATION_CONTEXT() REPRESENTATION_CONTEXT('2D SPACE',''
  ) );
#7245 = PCURVE('',#7246,#7251);
#7246 = CYLINDRICAL_SURFACE('',#7247,2.);
#7247 = AXIS2_PLACEMENT_3D('',#7248,#7249,#7250);
#7248 = CARTESIAN_POINT('',(234.,-9.,198.));
#7249 = DIRECTION('',(0.,0.,1.));
#7250 = DIRECTION('',(-1.,-0.,0.));
#7251 = DEFINITIONAL_REPRESENTATION('',(#7252),#7256);
#7252 = LINE('',#7253,#7254);
#7253 = CARTESIAN_POINT('',(0.,6.));
#7254 = VECTOR('',#7255,1.);
#7255 = DIRECTION('',(1.,0.));
#7256 = ( GEOMETRIC_REPRESENTATION_CONTEXT(2) 
PARAMETRIC_REPRESENTATION_CONTEXT() REPRESENTATION_CONTEXT('2D SPACE',''
  ) );
#7257 = ORIENTED_EDGE('',*,*,#7258,.T.);
#7258 = EDGE_CURVE('',#7228,#7259,#7261,.T.);
#7259 = VERTEX_POINT('',#7260);
#7260 = CARTESIAN_POINT('',(232.,9.,204.));
#7261 = SURFACE_CURVE('',#7262,(#7266,#7272),.PCURVE_S1.);
#7262 = LINE('',#7263,#7264);
#7263 = CARTESIAN_POINT('',(232.,-33.,204.));
#7264 = VECTOR('',#7265,1.);
#7265 = DIRECTION('',(0.,1.,0.));
#7266 = PCURVE('',#2491,#7267);
#7267 = DEFINITIONAL_REPRESENTATION('',(#7268),#7271);
#7268 = B_SPLINE_CURVE_WITH_KNOTS('',1,(#7269,#7270),.UNSPECIFIED.,.F.,
  .F.,(2,2),(24.,42.),.PIECEWISE_BEZIER_KNOTS.);
#7269 = CARTESIAN_POINT('',(42.,46.));
#7270 = CARTESIAN_POINT('',(42.,64.));
#7271 = ( GEOMETRIC_REPRESENTATION_CONTEXT(2) 
PARAMETRIC_REPRESENTATION_CONTEXT() REPRESENTATION_CONTEXT('2D SPACE',''
  ) );
#7272 = PCURVE('',#7273,#7278);
#7273 = PLANE('',#7274);
#7274 = AXIS2_PLACEMENT_3D('',#7275,#7276,#7277);
#7275 = CARTESIAN_POINT('',(232.,-11.,198.));
#7276 = DIRECTION('',(1.,0.,0.));
#7277 = DIRECTION('',(0.,0.,1.));
#7278 = DEFINITIONAL_REPRESENTATION('',(#7279),#7282);
#7279 = B_SPLINE_CURVE_WITH_KNOTS('',1,(#7280,#7281),.UNSPECIFIED.,.F.,
  .F.,(2,2),(24.,42.),.PIECEWISE_BEZIER_KNOTS.);
#7280 = CARTESIAN_POINT('',(6.,-2.));
#7281 = CARTESIAN_POINT('',(6.,-20.));
#7282 = ( GEOMETRIC_REPRESENTATION_CONTEXT(2) 
PARAMETRIC_REPRESENTATION_CONTEXT() REPRESENTATION_CONTEXT('2D SPACE',''
  ) );
#7283 = ORIENTED_EDGE('',*,*,#7284,.F.);
#7284 = EDGE_CURVE('',#7285,#7259,#7287,.T.);
#7285 = VERTEX_POINT('',#7286);
#7286 = CARTESIAN_POINT('',(234.,11.,204.));
#7287 = SURFACE_CURVE('',#7288,(#7293,#7300),.PCURVE_S1.);
#7288 = CIRCLE('',#7289,2.);
#7289 = AXIS2_PLACEMENT_3D('',#7290,#7291,#7292);
#7290 = CARTESIAN_POINT('',(234.,9.,204.));
#7291 = DIRECTION('',(0.,0.,1.));
#7292 = DIRECTION('',(-1.,-0.,0.));
#7293 = PCURVE('',#2491,#7294);
#7294 = DEFINITIONAL_REPRESENTATION('',(#7295),#7299);
#7295 = CIRCLE('',#7296,2.);
#7296 = AXIS2_PLACEMENT_2D('',#7297,#7298);
#7297 = CARTESIAN_POINT('',(44.,64.));
#7298 = DIRECTION('',(-1.,0.));
#7299 = ( GEOMETRIC_REPRESENTATION_CONTEXT(2) 
PARAMETRIC_REPRESENTATION_CONTEXT() REPRESENTATION_CONTEXT('2D SPACE',''
  ) );
#7300 = PCURVE('',#7301,#7306);
#7301 = CYLINDRICAL_SURFACE('',#7302,2.);
#7302 = AXIS2_PLACEMENT_3D('',#7303,#7304,#7305);
#7303 = CARTESIAN_POINT('',(234.,9.,198.));
#7304 = DIRECTION('',(0.,0.,1.));
#7305 = DIRECTION('',(-1.,-0.,0.));
#7306 = DEFINITIONAL_REPRESENTATION('',(#7307),#7311);
#7307 = LINE('',#7308,#7309);
#7308 = CARTESIAN_POINT('',(-6.28318530718,6.));
#7309 = VECTOR('',#7310,1.);
#7310 = DIRECTION('',(1.,-0.));
#7311 = ( GEOMETRIC_REPRESENTATION_CONTEXT(2) 
PARAMETRIC_REPRESENTATION_CONTEXT() REPRESENTATION_CONTEXT('2D SPACE',''
  ) );
#7312 = ORIENTED_EDGE('',*,*,#7313,.F.);
#7313 = EDGE_CURVE('',#7314,#7285,#7316,.T.);
#7314 = VERTEX_POINT('',#7315);
#7315 = CARTESIAN_POINT('',(566.,11.,204.));
#7316 = SURFACE_CURVE('',#7317,(#7321,#7327),.PCURVE_S1.);
#7317 = LINE('',#7318,#7319);
#7318 = CARTESIAN_POINT('',(211.,11.,204.));
#7319 = VECTOR('',#7320,1.);
#7320 = DIRECTION('',(-1.,0.,0.));
#7321 = PCURVE('',#2491,#7322);
#7322 = DEFINITIONAL_REPRESENTATION('',(#7323),#7326);
#7323 = B_SPLINE_CURVE_WITH_KNOTS('',1,(#7324,#7325),.UNSPECIFIED.,.F.,
  .F.,(2,2),(-355.,-23.),.PIECEWISE_BEZIER_KNOTS.);
#7324 = CARTESIAN_POINT('',(376.,66.));
#7325 = CARTESIAN_POINT('',(44.,66.));
#7326 = ( GEOMETRIC_REPRESENTATION_CONTEXT(2) 
PARAMETRIC_REPRESENTATION_CONTEXT() REPRESENTATION_CONTEXT('2D SPACE',''
  ) );
#7327 = PCURVE('',#7328,#7333);
#7328 = PLANE('',#7329);
#7329 = AXIS2_PLACEMENT_3D('',#7330,#7331,#7332);
#7330 = CARTESIAN_POINT('',(232.,11.,198.));
#7331 = DIRECTION('',(0.,1.,0.));
#7332 = DIRECTION('',(0.,0.,1.));
#7333 = DEFINITIONAL_REPRESENTATION('',(#7334),#7337);
#7334 = B_SPLINE_CURVE_WITH_KNOTS('',1,(#7335,#7336),.UNSPECIFIED.,.F.,
  .F.,(2,2),(-355.,-23.),.PIECEWISE_BEZIER_KNOTS.);
#7335 = CARTESIAN_POINT('',(6.,334.));
#7336 = CARTESIAN_POINT('',(6.,2.));
#7337 = ( GEOMETRIC_REPRESENTATION_CONTEXT(2) 
PARAMETRIC_REPRESENTATION_CONTEXT() REPRESENTATION_CONTEXT('2D SPACE',''
  ) );
#7338 = ORIENTED_EDGE('',*,*,#7339,.F.);
#7339 = EDGE_CURVE('',#7340,#7314,#7342,.T.);
#7340 = VERTEX_POINT('',#7341);
#7341 = CARTESIAN_POINT('',(568.,9.,204.));
#7342 = SURFACE_CURVE('',#7343,(#7348,#7355),.PCURVE_S1.);
#7343 = CIRCLE('',#7344,2.);
#7344 = AXIS2_PLACEMENT_3D('',#7345,#7346,#7347);
#7345 = CARTESIAN_POINT('',(566.,9.,204.));
#7346 = DIRECTION('',(0.,0.,1.));
#7347 = DIRECTION('',(1.,0.,-0.));
#7348 = PCURVE('',#2491,#7349);
#7349 = DEFINITIONAL_REPRESENTATION('',(#7350),#7354);
#7350 = CIRCLE('',#7351,2.);
#7351 = AXIS2_PLACEMENT_2D('',#7352,#7353);
#7352 = CARTESIAN_POINT('',(376.,64.));
#7353 = DIRECTION('',(1.,0.));
#7354 = ( GEOMETRIC_REPRESENTATION_CONTEXT(2) 
PARAMETRIC_REPRESENTATION_CONTEXT() REPRESENTATION_CONTEXT('2D SPACE',''
  ) );
#7355 = PCURVE('',#7356,#7361);
#7356 = CYLINDRICAL_SURFACE('',#7357,2.);
#7357 = AXIS2_PLACEMENT_3D('',#7358,#7359,#7360);
#7358 = CARTESIAN_POINT('',(566.,9.,198.));
#7359 = DIRECTION('',(0.,0.,1.));
#7360 = DIRECTION('',(1.,0.,-0.));
#7361 = DEFINITIONAL_REPRESENTATION('',(#7362),#7366);
#7362 = LINE('',#7363,#7364);
#7363 = CARTESIAN_POINT('',(0.,6.));
#7364 = VECTOR('',#7365,1.);
#7365 = DIRECTION('',(1.,0.));
#7366 = ( GEOMETRIC_REPRESENTATION_CONTEXT(2) 
PARAMETRIC_REPRESENTATION_CONTEXT() REPRESENTATION_CONTEXT('2D SPACE',''
  ) );
#7367 = ORIENTED_EDGE('',*,*,#7368,.F.);
#7368 = EDGE_CURVE('',#7369,#7340,#7371,.T.);
#7369 = VERTEX_POINT('',#7370);
#7370 = CARTESIAN_POINT('',(568.,-9.,204.));
#7371 = SURFACE_CURVE('',#7372,(#7376,#7382),.PCURVE_S1.);
#7372 = LINE('',#7373,#7374);
#7373 = CARTESIAN_POINT('',(568.,-33.,204.));
#7374 = VECTOR('',#7375,1.);
#7375 = DIRECTION('',(0.,1.,0.));
#7376 = PCURVE('',#2491,#7377);
#7377 = DEFINITIONAL_REPRESENTATION('',(#7378),#7381);
#7378 = B_SPLINE_CURVE_WITH_KNOTS('',1,(#7379,#7380),.UNSPECIFIED.,.F.,
  .F.,(2,2),(24.,42.),.PIECEWISE_BEZIER_KNOTS.);
#7379 = CARTESIAN_POINT('',(378.,46.));
#7380 = CARTESIAN_POINT('',(378.,64.));
#7381 = ( GEOMETRIC_REPRESENTATION_CONTEXT(2) 
PARAMETRIC_REPRESENTATION_CONTEXT() REPRESENTATION_CONTEXT('2D SPACE',''
  ) );
#7382 = PCURVE('',#7383,#7388);
#7383 = PLANE('',#7384);
#7384 = AXIS2_PLACEMENT_3D('',#7385,#7386,#7387);
#7385 = CARTESIAN_POINT('',(568.,-11.,198.));
#7386 = DIRECTION('',(1.,0.,0.));
#7387 = DIRECTION('',(0.,0.,1.));
#7388 = DEFINITIONAL_REPRESENTATION('',(#7389),#7392);
#7389 = B_SPLINE_CURVE_WITH_KNOTS('',1,(#7390,#7391),.UNSPECIFIED.,.F.,
  .F.,(2,2),(24.,42.),.PIECEWISE_BEZIER_KNOTS.);
#7390 = CARTESIAN_POINT('',(6.,-2.));
#7391 = CARTESIAN_POINT('',(6.,-20.));
#7392 = ( GEOMETRIC_REPRESENTATION_CONTEXT(2) 
PARAMETRIC_REPRESENTATION_CONTEXT() REPRESENTATION_CONTEXT('2D SPACE',''
  ) );
#7393 = ORIENTED_EDGE('',*,*,#7394,.F.);
#7394 = EDGE_CURVE('',#7395,#7369,#7397,.T.);
#7395 = VERTEX_POINT('',#7396);
#7396 = CARTESIAN_POINT('',(566.,-11.,204.));
#7397 = SURFACE_CURVE('',#7398,(#7403,#7410),.PCURVE_S1.);
#7398 = CIRCLE('',#7399,2.);
#7399 = AXIS2_PLACEMENT_3D('',#7400,#7401,#7402);
#7400 = CARTESIAN_POINT('',(566.,-9.,204.));
#7401 = DIRECTION('',(0.,0.,1.));
#7402 = DIRECTION('',(1.,0.,-0.));
#7403 = PCURVE('',#2491,#7404);
#7404 = DEFINITIONAL_REPRESENTATION('',(#7405),#7409);
#7405 = CIRCLE('',#7406,2.);
#7406 = AXIS2_PLACEMENT_2D('',#7407,#7408);
#7407 = CARTESIAN_POINT('',(376.,46.));
#7408 = DIRECTION('',(1.,0.));
#7409 = ( GEOMETRIC_REPRESENTATION_CONTEXT(2) 
PARAMETRIC_REPRESENTATION_CONTEXT() REPRESENTATION_CONTEXT('2D SPACE',''
  ) );
#7410 = PCURVE('',#7411,#7416);
#7411 = CYLINDRICAL_SURFACE('',#7412,2.);
#7412 = AXIS2_PLACEMENT_3D('',#7413,#7414,#7415);
#7413 = CARTESIAN_POINT('',(566.,-9.,198.));
#7414 = DIRECTION('',(0.,0.,1.));
#7415 = DIRECTION('',(1.,0.,-0.));
#7416 = DEFINITIONAL_REPRESENTATION('',(#7417),#7421);
#7417 = LINE('',#7418,#7419);
#7418 = CARTESIAN_POINT('',(-6.28318530718,6.));
#7419 = VECTOR('',#7420,1.);
#7420 = DIRECTION('',(1.,-0.));
#7421 = ( GEOMETRIC_REPRESENTATION_CONTEXT(2) 
PARAMETRIC_REPRESENTATION_CONTEXT() REPRESENTATION_CONTEXT('2D SPACE',''
  ) );
#7422 = ORIENTED_EDGE('',*,*,#7423,.T.);
#7423 = EDGE_CURVE('',#7395,#7230,#7424,.T.);
#7424 = SURFACE_CURVE('',#7425,(#7429,#7435),.PCURVE_S1.);
#7425 = LINE('',#7426,#7427);
#7426 = CARTESIAN_POINT('',(211.,-11.,204.));
#7427 = VECTOR('',#7428,1.);
#7428 = DIRECTION('',(-1.,0.,0.));
#7429 = PCURVE('',#2491,#7430);
#7430 = DEFINITIONAL_REPRESENTATION('',(#7431),#7434);
#7431 = B_SPLINE_CURVE_WITH_KNOTS('',1,(#7432,#7433),.UNSPECIFIED.,.F.,
  .F.,(2,2),(-355.,-23.),.PIECEWISE_BEZIER_KNOTS.);
#7432 = CARTESIAN_POINT('',(376.,44.));
#7433 = CARTESIAN_POINT('',(44.,44.));
#7434 = ( GEOMETRIC_REPRESENTATION_CONTEXT(2) 
PARAMETRIC_REPRESENTATION_CONTEXT() REPRESENTATION_CONTEXT('2D SPACE',''
  ) );
#7435 = PCURVE('',#7436,#7441);
#7436 = PLANE('',#7437);
#7437 = AXIS2_PLACEMENT_3D('',#7438,#7439,#7440);
#7438 = CARTESIAN_POINT('',(232.,-11.,198.));
#7439 = DIRECTION('',(0.,1.,0.));
#7440 = DIRECTION('',(0.,0.,1.));
#7441 = DEFINITIONAL_REPRESENTATION('',(#7442),#7445);
#7442 = B_SPLINE_CURVE_WITH_KNOTS('',1,(#7443,#7444),.UNSPECIFIED.,.F.,
  .F.,(2,2),(-355.,-23.),.PIECEWISE_BEZIER_KNOTS.);
#7443 = CARTESIAN_POINT('',(6.,334.));
#7444 = CARTESIAN_POINT('',(6.,2.));
#7445 = ( GEOMETRIC_REPRESENTATION_CONTEXT(2) 
PARAMETRIC_REPRESENTATION_CONTEXT() REPRESENTATION_CONTEXT('2D SPACE',''
  ) );
#7446 = ADVANCED_FACE('',(#7447),#2520,.T.);
#7447 = FACE_BOUND('',#7448,.F.);
#7448 = EDGE_LOOP('',(#7449,#7450,#7451,#7473));
#7449 = ORIENTED_EDGE('',*,*,#2503,.F.);
#7450 = ORIENTED_EDGE('',*,*,#7159,.F.);
#7451 = ORIENTED_EDGE('',*,*,#7452,.T.);
#7452 = EDGE_CURVE('',#7160,#7181,#7453,.T.);
#7453 = SURFACE_CURVE('',#7454,(#7459,#7466),.PCURVE_S1.);
#7454 = CIRCLE('',#7455,56.);
#7455 = AXIS2_PLACEMENT_3D('',#7456,#7457,#7458);
#7456 = CARTESIAN_POINT('',(226.,0.,154.));
#7457 = DIRECTION('',(1.,0.,0.));
#7458 = DIRECTION('',(0.,1.,0.));
#7459 = PCURVE('',#2520,#7460);
#7460 = DEFINITIONAL_REPRESENTATION('',(#7461),#7465);
#7461 = LINE('',#7462,#7463);
#7462 = CARTESIAN_POINT('',(-0.,-36.));
#7463 = VECTOR('',#7464,1.);
#7464 = DIRECTION('',(-1.,0.));
#7465 = ( GEOMETRIC_REPRESENTATION_CONTEXT(2) 
PARAMETRIC_REPRESENTATION_CONTEXT() REPRESENTATION_CONTEXT('2D SPACE',''
  ) );
#7466 = PCURVE('',#7195,#7467);
#7467 = DEFINITIONAL_REPRESENTATION('',(#7468),#7472);
#7468 = CIRCLE('',#7469,56.);
#7469 = AXIS2_PLACEMENT_2D('',#7470,#7471);
#7470 = CARTESIAN_POINT('',(-2.84217094304E-14,-6.251154891609E-15));
#7471 = DIRECTION('',(0.,-1.));
#7472 = ( GEOMETRIC_REPRESENTATION_CONTEXT(2) 
PARAMETRIC_REPRESENTATION_CONTEXT() REPRESENTATION_CONTEXT('2D SPACE',''
  ) );
#7473 = ORIENTED_EDGE('',*,*,#7206,.T.);
#7474 = ADVANCED_FACE('',(#7475),#2628,.T.);
#7475 = FACE_BOUND('',#7476,.T.);
#7476 = EDGE_LOOP('',(#7477,#7478,#7479,#7498,#7499,#7518,#7519,#7520));
#7477 = ORIENTED_EDGE('',*,*,#6366,.F.);
#7478 = ORIENTED_EDGE('',*,*,#6612,.T.);
#7479 = ORIENTED_EDGE('',*,*,#7480,.T.);
#7480 = EDGE_CURVE('',#6485,#2611,#7481,.T.);
#7481 = SURFACE_CURVE('',#7482,(#7486,#7492),.PCURVE_S1.);
#7482 = LINE('',#7483,#7484);
#7483 = CARTESIAN_POINT('',(190.,-52.,133.21539030917));
#7484 = VECTOR('',#7485,1.);
#7485 = DIRECTION('',(-1.,-0.,-0.));
#7486 = PCURVE('',#2628,#7487);
#7487 = DEFINITIONAL_REPRESENTATION('',(#7488),#7491);
#7488 = B_SPLINE_CURVE_WITH_KNOTS('',1,(#7489,#7490),.UNSPECIFIED.,.F.,
  .F.,(2,2),(-36.0000006,5.999999928008E-07),.PIECEWISE_BEZIER_KNOTS.);
#7489 = CARTESIAN_POINT('',(26.215390309173,37.0000006));
#7490 = CARTESIAN_POINT('',(26.215390309173,0.9999994));
#7491 = ( GEOMETRIC_REPRESENTATION_CONTEXT(2) 
PARAMETRIC_REPRESENTATION_CONTEXT() REPRESENTATION_CONTEXT('2D SPACE',''
  ) );
#7492 = PCURVE('',#2654,#7493);
#7493 = DEFINITIONAL_REPRESENTATION('',(#7494),#7497);
#7494 = B_SPLINE_CURVE_WITH_KNOTS('',1,(#7495,#7496),.UNSPECIFIED.,.F.,
  .F.,(2,2),(-36.0000006,5.999999928008E-07),.PIECEWISE_BEZIER_KNOTS.);
#7495 = CARTESIAN_POINT('',(-3.521843860283,-36.0000006));
#7496 = CARTESIAN_POINT('',(-3.521843860283,5.999999928008E-07));
#7497 = ( GEOMETRIC_REPRESENTATION_CONTEXT(2) 
PARAMETRIC_REPRESENTATION_CONTEXT() REPRESENTATION_CONTEXT('2D SPACE',''
  ) );
#7498 = ORIENTED_EDGE('',*,*,#2610,.T.);
#7499 = ORIENTED_EDGE('',*,*,#7500,.F.);
#7500 = EDGE_CURVE('',#6661,#2613,#7501,.T.);
#7501 = SURFACE_CURVE('',#7502,(#7506,#7512),.PCURVE_S1.);
#7502 = LINE('',#7503,#7504);
#7503 = CARTESIAN_POINT('',(190.,-52.,174.78460969082));
#7504 = VECTOR('',#7505,1.);
#7505 = DIRECTION('',(-1.,-0.,-0.));
#7506 = PCURVE('',#2628,#7507);
#7507 = DEFINITIONAL_REPRESENTATION('',(#7508),#7511);
#7508 = B_SPLINE_CURVE_WITH_KNOTS('',1,(#7509,#7510),.UNSPECIFIED.,.F.,
  .F.,(2,2),(-36.0000006,5.999999928008E-07),.PIECEWISE_BEZIER_KNOTS.);
#7509 = CARTESIAN_POINT('',(67.784609690827,37.0000006));
#7510 = CARTESIAN_POINT('',(67.784609690827,0.9999994));
#7511 = ( GEOMETRIC_REPRESENTATION_CONTEXT(2) 
PARAMETRIC_REPRESENTATION_CONTEXT() REPRESENTATION_CONTEXT('2D SPACE',''
  ) );
#7512 = PCURVE('',#2654,#7513);
#7513 = DEFINITIONAL_REPRESENTATION('',(#7514),#7517);
#7514 = B_SPLINE_CURVE_WITH_KNOTS('',1,(#7515,#7516),.UNSPECIFIED.,.F.,
  .F.,(2,2),(-36.0000006,5.999999928008E-07),.PIECEWISE_BEZIER_KNOTS.);
#7515 = CARTESIAN_POINT('',(-2.761341446897,-36.0000006));
#7516 = CARTESIAN_POINT('',(-2.761341446897,5.999999928008E-07));
#7517 = ( GEOMETRIC_REPRESENTATION_CONTEXT(2) 
PARAMETRIC_REPRESENTATION_CONTEXT() REPRESENTATION_CONTEXT('2D SPACE',''
  ) );
#7518 = ORIENTED_EDGE('',*,*,#6660,.T.);
#7519 = ORIENTED_EDGE('',*,*,#6882,.T.);
#7520 = ORIENTED_EDGE('',*,*,#7521,.F.);
#7521 = EDGE_CURVE('',#6367,#6883,#7522,.T.);
#7522 = SURFACE_CURVE('',#7523,(#7527,#7533),.PCURVE_S1.);
#7523 = LINE('',#7524,#7525);
#7524 = CARTESIAN_POINT('',(609.8729833462,-52.,104.));
#7525 = VECTOR('',#7526,1.);
#7526 = DIRECTION('',(0.,0.,1.));
#7527 = PCURVE('',#2628,#7528);
#7528 = DEFINITIONAL_REPRESENTATION('',(#7529),#7532);
#7529 = B_SPLINE_CURVE_WITH_KNOTS('',1,(#7530,#7531),.UNSPECIFIED.,.F.,
  .F.,(2,2),(-6.000000070117E-07,100.0000006),.PIECEWISE_BEZIER_KNOTS.);
#7530 = CARTESIAN_POINT('',(-3.0000006,420.8729833462));
#7531 = CARTESIAN_POINT('',(97.0000006,420.8729833462));
#7532 = ( GEOMETRIC_REPRESENTATION_CONTEXT(2) 
PARAMETRIC_REPRESENTATION_CONTEXT() REPRESENTATION_CONTEXT('2D SPACE',''
  ) );
#7533 = PCURVE('',#5856,#7534);
#7534 = DEFINITIONAL_REPRESENTATION('',(#7535),#7538);
#7535 = B_SPLINE_CURVE_WITH_KNOTS('',1,(#7536,#7537),.UNSPECIFIED.,.F.,
  .F.,(2,2),(-6.000000070117E-07,100.0000006),.PIECEWISE_BEZIER_KNOTS.);
#7536 = CARTESIAN_POINT('',(-0.252680255142,-6.000000070117E-07));
#7537 = CARTESIAN_POINT('',(-0.252680255142,100.0000006));
#7538 = ( GEOMETRIC_REPRESENTATION_CONTEXT(2) 
PARAMETRIC_REPRESENTATION_CONTEXT() REPRESENTATION_CONTEXT('2D SPACE',''
  ) );
#7539 = ADVANCED_FACE('',(#7540),#2654,.T.);
#7540 = FACE_BOUND('',#7541,.F.);
#7541 = EDGE_LOOP('',(#7542,#7543,#7544,#7545,#7566,#7595,#7614,#7615));
#7542 = ORIENTED_EDGE('',*,*,#2639,.F.);
#7543 = ORIENTED_EDGE('',*,*,#7500,.F.);
#7544 = ORIENTED_EDGE('',*,*,#6681,.T.);
#7545 = ORIENTED_EDGE('',*,*,#7546,.F.);
#7546 = EDGE_CURVE('',#7547,#6682,#7549,.T.);
#7547 = VERTEX_POINT('',#7548);
#7548 = CARTESIAN_POINT('',(226.,-55.,164.53565375285));
#7549 = SURFACE_CURVE('',#7550,(#7554,#7560),.PCURVE_S1.);
#7550 = LINE('',#7551,#7552);
#7551 = CARTESIAN_POINT('',(190.,-55.,164.53565375285));
#7552 = VECTOR('',#7553,1.);
#7553 = DIRECTION('',(-1.,-0.,-0.));
#7554 = PCURVE('',#2654,#7555);
#7555 = DEFINITIONAL_REPRESENTATION('',(#7556),#7559);
#7556 = B_SPLINE_CURVE_WITH_KNOTS('',1,(#7557,#7558),.UNSPECIFIED.,.F.,
  .F.,(2,2),(-36.0000006,5.999999928008E-07),.PIECEWISE_BEZIER_KNOTS.);
#7557 = CARTESIAN_POINT('',(-2.952328057561,-36.0000006));
#7558 = CARTESIAN_POINT('',(-2.952328057561,5.999999928008E-07));
#7559 = ( GEOMETRIC_REPRESENTATION_CONTEXT(2) 
PARAMETRIC_REPRESENTATION_CONTEXT() REPRESENTATION_CONTEXT('2D SPACE',''
  ) );
#7560 = PCURVE('',#5823,#7561);
#7561 = DEFINITIONAL_REPRESENTATION('',(#7562),#7565);
#7562 = B_SPLINE_CURVE_WITH_KNOTS('',1,(#7563,#7564),.UNSPECIFIED.,.F.,
  .F.,(2,2),(-36.0000006,5.999999928008E-07),.PIECEWISE_BEZIER_KNOTS.);
#7563 = CARTESIAN_POINT('',(60.535653752853,36.0000006));
#7564 = CARTESIAN_POINT('',(60.535653752853,-5.999999928008E-07));
#7565 = ( GEOMETRIC_REPRESENTATION_CONTEXT(2) 
PARAMETRIC_REPRESENTATION_CONTEXT() REPRESENTATION_CONTEXT('2D SPACE',''
  ) );
#7566 = ORIENTED_EDGE('',*,*,#7567,.T.);
#7567 = EDGE_CURVE('',#7547,#7568,#7570,.T.);
#7568 = VERTEX_POINT('',#7569);
#7569 = CARTESIAN_POINT('',(226.,-55.,143.46434624714));
#7570 = SURFACE_CURVE('',#7571,(#7576,#7583),.PCURVE_S1.);
#7571 = CIRCLE('',#7572,56.);
#7572 = AXIS2_PLACEMENT_3D('',#7573,#7574,#7575);
#7573 = CARTESIAN_POINT('',(226.,0.,154.));
#7574 = DIRECTION('',(1.,0.,0.));
#7575 = DIRECTION('',(0.,1.,0.));
#7576 = PCURVE('',#2654,#7577);
#7577 = DEFINITIONAL_REPRESENTATION('',(#7578),#7582);
#7578 = LINE('',#7579,#7580);
#7579 = CARTESIAN_POINT('',(-0.,-36.));
#7580 = VECTOR('',#7581,1.);
#7581 = DIRECTION('',(-1.,0.));
#7582 = ( GEOMETRIC_REPRESENTATION_CONTEXT(2) 
PARAMETRIC_REPRESENTATION_CONTEXT() REPRESENTATION_CONTEXT('2D SPACE',''
  ) );
#7583 = PCURVE('',#7584,#7589);
#7584 = PLANE('',#7585);
#7585 = AXIS2_PLACEMENT_3D('',#7586,#7587,#7588);
#7586 = CARTESIAN_POINT('',(226.,-6.251154891609E-15,154.));
#7587 = DIRECTION('',(1.,0.,0.));
#7588 = DIRECTION('',(-0.,0.,1.));
#7589 = DEFINITIONAL_REPRESENTATION('',(#7590),#7594);
#7590 = CIRCLE('',#7591,56.);
#7591 = AXIS2_PLACEMENT_2D('',#7592,#7593);
#7592 = CARTESIAN_POINT('',(-2.84217094304E-14,-6.251154891609E-15));
#7593 = DIRECTION('',(0.,-1.));
#7594 = ( GEOMETRIC_REPRESENTATION_CONTEXT(2) 
PARAMETRIC_REPRESENTATION_CONTEXT() REPRESENTATION_CONTEXT('2D SPACE',''
  ) );
#7595 = ORIENTED_EDGE('',*,*,#7596,.T.);
#7596 = EDGE_CURVE('',#7568,#6462,#7597,.T.);
#7597 = SURFACE_CURVE('',#7598,(#7602,#7608),.PCURVE_S1.);
#7598 = LINE('',#7599,#7600);
#7599 = CARTESIAN_POINT('',(190.,-55.,143.46434624714));
#7600 = VECTOR('',#7601,1.);
#7601 = DIRECTION('',(-1.,-0.,-0.));
#7602 = PCURVE('',#2654,#7603);
#7603 = DEFINITIONAL_REPRESENTATION('',(#7604),#7607);
#7604 = B_SPLINE_CURVE_WITH_KNOTS('',1,(#7605,#7606),.UNSPECIFIED.,.F.,
  .F.,(2,2),(-36.0000006,5.999999928008E-07),.PIECEWISE_BEZIER_KNOTS.);
#7605 = CARTESIAN_POINT('',(-3.330857249619,-36.0000006));
#7606 = CARTESIAN_POINT('',(-3.330857249619,5.999999928008E-07));
#7607 = ( GEOMETRIC_REPRESENTATION_CONTEXT(2) 
PARAMETRIC_REPRESENTATION_CONTEXT() REPRESENTATION_CONTEXT('2D SPACE',''
  ) );
#7608 = PCURVE('',#5823,#7609);
#7609 = DEFINITIONAL_REPRESENTATION('',(#7610),#7613);
#7610 = B_SPLINE_CURVE_WITH_KNOTS('',1,(#7611,#7612),.UNSPECIFIED.,.F.,
  .F.,(2,2),(-36.0000006,5.999999928008E-07),.PIECEWISE_BEZIER_KNOTS.);
#7611 = CARTESIAN_POINT('',(39.464346247147,36.0000006));
#7612 = CARTESIAN_POINT('',(39.464346247147,-5.999999928008E-07));
#7613 = ( GEOMETRIC_REPRESENTATION_CONTEXT(2) 
PARAMETRIC_REPRESENTATION_CONTEXT() REPRESENTATION_CONTEXT('2D SPACE',''
  ) );
#7614 = ORIENTED_EDGE('',*,*,#6484,.F.);
#7615 = ORIENTED_EDGE('',*,*,#7480,.T.);
#7616 = ADVANCED_FACE('',(#7617,#7845),#2707,.F.);
#7617 = FACE_BOUND('',#7618,.F.);
#7618 = EDGE_LOOP('',(#7619,#7649,#7678,#7701,#7734,#7762,#7791,#7814));
#7619 = ORIENTED_EDGE('',*,*,#7620,.F.);
#7620 = EDGE_CURVE('',#7621,#7623,#7625,.T.);
#7621 = VERTEX_POINT('',#7622);
#7622 = CARTESIAN_POINT('',(-187.,-132.,277.));
#7623 = VERTEX_POINT('',#7624);
#7624 = CARTESIAN_POINT('',(-187.,132.,277.));
#7625 = SURFACE_CURVE('',#7626,(#7630,#7637),.PCURVE_S1.);
#7626 = LINE('',#7627,#7628);
#7627 = CARTESIAN_POINT('',(-187.,-137.,277.));
#7628 = VECTOR('',#7629,1.);
#7629 = DIRECTION('',(0.,1.,0.));
#7630 = PCURVE('',#2707,#7631);
#7631 = DEFINITIONAL_REPRESENTATION('',(#7632),#7636);
#7632 = LINE('',#7633,#7634);
#7633 = CARTESIAN_POINT('',(0.,0.));
#7634 = VECTOR('',#7635,1.);
#7635 = DIRECTION('',(0.,1.));
#7636 = ( GEOMETRIC_REPRESENTATION_CONTEXT(2) 
PARAMETRIC_REPRESENTATION_CONTEXT() REPRESENTATION_CONTEXT('2D SPACE',''
  ) );
#7637 = PCURVE('',#7638,#7643);
#7638 = PLANE('',#7639);
#7639 = AXIS2_PLACEMENT_3D('',#7640,#7641,#7642);
#7640 = CARTESIAN_POINT('',(-187.,-137.,3.));
#7641 = DIRECTION('',(1.,0.,0.));
#7642 = DIRECTION('',(0.,0.,1.));
#7643 = DEFINITIONAL_REPRESENTATION('',(#7644),#7648);
#7644 = LINE('',#7645,#7646);
#7645 = CARTESIAN_POINT('',(274.,0.));
#7646 = VECTOR('',#7647,1.);
#7647 = DIRECTION('',(0.,-1.));
#7648 = ( GEOMETRIC_REPRESENTATION_CONTEXT(2) 
PARAMETRIC_REPRESENTATION_CONTEXT() REPRESENTATION_CONTEXT('2D SPACE',''
  ) );
#7649 = ORIENTED_EDGE('',*,*,#7650,.T.);
#7650 = EDGE_CURVE('',#7621,#7651,#7653,.T.);
#7651 = VERTEX_POINT('',#7652);
#7652 = CARTESIAN_POINT('',(-182.,-137.,277.));
#7653 = SURFACE_CURVE('',#7654,(#7659,#7666),.PCURVE_S1.);
#7654 = CIRCLE('',#7655,5.);
#7655 = AXIS2_PLACEMENT_3D('',#7656,#7657,#7658);
#7656 = CARTESIAN_POINT('',(-182.,-132.,277.));
#7657 = DIRECTION('',(0.,0.,1.));
#7658 = DIRECTION('',(0.,-1.,0.));
#7659 = PCURVE('',#2707,#7660);
#7660 = DEFINITIONAL_REPRESENTATION('',(#7661),#7665);
#7661 = CIRCLE('',#7662,5.);
#7662 = AXIS2_PLACEMENT_2D('',#7663,#7664);
#7663 = CARTESIAN_POINT('',(5.,5.));
#7664 = DIRECTION('',(0.,-1.));
#7665 = ( GEOMETRIC_REPRESENTATION_CONTEXT(2) 
PARAMETRIC_REPRESENTATION_CONTEXT() REPRESENTATION_CONTEXT('2D SPACE',''
  ) );
#7666 = PCURVE('',#7667,#7672);
#7667 = CYLINDRICAL_SURFACE('',#7668,5.);
#7668 = AXIS2_PLACEMENT_3D('',#7669,#7670,#7671);
#7669 = CARTESIAN_POINT('',(-182.,-132.,3.));
#7670 = DIRECTION('',(0.,0.,1.));
#7671 = DIRECTION('',(-1.,-0.,0.));
#7672 = DEFINITIONAL_REPRESENTATION('',(#7673),#7677);
#7673 = LINE('',#7674,#7675);
#7674 = CARTESIAN_POINT('',(-4.712388980385,274.));
#7675 = VECTOR('',#7676,1.);
#7676 = DIRECTION('',(1.,0.));
#7677 = ( GEOMETRIC_REPRESENTATION_CONTEXT(2) 
PARAMETRIC_REPRESENTATION_CONTEXT() REPRESENTATION_CONTEXT('2D SPACE',''
  ) );
#7678 = ORIENTED_EDGE('',*,*,#7679,.T.);
#7679 = EDGE_CURVE('',#7651,#7680,#7682,.T.);
#7680 = VERTEX_POINT('',#7681);
#7681 = CARTESIAN_POINT('',(182.,-137.,277.));
#7682 = SURFACE_CURVE('',#7683,(#7687,#7694),.PCURVE_S1.);
#7683 = LINE('',#7684,#7685);
#7684 = CARTESIAN_POINT('',(-187.,-137.,277.));
#7685 = VECTOR('',#7686,1.);
#7686 = DIRECTION('',(1.,0.,0.));
#7687 = PCURVE('',#2707,#7688);
#7688 = DEFINITIONAL_REPRESENTATION('',(#7689),#7693);
#7689 = LINE('',#7690,#7691);
#7690 = CARTESIAN_POINT('',(0.,0.));
#7691 = VECTOR('',#7692,1.);
#7692 = DIRECTION('',(1.,0.));
#7693 = ( GEOMETRIC_REPRESENTATION_CONTEXT(2) 
PARAMETRIC_REPRESENTATION_CONTEXT() REPRESENTATION_CONTEXT('2D SPACE',''
  ) );
#7694 = PCURVE('',#4540,#7695);
#7695 = DEFINITIONAL_REPRESENTATION('',(#7696),#7700);
#7696 = LINE('',#7697,#7698);
#7697 = CARTESIAN_POINT('',(274.,0.));
#7698 = VECTOR('',#7699,1.);
#7699 = DIRECTION('',(0.,1.));
#7700 = ( GEOMETRIC_REPRESENTATION_CONTEXT(2) 
PARAMETRIC_REPRESENTATION_CONTEXT() REPRESENTATION_CONTEXT('2D SPACE',''
  ) );
#7701 = ORIENTED_EDGE('',*,*,#7702,.F.);
#7702 = EDGE_CURVE('',#7703,#7680,#7705,.T.);
#7703 = VERTEX_POINT('',#7704);
#7704 = CARTESIAN_POINT('',(187.,-132.,277.));
#7705 = SURFACE_CURVE('',#7706,(#7711,#7722),.PCURVE_S1.);
#7706 = CIRCLE('',#7707,5.);
#7707 = AXIS2_PLACEMENT_3D('',#7708,#7709,#7710);
#7708 = CARTESIAN_POINT('',(182.,-132.,277.));
#7709 = DIRECTION('',(-0.,-0.,-1.));
#7710 = DIRECTION('',(0.,-1.,0.));
#7711 = PCURVE('',#2707,#7712);
#7712 = DEFINITIONAL_REPRESENTATION('',(#7713),#7721);
#7713 = ( BOUNDED_CURVE() B_SPLINE_CURVE(2,(#7714,#7715,#7716,#7717,
#7718,#7719,#7720),.UNSPECIFIED.,.T.,.F.) B_SPLINE_CURVE_WITH_KNOTS((1,2
    ,2,2,2,1),(-2.094395102393,0.,2.094395102393,4.188790204786,
6.28318530718,8.377580409573),.UNSPECIFIED.) CURVE() 
GEOMETRIC_REPRESENTATION_ITEM() RATIONAL_B_SPLINE_CURVE((1.,0.5,1.,0.5,
1.,0.5,1.)) REPRESENTATION_ITEM('') );
#7714 = CARTESIAN_POINT('',(369.,0.));
#7715 = CARTESIAN_POINT('',(360.33974596215,0.));
#7716 = CARTESIAN_POINT('',(364.66987298107,7.5));
#7717 = CARTESIAN_POINT('',(369.,15.));
#7718 = CARTESIAN_POINT('',(373.33012701892,7.5));
#7719 = CARTESIAN_POINT('',(377.66025403784,7.993605777301E-15));
#7720 = CARTESIAN_POINT('',(369.,0.));
#7721 = ( GEOMETRIC_REPRESENTATION_CONTEXT(2) 
PARAMETRIC_REPRESENTATION_CONTEXT() REPRESENTATION_CONTEXT('2D SPACE',''
  ) );
#7722 = PCURVE('',#7723,#7728);
#7723 = CYLINDRICAL_SURFACE('',#7724,5.);
#7724 = AXIS2_PLACEMENT_3D('',#7725,#7726,#7727);
#7725 = CARTESIAN_POINT('',(182.,-132.,3.));
#7726 = DIRECTION('',(0.,0.,1.));
#7727 = DIRECTION('',(1.,0.,-0.));
#7728 = DEFINITIONAL_REPRESENTATION('',(#7729),#7733);
#7729 = LINE('',#7730,#7731);
#7730 = CARTESIAN_POINT('',(4.712388980385,274.));
#7731 = VECTOR('',#7732,1.);
#7732 = DIRECTION('',(-1.,0.));
#7733 = ( GEOMETRIC_REPRESENTATION_CONTEXT(2) 
PARAMETRIC_REPRESENTATION_CONTEXT() REPRESENTATION_CONTEXT('2D SPACE',''
  ) );
#7734 = ORIENTED_EDGE('',*,*,#7735,.T.);
#7735 = EDGE_CURVE('',#7703,#7736,#7738,.T.);
#7736 = VERTEX_POINT('',#7737);
#7737 = CARTESIAN_POINT('',(187.,132.,277.));
#7738 = SURFACE_CURVE('',#7739,(#7743,#7750),.PCURVE_S1.);
#7739 = LINE('',#7740,#7741);
#7740 = CARTESIAN_POINT('',(187.,-137.,277.));
#7741 = VECTOR('',#7742,1.);
#7742 = DIRECTION('',(0.,1.,0.));
#7743 = PCURVE('',#2707,#7744);
#7744 = DEFINITIONAL_REPRESENTATION('',(#7745),#7749);
#7745 = LINE('',#7746,#7747);
#7746 = CARTESIAN_POINT('',(374.,0.));
#7747 = VECTOR('',#7748,1.);
#7748 = DIRECTION('',(0.,1.));
#7749 = ( GEOMETRIC_REPRESENTATION_CONTEXT(2) 
PARAMETRIC_REPRESENTATION_CONTEXT() REPRESENTATION_CONTEXT('2D SPACE',''
  ) );
#7750 = PCURVE('',#7751,#7756);
#7751 = PLANE('',#7752);
#7752 = AXIS2_PLACEMENT_3D('',#7753,#7754,#7755);
#7753 = CARTESIAN_POINT('',(187.,-137.,3.));
#7754 = DIRECTION('',(1.,0.,0.));
#7755 = DIRECTION('',(0.,0.,1.));
#7756 = DEFINITIONAL_REPRESENTATION('',(#7757),#7761);
#7757 = LINE('',#7758,#7759);
#7758 = CARTESIAN_POINT('',(274.,0.));
#7759 = VECTOR('',#7760,1.);
#7760 = DIRECTION('',(0.,-1.));
#7761 = ( GEOMETRIC_REPRESENTATION_CONTEXT(2) 
PARAMETRIC_REPRESENTATION_CONTEXT() REPRESENTATION_CONTEXT('2D SPACE',''
  ) );
#7762 = ORIENTED_EDGE('',*,*,#7763,.T.);
#7763 = EDGE_CURVE('',#7736,#7764,#7766,.T.);
#7764 = VERTEX_POINT('',#7765);
#7765 = CARTESIAN_POINT('',(182.,137.,277.));
#7766 = SURFACE_CURVE('',#7767,(#7772,#7779),.PCURVE_S1.);
#7767 = CIRCLE('',#7768,5.);
#7768 = AXIS2_PLACEMENT_3D('',#7769,#7770,#7771);
#7769 = CARTESIAN_POINT('',(182.,132.,277.));
#7770 = DIRECTION('',(0.,0.,1.));
#7771 = DIRECTION('',(0.,-1.,0.));
#7772 = PCURVE('',#2707,#7773);
#7773 = DEFINITIONAL_REPRESENTATION('',(#7774),#7778);
#7774 = CIRCLE('',#7775,5.);
#7775 = AXIS2_PLACEMENT_2D('',#7776,#7777);
#7776 = CARTESIAN_POINT('',(369.,269.));
#7777 = DIRECTION('',(0.,-1.));
#7778 = ( GEOMETRIC_REPRESENTATION_CONTEXT(2) 
PARAMETRIC_REPRESENTATION_CONTEXT() REPRESENTATION_CONTEXT('2D SPACE',''
  ) );
#7779 = PCURVE('',#7780,#7785);
#7780 = CYLINDRICAL_SURFACE('',#7781,5.);
#7781 = AXIS2_PLACEMENT_3D('',#7782,#7783,#7784);
#7782 = CARTESIAN_POINT('',(182.,132.,3.));
#7783 = DIRECTION('',(0.,0.,1.));
#7784 = DIRECTION('',(1.,0.,-0.));
#7785 = DEFINITIONAL_REPRESENTATION('',(#7786),#7790);
#7786 = LINE('',#7787,#7788);
#7787 = CARTESIAN_POINT('',(-1.570796326795,274.));
#7788 = VECTOR('',#7789,1.);
#7789 = DIRECTION('',(1.,0.));
#7790 = ( GEOMETRIC_REPRESENTATION_CONTEXT(2) 
PARAMETRIC_REPRESENTATION_CONTEXT() REPRESENTATION_CONTEXT('2D SPACE',''
  ) );
#7791 = ORIENTED_EDGE('',*,*,#7792,.F.);
#7792 = EDGE_CURVE('',#7793,#7764,#7795,.T.);
#7793 = VERTEX_POINT('',#7794);
#7794 = CARTESIAN_POINT('',(-182.,137.,277.));
#7795 = SURFACE_CURVE('',#7796,(#7800,#7807),.PCURVE_S1.);
#7796 = LINE('',#7797,#7798);
#7797 = CARTESIAN_POINT('',(-187.,137.,277.));
#7798 = VECTOR('',#7799,1.);
#7799 = DIRECTION('',(1.,0.,0.));
#7800 = PCURVE('',#2707,#7801);
#7801 = DEFINITIONAL_REPRESENTATION('',(#7802),#7806);
#7802 = LINE('',#7803,#7804);
#7803 = CARTESIAN_POINT('',(0.,274.));
#7804 = VECTOR('',#7805,1.);
#7805 = DIRECTION('',(1.,0.));
#7806 = ( GEOMETRIC_REPRESENTATION_CONTEXT(2) 
PARAMETRIC_REPRESENTATION_CONTEXT() REPRESENTATION_CONTEXT('2D SPACE',''
  ) );
#7807 = PCURVE('',#4717,#7808);
#7808 = DEFINITIONAL_REPRESENTATION('',(#7809),#7813);
#7809 = LINE('',#7810,#7811);
#7810 = CARTESIAN_POINT('',(274.,0.));
#7811 = VECTOR('',#7812,1.);
#7812 = DIRECTION('',(0.,1.));
#7813 = ( GEOMETRIC_REPRESENTATION_CONTEXT(2) 
PARAMETRIC_REPRESENTATION_CONTEXT() REPRESENTATION_CONTEXT('2D SPACE',''
  ) );
#7814 = ORIENTED_EDGE('',*,*,#7815,.F.);
#7815 = EDGE_CURVE('',#7623,#7793,#7816,.T.);
#7816 = SURFACE_CURVE('',#7817,(#7822,#7833),.PCURVE_S1.);
#7817 = CIRCLE('',#7818,5.);
#7818 = AXIS2_PLACEMENT_3D('',#7819,#7820,#7821);
#7819 = CARTESIAN_POINT('',(-182.,132.,277.));
#7820 = DIRECTION('',(-0.,-0.,-1.));
#7821 = DIRECTION('',(0.,-1.,0.));
#7822 = PCURVE('',#2707,#7823);
#7823 = DEFINITIONAL_REPRESENTATION('',(#7824),#7832);
#7824 = ( BOUNDED_CURVE() B_SPLINE_CURVE(2,(#7825,#7826,#7827,#7828,
#7829,#7830,#7831),.UNSPECIFIED.,.T.,.F.) B_SPLINE_CURVE_WITH_KNOTS((1,2
    ,2,2,2,1),(-2.094395102393,0.,2.094395102393,4.188790204786,
6.28318530718,8.377580409573),.UNSPECIFIED.) CURVE() 
GEOMETRIC_REPRESENTATION_ITEM() RATIONAL_B_SPLINE_CURVE((1.,0.5,1.,0.5,
1.,0.5,1.)) REPRESENTATION_ITEM('') );
#7825 = CARTESIAN_POINT('',(5.,264.));
#7826 = CARTESIAN_POINT('',(-3.660254037844,264.));
#7827 = CARTESIAN_POINT('',(0.669872981078,271.5));
#7828 = CARTESIAN_POINT('',(5.,279.));
#7829 = CARTESIAN_POINT('',(9.330127018922,271.5));
#7830 = CARTESIAN_POINT('',(13.660254037844,264.));
#7831 = CARTESIAN_POINT('',(5.,264.));
#7832 = ( GEOMETRIC_REPRESENTATION_CONTEXT(2) 
PARAMETRIC_REPRESENTATION_CONTEXT() REPRESENTATION_CONTEXT('2D SPACE',''
  ) );
#7833 = PCURVE('',#7834,#7839);
#7834 = CYLINDRICAL_SURFACE('',#7835,5.);
#7835 = AXIS2_PLACEMENT_3D('',#7836,#7837,#7838);
#7836 = CARTESIAN_POINT('',(-182.,132.,3.));
#7837 = DIRECTION('',(0.,0.,1.));
#7838 = DIRECTION('',(-1.,-0.,0.));
#7839 = DEFINITIONAL_REPRESENTATION('',(#7840),#7844);
#7840 = LINE('',#7841,#7842);
#7841 = CARTESIAN_POINT('',(1.570796326795,274.));
#7842 = VECTOR('',#7843,1.);
#7843 = DIRECTION('',(-1.,0.));
#7844 = ( GEOMETRIC_REPRESENTATION_CONTEXT(2) 
PARAMETRIC_REPRESENTATION_CONTEXT() REPRESENTATION_CONTEXT('2D SPACE',''
  ) );
#7845 = FACE_BOUND('',#7846,.F.);
#7846 = EDGE_LOOP('',(#7847,#7848,#7849,#7850));
#7847 = ORIENTED_EDGE('',*,*,#2692,.T.);
#7848 = ORIENTED_EDGE('',*,*,#2793,.T.);
#7849 = ORIENTED_EDGE('',*,*,#2841,.F.);
#7850 = ORIENTED_EDGE('',*,*,#2745,.F.);
#7851 = ADVANCED_FACE('',(#7852),#2928,.T.);
#7852 = FACE_BOUND('',#7853,.T.);
#7853 = EDGE_LOOP('',(#7854,#7855,#7856,#7857,#7858,#7859,#7860,#7861));
#7854 = ORIENTED_EDGE('',*,*,#3248,.F.);
#7855 = ORIENTED_EDGE('',*,*,#2913,.T.);
#7856 = ORIENTED_EDGE('',*,*,#2945,.T.);
#7857 = ORIENTED_EDGE('',*,*,#3017,.F.);
#7858 = ORIENTED_EDGE('',*,*,#3046,.T.);
#7859 = ORIENTED_EDGE('',*,*,#3120,.T.);
#7860 = ORIENTED_EDGE('',*,*,#3169,.F.);
#7861 = ORIENTED_EDGE('',*,*,#3219,.F.);
#7862 = ADVANCED_FACE('',(#7863,#7873),#3315,.F.);
#7863 = FACE_BOUND('',#7864,.F.);
#7864 = EDGE_LOOP('',(#7865,#7866,#7867,#7868,#7869,#7870,#7871,#7872));
#7865 = ORIENTED_EDGE('',*,*,#3659,.F.);
#7866 = ORIENTED_EDGE('',*,*,#3298,.T.);
#7867 = ORIENTED_EDGE('',*,*,#3352,.T.);
#7868 = ORIENTED_EDGE('',*,*,#3424,.F.);
#7869 = ORIENTED_EDGE('',*,*,#3457,.T.);
#7870 = ORIENTED_EDGE('',*,*,#3505,.T.);
#7871 = ORIENTED_EDGE('',*,*,#3554,.F.);
#7872 = ORIENTED_EDGE('',*,*,#3626,.F.);
#7873 = FACE_BOUND('',#7874,.F.);
#7874 = EDGE_LOOP('',(#7875,#7905,#7933,#7961));
#7875 = ORIENTED_EDGE('',*,*,#7876,.T.);
#7876 = EDGE_CURVE('',#7877,#7879,#7881,.T.);
#7877 = VERTEX_POINT('',#7878);
#7878 = CARTESIAN_POINT('',(-97.,-18.,-112.));
#7879 = VERTEX_POINT('',#7880);
#7880 = CARTESIAN_POINT('',(-97.,18.,-112.));
#7881 = SURFACE_CURVE('',#7882,(#7886,#7893),.PCURVE_S1.);
#7882 = LINE('',#7883,#7884);
#7883 = CARTESIAN_POINT('',(-97.,-18.,-112.));
#7884 = VECTOR('',#7885,1.);
#7885 = DIRECTION('',(0.,1.,0.));
#7886 = PCURVE('',#3315,#7887);
#7887 = DEFINITIONAL_REPRESENTATION('',(#7888),#7892);
#7888 = LINE('',#7889,#7890);
#7889 = CARTESIAN_POINT('',(3.,3.));
#7890 = VECTOR('',#7891,1.);
#7891 = DIRECTION('',(0.,1.));
#7892 = ( GEOMETRIC_REPRESENTATION_CONTEXT(2) 
PARAMETRIC_REPRESENTATION_CONTEXT() REPRESENTATION_CONTEXT('2D SPACE',''
  ) );
#7893 = PCURVE('',#7894,#7899);
#7894 = PLANE('',#7895);
#7895 = AXIS2_PLACEMENT_3D('',#7896,#7897,#7898);
#7896 = CARTESIAN_POINT('',(-97.,-18.,-112.));
#7897 = DIRECTION('',(1.,0.,0.));
#7898 = DIRECTION('',(0.,0.,1.));
#7899 = DEFINITIONAL_REPRESENTATION('',(#7900),#7904);
#7900 = LINE('',#7901,#7902);
#7901 = CARTESIAN_POINT('',(0.,0.));
#7902 = VECTOR('',#7903,1.);
#7903 = DIRECTION('',(0.,-1.));
#7904 = ( GEOMETRIC_REPRESENTATION_CONTEXT(2) 
PARAMETRIC_REPRESENTATION_CONTEXT() REPRESENTATION_CONTEXT('2D SPACE',''
  ) );
#7905 = ORIENTED_EDGE('',*,*,#7906,.T.);
#7906 = EDGE_CURVE('',#7879,#7907,#7909,.T.);
#7907 = VERTEX_POINT('',#7908);
#7908 = CARTESIAN_POINT('',(17.,18.,-112.));
#7909 = SURFACE_CURVE('',#7910,(#7914,#7921),.PCURVE_S1.);
#7910 = LINE('',#7911,#7912);
#7911 = CARTESIAN_POINT('',(-97.,18.,-112.));
#7912 = VECTOR('',#7913,1.);
#7913 = DIRECTION('',(1.,0.,0.));
#7914 = PCURVE('',#3315,#7915);
#7915 = DEFINITIONAL_REPRESENTATION('',(#7916),#7920);
#7916 = LINE('',#7917,#7918);
#7917 = CARTESIAN_POINT('',(3.,39.));
#7918 = VECTOR('',#7919,1.);
#7919 = DIRECTION('',(1.,0.));
#7920 = ( GEOMETRIC_REPRESENTATION_CONTEXT(2) 
PARAMETRIC_REPRESENTATION_CONTEXT() REPRESENTATION_CONTEXT('2D SPACE',''
  ) );
#7921 = PCURVE('',#7922,#7927);
#7922 = PLANE('',#7923);
#7923 = AXIS2_PLACEMENT_3D('',#7924,#7925,#7926);
#7924 = CARTESIAN_POINT('',(-97.,18.,-112.));
#7925 = DIRECTION('',(0.,1.,0.));
#7926 = DIRECTION('',(0.,0.,1.));
#7927 = DEFINITIONAL_REPRESENTATION('',(#7928),#7932);
#7928 = LINE('',#7929,#7930);
#7929 = CARTESIAN_POINT('',(0.,0.));
#7930 = VECTOR('',#7931,1.);
#7931 = DIRECTION('',(0.,1.));
#7932 = ( GEOMETRIC_REPRESENTATION_CONTEXT(2) 
PARAMETRIC_REPRESENTATION_CONTEXT() REPRESENTATION_CONTEXT('2D SPACE',''
  ) );
#7933 = ORIENTED_EDGE('',*,*,#7934,.F.);
#7934 = EDGE_CURVE('',#7935,#7907,#7937,.T.);
#7935 = VERTEX_POINT('',#7936);
#7936 = CARTESIAN_POINT('',(17.,-18.,-112.));
#7937 = SURFACE_CURVE('',#7938,(#7942,#7949),.PCURVE_S1.);
#7938 = LINE('',#7939,#7940);
#7939 = CARTESIAN_POINT('',(17.,-18.,-112.));
#7940 = VECTOR('',#7941,1.);
#7941 = DIRECTION('',(0.,1.,0.));
#7942 = PCURVE('',#3315,#7943);
#7943 = DEFINITIONAL_REPRESENTATION('',(#7944),#7948);
#7944 = LINE('',#7945,#7946);
#7945 = CARTESIAN_POINT('',(117.,3.));
#7946 = VECTOR('',#7947,1.);
#7947 = DIRECTION('',(0.,1.));
#7948 = ( GEOMETRIC_REPRESENTATION_CONTEXT(2) 
PARAMETRIC_REPRESENTATION_CONTEXT() REPRESENTATION_CONTEXT('2D SPACE',''
  ) );
#7949 = PCURVE('',#7950,#7955);
#7950 = PLANE('',#7951);
#7951 = AXIS2_PLACEMENT_3D('',#7952,#7953,#7954);
#7952 = CARTESIAN_POINT('',(17.,-18.,-112.));
#7953 = DIRECTION('',(1.,0.,0.));
#7954 = DIRECTION('',(0.,0.,1.));
#7955 = DEFINITIONAL_REPRESENTATION('',(#7956),#7960);
#7956 = LINE('',#7957,#7958);
#7957 = CARTESIAN_POINT('',(0.,0.));
#7958 = VECTOR('',#7959,1.);
#7959 = DIRECTION('',(0.,-1.));
#7960 = ( GEOMETRIC_REPRESENTATION_CONTEXT(2) 
PARAMETRIC_REPRESENTATION_CONTEXT() REPRESENTATION_CONTEXT('2D SPACE',''
  ) );
#7961 = ORIENTED_EDGE('',*,*,#7962,.F.);
#7962 = EDGE_CURVE('',#7877,#7935,#7963,.T.);
#7963 = SURFACE_CURVE('',#7964,(#7968,#7975),.PCURVE_S1.);
#7964 = LINE('',#7965,#7966);
#7965 = CARTESIAN_POINT('',(-97.,-18.,-112.));
#7966 = VECTOR('',#7967,1.);
#7967 = DIRECTION('',(1.,0.,0.));
#7968 = PCURVE('',#3315,#7969);
#7969 = DEFINITIONAL_REPRESENTATION('',(#7970),#7974);
#7970 = LINE('',#7971,#7972);
#7971 = CARTESIAN_POINT('',(3.,3.));
#7972 = VECTOR('',#7973,1.);
#7973 = DIRECTION('',(1.,0.));
#7974 = ( GEOMETRIC_REPRESENTATION_CONTEXT(2) 
PARAMETRIC_REPRESENTATION_CONTEXT() REPRESENTATION_CONTEXT('2D SPACE',''
  ) );
#7975 = PCURVE('',#7976,#7981);
#7976 = PLANE('',#7977);
#7977 = AXIS2_PLACEMENT_3D('',#7978,#7979,#7980);
#7978 = CARTESIAN_POINT('',(-97.,-18.,-112.));
#7979 = DIRECTION('',(0.,1.,0.));
#7980 = DIRECTION('',(0.,0.,1.));
#7981 = DEFINITIONAL_REPRESENTATION('',(#7982),#7986);
#7982 = LINE('',#7983,#7984);
#7983 = CARTESIAN_POINT('',(0.,0.));
#7984 = VECTOR('',#7985,1.);
#7985 = DIRECTION('',(0.,1.));
#7986 = ( GEOMETRIC_REPRESENTATION_CONTEXT(2) 
PARAMETRIC_REPRESENTATION_CONTEXT() REPRESENTATION_CONTEXT('2D SPACE',''
  ) );
#7987 = ADVANCED_FACE('',(#7988),#3775,.T.);
#7988 = FACE_BOUND('',#7989,.T.);
#7989 = EDGE_LOOP('',(#7990,#8020,#8049,#8077,#8110,#8131,#8132,#8133,
    #8134,#8135,#8136,#8159,#8188,#8216));
#7990 = ORIENTED_EDGE('',*,*,#7991,.F.);
#7991 = EDGE_CURVE('',#7992,#7994,#7996,.T.);
#7992 = VERTEX_POINT('',#7993);
#7993 = CARTESIAN_POINT('',(-394.,-77.,177.25));
#7994 = VERTEX_POINT('',#7995);
#7995 = CARTESIAN_POINT('',(-394.,77.,177.25));
#7996 = SURFACE_CURVE('',#7997,(#8001,#8008),.PCURVE_S1.);
#7997 = LINE('',#7998,#7999);
#7998 = CARTESIAN_POINT('',(-394.,-83.,177.25));
#7999 = VECTOR('',#8000,1.);
#8000 = DIRECTION('',(0.,1.,0.));
#8001 = PCURVE('',#3775,#8002);
#8002 = DEFINITIONAL_REPRESENTATION('',(#8003),#8007);
#8003 = LINE('',#8004,#8005);
#8004 = CARTESIAN_POINT('',(0.,0.));
#8005 = VECTOR('',#8006,1.);
#8006 = DIRECTION('',(0.,1.));
#8007 = ( GEOMETRIC_REPRESENTATION_CONTEXT(2) 
PARAMETRIC_REPRESENTATION_CONTEXT() REPRESENTATION_CONTEXT('2D SPACE',''
  ) );
#8008 = PCURVE('',#8009,#8014);
#8009 = PLANE('',#8010);
#8010 = AXIS2_PLACEMENT_3D('',#8011,#8012,#8013);
#8011 = CARTESIAN_POINT('',(-394.,-83.,32.75));
#8012 = DIRECTION('',(1.,0.,0.));
#8013 = DIRECTION('',(0.,0.,1.));
#8014 = DEFINITIONAL_REPRESENTATION('',(#8015),#8019);
#8015 = LINE('',#8016,#8017);
#8016 = CARTESIAN_POINT('',(144.5,0.));
#8017 = VECTOR('',#8018,1.);
#8018 = DIRECTION('',(0.,-1.));
#8019 = ( GEOMETRIC_REPRESENTATION_CONTEXT(2) 
PARAMETRIC_REPRESENTATION_CONTEXT() REPRESENTATION_CONTEXT('2D SPACE',''
  ) );
#8020 = ORIENTED_EDGE('',*,*,#8021,.T.);
#8021 = EDGE_CURVE('',#7992,#8022,#8024,.T.);
#8022 = VERTEX_POINT('',#8023);
#8023 = CARTESIAN_POINT('',(-388.,-83.,177.25));
#8024 = SURFACE_CURVE('',#8025,(#8030,#8037),.PCURVE_S1.);
#8025 = CIRCLE('',#8026,6.);
#8026 = AXIS2_PLACEMENT_3D('',#8027,#8028,#8029);
#8027 = CARTESIAN_POINT('',(-388.,-77.,177.25));
#8028 = DIRECTION('',(0.,0.,1.));
#8029 = DIRECTION('',(0.,-1.,0.));
#8030 = PCURVE('',#3775,#8031);
#8031 = DEFINITIONAL_REPRESENTATION('',(#8032),#8036);
#8032 = CIRCLE('',#8033,6.);
#8033 = AXIS2_PLACEMENT_2D('',#8034,#8035);
#8034 = CARTESIAN_POINT('',(6.,6.));
#8035 = DIRECTION('',(0.,-1.));
#8036 = ( GEOMETRIC_REPRESENTATION_CONTEXT(2) 
PARAMETRIC_REPRESENTATION_CONTEXT() REPRESENTATION_CONTEXT('2D SPACE',''
  ) );
#8037 = PCURVE('',#8038,#8043);
#8038 = CYLINDRICAL_SURFACE('',#8039,6.);
#8039 = AXIS2_PLACEMENT_3D('',#8040,#8041,#8042);
#8040 = CARTESIAN_POINT('',(-388.,-77.,32.75));
#8041 = DIRECTION('',(0.,0.,1.));
#8042 = DIRECTION('',(-1.,-0.,0.));
#8043 = DEFINITIONAL_REPRESENTATION('',(#8044),#8048);
#8044 = LINE('',#8045,#8046);
#8045 = CARTESIAN_POINT('',(-4.712388980385,144.5));
#8046 = VECTOR('',#8047,1.);
#8047 = DIRECTION('',(1.,0.));
#8048 = ( GEOMETRIC_REPRESENTATION_CONTEXT(2) 
PARAMETRIC_REPRESENTATION_CONTEXT() REPRESENTATION_CONTEXT('2D SPACE',''
  ) );
#8049 = ORIENTED_EDGE('',*,*,#8050,.T.);
#8050 = EDGE_CURVE('',#8022,#8051,#8053,.T.);
#8051 = VERTEX_POINT('',#8052);
#8052 = CARTESIAN_POINT('',(-376.,-83.,177.25));
#8053 = SURFACE_CURVE('',#8054,(#8058,#8065),.PCURVE_S1.);
#8054 = LINE('',#8055,#8056);
#8055 = CARTESIAN_POINT('',(-394.,-83.,177.25));
#8056 = VECTOR('',#8057,1.);
#8057 = DIRECTION('',(1.,0.,0.));
#8058 = PCURVE('',#3775,#8059);
#8059 = DEFINITIONAL_REPRESENTATION('',(#8060),#8064);
#8060 = LINE('',#8061,#8062);
#8061 = CARTESIAN_POINT('',(0.,0.));
#8062 = VECTOR('',#8063,1.);
#8063 = DIRECTION('',(1.,0.));
#8064 = ( GEOMETRIC_REPRESENTATION_CONTEXT(2) 
PARAMETRIC_REPRESENTATION_CONTEXT() REPRESENTATION_CONTEXT('2D SPACE',''
  ) );
#8065 = PCURVE('',#8066,#8071);
#8066 = PLANE('',#8067);
#8067 = AXIS2_PLACEMENT_3D('',#8068,#8069,#8070);
#8068 = CARTESIAN_POINT('',(-394.,-83.,32.75));
#8069 = DIRECTION('',(0.,1.,0.));
#8070 = DIRECTION('',(0.,0.,1.));
#8071 = DEFINITIONAL_REPRESENTATION('',(#8072),#8076);
#8072 = LINE('',#8073,#8074);
#8073 = CARTESIAN_POINT('',(144.5,0.));
#8074 = VECTOR('',#8075,1.);
#8075 = DIRECTION('',(0.,1.));
#8076 = ( GEOMETRIC_REPRESENTATION_CONTEXT(2) 
PARAMETRIC_REPRESENTATION_CONTEXT() REPRESENTATION_CONTEXT('2D SPACE',''
  ) );
#8077 = ORIENTED_EDGE('',*,*,#8078,.F.);
#8078 = EDGE_CURVE('',#8079,#8051,#8081,.T.);
#8079 = VERTEX_POINT('',#8080);
#8080 = CARTESIAN_POINT('',(-370.,-77.,177.25));
#8081 = SURFACE_CURVE('',#8082,(#8087,#8098),.PCURVE_S1.);
#8082 = CIRCLE('',#8083,6.);
#8083 = AXIS2_PLACEMENT_3D('',#8084,#8085,#8086);
#8084 = CARTESIAN_POINT('',(-376.,-77.,177.25));
#8085 = DIRECTION('',(-0.,-0.,-1.));
#8086 = DIRECTION('',(0.,-1.,0.));
#8087 = PCURVE('',#3775,#8088);
#8088 = DEFINITIONAL_REPRESENTATION('',(#8089),#8097);
#8089 = ( BOUNDED_CURVE() B_SPLINE_CURVE(2,(#8090,#8091,#8092,#8093,
#8094,#8095,#8096),.UNSPECIFIED.,.T.,.F.) B_SPLINE_CURVE_WITH_KNOTS((1,2
    ,2,2,2,1),(-2.094395102393,0.,2.094395102393,4.188790204786,
6.28318530718,8.377580409573),.UNSPECIFIED.) CURVE() 
GEOMETRIC_REPRESENTATION_ITEM() RATIONAL_B_SPLINE_CURVE((1.,0.5,1.,0.5,
1.,0.5,1.)) REPRESENTATION_ITEM('') );
#8090 = CARTESIAN_POINT('',(18.,0.));
#8091 = CARTESIAN_POINT('',(7.607695154587,0.));
#8092 = CARTESIAN_POINT('',(12.803847577293,9.));
#8093 = CARTESIAN_POINT('',(18.,18.));
#8094 = CARTESIAN_POINT('',(23.196152422707,9.));
#8095 = CARTESIAN_POINT('',(28.392304845413,8.881784197001E-15));
#8096 = CARTESIAN_POINT('',(18.,0.));
#8097 = ( GEOMETRIC_REPRESENTATION_CONTEXT(2) 
PARAMETRIC_REPRESENTATION_CONTEXT() REPRESENTATION_CONTEXT('2D SPACE',''
  ) );
#8098 = PCURVE('',#8099,#8104);
#8099 = CYLINDRICAL_SURFACE('',#8100,6.);
#8100 = AXIS2_PLACEMENT_3D('',#8101,#8102,#8103);
#8101 = CARTESIAN_POINT('',(-376.,-77.,32.75));
#8102 = DIRECTION('',(0.,0.,1.));
#8103 = DIRECTION('',(1.,0.,-0.));
#8104 = DEFINITIONAL_REPRESENTATION('',(#8105),#8109);
#8105 = LINE('',#8106,#8107);
#8106 = CARTESIAN_POINT('',(4.712388980385,144.5));
#8107 = VECTOR('',#8108,1.);
#8108 = DIRECTION('',(-1.,0.));
#8109 = ( GEOMETRIC_REPRESENTATION_CONTEXT(2) 
PARAMETRIC_REPRESENTATION_CONTEXT() REPRESENTATION_CONTEXT('2D SPACE',''
  ) );
#8110 = ORIENTED_EDGE('',*,*,#8111,.T.);
#8111 = EDGE_CURVE('',#8079,#3735,#8112,.T.);
#8112 = SURFACE_CURVE('',#8113,(#8117,#8124),.PCURVE_S1.);
#8113 = LINE('',#8114,#8115);
#8114 = CARTESIAN_POINT('',(-370.,-83.,177.25));
#8115 = VECTOR('',#8116,1.);
#8116 = DIRECTION('',(0.,1.,0.));
#8117 = PCURVE('',#3775,#8118);
#8118 = DEFINITIONAL_REPRESENTATION('',(#8119),#8123);
#8119 = LINE('',#8120,#8121);
#8120 = CARTESIAN_POINT('',(24.,0.));
#8121 = VECTOR('',#8122,1.);
#8122 = DIRECTION('',(0.,1.));
#8123 = ( GEOMETRIC_REPRESENTATION_CONTEXT(2) 
PARAMETRIC_REPRESENTATION_CONTEXT() REPRESENTATION_CONTEXT('2D SPACE',''
  ) );
#8124 = PCURVE('',#3749,#8125);
#8125 = DEFINITIONAL_REPRESENTATION('',(#8126),#8130);
#8126 = LINE('',#8127,#8128);
#8127 = CARTESIAN_POINT('',(144.5,0.));
#8128 = VECTOR('',#8129,1.);
#8129 = DIRECTION('',(0.,-1.));
#8130 = ( GEOMETRIC_REPRESENTATION_CONTEXT(2) 
PARAMETRIC_REPRESENTATION_CONTEXT() REPRESENTATION_CONTEXT('2D SPACE',''
  ) );
#8131 = ORIENTED_EDGE('',*,*,#3760,.F.);
#8132 = ORIENTED_EDGE('',*,*,#4224,.F.);
#8133 = ORIENTED_EDGE('',*,*,#4178,.F.);
#8134 = ORIENTED_EDGE('',*,*,#4252,.F.);
#8135 = ORIENTED_EDGE('',*,*,#4107,.T.);
#8136 = ORIENTED_EDGE('',*,*,#8137,.T.);
#8137 = EDGE_CURVE('',#4082,#8138,#8140,.T.);
#8138 = VERTEX_POINT('',#8139);
#8139 = CARTESIAN_POINT('',(-370.,77.,177.25));
#8140 = SURFACE_CURVE('',#8141,(#8145,#8152),.PCURVE_S1.);
#8141 = LINE('',#8142,#8143);
#8142 = CARTESIAN_POINT('',(-370.,-83.,177.25));
#8143 = VECTOR('',#8144,1.);
#8144 = DIRECTION('',(0.,1.,0.));
#8145 = PCURVE('',#3775,#8146);
#8146 = DEFINITIONAL_REPRESENTATION('',(#8147),#8151);
#8147 = LINE('',#8148,#8149);
#8148 = CARTESIAN_POINT('',(24.,0.));
#8149 = VECTOR('',#8150,1.);
#8150 = DIRECTION('',(0.,1.));
#8151 = ( GEOMETRIC_REPRESENTATION_CONTEXT(2) 
PARAMETRIC_REPRESENTATION_CONTEXT() REPRESENTATION_CONTEXT('2D SPACE',''
  ) );
#8152 = PCURVE('',#4096,#8153);
#8153 = DEFINITIONAL_REPRESENTATION('',(#8154),#8158);
#8154 = LINE('',#8155,#8156);
#8155 = CARTESIAN_POINT('',(144.5,0.));
#8156 = VECTOR('',#8157,1.);
#8157 = DIRECTION('',(0.,-1.));
#8158 = ( GEOMETRIC_REPRESENTATION_CONTEXT(2) 
PARAMETRIC_REPRESENTATION_CONTEXT() REPRESENTATION_CONTEXT('2D SPACE',''
  ) );
#8159 = ORIENTED_EDGE('',*,*,#8160,.T.);
#8160 = EDGE_CURVE('',#8138,#8161,#8163,.T.);
#8161 = VERTEX_POINT('',#8162);
#8162 = CARTESIAN_POINT('',(-376.,83.,177.25));
#8163 = SURFACE_CURVE('',#8164,(#8169,#8176),.PCURVE_S1.);
#8164 = CIRCLE('',#8165,6.);
#8165 = AXIS2_PLACEMENT_3D('',#8166,#8167,#8168);
#8166 = CARTESIAN_POINT('',(-376.,77.,177.25));
#8167 = DIRECTION('',(0.,0.,1.));
#8168 = DIRECTION('',(0.,-1.,0.));
#8169 = PCURVE('',#3775,#8170);
#8170 = DEFINITIONAL_REPRESENTATION('',(#8171),#8175);
#8171 = CIRCLE('',#8172,6.);
#8172 = AXIS2_PLACEMENT_2D('',#8173,#8174);
#8173 = CARTESIAN_POINT('',(18.,160.));
#8174 = DIRECTION('',(0.,-1.));
#8175 = ( GEOMETRIC_REPRESENTATION_CONTEXT(2) 
PARAMETRIC_REPRESENTATION_CONTEXT() REPRESENTATION_CONTEXT('2D SPACE',''
  ) );
#8176 = PCURVE('',#8177,#8182);
#8177 = CYLINDRICAL_SURFACE('',#8178,6.);
#8178 = AXIS2_PLACEMENT_3D('',#8179,#8180,#8181);
#8179 = CARTESIAN_POINT('',(-376.,77.,32.75));
#8180 = DIRECTION('',(0.,0.,1.));
#8181 = DIRECTION('',(1.,0.,-0.));
#8182 = DEFINITIONAL_REPRESENTATION('',(#8183),#8187);
#8183 = LINE('',#8184,#8185);
#8184 = CARTESIAN_POINT('',(-1.570796326795,144.5));
#8185 = VECTOR('',#8186,1.);
#8186 = DIRECTION('',(1.,0.));
#8187 = ( GEOMETRIC_REPRESENTATION_CONTEXT(2) 
PARAMETRIC_REPRESENTATION_CONTEXT() REPRESENTATION_CONTEXT('2D SPACE',''
  ) );
#8188 = ORIENTED_EDGE('',*,*,#8189,.F.);
#8189 = EDGE_CURVE('',#8190,#8161,#8192,.T.);
#8190 = VERTEX_POINT('',#8191);
#8191 = CARTESIAN_POINT('',(-388.,83.,177.25));
#8192 = SURFACE_CURVE('',#8193,(#8197,#8204),.PCURVE_S1.);
#8193 = LINE('',#8194,#8195);
#8194 = CARTESIAN_POINT('',(-394.,83.,177.25));
#8195 = VECTOR('',#8196,1.);
#8196 = DIRECTION('',(1.,0.,0.));
#8197 = PCURVE('',#3775,#8198);
#8198 = DEFINITIONAL_REPRESENTATION('',(#8199),#8203);
#8199 = LINE('',#8200,#8201);
#8200 = CARTESIAN_POINT('',(0.,166.));
#8201 = VECTOR('',#8202,1.);
#8202 = DIRECTION('',(1.,0.));
#8203 = ( GEOMETRIC_REPRESENTATION_CONTEXT(2) 
PARAMETRIC_REPRESENTATION_CONTEXT() REPRESENTATION_CONTEXT('2D SPACE',''
  ) );
#8204 = PCURVE('',#8205,#8210);
#8205 = PLANE('',#8206);
#8206 = AXIS2_PLACEMENT_3D('',#8207,#8208,#8209);
#8207 = CARTESIAN_POINT('',(-394.,83.,32.75));
#8208 = DIRECTION('',(0.,1.,0.));
#8209 = DIRECTION('',(0.,0.,1.));
#8210 = DEFINITIONAL_REPRESENTATION('',(#8211),#8215);
#8211 = LINE('',#8212,#8213);
#8212 = CARTESIAN_POINT('',(144.5,0.));
#8213 = VECTOR('',#8214,1.);
#8214 = DIRECTION('',(0.,1.));
#8215 = ( GEOMETRIC_REPRESENTATION_CONTEXT(2) 
PARAMETRIC_REPRESENTATION_CONTEXT() REPRESENTATION_CONTEXT('2D SPACE',''
  ) );
#8216 = ORIENTED_EDGE('',*,*,#8217,.F.);
#8217 = EDGE_CURVE('',#7994,#8190,#8218,.T.);
#8218 = SURFACE_CURVE('',#8219,(#8224,#8235),.PCURVE_S1.);
#8219 = CIRCLE('',#8220,6.);
#8220 = AXIS2_PLACEMENT_3D('',#8221,#8222,#8223);
#8221 = CARTESIAN_POINT('',(-388.,77.,177.25));
#8222 = DIRECTION('',(-0.,-0.,-1.));
#8223 = DIRECTION('',(0.,-1.,0.));
#8224 = PCURVE('',#3775,#8225);
#8225 = DEFINITIONAL_REPRESENTATION('',(#8226),#8234);
#8226 = ( BOUNDED_CURVE() B_SPLINE_CURVE(2,(#8227,#8228,#8229,#8230,
#8231,#8232,#8233),.UNSPECIFIED.,.T.,.F.) B_SPLINE_CURVE_WITH_KNOTS((1,2
    ,2,2,2,1),(-2.094395102393,0.,2.094395102393,4.188790204786,
6.28318530718,8.377580409573),.UNSPECIFIED.) CURVE() 
GEOMETRIC_REPRESENTATION_ITEM() RATIONAL_B_SPLINE_CURVE((1.,0.5,1.,0.5,
1.,0.5,1.)) REPRESENTATION_ITEM('') );
#8227 = CARTESIAN_POINT('',(6.,154.));
#8228 = CARTESIAN_POINT('',(-4.392304845413,154.));
#8229 = CARTESIAN_POINT('',(0.803847577293,163.));
#8230 = CARTESIAN_POINT('',(6.,172.));
#8231 = CARTESIAN_POINT('',(11.196152422707,163.));
#8232 = CARTESIAN_POINT('',(16.392304845413,154.));
#8233 = CARTESIAN_POINT('',(6.,154.));
#8234 = ( GEOMETRIC_REPRESENTATION_CONTEXT(2) 
PARAMETRIC_REPRESENTATION_CONTEXT() REPRESENTATION_CONTEXT('2D SPACE',''
  ) );
#8235 = PCURVE('',#8236,#8241);
#8236 = CYLINDRICAL_SURFACE('',#8237,6.);
#8237 = AXIS2_PLACEMENT_3D('',#8238,#8239,#8240);
#8238 = CARTESIAN_POINT('',(-388.,77.,32.75));
#8239 = DIRECTION('',(0.,0.,1.));
#8240 = DIRECTION('',(-1.,-0.,0.));
#8241 = DEFINITIONAL_REPRESENTATION('',(#8242),#8246);
#8242 = LINE('',#8243,#8244);
#8243 = CARTESIAN_POINT('',(1.570796326795,144.5));
#8244 = VECTOR('',#8245,1.);
#8245 = DIRECTION('',(-1.,0.));
#8246 = ( GEOMETRIC_REPRESENTATION_CONTEXT(2) 
PARAMETRIC_REPRESENTATION_CONTEXT() REPRESENTATION_CONTEXT('2D SPACE',''
  ) );
#8247 = ADVANCED_FACE('',(#8248),#3749,.T.);
#8248 = FACE_BOUND('',#8249,.T.);
#8249 = EDGE_LOOP('',(#8250,#8251,#8274,#8295));
#8250 = ORIENTED_EDGE('',*,*,#8111,.F.);
#8251 = ORIENTED_EDGE('',*,*,#8252,.F.);
#8252 = EDGE_CURVE('',#8253,#8079,#8255,.T.);
#8253 = VERTEX_POINT('',#8254);
#8254 = CARTESIAN_POINT('',(-370.,-77.,32.75));
#8255 = SURFACE_CURVE('',#8256,(#8260,#8267),.PCURVE_S1.);
#8256 = LINE('',#8257,#8258);
#8257 = CARTESIAN_POINT('',(-370.,-77.,32.75));
#8258 = VECTOR('',#8259,1.);
#8259 = DIRECTION('',(0.,0.,1.));
#8260 = PCURVE('',#3749,#8261);
#8261 = DEFINITIONAL_REPRESENTATION('',(#8262),#8266);
#8262 = LINE('',#8263,#8264);
#8263 = CARTESIAN_POINT('',(0.,-6.));
#8264 = VECTOR('',#8265,1.);
#8265 = DIRECTION('',(1.,0.));
#8266 = ( GEOMETRIC_REPRESENTATION_CONTEXT(2) 
PARAMETRIC_REPRESENTATION_CONTEXT() REPRESENTATION_CONTEXT('2D SPACE',''
  ) );
#8267 = PCURVE('',#8099,#8268);
#8268 = DEFINITIONAL_REPRESENTATION('',(#8269),#8273);
#8269 = LINE('',#8270,#8271);
#8270 = CARTESIAN_POINT('',(-0.,0.));
#8271 = VECTOR('',#8272,1.);
#8272 = DIRECTION('',(-0.,1.));
#8273 = ( GEOMETRIC_REPRESENTATION_CONTEXT(2) 
PARAMETRIC_REPRESENTATION_CONTEXT() REPRESENTATION_CONTEXT('2D SPACE',''
  ) );
#8274 = ORIENTED_EDGE('',*,*,#8275,.T.);
#8275 = EDGE_CURVE('',#8253,#3709,#8276,.T.);
#8276 = SURFACE_CURVE('',#8277,(#8281,#8288),.PCURVE_S1.);
#8277 = LINE('',#8278,#8279);
#8278 = CARTESIAN_POINT('',(-370.,-83.,32.75));
#8279 = VECTOR('',#8280,1.);
#8280 = DIRECTION('',(0.,1.,0.));
#8281 = PCURVE('',#3749,#8282);
#8282 = DEFINITIONAL_REPRESENTATION('',(#8283),#8287);
#8283 = LINE('',#8284,#8285);
#8284 = CARTESIAN_POINT('',(0.,0.));
#8285 = VECTOR('',#8286,1.);
#8286 = DIRECTION('',(0.,-1.));
#8287 = ( GEOMETRIC_REPRESENTATION_CONTEXT(2) 
PARAMETRIC_REPRESENTATION_CONTEXT() REPRESENTATION_CONTEXT('2D SPACE',''
  ) );
#8288 = PCURVE('',#3723,#8289);
#8289 = DEFINITIONAL_REPRESENTATION('',(#8290),#8294);
#8290 = LINE('',#8291,#8292);
#8291 = CARTESIAN_POINT('',(24.,0.));
#8292 = VECTOR('',#8293,1.);
#8293 = DIRECTION('',(0.,1.));
#8294 = ( GEOMETRIC_REPRESENTATION_CONTEXT(2) 
PARAMETRIC_REPRESENTATION_CONTEXT() REPRESENTATION_CONTEXT('2D SPACE',''
  ) );
#8295 = ORIENTED_EDGE('',*,*,#3734,.F.);
#8296 = ADVANCED_FACE('',(#8297),#3723,.F.);
#8297 = FACE_BOUND('',#8298,.F.);
#8298 = EDGE_LOOP('',(#8299,#8324,#8348,#8371,#8397,#8398,#8399,#8400,
    #8401,#8422,#8448,#8467,#8468,#8469,#8470,#8493,#8517,#8540));
#8299 = ORIENTED_EDGE('',*,*,#8300,.F.);
#8300 = EDGE_CURVE('',#8301,#8303,#8305,.T.);
#8301 = VERTEX_POINT('',#8302);
#8302 = CARTESIAN_POINT('',(-394.,-77.,32.75));
#8303 = VERTEX_POINT('',#8304);
#8304 = CARTESIAN_POINT('',(-394.,77.,32.75));
#8305 = SURFACE_CURVE('',#8306,(#8310,#8317),.PCURVE_S1.);
#8306 = LINE('',#8307,#8308);
#8307 = CARTESIAN_POINT('',(-394.,-83.,32.75));
#8308 = VECTOR('',#8309,1.);
#8309 = DIRECTION('',(0.,1.,0.));
#8310 = PCURVE('',#3723,#8311);
#8311 = DEFINITIONAL_REPRESENTATION('',(#8312),#8316);
#8312 = LINE('',#8313,#8314);
#8313 = CARTESIAN_POINT('',(0.,0.));
#8314 = VECTOR('',#8315,1.);
#8315 = DIRECTION('',(0.,1.));
#8316 = ( GEOMETRIC_REPRESENTATION_CONTEXT(2) 
PARAMETRIC_REPRESENTATION_CONTEXT() REPRESENTATION_CONTEXT('2D SPACE',''
  ) );
#8317 = PCURVE('',#8009,#8318);
#8318 = DEFINITIONAL_REPRESENTATION('',(#8319),#8323);
#8319 = LINE('',#8320,#8321);
#8320 = CARTESIAN_POINT('',(0.,0.));
#8321 = VECTOR('',#8322,1.);
#8322 = DIRECTION('',(0.,-1.));
#8323 = ( GEOMETRIC_REPRESENTATION_CONTEXT(2) 
PARAMETRIC_REPRESENTATION_CONTEXT() REPRESENTATION_CONTEXT('2D SPACE',''
  ) );
#8324 = ORIENTED_EDGE('',*,*,#8325,.T.);
#8325 = EDGE_CURVE('',#8301,#8326,#8328,.T.);
#8326 = VERTEX_POINT('',#8327);
#8327 = CARTESIAN_POINT('',(-388.,-83.,32.75));
#8328 = SURFACE_CURVE('',#8329,(#8334,#8341),.PCURVE_S1.);
#8329 = CIRCLE('',#8330,6.);
#8330 = AXIS2_PLACEMENT_3D('',#8331,#8332,#8333);
#8331 = CARTESIAN_POINT('',(-388.,-77.,32.75));
#8332 = DIRECTION('',(0.,0.,1.));
#8333 = DIRECTION('',(0.,-1.,0.));
#8334 = PCURVE('',#3723,#8335);
#8335 = DEFINITIONAL_REPRESENTATION('',(#8336),#8340);
#8336 = CIRCLE('',#8337,6.);
#8337 = AXIS2_PLACEMENT_2D('',#8338,#8339);
#8338 = CARTESIAN_POINT('',(6.,6.));
#8339 = DIRECTION('',(0.,-1.));
#8340 = ( GEOMETRIC_REPRESENTATION_CONTEXT(2) 
PARAMETRIC_REPRESENTATION_CONTEXT() REPRESENTATION_CONTEXT('2D SPACE',''
  ) );
#8341 = PCURVE('',#8038,#8342);
#8342 = DEFINITIONAL_REPRESENTATION('',(#8343),#8347);
#8343 = LINE('',#8344,#8345);
#8344 = CARTESIAN_POINT('',(-4.712388980385,0.));
#8345 = VECTOR('',#8346,1.);
#8346 = DIRECTION('',(1.,0.));
#8347 = ( GEOMETRIC_REPRESENTATION_CONTEXT(2) 
PARAMETRIC_REPRESENTATION_CONTEXT() REPRESENTATION_CONTEXT('2D SPACE',''
  ) );
#8348 = ORIENTED_EDGE('',*,*,#8349,.T.);
#8349 = EDGE_CURVE('',#8326,#8350,#8352,.T.);
#8350 = VERTEX_POINT('',#8351);
#8351 = CARTESIAN_POINT('',(-376.,-83.,32.75));
#8352 = SURFACE_CURVE('',#8353,(#8357,#8364),.PCURVE_S1.);
#8353 = LINE('',#8354,#8355);
#8354 = CARTESIAN_POINT('',(-394.,-83.,32.75));
#8355 = VECTOR('',#8356,1.);
#8356 = DIRECTION('',(1.,0.,0.));
#8357 = PCURVE('',#3723,#8358);
#8358 = DEFINITIONAL_REPRESENTATION('',(#8359),#8363);
#8359 = LINE('',#8360,#8361);
#8360 = CARTESIAN_POINT('',(0.,0.));
#8361 = VECTOR('',#8362,1.);
#8362 = DIRECTION('',(1.,0.));
#8363 = ( GEOMETRIC_REPRESENTATION_CONTEXT(2) 
PARAMETRIC_REPRESENTATION_CONTEXT() REPRESENTATION_CONTEXT('2D SPACE',''
  ) );
#8364 = PCURVE('',#8066,#8365);
#8365 = DEFINITIONAL_REPRESENTATION('',(#8366),#8370);
#8366 = LINE('',#8367,#8368);
#8367 = CARTESIAN_POINT('',(0.,0.));
#8368 = VECTOR('',#8369,1.);
#8369 = DIRECTION('',(0.,1.));
#8370 = ( GEOMETRIC_REPRESENTATION_CONTEXT(2) 
PARAMETRIC_REPRESENTATION_CONTEXT() REPRESENTATION_CONTEXT('2D SPACE',''
  ) );
#8371 = ORIENTED_EDGE('',*,*,#8372,.F.);
#8372 = EDGE_CURVE('',#8253,#8350,#8373,.T.);
#8373 = SURFACE_CURVE('',#8374,(#8379,#8390),.PCURVE_S1.);
#8374 = CIRCLE('',#8375,6.);
#8375 = AXIS2_PLACEMENT_3D('',#8376,#8377,#8378);
#8376 = CARTESIAN_POINT('',(-376.,-77.,32.75));
#8377 = DIRECTION('',(-0.,-0.,-1.));
#8378 = DIRECTION('',(0.,-1.,0.));
#8379 = PCURVE('',#3723,#8380);
#8380 = DEFINITIONAL_REPRESENTATION('',(#8381),#8389);
#8381 = ( BOUNDED_CURVE() B_SPLINE_CURVE(2,(#8382,#8383,#8384,#8385,
#8386,#8387,#8388),.UNSPECIFIED.,.T.,.F.) B_SPLINE_CURVE_WITH_KNOTS((1,2
    ,2,2,2,1),(-2.094395102393,0.,2.094395102393,4.188790204786,
6.28318530718,8.377580409573),.UNSPECIFIED.) CURVE() 
GEOMETRIC_REPRESENTATION_ITEM() RATIONAL_B_SPLINE_CURVE((1.,0.5,1.,0.5,
1.,0.5,1.)) REPRESENTATION_ITEM('') );
#8382 = CARTESIAN_POINT('',(18.,0.));
#8383 = CARTESIAN_POINT('',(7.607695154587,0.));
#8384 = CARTESIAN_POINT('',(12.803847577293,9.));
#8385 = CARTESIAN_POINT('',(18.,18.));
#8386 = CARTESIAN_POINT('',(23.196152422707,9.));
#8387 = CARTESIAN_POINT('',(28.392304845413,8.881784197001E-15));
#8388 = CARTESIAN_POINT('',(18.,0.));
#8389 = ( GEOMETRIC_REPRESENTATION_CONTEXT(2) 
PARAMETRIC_REPRESENTATION_CONTEXT() REPRESENTATION_CONTEXT('2D SPACE',''
  ) );
#8390 = PCURVE('',#8099,#8391);
#8391 = DEFINITIONAL_REPRESENTATION('',(#8392),#8396);
#8392 = LINE('',#8393,#8394);
#8393 = CARTESIAN_POINT('',(4.712388980385,-0.));
#8394 = VECTOR('',#8395,1.);
#8395 = DIRECTION('',(-1.,0.));
#8396 = ( GEOMETRIC_REPRESENTATION_CONTEXT(2) 
PARAMETRIC_REPRESENTATION_CONTEXT() REPRESENTATION_CONTEXT('2D SPACE',''
  ) );
#8397 = ORIENTED_EDGE('',*,*,#8275,.T.);
#8398 = ORIENTED_EDGE('',*,*,#3708,.F.);
#8399 = ORIENTED_EDGE('',*,*,#3983,.F.);
#8400 = ORIENTED_EDGE('',*,*,#3812,.F.);
#8401 = ORIENTED_EDGE('',*,*,#8402,.T.);
#8402 = EDGE_CURVE('',#3813,#8403,#8405,.T.);
#8403 = VERTEX_POINT('',#8404);
#8404 = CARTESIAN_POINT('',(-386.5,-52.25,32.75));
#8405 = SURFACE_CURVE('',#8406,(#8410,#8416),.PCURVE_S1.);
#8406 = LINE('',#8407,#8408);
#8407 = CARTESIAN_POINT('',(-393.75,-52.25,32.75));
#8408 = VECTOR('',#8409,1.);
#8409 = DIRECTION('',(1.,0.,0.));
#8410 = PCURVE('',#3723,#8411);
#8411 = DEFINITIONAL_REPRESENTATION('',(#8412),#8415);
#8412 = B_SPLINE_CURVE_WITH_KNOTS('',1,(#8413,#8414),.UNSPECIFIED.,.F.,
  .F.,(2,2),(3.75,7.25),.PIECEWISE_BEZIER_KNOTS.);
#8413 = CARTESIAN_POINT('',(4.,30.75));
#8414 = CARTESIAN_POINT('',(7.5,30.75));
#8415 = ( GEOMETRIC_REPRESENTATION_CONTEXT(2) 
PARAMETRIC_REPRESENTATION_CONTEXT() REPRESENTATION_CONTEXT('2D SPACE',''
  ) );
#8416 = PCURVE('',#3966,#8417);
#8417 = DEFINITIONAL_REPRESENTATION('',(#8418),#8421);
#8418 = B_SPLINE_CURVE_WITH_KNOTS('',1,(#8419,#8420),.UNSPECIFIED.,.F.,
  .F.,(2,2),(3.75,7.25),.PIECEWISE_BEZIER_KNOTS.);
#8419 = CARTESIAN_POINT('',(6.5,3.5));
#8420 = CARTESIAN_POINT('',(6.5,7.));
#8421 = ( GEOMETRIC_REPRESENTATION_CONTEXT(2) 
PARAMETRIC_REPRESENTATION_CONTEXT() REPRESENTATION_CONTEXT('2D SPACE',''
  ) );
#8422 = ORIENTED_EDGE('',*,*,#8423,.F.);
#8423 = EDGE_CURVE('',#8424,#8403,#8426,.T.);
#8424 = VERTEX_POINT('',#8425);
#8425 = CARTESIAN_POINT('',(-386.5,52.25,32.75));
#8426 = SURFACE_CURVE('',#8427,(#8431,#8437),.PCURVE_S1.);
#8427 = LINE('',#8428,#8429);
#8428 = CARTESIAN_POINT('',(-386.5,-67.625,32.75));
#8429 = VECTOR('',#8430,1.);
#8430 = DIRECTION('',(0.,-1.,0.));
#8431 = PCURVE('',#3723,#8432);
#8432 = DEFINITIONAL_REPRESENTATION('',(#8433),#8436);
#8433 = B_SPLINE_CURVE_WITH_KNOTS('',1,(#8434,#8435),.UNSPECIFIED.,.F.,
  .F.,(2,2),(-119.875,-15.375),.PIECEWISE_BEZIER_KNOTS.);
#8434 = CARTESIAN_POINT('',(7.5,135.25));
#8435 = CARTESIAN_POINT('',(7.5,30.75));
#8436 = ( GEOMETRIC_REPRESENTATION_CONTEXT(2) 
PARAMETRIC_REPRESENTATION_CONTEXT() REPRESENTATION_CONTEXT('2D SPACE',''
  ) );
#8437 = PCURVE('',#8438,#8443);
#8438 = PLANE('',#8439);
#8439 = AXIS2_PLACEMENT_3D('',#8440,#8441,#8442);
#8440 = CARTESIAN_POINT('',(-386.5,-52.25,26.25));
#8441 = DIRECTION('',(1.,0.,0.));
#8442 = DIRECTION('',(0.,0.,1.));
#8443 = DEFINITIONAL_REPRESENTATION('',(#8444),#8447);
#8444 = B_SPLINE_CURVE_WITH_KNOTS('',1,(#8445,#8446),.UNSPECIFIED.,.F.,
  .F.,(2,2),(-119.875,-15.375),.PIECEWISE_BEZIER_KNOTS.);
#8445 = CARTESIAN_POINT('',(6.5,-104.5));
#8446 = CARTESIAN_POINT('',(6.5,0.));
#8447 = ( GEOMETRIC_REPRESENTATION_CONTEXT(2) 
PARAMETRIC_REPRESENTATION_CONTEXT() REPRESENTATION_CONTEXT('2D SPACE',''
  ) );
#8448 = ORIENTED_EDGE('',*,*,#8449,.F.);
#8449 = EDGE_CURVE('',#3881,#8424,#8450,.T.);
#8450 = SURFACE_CURVE('',#8451,(#8455,#8461),.PCURVE_S1.);
#8451 = LINE('',#8452,#8453);
#8452 = CARTESIAN_POINT('',(-393.75,52.25,32.75));
#8453 = VECTOR('',#8454,1.);
#8454 = DIRECTION('',(1.,0.,0.));
#8455 = PCURVE('',#3723,#8456);
#8456 = DEFINITIONAL_REPRESENTATION('',(#8457),#8460);
#8457 = B_SPLINE_CURVE_WITH_KNOTS('',1,(#8458,#8459),.UNSPECIFIED.,.F.,
  .F.,(2,2),(3.75,7.25),.PIECEWISE_BEZIER_KNOTS.);
#8458 = CARTESIAN_POINT('',(4.,135.25));
#8459 = CARTESIAN_POINT('',(7.5,135.25));
#8460 = ( GEOMETRIC_REPRESENTATION_CONTEXT(2) 
PARAMETRIC_REPRESENTATION_CONTEXT() REPRESENTATION_CONTEXT('2D SPACE',''
  ) );
#8461 = PCURVE('',#3916,#8462);
#8462 = DEFINITIONAL_REPRESENTATION('',(#8463),#8466);
#8463 = B_SPLINE_CURVE_WITH_KNOTS('',1,(#8464,#8465),.UNSPECIFIED.,.F.,
  .F.,(2,2),(3.75,7.25),.PIECEWISE_BEZIER_KNOTS.);
#8464 = CARTESIAN_POINT('',(6.5,3.5));
#8465 = CARTESIAN_POINT('',(6.5,7.));
#8466 = ( GEOMETRIC_REPRESENTATION_CONTEXT(2) 
PARAMETRIC_REPRESENTATION_CONTEXT() REPRESENTATION_CONTEXT('2D SPACE',''
  ) );
#8467 = ORIENTED_EDGE('',*,*,#3880,.F.);
#8468 = ORIENTED_EDGE('',*,*,#4033,.F.);
#8469 = ORIENTED_EDGE('',*,*,#4060,.T.);
#8470 = ORIENTED_EDGE('',*,*,#8471,.T.);
#8471 = EDGE_CURVE('',#4061,#8472,#8474,.T.);
#8472 = VERTEX_POINT('',#8473);
#8473 = CARTESIAN_POINT('',(-370.,77.,32.75));
#8474 = SURFACE_CURVE('',#8475,(#8479,#8486),.PCURVE_S1.);
#8475 = LINE('',#8476,#8477);
#8476 = CARTESIAN_POINT('',(-370.,-83.,32.75));
#8477 = VECTOR('',#8478,1.);
#8478 = DIRECTION('',(0.,1.,0.));
#8479 = PCURVE('',#3723,#8480);
#8480 = DEFINITIONAL_REPRESENTATION('',(#8481),#8485);
#8481 = LINE('',#8482,#8483);
#8482 = CARTESIAN_POINT('',(24.,0.));
#8483 = VECTOR('',#8484,1.);
#8484 = DIRECTION('',(0.,1.));
#8485 = ( GEOMETRIC_REPRESENTATION_CONTEXT(2) 
PARAMETRIC_REPRESENTATION_CONTEXT() REPRESENTATION_CONTEXT('2D SPACE',''
  ) );
#8486 = PCURVE('',#4096,#8487);
#8487 = DEFINITIONAL_REPRESENTATION('',(#8488),#8492);
#8488 = LINE('',#8489,#8490);
#8489 = CARTESIAN_POINT('',(0.,0.));
#8490 = VECTOR('',#8491,1.);
#8491 = DIRECTION('',(0.,-1.));
#8492 = ( GEOMETRIC_REPRESENTATION_CONTEXT(2) 
PARAMETRIC_REPRESENTATION_CONTEXT() REPRESENTATION_CONTEXT('2D SPACE',''
  ) );
#8493 = ORIENTED_EDGE('',*,*,#8494,.T.);
#8494 = EDGE_CURVE('',#8472,#8495,#8497,.T.);
#8495 = VERTEX_POINT('',#8496);
#8496 = CARTESIAN_POINT('',(-376.,83.,32.75));
#8497 = SURFACE_CURVE('',#8498,(#8503,#8510),.PCURVE_S1.);
#8498 = CIRCLE('',#8499,6.);
#8499 = AXIS2_PLACEMENT_3D('',#8500,#8501,#8502);
#8500 = CARTESIAN_POINT('',(-376.,77.,32.75));
#8501 = DIRECTION('',(0.,0.,1.));
#8502 = DIRECTION('',(0.,-1.,0.));
#8503 = PCURVE('',#3723,#8504);
#8504 = DEFINITIONAL_REPRESENTATION('',(#8505),#8509);
#8505 = CIRCLE('',#8506,6.);
#8506 = AXIS2_PLACEMENT_2D('',#8507,#8508);
#8507 = CARTESIAN_POINT('',(18.,160.));
#8508 = DIRECTION('',(0.,-1.));
#8509 = ( GEOMETRIC_REPRESENTATION_CONTEXT(2) 
PARAMETRIC_REPRESENTATION_CONTEXT() REPRESENTATION_CONTEXT('2D SPACE',''
  ) );
#8510 = PCURVE('',#8177,#8511);
#8511 = DEFINITIONAL_REPRESENTATION('',(#8512),#8516);
#8512 = LINE('',#8513,#8514);
#8513 = CARTESIAN_POINT('',(-1.570796326795,0.));
#8514 = VECTOR('',#8515,1.);
#8515 = DIRECTION('',(1.,0.));
#8516 = ( GEOMETRIC_REPRESENTATION_CONTEXT(2) 
PARAMETRIC_REPRESENTATION_CONTEXT() REPRESENTATION_CONTEXT('2D SPACE',''
  ) );
#8517 = ORIENTED_EDGE('',*,*,#8518,.F.);
#8518 = EDGE_CURVE('',#8519,#8495,#8521,.T.);
#8519 = VERTEX_POINT('',#8520);
#8520 = CARTESIAN_POINT('',(-388.,83.,32.75));
#8521 = SURFACE_CURVE('',#8522,(#8526,#8533),.PCURVE_S1.);
#8522 = LINE('',#8523,#8524);
#8523 = CARTESIAN_POINT('',(-394.,83.,32.75));
#8524 = VECTOR('',#8525,1.);
#8525 = DIRECTION('',(1.,0.,0.));
#8526 = PCURVE('',#3723,#8527);
#8527 = DEFINITIONAL_REPRESENTATION('',(#8528),#8532);
#8528 = LINE('',#8529,#8530);
#8529 = CARTESIAN_POINT('',(0.,166.));
#8530 = VECTOR('',#8531,1.);
#8531 = DIRECTION('',(1.,0.));
#8532 = ( GEOMETRIC_REPRESENTATION_CONTEXT(2) 
PARAMETRIC_REPRESENTATION_CONTEXT() REPRESENTATION_CONTEXT('2D SPACE',''
  ) );
#8533 = PCURVE('',#8205,#8534);
#8534 = DEFINITIONAL_REPRESENTATION('',(#8535),#8539);
#8535 = LINE('',#8536,#8537);
#8536 = CARTESIAN_POINT('',(0.,0.));
#8537 = VECTOR('',#8538,1.);
#8538 = DIRECTION('',(0.,1.));
#8539 = ( GEOMETRIC_REPRESENTATION_CONTEXT(2) 
PARAMETRIC_REPRESENTATION_CONTEXT() REPRESENTATION_CONTEXT('2D SPACE',''
  ) );
#8540 = ORIENTED_EDGE('',*,*,#8541,.F.);
#8541 = EDGE_CURVE('',#8303,#8519,#8542,.T.);
#8542 = SURFACE_CURVE('',#8543,(#8548,#8559),.PCURVE_S1.);
#8543 = CIRCLE('',#8544,6.);
#8544 = AXIS2_PLACEMENT_3D('',#8545,#8546,#8547);
#8545 = CARTESIAN_POINT('',(-388.,77.,32.75));
#8546 = DIRECTION('',(-0.,-0.,-1.));
#8547 = DIRECTION('',(0.,-1.,0.));
#8548 = PCURVE('',#3723,#8549);
#8549 = DEFINITIONAL_REPRESENTATION('',(#8550),#8558);
#8550 = ( BOUNDED_CURVE() B_SPLINE_CURVE(2,(#8551,#8552,#8553,#8554,
#8555,#8556,#8557),.UNSPECIFIED.,.T.,.F.) B_SPLINE_CURVE_WITH_KNOTS((1,2
    ,2,2,2,1),(-2.094395102393,0.,2.094395102393,4.188790204786,
6.28318530718,8.377580409573),.UNSPECIFIED.) CURVE() 
GEOMETRIC_REPRESENTATION_ITEM() RATIONAL_B_SPLINE_CURVE((1.,0.5,1.,0.5,
1.,0.5,1.)) REPRESENTATION_ITEM('') );
#8551 = CARTESIAN_POINT('',(6.,154.));
#8552 = CARTESIAN_POINT('',(-4.392304845413,154.));
#8553 = CARTESIAN_POINT('',(0.803847577293,163.));
#8554 = CARTESIAN_POINT('',(6.,172.));
#8555 = CARTESIAN_POINT('',(11.196152422707,163.));
#8556 = CARTESIAN_POINT('',(16.392304845413,154.));
#8557 = CARTESIAN_POINT('',(6.,154.));
#8558 = ( GEOMETRIC_REPRESENTATION_CONTEXT(2) 
PARAMETRIC_REPRESENTATION_CONTEXT() REPRESENTATION_CONTEXT('2D SPACE',''
  ) );
#8559 = PCURVE('',#8236,#8560);
#8560 = DEFINITIONAL_REPRESENTATION('',(#8561),#8565);
#8561 = LINE('',#8562,#8563);
#8562 = CARTESIAN_POINT('',(1.570796326795,-0.));
#8563 = VECTOR('',#8564,1.);
#8564 = DIRECTION('',(-1.,0.));
#8565 = ( GEOMETRIC_REPRESENTATION_CONTEXT(2) 
PARAMETRIC_REPRESENTATION_CONTEXT() REPRESENTATION_CONTEXT('2D SPACE',''
  ) );
#8566 = ADVANCED_FACE('',(#8567),#3966,.T.);
#8567 = FACE_BOUND('',#8568,.T.);
#8568 = EDGE_LOOP('',(#8569,#8592,#8593,#8594));
#8569 = ORIENTED_EDGE('',*,*,#8570,.F.);
#8570 = EDGE_CURVE('',#3928,#8571,#8573,.T.);
#8571 = VERTEX_POINT('',#8572);
#8572 = CARTESIAN_POINT('',(-386.5,-52.25,26.25));
#8573 = SURFACE_CURVE('',#8574,(#8578,#8585),.PCURVE_S1.);
#8574 = LINE('',#8575,#8576);
#8575 = CARTESIAN_POINT('',(-393.5,-52.25,26.25));
#8576 = VECTOR('',#8577,1.);
#8577 = DIRECTION('',(1.,0.,0.));
#8578 = PCURVE('',#3966,#8579);
#8579 = DEFINITIONAL_REPRESENTATION('',(#8580),#8584);
#8580 = LINE('',#8581,#8582);
#8581 = CARTESIAN_POINT('',(0.,0.));
#8582 = VECTOR('',#8583,1.);
#8583 = DIRECTION('',(0.,1.));
#8584 = ( GEOMETRIC_REPRESENTATION_CONTEXT(2) 
PARAMETRIC_REPRESENTATION_CONTEXT() REPRESENTATION_CONTEXT('2D SPACE',''
  ) );
#8585 = PCURVE('',#3942,#8586);
#8586 = DEFINITIONAL_REPRESENTATION('',(#8587),#8591);
#8587 = LINE('',#8588,#8589);
#8588 = CARTESIAN_POINT('',(0.,0.));
#8589 = VECTOR('',#8590,1.);
#8590 = DIRECTION('',(1.,0.));
#8591 = ( GEOMETRIC_REPRESENTATION_CONTEXT(2) 
PARAMETRIC_REPRESENTATION_CONTEXT() REPRESENTATION_CONTEXT('2D SPACE',''
  ) );
#8592 = ORIENTED_EDGE('',*,*,#3953,.T.);
#8593 = ORIENTED_EDGE('',*,*,#8402,.T.);
#8594 = ORIENTED_EDGE('',*,*,#8595,.F.);
#8595 = EDGE_CURVE('',#8571,#8403,#8596,.T.);
#8596 = SURFACE_CURVE('',#8597,(#8601,#8608),.PCURVE_S1.);
#8597 = LINE('',#8598,#8599);
#8598 = CARTESIAN_POINT('',(-386.5,-52.25,26.25));
#8599 = VECTOR('',#8600,1.);
#8600 = DIRECTION('',(0.,0.,1.));
#8601 = PCURVE('',#3966,#8602);
#8602 = DEFINITIONAL_REPRESENTATION('',(#8603),#8607);
#8603 = LINE('',#8604,#8605);
#8604 = CARTESIAN_POINT('',(0.,7.));
#8605 = VECTOR('',#8606,1.);
#8606 = DIRECTION('',(1.,0.));
#8607 = ( GEOMETRIC_REPRESENTATION_CONTEXT(2) 
PARAMETRIC_REPRESENTATION_CONTEXT() REPRESENTATION_CONTEXT('2D SPACE',''
  ) );
#8608 = PCURVE('',#8438,#8609);
#8609 = DEFINITIONAL_REPRESENTATION('',(#8610),#8614);
#8610 = LINE('',#8611,#8612);
#8611 = CARTESIAN_POINT('',(0.,0.));
#8612 = VECTOR('',#8613,1.);
#8613 = DIRECTION('',(1.,0.));
#8614 = ( GEOMETRIC_REPRESENTATION_CONTEXT(2) 
PARAMETRIC_REPRESENTATION_CONTEXT() REPRESENTATION_CONTEXT('2D SPACE',''
  ) );
#8615 = ADVANCED_FACE('',(#8616),#3942,.T.);
#8616 = FACE_BOUND('',#8617,.T.);
#8617 = EDGE_LOOP('',(#8618,#8641,#8642,#8643));
#8618 = ORIENTED_EDGE('',*,*,#8619,.F.);
#8619 = EDGE_CURVE('',#3902,#8620,#8622,.T.);
#8620 = VERTEX_POINT('',#8621);
#8621 = CARTESIAN_POINT('',(-386.5,52.25,26.25));
#8622 = SURFACE_CURVE('',#8623,(#8627,#8634),.PCURVE_S1.);
#8623 = LINE('',#8624,#8625);
#8624 = CARTESIAN_POINT('',(-393.5,52.25,26.25));
#8625 = VECTOR('',#8626,1.);
#8626 = DIRECTION('',(1.,0.,0.));
#8627 = PCURVE('',#3942,#8628);
#8628 = DEFINITIONAL_REPRESENTATION('',(#8629),#8633);
#8629 = LINE('',#8630,#8631);
#8630 = CARTESIAN_POINT('',(0.,104.5));
#8631 = VECTOR('',#8632,1.);
#8632 = DIRECTION('',(1.,0.));
#8633 = ( GEOMETRIC_REPRESENTATION_CONTEXT(2) 
PARAMETRIC_REPRESENTATION_CONTEXT() REPRESENTATION_CONTEXT('2D SPACE',''
  ) );
#8634 = PCURVE('',#3916,#8635);
#8635 = DEFINITIONAL_REPRESENTATION('',(#8636),#8640);
#8636 = LINE('',#8637,#8638);
#8637 = CARTESIAN_POINT('',(0.,0.));
#8638 = VECTOR('',#8639,1.);
#8639 = DIRECTION('',(0.,1.));
#8640 = ( GEOMETRIC_REPRESENTATION_CONTEXT(2) 
PARAMETRIC_REPRESENTATION_CONTEXT() REPRESENTATION_CONTEXT('2D SPACE',''
  ) );
#8641 = ORIENTED_EDGE('',*,*,#3927,.T.);
#8642 = ORIENTED_EDGE('',*,*,#8570,.T.);
#8643 = ORIENTED_EDGE('',*,*,#8644,.T.);
#8644 = EDGE_CURVE('',#8571,#8620,#8645,.T.);
#8645 = SURFACE_CURVE('',#8646,(#8650,#8657),.PCURVE_S1.);
#8646 = LINE('',#8647,#8648);
#8647 = CARTESIAN_POINT('',(-386.5,-52.25,26.25));
#8648 = VECTOR('',#8649,1.);
#8649 = DIRECTION('',(0.,1.,0.));
#8650 = PCURVE('',#3942,#8651);
#8651 = DEFINITIONAL_REPRESENTATION('',(#8652),#8656);
#8652 = LINE('',#8653,#8654);
#8653 = CARTESIAN_POINT('',(7.,0.));
#8654 = VECTOR('',#8655,1.);
#8655 = DIRECTION('',(0.,1.));
#8656 = ( GEOMETRIC_REPRESENTATION_CONTEXT(2) 
PARAMETRIC_REPRESENTATION_CONTEXT() REPRESENTATION_CONTEXT('2D SPACE',''
  ) );
#8657 = PCURVE('',#8438,#8658);
#8658 = DEFINITIONAL_REPRESENTATION('',(#8659),#8663);
#8659 = LINE('',#8660,#8661);
#8660 = CARTESIAN_POINT('',(0.,0.));
#8661 = VECTOR('',#8662,1.);
#8662 = DIRECTION('',(0.,-1.));
#8663 = ( GEOMETRIC_REPRESENTATION_CONTEXT(2) 
PARAMETRIC_REPRESENTATION_CONTEXT() REPRESENTATION_CONTEXT('2D SPACE',''
  ) );
#8664 = ADVANCED_FACE('',(#8665),#3916,.F.);
#8665 = FACE_BOUND('',#8666,.F.);
#8666 = EDGE_LOOP('',(#8667,#8668,#8669,#8670));
#8667 = ORIENTED_EDGE('',*,*,#8619,.F.);
#8668 = ORIENTED_EDGE('',*,*,#3901,.T.);
#8669 = ORIENTED_EDGE('',*,*,#8449,.T.);
#8670 = ORIENTED_EDGE('',*,*,#8671,.F.);
#8671 = EDGE_CURVE('',#8620,#8424,#8672,.T.);
#8672 = SURFACE_CURVE('',#8673,(#8677,#8684),.PCURVE_S1.);
#8673 = LINE('',#8674,#8675);
#8674 = CARTESIAN_POINT('',(-386.5,52.25,26.25));
#8675 = VECTOR('',#8676,1.);
#8676 = DIRECTION('',(0.,0.,1.));
#8677 = PCURVE('',#3916,#8678);
#8678 = DEFINITIONAL_REPRESENTATION('',(#8679),#8683);
#8679 = LINE('',#8680,#8681);
#8680 = CARTESIAN_POINT('',(0.,7.));
#8681 = VECTOR('',#8682,1.);
#8682 = DIRECTION('',(1.,0.));
#8683 = ( GEOMETRIC_REPRESENTATION_CONTEXT(2) 
PARAMETRIC_REPRESENTATION_CONTEXT() REPRESENTATION_CONTEXT('2D SPACE',''
  ) );
#8684 = PCURVE('',#8438,#8685);
#8685 = DEFINITIONAL_REPRESENTATION('',(#8686),#8690);
#8686 = LINE('',#8687,#8688);
#8687 = CARTESIAN_POINT('',(0.,-104.5));
#8688 = VECTOR('',#8689,1.);
#8689 = DIRECTION('',(1.,0.));
#8690 = ( GEOMETRIC_REPRESENTATION_CONTEXT(2) 
PARAMETRIC_REPRESENTATION_CONTEXT() REPRESENTATION_CONTEXT('2D SPACE',''
  ) );
#8691 = ADVANCED_FACE('',(#8692),#4096,.T.);
#8692 = FACE_BOUND('',#8693,.T.);
#8693 = EDGE_LOOP('',(#8694,#8695,#8696,#8697));
#8694 = ORIENTED_EDGE('',*,*,#8137,.F.);
#8695 = ORIENTED_EDGE('',*,*,#4081,.T.);
#8696 = ORIENTED_EDGE('',*,*,#8471,.T.);
#8697 = ORIENTED_EDGE('',*,*,#8698,.T.);
#8698 = EDGE_CURVE('',#8472,#8138,#8699,.T.);
#8699 = SURFACE_CURVE('',#8700,(#8704,#8711),.PCURVE_S1.);
#8700 = LINE('',#8701,#8702);
#8701 = CARTESIAN_POINT('',(-370.,77.,32.75));
#8702 = VECTOR('',#8703,1.);
#8703 = DIRECTION('',(0.,0.,1.));
#8704 = PCURVE('',#4096,#8705);
#8705 = DEFINITIONAL_REPRESENTATION('',(#8706),#8710);
#8706 = LINE('',#8707,#8708);
#8707 = CARTESIAN_POINT('',(0.,-160.));
#8708 = VECTOR('',#8709,1.);
#8709 = DIRECTION('',(1.,0.));
#8710 = ( GEOMETRIC_REPRESENTATION_CONTEXT(2) 
PARAMETRIC_REPRESENTATION_CONTEXT() REPRESENTATION_CONTEXT('2D SPACE',''
  ) );
#8711 = PCURVE('',#8177,#8712);
#8712 = DEFINITIONAL_REPRESENTATION('',(#8713),#8717);
#8713 = LINE('',#8714,#8715);
#8714 = CARTESIAN_POINT('',(0.,0.));
#8715 = VECTOR('',#8716,1.);
#8716 = DIRECTION('',(0.,1.));
#8717 = ( GEOMETRIC_REPRESENTATION_CONTEXT(2) 
PARAMETRIC_REPRESENTATION_CONTEXT() REPRESENTATION_CONTEXT('2D SPACE',''
  ) );
#8718 = ADVANCED_FACE('',(#8719),#4318,.T.);
#8719 = FACE_BOUND('',#8720,.T.);
#8720 = EDGE_LOOP('',(#8721,#8722,#8723,#8724));
#8721 = ORIENTED_EDGE('',*,*,#4454,.F.);
#8722 = ORIENTED_EDGE('',*,*,#4302,.T.);
#8723 = ORIENTED_EDGE('',*,*,#4356,.T.);
#8724 = ORIENTED_EDGE('',*,*,#4405,.F.);
#8725 = ADVANCED_FACE('',(#8726,#8801),#4540,.T.);
#8726 = FACE_BOUND('',#8727,.T.);
#8727 = EDGE_LOOP('',(#8728,#8758,#8779,#8780));
#8728 = ORIENTED_EDGE('',*,*,#8729,.F.);
#8729 = EDGE_CURVE('',#8730,#8732,#8734,.T.);
#8730 = VERTEX_POINT('',#8731);
#8731 = CARTESIAN_POINT('',(-182.,-137.,3.));
#8732 = VERTEX_POINT('',#8733);
#8733 = CARTESIAN_POINT('',(182.,-137.,3.));
#8734 = SURFACE_CURVE('',#8735,(#8739,#8746),.PCURVE_S1.);
#8735 = LINE('',#8736,#8737);
#8736 = CARTESIAN_POINT('',(-187.,-137.,3.));
#8737 = VECTOR('',#8738,1.);
#8738 = DIRECTION('',(1.,0.,0.));
#8739 = PCURVE('',#4540,#8740);
#8740 = DEFINITIONAL_REPRESENTATION('',(#8741),#8745);
#8741 = LINE('',#8742,#8743);
#8742 = CARTESIAN_POINT('',(0.,0.));
#8743 = VECTOR('',#8744,1.);
#8744 = DIRECTION('',(0.,1.));
#8745 = ( GEOMETRIC_REPRESENTATION_CONTEXT(2) 
PARAMETRIC_REPRESENTATION_CONTEXT() REPRESENTATION_CONTEXT('2D SPACE',''
  ) );
#8746 = PCURVE('',#8747,#8752);
#8747 = PLANE('',#8748);
#8748 = AXIS2_PLACEMENT_3D('',#8749,#8750,#8751);
#8749 = CARTESIAN_POINT('',(-187.,-137.,3.));
#8750 = DIRECTION('',(0.,0.,1.));
#8751 = DIRECTION('',(1.,0.,0.));
#8752 = DEFINITIONAL_REPRESENTATION('',(#8753),#8757);
#8753 = LINE('',#8754,#8755);
#8754 = CARTESIAN_POINT('',(0.,0.));
#8755 = VECTOR('',#8756,1.);
#8756 = DIRECTION('',(1.,0.));
#8757 = ( GEOMETRIC_REPRESENTATION_CONTEXT(2) 
PARAMETRIC_REPRESENTATION_CONTEXT() REPRESENTATION_CONTEXT('2D SPACE',''
  ) );
#8758 = ORIENTED_EDGE('',*,*,#8759,.T.);
#8759 = EDGE_CURVE('',#8730,#7651,#8760,.T.);
#8760 = SURFACE_CURVE('',#8761,(#8765,#8772),.PCURVE_S1.);
#8761 = LINE('',#8762,#8763);
#8762 = CARTESIAN_POINT('',(-182.,-137.,3.));
#8763 = VECTOR('',#8764,1.);
#8764 = DIRECTION('',(0.,0.,1.));
#8765 = PCURVE('',#4540,#8766);
#8766 = DEFINITIONAL_REPRESENTATION('',(#8767),#8771);
#8767 = LINE('',#8768,#8769);
#8768 = CARTESIAN_POINT('',(0.,5.));
#8769 = VECTOR('',#8770,1.);
#8770 = DIRECTION('',(1.,0.));
#8771 = ( GEOMETRIC_REPRESENTATION_CONTEXT(2) 
PARAMETRIC_REPRESENTATION_CONTEXT() REPRESENTATION_CONTEXT('2D SPACE',''
  ) );
#8772 = PCURVE('',#7667,#8773);
#8773 = DEFINITIONAL_REPRESENTATION('',(#8774),#8778);
#8774 = LINE('',#8775,#8776);
#8775 = CARTESIAN_POINT('',(1.570796326795,0.));
#8776 = VECTOR('',#8777,1.);
#8777 = DIRECTION('',(0.,1.));
#8778 = ( GEOMETRIC_REPRESENTATION_CONTEXT(2) 
PARAMETRIC_REPRESENTATION_CONTEXT() REPRESENTATION_CONTEXT('2D SPACE',''
  ) );
#8779 = ORIENTED_EDGE('',*,*,#7679,.T.);
#8780 = ORIENTED_EDGE('',*,*,#8781,.F.);
#8781 = EDGE_CURVE('',#8732,#7680,#8782,.T.);
#8782 = SURFACE_CURVE('',#8783,(#8787,#8794),.PCURVE_S1.);
#8783 = LINE('',#8784,#8785);
#8784 = CARTESIAN_POINT('',(182.,-137.,3.));
#8785 = VECTOR('',#8786,1.);
#8786 = DIRECTION('',(0.,0.,1.));
#8787 = PCURVE('',#4540,#8788);
#8788 = DEFINITIONAL_REPRESENTATION('',(#8789),#8793);
#8789 = LINE('',#8790,#8791);
#8790 = CARTESIAN_POINT('',(0.,369.));
#8791 = VECTOR('',#8792,1.);
#8792 = DIRECTION('',(1.,0.));
#8793 = ( GEOMETRIC_REPRESENTATION_CONTEXT(2) 
PARAMETRIC_REPRESENTATION_CONTEXT() REPRESENTATION_CONTEXT('2D SPACE',''
  ) );
#8794 = PCURVE('',#7723,#8795);
#8795 = DEFINITIONAL_REPRESENTATION('',(#8796),#8800);
#8796 = LINE('',#8797,#8798);
#8797 = CARTESIAN_POINT('',(-1.570796326795,0.));
#8798 = VECTOR('',#8799,1.);
#8799 = DIRECTION('',(-0.,1.));
#8800 = ( GEOMETRIC_REPRESENTATION_CONTEXT(2) 
PARAMETRIC_REPRESENTATION_CONTEXT() REPRESENTATION_CONTEXT('2D SPACE',''
  ) );
#8801 = FACE_BOUND('',#8802,.T.);
#8802 = EDGE_LOOP('',(#8803,#8804,#8805,#8806));
#8803 = ORIENTED_EDGE('',*,*,#4527,.F.);
#8804 = ORIENTED_EDGE('',*,*,#4651,.T.);
#8805 = ORIENTED_EDGE('',*,*,#4626,.T.);
#8806 = ORIENTED_EDGE('',*,*,#4579,.F.);
#8807 = ADVANCED_FACE('',(#8808),#4690,.T.);
#8808 = FACE_BOUND('',#8809,.F.);
#8809 = EDGE_LOOP('',(#8810,#8811,#8812,#8833));
#8810 = ORIENTED_EDGE('',*,*,#5238,.F.);
#8811 = ORIENTED_EDGE('',*,*,#4944,.T.);
#8812 = ORIENTED_EDGE('',*,*,#8813,.T.);
#8813 = EDGE_CURVE('',#4922,#4674,#8814,.T.);
#8814 = SURFACE_CURVE('',#8815,(#8819,#8826),.PCURVE_S1.);
#8815 = LINE('',#8816,#8817);
#8816 = CARTESIAN_POINT('',(121.5,137.,91.));
#8817 = VECTOR('',#8818,1.);
#8818 = DIRECTION('',(0.,0.,1.));
#8819 = PCURVE('',#4690,#8820);
#8820 = DEFINITIONAL_REPRESENTATION('',(#8821),#8825);
#8821 = LINE('',#8822,#8823);
#8822 = CARTESIAN_POINT('',(-1.570796326795,0.));
#8823 = VECTOR('',#8824,1.);
#8824 = DIRECTION('',(-0.,1.));
#8825 = ( GEOMETRIC_REPRESENTATION_CONTEXT(2) 
PARAMETRIC_REPRESENTATION_CONTEXT() REPRESENTATION_CONTEXT('2D SPACE',''
  ) );
#8826 = PCURVE('',#4717,#8827);
#8827 = DEFINITIONAL_REPRESENTATION('',(#8828),#8832);
#8828 = LINE('',#8829,#8830);
#8829 = CARTESIAN_POINT('',(88.,308.5));
#8830 = VECTOR('',#8831,1.);
#8831 = DIRECTION('',(1.,0.));
#8832 = ( GEOMETRIC_REPRESENTATION_CONTEXT(2) 
PARAMETRIC_REPRESENTATION_CONTEXT() REPRESENTATION_CONTEXT('2D SPACE',''
  ) );
#8833 = ORIENTED_EDGE('',*,*,#4673,.T.);
#8834 = ADVANCED_FACE('',(#8835,#8905),#4717,.F.);
#8835 = FACE_BOUND('',#8836,.F.);
#8836 = EDGE_LOOP('',(#8837,#8862,#8883,#8884));
#8837 = ORIENTED_EDGE('',*,*,#8838,.F.);
#8838 = EDGE_CURVE('',#8839,#8841,#8843,.T.);
#8839 = VERTEX_POINT('',#8840);
#8840 = CARTESIAN_POINT('',(-182.,137.,3.));
#8841 = VERTEX_POINT('',#8842);
#8842 = CARTESIAN_POINT('',(182.,137.,3.));
#8843 = SURFACE_CURVE('',#8844,(#8848,#8855),.PCURVE_S1.);
#8844 = LINE('',#8845,#8846);
#8845 = CARTESIAN_POINT('',(-187.,137.,3.));
#8846 = VECTOR('',#8847,1.);
#8847 = DIRECTION('',(1.,0.,0.));
#8848 = PCURVE('',#4717,#8849);
#8849 = DEFINITIONAL_REPRESENTATION('',(#8850),#8854);
#8850 = LINE('',#8851,#8852);
#8851 = CARTESIAN_POINT('',(0.,0.));
#8852 = VECTOR('',#8853,1.);
#8853 = DIRECTION('',(0.,1.));
#8854 = ( GEOMETRIC_REPRESENTATION_CONTEXT(2) 
PARAMETRIC_REPRESENTATION_CONTEXT() REPRESENTATION_CONTEXT('2D SPACE',''
  ) );
#8855 = PCURVE('',#8747,#8856);
#8856 = DEFINITIONAL_REPRESENTATION('',(#8857),#8861);
#8857 = LINE('',#8858,#8859);
#8858 = CARTESIAN_POINT('',(0.,274.));
#8859 = VECTOR('',#8860,1.);
#8860 = DIRECTION('',(1.,0.));
#8861 = ( GEOMETRIC_REPRESENTATION_CONTEXT(2) 
PARAMETRIC_REPRESENTATION_CONTEXT() REPRESENTATION_CONTEXT('2D SPACE',''
  ) );
#8862 = ORIENTED_EDGE('',*,*,#8863,.T.);
#8863 = EDGE_CURVE('',#8839,#7793,#8864,.T.);
#8864 = SURFACE_CURVE('',#8865,(#8869,#8876),.PCURVE_S1.);
#8865 = LINE('',#8866,#8867);
#8866 = CARTESIAN_POINT('',(-182.,137.,3.));
#8867 = VECTOR('',#8868,1.);
#8868 = DIRECTION('',(0.,0.,1.));
#8869 = PCURVE('',#4717,#8870);
#8870 = DEFINITIONAL_REPRESENTATION('',(#8871),#8875);
#8871 = LINE('',#8872,#8873);
#8872 = CARTESIAN_POINT('',(0.,5.));
#8873 = VECTOR('',#8874,1.);
#8874 = DIRECTION('',(1.,0.));
#8875 = ( GEOMETRIC_REPRESENTATION_CONTEXT(2) 
PARAMETRIC_REPRESENTATION_CONTEXT() REPRESENTATION_CONTEXT('2D SPACE',''
  ) );
#8876 = PCURVE('',#7834,#8877);
#8877 = DEFINITIONAL_REPRESENTATION('',(#8878),#8882);
#8878 = LINE('',#8879,#8880);
#8879 = CARTESIAN_POINT('',(-1.570796326795,0.));
#8880 = VECTOR('',#8881,1.);
#8881 = DIRECTION('',(-0.,1.));
#8882 = ( GEOMETRIC_REPRESENTATION_CONTEXT(2) 
PARAMETRIC_REPRESENTATION_CONTEXT() REPRESENTATION_CONTEXT('2D SPACE',''
  ) );
#8883 = ORIENTED_EDGE('',*,*,#7792,.T.);
#8884 = ORIENTED_EDGE('',*,*,#8885,.F.);
#8885 = EDGE_CURVE('',#8841,#7764,#8886,.T.);
#8886 = SURFACE_CURVE('',#8887,(#8891,#8898),.PCURVE_S1.);
#8887 = LINE('',#8888,#8889);
#8888 = CARTESIAN_POINT('',(182.,137.,3.));
#8889 = VECTOR('',#8890,1.);
#8890 = DIRECTION('',(0.,0.,1.));
#8891 = PCURVE('',#4717,#8892);
#8892 = DEFINITIONAL_REPRESENTATION('',(#8893),#8897);
#8893 = LINE('',#8894,#8895);
#8894 = CARTESIAN_POINT('',(0.,369.));
#8895 = VECTOR('',#8896,1.);
#8896 = DIRECTION('',(1.,0.));
#8897 = ( GEOMETRIC_REPRESENTATION_CONTEXT(2) 
PARAMETRIC_REPRESENTATION_CONTEXT() REPRESENTATION_CONTEXT('2D SPACE',''
  ) );
#8898 = PCURVE('',#7780,#8899);
#8899 = DEFINITIONAL_REPRESENTATION('',(#8900),#8904);
#8900 = LINE('',#8901,#8902);
#8901 = CARTESIAN_POINT('',(1.570796326795,0.));
#8902 = VECTOR('',#8903,1.);
#8903 = DIRECTION('',(0.,1.));
#8904 = ( GEOMETRIC_REPRESENTATION_CONTEXT(2) 
PARAMETRIC_REPRESENTATION_CONTEXT() REPRESENTATION_CONTEXT('2D SPACE',''
  ) );
#8905 = FACE_BOUND('',#8906,.F.);
#8906 = EDGE_LOOP('',(#8907,#8908,#8909,#8910,#8911,#8912));
#8907 = ORIENTED_EDGE('',*,*,#4702,.F.);
#8908 = ORIENTED_EDGE('',*,*,#8813,.F.);
#8909 = ORIENTED_EDGE('',*,*,#4921,.F.);
#8910 = ORIENTED_EDGE('',*,*,#4871,.T.);
#8911 = ORIENTED_EDGE('',*,*,#4825,.T.);
#8912 = ORIENTED_EDGE('',*,*,#4755,.F.);
#8913 = ADVANCED_FACE('',(#8914),#5071,.T.);
#8914 = FACE_BOUND('',#8915,.F.);
#8915 = EDGE_LOOP('',(#8916,#8917,#8938,#8939));
#8916 = ORIENTED_EDGE('',*,*,#5052,.T.);
#8917 = ORIENTED_EDGE('',*,*,#8918,.T.);
#8918 = EDGE_CURVE('',#5025,#5185,#8919,.T.);
#8919 = SURFACE_CURVE('',#8920,(#8924,#8931),.PCURVE_S1.);
#8920 = LINE('',#8921,#8922);
#8921 = CARTESIAN_POINT('',(-81.5,155.,91.));
#8922 = VECTOR('',#8923,1.);
#8923 = DIRECTION('',(0.,0.,1.));
#8924 = PCURVE('',#5071,#8925);
#8925 = DEFINITIONAL_REPRESENTATION('',(#8926),#8930);
#8926 = LINE('',#8927,#8928);
#8927 = CARTESIAN_POINT('',(-1.570796326795,0.));
#8928 = VECTOR('',#8929,1.);
#8929 = DIRECTION('',(-0.,1.));
#8930 = ( GEOMETRIC_REPRESENTATION_CONTEXT(2) 
PARAMETRIC_REPRESENTATION_CONTEXT() REPRESENTATION_CONTEXT('2D SPACE',''
  ) );
#8931 = PCURVE('',#5040,#8932);
#8932 = DEFINITIONAL_REPRESENTATION('',(#8933),#8937);
#8933 = LINE('',#8934,#8935);
#8934 = CARTESIAN_POINT('',(0.,3.));
#8935 = VECTOR('',#8936,1.);
#8936 = DIRECTION('',(1.,0.));
#8937 = ( GEOMETRIC_REPRESENTATION_CONTEXT(2) 
PARAMETRIC_REPRESENTATION_CONTEXT() REPRESENTATION_CONTEXT('2D SPACE',''
  ) );
#8938 = ORIENTED_EDGE('',*,*,#5207,.F.);
#8939 = ORIENTED_EDGE('',*,*,#5111,.F.);
#8940 = ADVANCED_FACE('',(#8941),#5040,.T.);
#8941 = FACE_BOUND('',#8942,.T.);
#8942 = EDGE_LOOP('',(#8943,#8944,#8945,#8946));
#8943 = ORIENTED_EDGE('',*,*,#5024,.F.);
#8944 = ORIENTED_EDGE('',*,*,#8918,.T.);
#8945 = ORIENTED_EDGE('',*,*,#5184,.T.);
#8946 = ORIENTED_EDGE('',*,*,#8947,.F.);
#8947 = EDGE_CURVE('',#4996,#5161,#8948,.T.);
#8948 = SURFACE_CURVE('',#8949,(#8953,#8960),.PCURVE_S1.);
#8949 = LINE('',#8950,#8951);
#8950 = CARTESIAN_POINT('',(121.5,155.,91.));
#8951 = VECTOR('',#8952,1.);
#8952 = DIRECTION('',(0.,0.,1.));
#8953 = PCURVE('',#5040,#8954);
#8954 = DEFINITIONAL_REPRESENTATION('',(#8955),#8959);
#8955 = LINE('',#8956,#8957);
#8956 = CARTESIAN_POINT('',(0.,206.));
#8957 = VECTOR('',#8958,1.);
#8958 = DIRECTION('',(1.,0.));
#8959 = ( GEOMETRIC_REPRESENTATION_CONTEXT(2) 
PARAMETRIC_REPRESENTATION_CONTEXT() REPRESENTATION_CONTEXT('2D SPACE',''
  ) );
#8960 = PCURVE('',#5012,#8961);
#8961 = DEFINITIONAL_REPRESENTATION('',(#8962),#8966);
#8962 = LINE('',#8963,#8964);
#8963 = CARTESIAN_POINT('',(1.570796326795,0.));
#8964 = VECTOR('',#8965,1.);
#8965 = DIRECTION('',(0.,1.));
#8966 = ( GEOMETRIC_REPRESENTATION_CONTEXT(2) 
PARAMETRIC_REPRESENTATION_CONTEXT() REPRESENTATION_CONTEXT('2D SPACE',''
  ) );
#8967 = ADVANCED_FACE('',(#8968),#5012,.T.);
#8968 = FACE_BOUND('',#8969,.T.);
#8969 = EDGE_LOOP('',(#8970,#8971,#8972,#8973));
#8970 = ORIENTED_EDGE('',*,*,#4995,.T.);
#8971 = ORIENTED_EDGE('',*,*,#8947,.T.);
#8972 = ORIENTED_EDGE('',*,*,#5160,.F.);
#8973 = ORIENTED_EDGE('',*,*,#5260,.F.);
#8974 = ADVANCED_FACE('',(#8975),#5428,.T.);
#8975 = FACE_BOUND('',#8976,.T.);
#8976 = EDGE_LOOP('',(#8977,#8998,#8999,#9020,#9021,#9042,#9043,#9044));
#8977 = ORIENTED_EDGE('',*,*,#8978,.F.);
#8978 = EDGE_CURVE('',#5869,#6414,#8979,.T.);
#8979 = SURFACE_CURVE('',#8980,(#8984,#8991),.PCURVE_S1.);
#8980 = LINE('',#8981,#8982);
#8981 = CARTESIAN_POINT('',(610.,51.,104.));
#8982 = VECTOR('',#8983,1.);
#8983 = DIRECTION('',(0.,0.,1.));
#8984 = PCURVE('',#5428,#8985);
#8985 = DEFINITIONAL_REPRESENTATION('',(#8986),#8990);
#8986 = LINE('',#8987,#8988);
#8987 = CARTESIAN_POINT('',(0.,0.));
#8988 = VECTOR('',#8989,1.);
#8989 = DIRECTION('',(0.,1.));
#8990 = ( GEOMETRIC_REPRESENTATION_CONTEXT(2) 
PARAMETRIC_REPRESENTATION_CONTEXT() REPRESENTATION_CONTEXT('2D SPACE',''
  ) );
#8991 = PCURVE('',#5884,#8992);
#8992 = DEFINITIONAL_REPRESENTATION('',(#8993),#8997);
#8993 = LINE('',#8994,#8995);
#8994 = CARTESIAN_POINT('',(0.,-106.));
#8995 = VECTOR('',#8996,1.);
#8996 = DIRECTION('',(1.,0.));
#8997 = ( GEOMETRIC_REPRESENTATION_CONTEXT(2) 
PARAMETRIC_REPRESENTATION_CONTEXT() REPRESENTATION_CONTEXT('2D SPACE',''
  ) );
#8998 = ORIENTED_EDGE('',*,*,#5896,.T.);
#8999 = ORIENTED_EDGE('',*,*,#9000,.T.);
#9000 = EDGE_CURVE('',#5897,#7113,#9001,.T.);
#9001 = SURFACE_CURVE('',#9002,(#9006,#9013),.PCURVE_S1.);
#9002 = LINE('',#9003,#9004);
#9003 = CARTESIAN_POINT('',(606.,55.,104.));
#9004 = VECTOR('',#9005,1.);
#9005 = DIRECTION('',(0.,0.,1.));
#9006 = PCURVE('',#5428,#9007);
#9007 = DEFINITIONAL_REPRESENTATION('',(#9008),#9012);
#9008 = LINE('',#9009,#9010);
#9009 = CARTESIAN_POINT('',(1.570796326795,0.));
#9010 = VECTOR('',#9011,1.);
#9011 = DIRECTION('',(0.,1.));
#9012 = ( GEOMETRIC_REPRESENTATION_CONTEXT(2) 
PARAMETRIC_REPRESENTATION_CONTEXT() REPRESENTATION_CONTEXT('2D SPACE',''
  ) );
#9013 = PCURVE('',#5588,#9014);
#9014 = DEFINITIONAL_REPRESENTATION('',(#9015),#9019);
#9015 = LINE('',#9016,#9017);
#9016 = CARTESIAN_POINT('',(0.,416.));
#9017 = VECTOR('',#9018,1.);
#9018 = DIRECTION('',(1.,0.));
#9019 = ( GEOMETRIC_REPRESENTATION_CONTEXT(2) 
PARAMETRIC_REPRESENTATION_CONTEXT() REPRESENTATION_CONTEXT('2D SPACE',''
  ) );
#9020 = ORIENTED_EDGE('',*,*,#7112,.F.);
#9021 = ORIENTED_EDGE('',*,*,#9022,.F.);
#9022 = EDGE_CURVE('',#6930,#7090,#9023,.T.);
#9023 = SURFACE_CURVE('',#9024,(#9028,#9035),.PCURVE_S1.);
#9024 = LINE('',#9025,#9026);
#9025 = CARTESIAN_POINT('',(610.,51.,104.));
#9026 = VECTOR('',#9027,1.);
#9027 = DIRECTION('',(0.,0.,1.));
#9028 = PCURVE('',#5428,#9029);
#9029 = DEFINITIONAL_REPRESENTATION('',(#9030),#9034);
#9030 = LINE('',#9031,#9032);
#9031 = CARTESIAN_POINT('',(0.,0.));
#9032 = VECTOR('',#9033,1.);
#9033 = DIRECTION('',(0.,1.));
#9034 = ( GEOMETRIC_REPRESENTATION_CONTEXT(2) 
PARAMETRIC_REPRESENTATION_CONTEXT() REPRESENTATION_CONTEXT('2D SPACE',''
  ) );
#9035 = PCURVE('',#6944,#9036);
#9036 = DEFINITIONAL_REPRESENTATION('',(#9037),#9041);
#9037 = LINE('',#9038,#9039);
#9038 = CARTESIAN_POINT('',(0.,-106.));
#9039 = VECTOR('',#9040,1.);
#9040 = DIRECTION('',(1.,0.));
#9041 = ( GEOMETRIC_REPRESENTATION_CONTEXT(2) 
PARAMETRIC_REPRESENTATION_CONTEXT() REPRESENTATION_CONTEXT('2D SPACE',''
  ) );
#9042 = ORIENTED_EDGE('',*,*,#6955,.T.);
#9043 = ORIENTED_EDGE('',*,*,#5415,.F.);
#9044 = ORIENTED_EDGE('',*,*,#6434,.F.);
#9045 = ADVANCED_FACE('',(#9046),#5588,.T.);
#9046 = FACE_BOUND('',#9047,.T.);
#9047 = EDGE_LOOP('',(#9048,#9049,#9050,#9051,#9070,#9071,#9072,#9073));
#9048 = ORIENTED_EDGE('',*,*,#5920,.F.);
#9049 = ORIENTED_EDGE('',*,*,#6291,.T.);
#9050 = ORIENTED_EDGE('',*,*,#5573,.F.);
#9051 = ORIENTED_EDGE('',*,*,#9052,.F.);
#9052 = EDGE_CURVE('',#5600,#5574,#9053,.T.);
#9053 = SURFACE_CURVE('',#9054,(#9058,#9064),.PCURVE_S1.);
#9054 = LINE('',#9055,#9056);
#9055 = CARTESIAN_POINT('',(226.,55.,129.));
#9056 = VECTOR('',#9057,1.);
#9057 = DIRECTION('',(0.,0.,-1.));
#9058 = PCURVE('',#5588,#9059);
#9059 = DEFINITIONAL_REPRESENTATION('',(#9060),#9063);
#9060 = B_SPLINE_CURVE_WITH_KNOTS('',1,(#9061,#9062),.UNSPECIFIED.,.F.,
  .F.,(2,2),(-75.,25.),.PIECEWISE_BEZIER_KNOTS.);
#9061 = CARTESIAN_POINT('',(100.,36.));
#9062 = CARTESIAN_POINT('',(0.,36.));
#9063 = ( GEOMETRIC_REPRESENTATION_CONTEXT(2) 
PARAMETRIC_REPRESENTATION_CONTEXT() REPRESENTATION_CONTEXT('2D SPACE',''
  ) );
#9064 = PCURVE('',#5616,#9065);
#9065 = DEFINITIONAL_REPRESENTATION('',(#9066),#9069);
#9066 = B_SPLINE_CURVE_WITH_KNOTS('',1,(#9067,#9068),.UNSPECIFIED.,.F.,
  .F.,(2,2),(-75.,25.),.PIECEWISE_BEZIER_KNOTS.);
#9067 = CARTESIAN_POINT('',(50.,-55.));
#9068 = CARTESIAN_POINT('',(-50.,-55.));
#9069 = ( GEOMETRIC_REPRESENTATION_CONTEXT(2) 
PARAMETRIC_REPRESENTATION_CONTEXT() REPRESENTATION_CONTEXT('2D SPACE',''
  ) );
#9070 = ORIENTED_EDGE('',*,*,#5632,.T.);
#9071 = ORIENTED_EDGE('',*,*,#6984,.T.);
#9072 = ORIENTED_EDGE('',*,*,#7136,.T.);
#9073 = ORIENTED_EDGE('',*,*,#9000,.F.);
#9074 = ADVANCED_FACE('',(#9075),#5616,.T.);
#9075 = FACE_BOUND('',#9076,.T.);
#9076 = EDGE_LOOP('',(#9077,#9078));
#9077 = ORIENTED_EDGE('',*,*,#9052,.T.);
#9078 = ORIENTED_EDGE('',*,*,#5599,.F.);
#9079 = ADVANCED_FACE('',(#9080),#5823,.F.);
#9080 = FACE_BOUND('',#9081,.F.);
#9081 = EDGE_LOOP('',(#9082,#9083,#9084,#9085,#9104,#9105,#9106,#9107));
#9082 = ORIENTED_EDGE('',*,*,#5807,.F.);
#9083 = ORIENTED_EDGE('',*,*,#6461,.T.);
#9084 = ORIENTED_EDGE('',*,*,#7596,.F.);
#9085 = ORIENTED_EDGE('',*,*,#9086,.F.);
#9086 = EDGE_CURVE('',#7547,#7568,#9087,.T.);
#9087 = SURFACE_CURVE('',#9088,(#9092,#9098),.PCURVE_S1.);
#9088 = LINE('',#9089,#9090);
#9089 = CARTESIAN_POINT('',(226.,-55.,129.));
#9090 = VECTOR('',#9091,1.);
#9091 = DIRECTION('',(0.,0.,-1.));
#9092 = PCURVE('',#5823,#9093);
#9093 = DEFINITIONAL_REPRESENTATION('',(#9094),#9097);
#9094 = B_SPLINE_CURVE_WITH_KNOTS('',1,(#9095,#9096),.UNSPECIFIED.,.F.,
  .F.,(2,2),(-75.,25.),.PIECEWISE_BEZIER_KNOTS.);
#9095 = CARTESIAN_POINT('',(100.,36.));
#9096 = CARTESIAN_POINT('',(0.,36.));
#9097 = ( GEOMETRIC_REPRESENTATION_CONTEXT(2) 
PARAMETRIC_REPRESENTATION_CONTEXT() REPRESENTATION_CONTEXT('2D SPACE',''
  ) );
#9098 = PCURVE('',#7584,#9099);
#9099 = DEFINITIONAL_REPRESENTATION('',(#9100),#9103);
#9100 = B_SPLINE_CURVE_WITH_KNOTS('',1,(#9101,#9102),.UNSPECIFIED.,.F.,
  .F.,(2,2),(-75.,25.),.PIECEWISE_BEZIER_KNOTS.);
#9101 = CARTESIAN_POINT('',(50.,55.));
#9102 = CARTESIAN_POINT('',(-50.,55.));
#9103 = ( GEOMETRIC_REPRESENTATION_CONTEXT(2) 
PARAMETRIC_REPRESENTATION_CONTEXT() REPRESENTATION_CONTEXT('2D SPACE',''
  ) );
#9104 = ORIENTED_EDGE('',*,*,#7546,.T.);
#9105 = ORIENTED_EDGE('',*,*,#6809,.T.);
#9106 = ORIENTED_EDGE('',*,*,#7038,.T.);
#9107 = ORIENTED_EDGE('',*,*,#9108,.F.);
#9108 = EDGE_CURVE('',#5808,#7039,#9109,.T.);
#9109 = SURFACE_CURVE('',#9110,(#9114,#9121),.PCURVE_S1.);
#9110 = LINE('',#9111,#9112);
#9111 = CARTESIAN_POINT('',(606.,-55.,104.));
#9112 = VECTOR('',#9113,1.);
#9113 = DIRECTION('',(0.,0.,1.));
#9114 = PCURVE('',#5823,#9115);
#9115 = DEFINITIONAL_REPRESENTATION('',(#9116),#9120);
#9116 = LINE('',#9117,#9118);
#9117 = CARTESIAN_POINT('',(0.,416.));
#9118 = VECTOR('',#9119,1.);
#9119 = DIRECTION('',(1.,0.));
#9120 = ( GEOMETRIC_REPRESENTATION_CONTEXT(2) 
PARAMETRIC_REPRESENTATION_CONTEXT() REPRESENTATION_CONTEXT('2D SPACE',''
  ) );
#9121 = PCURVE('',#5856,#9122);
#9122 = DEFINITIONAL_REPRESENTATION('',(#9123),#9127);
#9123 = LINE('',#9124,#9125);
#9124 = CARTESIAN_POINT('',(-1.570796326795,0.));
#9125 = VECTOR('',#9126,1.);
#9126 = DIRECTION('',(-0.,1.));
#9127 = ( GEOMETRIC_REPRESENTATION_CONTEXT(2) 
PARAMETRIC_REPRESENTATION_CONTEXT() REPRESENTATION_CONTEXT('2D SPACE',''
  ) );
#9128 = ADVANCED_FACE('',(#9129),#6006,.T.);
#9129 = FACE_BOUND('',#9130,.T.);
#9130 = EDGE_LOOP('',(#9131,#9132));
#9131 = ORIENTED_EDGE('',*,*,#6264,.T.);
#9132 = ORIENTED_EDGE('',*,*,#5991,.F.);
#9133 = ADVANCED_FACE('',(#9134),#5856,.T.);
#9134 = FACE_BOUND('',#9135,.F.);
#9135 = EDGE_LOOP('',(#9136,#9157,#9158,#9159,#9160,#9181,#9182,#9183));
#9136 = ORIENTED_EDGE('',*,*,#9137,.F.);
#9137 = EDGE_CURVE('',#5836,#6390,#9138,.T.);
#9138 = SURFACE_CURVE('',#9139,(#9143,#9150),.PCURVE_S1.);
#9139 = LINE('',#9140,#9141);
#9140 = CARTESIAN_POINT('',(610.,-51.,104.));
#9141 = VECTOR('',#9142,1.);
#9142 = DIRECTION('',(0.,0.,1.));
#9143 = PCURVE('',#5856,#9144);
#9144 = DEFINITIONAL_REPRESENTATION('',(#9145),#9149);
#9145 = LINE('',#9146,#9147);
#9146 = CARTESIAN_POINT('',(-0.,0.));
#9147 = VECTOR('',#9148,1.);
#9148 = DIRECTION('',(-0.,1.));
#9149 = ( GEOMETRIC_REPRESENTATION_CONTEXT(2) 
PARAMETRIC_REPRESENTATION_CONTEXT() REPRESENTATION_CONTEXT('2D SPACE',''
  ) );
#9150 = PCURVE('',#5884,#9151);
#9151 = DEFINITIONAL_REPRESENTATION('',(#9152),#9156);
#9152 = LINE('',#9153,#9154);
#9153 = CARTESIAN_POINT('',(0.,-4.));
#9154 = VECTOR('',#9155,1.);
#9155 = DIRECTION('',(1.,0.));
#9156 = ( GEOMETRIC_REPRESENTATION_CONTEXT(2) 
PARAMETRIC_REPRESENTATION_CONTEXT() REPRESENTATION_CONTEXT('2D SPACE',''
  ) );
#9157 = ORIENTED_EDGE('',*,*,#5835,.T.);
#9158 = ORIENTED_EDGE('',*,*,#9108,.T.);
#9159 = ORIENTED_EDGE('',*,*,#7061,.F.);
#9160 = ORIENTED_EDGE('',*,*,#9161,.F.);
#9161 = EDGE_CURVE('',#6906,#7062,#9162,.T.);
#9162 = SURFACE_CURVE('',#9163,(#9167,#9174),.PCURVE_S1.);
#9163 = LINE('',#9164,#9165);
#9164 = CARTESIAN_POINT('',(610.,-51.,104.));
#9165 = VECTOR('',#9166,1.);
#9166 = DIRECTION('',(0.,0.,1.));
#9167 = PCURVE('',#5856,#9168);
#9168 = DEFINITIONAL_REPRESENTATION('',(#9169),#9173);
#9169 = LINE('',#9170,#9171);
#9170 = CARTESIAN_POINT('',(-0.,0.));
#9171 = VECTOR('',#9172,1.);
#9172 = DIRECTION('',(-0.,1.));
#9173 = ( GEOMETRIC_REPRESENTATION_CONTEXT(2) 
PARAMETRIC_REPRESENTATION_CONTEXT() REPRESENTATION_CONTEXT('2D SPACE',''
  ) );
#9174 = PCURVE('',#6944,#9175);
#9175 = DEFINITIONAL_REPRESENTATION('',(#9176),#9180);
#9176 = LINE('',#9177,#9178);
#9177 = CARTESIAN_POINT('',(0.,-4.));
#9178 = VECTOR('',#9179,1.);
#9179 = DIRECTION('',(1.,0.));
#9180 = ( GEOMETRIC_REPRESENTATION_CONTEXT(2) 
PARAMETRIC_REPRESENTATION_CONTEXT() REPRESENTATION_CONTEXT('2D SPACE',''
  ) );
#9181 = ORIENTED_EDGE('',*,*,#6905,.F.);
#9182 = ORIENTED_EDGE('',*,*,#7521,.F.);
#9183 = ORIENTED_EDGE('',*,*,#6389,.T.);
#9184 = ADVANCED_FACE('',(#9185),#5884,.T.);
#9185 = FACE_BOUND('',#9186,.T.);
#9186 = EDGE_LOOP('',(#9187,#9188,#9189,#9190));
#9187 = ORIENTED_EDGE('',*,*,#6413,.T.);
#9188 = ORIENTED_EDGE('',*,*,#9137,.F.);
#9189 = ORIENTED_EDGE('',*,*,#5868,.T.);
#9190 = ORIENTED_EDGE('',*,*,#8978,.T.);
#9191 = ADVANCED_FACE('',(#9192),#6057,.T.);
#9192 = FACE_BOUND('',#9193,.T.);
#9193 = EDGE_LOOP('',(#9194,#9217,#9246,#9267));
#9194 = ORIENTED_EDGE('',*,*,#9195,.F.);
#9195 = EDGE_CURVE('',#9196,#6039,#9198,.T.);
#9196 = VERTEX_POINT('',#9197);
#9197 = CARTESIAN_POINT('',(274.,-16.,86.));
#9198 = SURFACE_CURVE('',#9199,(#9203,#9210),.PCURVE_S1.);
#9199 = LINE('',#9200,#9201);
#9200 = CARTESIAN_POINT('',(274.,-16.,86.));
#9201 = VECTOR('',#9202,1.);
#9202 = DIRECTION('',(0.,0.,1.));
#9203 = PCURVE('',#6057,#9204);
#9204 = DEFINITIONAL_REPRESENTATION('',(#9205),#9209);
#9205 = LINE('',#9206,#9207);
#9206 = CARTESIAN_POINT('',(0.,0.));
#9207 = VECTOR('',#9208,1.);
#9208 = DIRECTION('',(0.,1.));
#9209 = ( GEOMETRIC_REPRESENTATION_CONTEXT(2) 
PARAMETRIC_REPRESENTATION_CONTEXT() REPRESENTATION_CONTEXT('2D SPACE',''
  ) );
#9210 = PCURVE('',#6084,#9211);
#9211 = DEFINITIONAL_REPRESENTATION('',(#9212),#9216);
#9212 = LINE('',#9213,#9214);
#9213 = CARTESIAN_POINT('',(0.,-2.));
#9214 = VECTOR('',#9215,1.);
#9215 = DIRECTION('',(1.,0.));
#9216 = ( GEOMETRIC_REPRESENTATION_CONTEXT(2) 
PARAMETRIC_REPRESENTATION_CONTEXT() REPRESENTATION_CONTEXT('2D SPACE',''
  ) );
#9217 = ORIENTED_EDGE('',*,*,#9218,.T.);
#9218 = EDGE_CURVE('',#9196,#9219,#9221,.T.);
#9219 = VERTEX_POINT('',#9220);
#9220 = CARTESIAN_POINT('',(276.,-18.,86.));
#9221 = SURFACE_CURVE('',#9222,(#9227,#9234),.PCURVE_S1.);
#9222 = CIRCLE('',#9223,2.);
#9223 = AXIS2_PLACEMENT_3D('',#9224,#9225,#9226);
#9224 = CARTESIAN_POINT('',(276.,-16.,86.));
#9225 = DIRECTION('',(0.,0.,1.));
#9226 = DIRECTION('',(0.,-1.,0.));
#9227 = PCURVE('',#6057,#9228);
#9228 = DEFINITIONAL_REPRESENTATION('',(#9229),#9233);
#9229 = LINE('',#9230,#9231);
#9230 = CARTESIAN_POINT('',(-4.712388980385,0.));
#9231 = VECTOR('',#9232,1.);
#9232 = DIRECTION('',(1.,0.));
#9233 = ( GEOMETRIC_REPRESENTATION_CONTEXT(2) 
PARAMETRIC_REPRESENTATION_CONTEXT() REPRESENTATION_CONTEXT('2D SPACE',''
  ) );
#9234 = PCURVE('',#9235,#9240);
#9235 = PLANE('',#9236);
#9236 = AXIS2_PLACEMENT_3D('',#9237,#9238,#9239);
#9237 = CARTESIAN_POINT('',(274.,-18.,86.));
#9238 = DIRECTION('',(0.,0.,1.));
#9239 = DIRECTION('',(1.,0.,0.));
#9240 = DEFINITIONAL_REPRESENTATION('',(#9241),#9245);
#9241 = CIRCLE('',#9242,2.);
#9242 = AXIS2_PLACEMENT_2D('',#9243,#9244);
#9243 = CARTESIAN_POINT('',(2.,2.));
#9244 = DIRECTION('',(0.,-1.));
#9245 = ( GEOMETRIC_REPRESENTATION_CONTEXT(2) 
PARAMETRIC_REPRESENTATION_CONTEXT() REPRESENTATION_CONTEXT('2D SPACE',''
  ) );
#9246 = ORIENTED_EDGE('',*,*,#9247,.T.);
#9247 = EDGE_CURVE('',#9219,#6041,#9248,.T.);
#9248 = SURFACE_CURVE('',#9249,(#9253,#9260),.PCURVE_S1.);
#9249 = LINE('',#9250,#9251);
#9250 = CARTESIAN_POINT('',(276.,-18.,86.));
#9251 = VECTOR('',#9252,1.);
#9252 = DIRECTION('',(0.,0.,1.));
#9253 = PCURVE('',#6057,#9254);
#9254 = DEFINITIONAL_REPRESENTATION('',(#9255),#9259);
#9255 = LINE('',#9256,#9257);
#9256 = CARTESIAN_POINT('',(1.570796326795,0.));
#9257 = VECTOR('',#9258,1.);
#9258 = DIRECTION('',(0.,1.));
#9259 = ( GEOMETRIC_REPRESENTATION_CONTEXT(2) 
PARAMETRIC_REPRESENTATION_CONTEXT() REPRESENTATION_CONTEXT('2D SPACE',''
  ) );
#9260 = PCURVE('',#6247,#9261);
#9261 = DEFINITIONAL_REPRESENTATION('',(#9262),#9266);
#9262 = LINE('',#9263,#9264);
#9263 = CARTESIAN_POINT('',(0.,2.));
#9264 = VECTOR('',#9265,1.);
#9265 = DIRECTION('',(1.,0.));
#9266 = ( GEOMETRIC_REPRESENTATION_CONTEXT(2) 
PARAMETRIC_REPRESENTATION_CONTEXT() REPRESENTATION_CONTEXT('2D SPACE',''
  ) );
#9267 = ORIENTED_EDGE('',*,*,#6038,.F.);
#9268 = ADVANCED_FACE('',(#9269),#6247,.F.);
#9269 = FACE_BOUND('',#9270,.F.);
#9270 = EDGE_LOOP('',(#9271,#9294,#9295,#9296));
#9271 = ORIENTED_EDGE('',*,*,#9272,.F.);
#9272 = EDGE_CURVE('',#9219,#9273,#9275,.T.);
#9273 = VERTEX_POINT('',#9274);
#9274 = CARTESIAN_POINT('',(566.,-18.,86.));
#9275 = SURFACE_CURVE('',#9276,(#9280,#9287),.PCURVE_S1.);
#9276 = LINE('',#9277,#9278);
#9277 = CARTESIAN_POINT('',(274.,-18.,86.));
#9278 = VECTOR('',#9279,1.);
#9279 = DIRECTION('',(1.,0.,0.));
#9280 = PCURVE('',#6247,#9281);
#9281 = DEFINITIONAL_REPRESENTATION('',(#9282),#9286);
#9282 = LINE('',#9283,#9284);
#9283 = CARTESIAN_POINT('',(0.,0.));
#9284 = VECTOR('',#9285,1.);
#9285 = DIRECTION('',(0.,1.));
#9286 = ( GEOMETRIC_REPRESENTATION_CONTEXT(2) 
PARAMETRIC_REPRESENTATION_CONTEXT() REPRESENTATION_CONTEXT('2D SPACE',''
  ) );
#9287 = PCURVE('',#9235,#9288);
#9288 = DEFINITIONAL_REPRESENTATION('',(#9289),#9293);
#9289 = LINE('',#9290,#9291);
#9290 = CARTESIAN_POINT('',(0.,0.));
#9291 = VECTOR('',#9292,1.);
#9292 = DIRECTION('',(1.,0.));
#9293 = ( GEOMETRIC_REPRESENTATION_CONTEXT(2) 
PARAMETRIC_REPRESENTATION_CONTEXT() REPRESENTATION_CONTEXT('2D SPACE',''
  ) );
#9294 = ORIENTED_EDGE('',*,*,#9247,.T.);
#9295 = ORIENTED_EDGE('',*,*,#6234,.F.);
#9296 = ORIENTED_EDGE('',*,*,#9297,.F.);
#9297 = EDGE_CURVE('',#9273,#6206,#9298,.T.);
#9298 = SURFACE_CURVE('',#9299,(#9303,#9310),.PCURVE_S1.);
#9299 = LINE('',#9300,#9301);
#9300 = CARTESIAN_POINT('',(566.,-18.,86.));
#9301 = VECTOR('',#9302,1.);
#9302 = DIRECTION('',(0.,0.,1.));
#9303 = PCURVE('',#6247,#9304);
#9304 = DEFINITIONAL_REPRESENTATION('',(#9305),#9309);
#9305 = LINE('',#9306,#9307);
#9306 = CARTESIAN_POINT('',(0.,292.));
#9307 = VECTOR('',#9308,1.);
#9308 = DIRECTION('',(1.,0.));
#9309 = ( GEOMETRIC_REPRESENTATION_CONTEXT(2) 
PARAMETRIC_REPRESENTATION_CONTEXT() REPRESENTATION_CONTEXT('2D SPACE',''
  ) );
#9310 = PCURVE('',#6222,#9311);
#9311 = DEFINITIONAL_REPRESENTATION('',(#9312),#9316);
#9312 = LINE('',#9313,#9314);
#9313 = CARTESIAN_POINT('',(-1.570796326795,0.));
#9314 = VECTOR('',#9315,1.);
#9315 = DIRECTION('',(-0.,1.));
#9316 = ( GEOMETRIC_REPRESENTATION_CONTEXT(2) 
PARAMETRIC_REPRESENTATION_CONTEXT() REPRESENTATION_CONTEXT('2D SPACE',''
  ) );
#9317 = ADVANCED_FACE('',(#9318),#6222,.T.);
#9318 = FACE_BOUND('',#9319,.F.);
#9319 = EDGE_LOOP('',(#9320,#9343,#9369,#9370));
#9320 = ORIENTED_EDGE('',*,*,#9321,.F.);
#9321 = EDGE_CURVE('',#9322,#6180,#9324,.T.);
#9322 = VERTEX_POINT('',#9323);
#9323 = CARTESIAN_POINT('',(568.,-16.,86.));
#9324 = SURFACE_CURVE('',#9325,(#9329,#9336),.PCURVE_S1.);
#9325 = LINE('',#9326,#9327);
#9326 = CARTESIAN_POINT('',(568.,-16.,86.));
#9327 = VECTOR('',#9328,1.);
#9328 = DIRECTION('',(0.,0.,1.));
#9329 = PCURVE('',#6222,#9330);
#9330 = DEFINITIONAL_REPRESENTATION('',(#9331),#9335);
#9331 = LINE('',#9332,#9333);
#9332 = CARTESIAN_POINT('',(-0.,0.));
#9333 = VECTOR('',#9334,1.);
#9334 = DIRECTION('',(-0.,1.));
#9335 = ( GEOMETRIC_REPRESENTATION_CONTEXT(2) 
PARAMETRIC_REPRESENTATION_CONTEXT() REPRESENTATION_CONTEXT('2D SPACE',''
  ) );
#9336 = PCURVE('',#6194,#9337);
#9337 = DEFINITIONAL_REPRESENTATION('',(#9338),#9342);
#9338 = LINE('',#9339,#9340);
#9339 = CARTESIAN_POINT('',(0.,-2.));
#9340 = VECTOR('',#9341,1.);
#9341 = DIRECTION('',(1.,0.));
#9342 = ( GEOMETRIC_REPRESENTATION_CONTEXT(2) 
PARAMETRIC_REPRESENTATION_CONTEXT() REPRESENTATION_CONTEXT('2D SPACE',''
  ) );
#9343 = ORIENTED_EDGE('',*,*,#9344,.T.);
#9344 = EDGE_CURVE('',#9322,#9273,#9345,.T.);
#9345 = SURFACE_CURVE('',#9346,(#9351,#9358),.PCURVE_S1.);
#9346 = CIRCLE('',#9347,2.);
#9347 = AXIS2_PLACEMENT_3D('',#9348,#9349,#9350);
#9348 = CARTESIAN_POINT('',(566.,-16.,86.));
#9349 = DIRECTION('',(-0.,-0.,-1.));
#9350 = DIRECTION('',(0.,-1.,0.));
#9351 = PCURVE('',#6222,#9352);
#9352 = DEFINITIONAL_REPRESENTATION('',(#9353),#9357);
#9353 = LINE('',#9354,#9355);
#9354 = CARTESIAN_POINT('',(4.712388980385,-0.));
#9355 = VECTOR('',#9356,1.);
#9356 = DIRECTION('',(-1.,0.));
#9357 = ( GEOMETRIC_REPRESENTATION_CONTEXT(2) 
PARAMETRIC_REPRESENTATION_CONTEXT() REPRESENTATION_CONTEXT('2D SPACE',''
  ) );
#9358 = PCURVE('',#9235,#9359);
#9359 = DEFINITIONAL_REPRESENTATION('',(#9360),#9368);
#9360 = ( BOUNDED_CURVE() B_SPLINE_CURVE(2,(#9361,#9362,#9363,#9364,
#9365,#9366,#9367),.UNSPECIFIED.,.T.,.F.) B_SPLINE_CURVE_WITH_KNOTS((1,2
    ,2,2,2,1),(-2.094395102393,0.,2.094395102393,4.188790204786,
6.28318530718,8.377580409573),.UNSPECIFIED.) CURVE() 
GEOMETRIC_REPRESENTATION_ITEM() RATIONAL_B_SPLINE_CURVE((1.,0.5,1.,0.5,
1.,0.5,1.)) REPRESENTATION_ITEM('') );
#9361 = CARTESIAN_POINT('',(292.,0.));
#9362 = CARTESIAN_POINT('',(288.53589838486,0.));
#9363 = CARTESIAN_POINT('',(290.26794919243,3.));
#9364 = CARTESIAN_POINT('',(292.,6.));
#9365 = CARTESIAN_POINT('',(293.73205080756,3.));
#9366 = CARTESIAN_POINT('',(295.46410161513,3.10862446895E-15));
#9367 = CARTESIAN_POINT('',(292.,0.));
#9368 = ( GEOMETRIC_REPRESENTATION_CONTEXT(2) 
PARAMETRIC_REPRESENTATION_CONTEXT() REPRESENTATION_CONTEXT('2D SPACE',''
  ) );
#9369 = ORIENTED_EDGE('',*,*,#9297,.T.);
#9370 = ORIENTED_EDGE('',*,*,#6205,.T.);
#9371 = ADVANCED_FACE('',(#9372),#6194,.T.);
#9372 = FACE_BOUND('',#9373,.T.);
#9373 = EDGE_LOOP('',(#9374,#9375,#9376,#9399));
#9374 = ORIENTED_EDGE('',*,*,#6179,.F.);
#9375 = ORIENTED_EDGE('',*,*,#9321,.F.);
#9376 = ORIENTED_EDGE('',*,*,#9377,.T.);
#9377 = EDGE_CURVE('',#9322,#9378,#9380,.T.);
#9378 = VERTEX_POINT('',#9379);
#9379 = CARTESIAN_POINT('',(568.,16.,86.));
#9380 = SURFACE_CURVE('',#9381,(#9385,#9392),.PCURVE_S1.);
#9381 = LINE('',#9382,#9383);
#9382 = CARTESIAN_POINT('',(568.,-18.,86.));
#9383 = VECTOR('',#9384,1.);
#9384 = DIRECTION('',(0.,1.,0.));
#9385 = PCURVE('',#6194,#9386);
#9386 = DEFINITIONAL_REPRESENTATION('',(#9387),#9391);
#9387 = LINE('',#9388,#9389);
#9388 = CARTESIAN_POINT('',(0.,0.));
#9389 = VECTOR('',#9390,1.);
#9390 = DIRECTION('',(0.,-1.));
#9391 = ( GEOMETRIC_REPRESENTATION_CONTEXT(2) 
PARAMETRIC_REPRESENTATION_CONTEXT() REPRESENTATION_CONTEXT('2D SPACE',''
  ) );
#9392 = PCURVE('',#9235,#9393);
#9393 = DEFINITIONAL_REPRESENTATION('',(#9394),#9398);
#9394 = LINE('',#9395,#9396);
#9395 = CARTESIAN_POINT('',(294.,0.));
#9396 = VECTOR('',#9397,1.);
#9397 = DIRECTION('',(0.,1.));
#9398 = ( GEOMETRIC_REPRESENTATION_CONTEXT(2) 
PARAMETRIC_REPRESENTATION_CONTEXT() REPRESENTATION_CONTEXT('2D SPACE',''
  ) );
#9399 = ORIENTED_EDGE('',*,*,#9400,.T.);
#9400 = EDGE_CURVE('',#9378,#6151,#9401,.T.);
#9401 = SURFACE_CURVE('',#9402,(#9406,#9413),.PCURVE_S1.);
#9402 = LINE('',#9403,#9404);
#9403 = CARTESIAN_POINT('',(568.,16.,86.));
#9404 = VECTOR('',#9405,1.);
#9405 = DIRECTION('',(0.,0.,1.));
#9406 = PCURVE('',#6194,#9407);
#9407 = DEFINITIONAL_REPRESENTATION('',(#9408),#9412);
#9408 = LINE('',#9409,#9410);
#9409 = CARTESIAN_POINT('',(0.,-34.));
#9410 = VECTOR('',#9411,1.);
#9411 = DIRECTION('',(1.,0.));
#9412 = ( GEOMETRIC_REPRESENTATION_CONTEXT(2) 
PARAMETRIC_REPRESENTATION_CONTEXT() REPRESENTATION_CONTEXT('2D SPACE',''
  ) );
#9413 = PCURVE('',#6167,#9414);
#9414 = DEFINITIONAL_REPRESENTATION('',(#9415),#9419);
#9415 = LINE('',#9416,#9417);
#9416 = CARTESIAN_POINT('',(0.,0.));
#9417 = VECTOR('',#9418,1.);
#9418 = DIRECTION('',(0.,1.));
#9419 = ( GEOMETRIC_REPRESENTATION_CONTEXT(2) 
PARAMETRIC_REPRESENTATION_CONTEXT() REPRESENTATION_CONTEXT('2D SPACE',''
  ) );
#9420 = ADVANCED_FACE('',(#9421),#6167,.T.);
#9421 = FACE_BOUND('',#9422,.T.);
#9422 = EDGE_LOOP('',(#9423,#9424,#9448,#9469));
#9423 = ORIENTED_EDGE('',*,*,#9400,.F.);
#9424 = ORIENTED_EDGE('',*,*,#9425,.T.);
#9425 = EDGE_CURVE('',#9378,#9426,#9428,.T.);
#9426 = VERTEX_POINT('',#9427);
#9427 = CARTESIAN_POINT('',(566.,18.,86.));
#9428 = SURFACE_CURVE('',#9429,(#9434,#9441),.PCURVE_S1.);
#9429 = CIRCLE('',#9430,2.);
#9430 = AXIS2_PLACEMENT_3D('',#9431,#9432,#9433);
#9431 = CARTESIAN_POINT('',(566.,16.,86.));
#9432 = DIRECTION('',(0.,0.,1.));
#9433 = DIRECTION('',(0.,-1.,0.));
#9434 = PCURVE('',#6167,#9435);
#9435 = DEFINITIONAL_REPRESENTATION('',(#9436),#9440);
#9436 = LINE('',#9437,#9438);
#9437 = CARTESIAN_POINT('',(-1.570796326795,0.));
#9438 = VECTOR('',#9439,1.);
#9439 = DIRECTION('',(1.,0.));
#9440 = ( GEOMETRIC_REPRESENTATION_CONTEXT(2) 
PARAMETRIC_REPRESENTATION_CONTEXT() REPRESENTATION_CONTEXT('2D SPACE',''
  ) );
#9441 = PCURVE('',#9235,#9442);
#9442 = DEFINITIONAL_REPRESENTATION('',(#9443),#9447);
#9443 = CIRCLE('',#9444,2.);
#9444 = AXIS2_PLACEMENT_2D('',#9445,#9446);
#9445 = CARTESIAN_POINT('',(292.,34.));
#9446 = DIRECTION('',(0.,-1.));
#9447 = ( GEOMETRIC_REPRESENTATION_CONTEXT(2) 
PARAMETRIC_REPRESENTATION_CONTEXT() REPRESENTATION_CONTEXT('2D SPACE',''
  ) );
#9448 = ORIENTED_EDGE('',*,*,#9449,.T.);
#9449 = EDGE_CURVE('',#9426,#6125,#9450,.T.);
#9450 = SURFACE_CURVE('',#9451,(#9455,#9462),.PCURVE_S1.);
#9451 = LINE('',#9452,#9453);
#9452 = CARTESIAN_POINT('',(566.,18.,86.));
#9453 = VECTOR('',#9454,1.);
#9454 = DIRECTION('',(0.,0.,1.));
#9455 = PCURVE('',#6167,#9456);
#9456 = DEFINITIONAL_REPRESENTATION('',(#9457),#9461);
#9457 = LINE('',#9458,#9459);
#9458 = CARTESIAN_POINT('',(1.570796326795,0.));
#9459 = VECTOR('',#9460,1.);
#9460 = DIRECTION('',(0.,1.));
#9461 = ( GEOMETRIC_REPRESENTATION_CONTEXT(2) 
PARAMETRIC_REPRESENTATION_CONTEXT() REPRESENTATION_CONTEXT('2D SPACE',''
  ) );
#9462 = PCURVE('',#6139,#9463);
#9463 = DEFINITIONAL_REPRESENTATION('',(#9464),#9468);
#9464 = LINE('',#9465,#9466);
#9465 = CARTESIAN_POINT('',(0.,292.));
#9466 = VECTOR('',#9467,1.);
#9467 = DIRECTION('',(1.,0.));
#9468 = ( GEOMETRIC_REPRESENTATION_CONTEXT(2) 
PARAMETRIC_REPRESENTATION_CONTEXT() REPRESENTATION_CONTEXT('2D SPACE',''
  ) );
#9469 = ORIENTED_EDGE('',*,*,#6150,.F.);
#9470 = ADVANCED_FACE('',(#9471),#6139,.T.);
#9471 = FACE_BOUND('',#9472,.T.);
#9472 = EDGE_LOOP('',(#9473,#9496,#9517,#9518));
#9473 = ORIENTED_EDGE('',*,*,#9474,.F.);
#9474 = EDGE_CURVE('',#9475,#9426,#9477,.T.);
#9475 = VERTEX_POINT('',#9476);
#9476 = CARTESIAN_POINT('',(276.,18.,86.));
#9477 = SURFACE_CURVE('',#9478,(#9482,#9489),.PCURVE_S1.);
#9478 = LINE('',#9479,#9480);
#9479 = CARTESIAN_POINT('',(274.,18.,86.));
#9480 = VECTOR('',#9481,1.);
#9481 = DIRECTION('',(1.,0.,0.));
#9482 = PCURVE('',#6139,#9483);
#9483 = DEFINITIONAL_REPRESENTATION('',(#9484),#9488);
#9484 = LINE('',#9485,#9486);
#9485 = CARTESIAN_POINT('',(0.,0.));
#9486 = VECTOR('',#9487,1.);
#9487 = DIRECTION('',(0.,1.));
#9488 = ( GEOMETRIC_REPRESENTATION_CONTEXT(2) 
PARAMETRIC_REPRESENTATION_CONTEXT() REPRESENTATION_CONTEXT('2D SPACE',''
  ) );
#9489 = PCURVE('',#9235,#9490);
#9490 = DEFINITIONAL_REPRESENTATION('',(#9491),#9495);
#9491 = LINE('',#9492,#9493);
#9492 = CARTESIAN_POINT('',(0.,36.));
#9493 = VECTOR('',#9494,1.);
#9494 = DIRECTION('',(1.,0.));
#9495 = ( GEOMETRIC_REPRESENTATION_CONTEXT(2) 
PARAMETRIC_REPRESENTATION_CONTEXT() REPRESENTATION_CONTEXT('2D SPACE',''
  ) );
#9496 = ORIENTED_EDGE('',*,*,#9497,.T.);
#9497 = EDGE_CURVE('',#9475,#6096,#9498,.T.);
#9498 = SURFACE_CURVE('',#9499,(#9503,#9510),.PCURVE_S1.);
#9499 = LINE('',#9500,#9501);
#9500 = CARTESIAN_POINT('',(276.,18.,86.));
#9501 = VECTOR('',#9502,1.);
#9502 = DIRECTION('',(0.,0.,1.));
#9503 = PCURVE('',#6139,#9504);
#9504 = DEFINITIONAL_REPRESENTATION('',(#9505),#9509);
#9505 = LINE('',#9506,#9507);
#9506 = CARTESIAN_POINT('',(0.,2.));
#9507 = VECTOR('',#9508,1.);
#9508 = DIRECTION('',(1.,0.));
#9509 = ( GEOMETRIC_REPRESENTATION_CONTEXT(2) 
PARAMETRIC_REPRESENTATION_CONTEXT() REPRESENTATION_CONTEXT('2D SPACE',''
  ) );
#9510 = PCURVE('',#6112,#9511);
#9511 = DEFINITIONAL_REPRESENTATION('',(#9512),#9516);
#9512 = LINE('',#9513,#9514);
#9513 = CARTESIAN_POINT('',(-1.570796326795,0.));
#9514 = VECTOR('',#9515,1.);
#9515 = DIRECTION('',(-0.,1.));
#9516 = ( GEOMETRIC_REPRESENTATION_CONTEXT(2) 
PARAMETRIC_REPRESENTATION_CONTEXT() REPRESENTATION_CONTEXT('2D SPACE',''
  ) );
#9517 = ORIENTED_EDGE('',*,*,#6124,.F.);
#9518 = ORIENTED_EDGE('',*,*,#9449,.F.);
#9519 = ADVANCED_FACE('',(#9520),#6112,.T.);
#9520 = FACE_BOUND('',#9521,.F.);
#9521 = EDGE_LOOP('',(#9522,#9545,#9571,#9572));
#9522 = ORIENTED_EDGE('',*,*,#9523,.F.);
#9523 = EDGE_CURVE('',#9524,#6070,#9526,.T.);
#9524 = VERTEX_POINT('',#9525);
#9525 = CARTESIAN_POINT('',(274.,16.,86.));
#9526 = SURFACE_CURVE('',#9527,(#9531,#9538),.PCURVE_S1.);
#9527 = LINE('',#9528,#9529);
#9528 = CARTESIAN_POINT('',(274.,16.,86.));
#9529 = VECTOR('',#9530,1.);
#9530 = DIRECTION('',(0.,0.,1.));
#9531 = PCURVE('',#6112,#9532);
#9532 = DEFINITIONAL_REPRESENTATION('',(#9533),#9537);
#9533 = LINE('',#9534,#9535);
#9534 = CARTESIAN_POINT('',(-0.,0.));
#9535 = VECTOR('',#9536,1.);
#9536 = DIRECTION('',(-0.,1.));
#9537 = ( GEOMETRIC_REPRESENTATION_CONTEXT(2) 
PARAMETRIC_REPRESENTATION_CONTEXT() REPRESENTATION_CONTEXT('2D SPACE',''
  ) );
#9538 = PCURVE('',#6084,#9539);
#9539 = DEFINITIONAL_REPRESENTATION('',(#9540),#9544);
#9540 = LINE('',#9541,#9542);
#9541 = CARTESIAN_POINT('',(0.,-34.));
#9542 = VECTOR('',#9543,1.);
#9543 = DIRECTION('',(1.,0.));
#9544 = ( GEOMETRIC_REPRESENTATION_CONTEXT(2) 
PARAMETRIC_REPRESENTATION_CONTEXT() REPRESENTATION_CONTEXT('2D SPACE',''
  ) );
#9545 = ORIENTED_EDGE('',*,*,#9546,.T.);
#9546 = EDGE_CURVE('',#9524,#9475,#9547,.T.);
#9547 = SURFACE_CURVE('',#9548,(#9553,#9560),.PCURVE_S1.);
#9548 = CIRCLE('',#9549,2.);
#9549 = AXIS2_PLACEMENT_3D('',#9550,#9551,#9552);
#9550 = CARTESIAN_POINT('',(276.,16.,86.));
#9551 = DIRECTION('',(-0.,-0.,-1.));
#9552 = DIRECTION('',(0.,-1.,0.));
#9553 = PCURVE('',#6112,#9554);
#9554 = DEFINITIONAL_REPRESENTATION('',(#9555),#9559);
#9555 = LINE('',#9556,#9557);
#9556 = CARTESIAN_POINT('',(1.570796326795,-0.));
#9557 = VECTOR('',#9558,1.);
#9558 = DIRECTION('',(-1.,0.));
#9559 = ( GEOMETRIC_REPRESENTATION_CONTEXT(2) 
PARAMETRIC_REPRESENTATION_CONTEXT() REPRESENTATION_CONTEXT('2D SPACE',''
  ) );
#9560 = PCURVE('',#9235,#9561);
#9561 = DEFINITIONAL_REPRESENTATION('',(#9562),#9570);
#9562 = ( BOUNDED_CURVE() B_SPLINE_CURVE(2,(#9563,#9564,#9565,#9566,
#9567,#9568,#9569),.UNSPECIFIED.,.T.,.F.) B_SPLINE_CURVE_WITH_KNOTS((1,2
    ,2,2,2,1),(-2.094395102393,0.,2.094395102393,4.188790204786,
6.28318530718,8.377580409573),.UNSPECIFIED.) CURVE() 
GEOMETRIC_REPRESENTATION_ITEM() RATIONAL_B_SPLINE_CURVE((1.,0.5,1.,0.5,
1.,0.5,1.)) REPRESENTATION_ITEM('') );
#9563 = CARTESIAN_POINT('',(2.,32.));
#9564 = CARTESIAN_POINT('',(-1.464101615138,32.));
#9565 = CARTESIAN_POINT('',(0.267949192431,35.));
#9566 = CARTESIAN_POINT('',(2.,38.));
#9567 = CARTESIAN_POINT('',(3.732050807569,35.));
#9568 = CARTESIAN_POINT('',(5.464101615138,32.));
#9569 = CARTESIAN_POINT('',(2.,32.));
#9570 = ( GEOMETRIC_REPRESENTATION_CONTEXT(2) 
PARAMETRIC_REPRESENTATION_CONTEXT() REPRESENTATION_CONTEXT('2D SPACE',''
  ) );
#9571 = ORIENTED_EDGE('',*,*,#9497,.T.);
#9572 = ORIENTED_EDGE('',*,*,#6095,.T.);
#9573 = ADVANCED_FACE('',(#9574),#6084,.F.);
#9574 = FACE_BOUND('',#9575,.F.);
#9575 = EDGE_LOOP('',(#9576,#9577,#9578,#9599));
#9576 = ORIENTED_EDGE('',*,*,#6069,.F.);
#9577 = ORIENTED_EDGE('',*,*,#9195,.F.);
#9578 = ORIENTED_EDGE('',*,*,#9579,.T.);
#9579 = EDGE_CURVE('',#9196,#9524,#9580,.T.);
#9580 = SURFACE_CURVE('',#9581,(#9585,#9592),.PCURVE_S1.);
#9581 = LINE('',#9582,#9583);
#9582 = CARTESIAN_POINT('',(274.,-18.,86.));
#9583 = VECTOR('',#9584,1.);
#9584 = DIRECTION('',(0.,1.,0.));
#9585 = PCURVE('',#6084,#9586);
#9586 = DEFINITIONAL_REPRESENTATION('',(#9587),#9591);
#9587 = LINE('',#9588,#9589);
#9588 = CARTESIAN_POINT('',(0.,0.));
#9589 = VECTOR('',#9590,1.);
#9590 = DIRECTION('',(0.,-1.));
#9591 = ( GEOMETRIC_REPRESENTATION_CONTEXT(2) 
PARAMETRIC_REPRESENTATION_CONTEXT() REPRESENTATION_CONTEXT('2D SPACE',''
  ) );
#9592 = PCURVE('',#9235,#9593);
#9593 = DEFINITIONAL_REPRESENTATION('',(#9594),#9598);
#9594 = LINE('',#9595,#9596);
#9595 = CARTESIAN_POINT('',(0.,0.));
#9596 = VECTOR('',#9597,1.);
#9597 = DIRECTION('',(0.,1.));
#9598 = ( GEOMETRIC_REPRESENTATION_CONTEXT(2) 
PARAMETRIC_REPRESENTATION_CONTEXT() REPRESENTATION_CONTEXT('2D SPACE',''
  ) );
#9599 = ORIENTED_EDGE('',*,*,#9523,.T.);
#9600 = ADVANCED_FACE('',(#9601),#6944,.T.);
#9601 = FACE_BOUND('',#9602,.T.);
#9602 = EDGE_LOOP('',(#9603,#9604,#9605,#9606));
#9603 = ORIENTED_EDGE('',*,*,#7089,.F.);
#9604 = ORIENTED_EDGE('',*,*,#9161,.F.);
#9605 = ORIENTED_EDGE('',*,*,#6929,.F.);
#9606 = ORIENTED_EDGE('',*,*,#9022,.T.);
#9607 = ADVANCED_FACE('',(#9608),#7195,.T.);
#9608 = FACE_BOUND('',#9609,.T.);
#9609 = EDGE_LOOP('',(#9610,#9611));
#9610 = ORIENTED_EDGE('',*,*,#7180,.T.);
#9611 = ORIENTED_EDGE('',*,*,#7452,.T.);
#9612 = ADVANCED_FACE('',(#9613),#7246,.T.);
#9613 = FACE_BOUND('',#9614,.T.);
#9614 = EDGE_LOOP('',(#9615,#9638,#9639,#9662));
#9615 = ORIENTED_EDGE('',*,*,#9616,.F.);
#9616 = EDGE_CURVE('',#7228,#9617,#9619,.T.);
#9617 = VERTEX_POINT('',#9618);
#9618 = CARTESIAN_POINT('',(232.,-9.,214.));
#9619 = SURFACE_CURVE('',#9620,(#9624,#9631),.PCURVE_S1.);
#9620 = LINE('',#9621,#9622);
#9621 = CARTESIAN_POINT('',(232.,-9.,198.));
#9622 = VECTOR('',#9623,1.);
#9623 = DIRECTION('',(0.,0.,1.));
#9624 = PCURVE('',#7246,#9625);
#9625 = DEFINITIONAL_REPRESENTATION('',(#9626),#9630);
#9626 = LINE('',#9627,#9628);
#9627 = CARTESIAN_POINT('',(0.,0.));
#9628 = VECTOR('',#9629,1.);
#9629 = DIRECTION('',(0.,1.));
#9630 = ( GEOMETRIC_REPRESENTATION_CONTEXT(2) 
PARAMETRIC_REPRESENTATION_CONTEXT() REPRESENTATION_CONTEXT('2D SPACE',''
  ) );
#9631 = PCURVE('',#7273,#9632);
#9632 = DEFINITIONAL_REPRESENTATION('',(#9633),#9637);
#9633 = LINE('',#9634,#9635);
#9634 = CARTESIAN_POINT('',(0.,-2.));
#9635 = VECTOR('',#9636,1.);
#9636 = DIRECTION('',(1.,0.));
#9637 = ( GEOMETRIC_REPRESENTATION_CONTEXT(2) 
PARAMETRIC_REPRESENTATION_CONTEXT() REPRESENTATION_CONTEXT('2D SPACE',''
  ) );
#9638 = ORIENTED_EDGE('',*,*,#7227,.T.);
#9639 = ORIENTED_EDGE('',*,*,#9640,.T.);
#9640 = EDGE_CURVE('',#7230,#9641,#9643,.T.);
#9641 = VERTEX_POINT('',#9642);
#9642 = CARTESIAN_POINT('',(234.,-11.,214.));
#9643 = SURFACE_CURVE('',#9644,(#9648,#9655),.PCURVE_S1.);
#9644 = LINE('',#9645,#9646);
#9645 = CARTESIAN_POINT('',(234.,-11.,198.));
#9646 = VECTOR('',#9647,1.);
#9647 = DIRECTION('',(0.,0.,1.));
#9648 = PCURVE('',#7246,#9649);
#9649 = DEFINITIONAL_REPRESENTATION('',(#9650),#9654);
#9650 = LINE('',#9651,#9652);
#9651 = CARTESIAN_POINT('',(1.570796326795,0.));
#9652 = VECTOR('',#9653,1.);
#9653 = DIRECTION('',(0.,1.));
#9654 = ( GEOMETRIC_REPRESENTATION_CONTEXT(2) 
PARAMETRIC_REPRESENTATION_CONTEXT() REPRESENTATION_CONTEXT('2D SPACE',''
  ) );
#9655 = PCURVE('',#7436,#9656);
#9656 = DEFINITIONAL_REPRESENTATION('',(#9657),#9661);
#9657 = LINE('',#9658,#9659);
#9658 = CARTESIAN_POINT('',(0.,2.));
#9659 = VECTOR('',#9660,1.);
#9660 = DIRECTION('',(1.,0.));
#9661 = ( GEOMETRIC_REPRESENTATION_CONTEXT(2) 
PARAMETRIC_REPRESENTATION_CONTEXT() REPRESENTATION_CONTEXT('2D SPACE',''
  ) );
#9662 = ORIENTED_EDGE('',*,*,#9663,.F.);
#9663 = EDGE_CURVE('',#9617,#9641,#9664,.T.);
#9664 = SURFACE_CURVE('',#9665,(#9670,#9677),.PCURVE_S1.);
#9665 = CIRCLE('',#9666,2.);
#9666 = AXIS2_PLACEMENT_3D('',#9667,#9668,#9669);
#9667 = CARTESIAN_POINT('',(234.,-9.,214.));
#9668 = DIRECTION('',(0.,0.,1.));
#9669 = DIRECTION('',(0.,-1.,0.));
#9670 = PCURVE('',#7246,#9671);
#9671 = DEFINITIONAL_REPRESENTATION('',(#9672),#9676);
#9672 = LINE('',#9673,#9674);
#9673 = CARTESIAN_POINT('',(-4.712388980385,16.));
#9674 = VECTOR('',#9675,1.);
#9675 = DIRECTION('',(1.,0.));
#9676 = ( GEOMETRIC_REPRESENTATION_CONTEXT(2) 
PARAMETRIC_REPRESENTATION_CONTEXT() REPRESENTATION_CONTEXT('2D SPACE',''
  ) );
#9677 = PCURVE('',#9678,#9683);
#9678 = PLANE('',#9679);
#9679 = AXIS2_PLACEMENT_3D('',#9680,#9681,#9682);
#9680 = CARTESIAN_POINT('',(232.,-11.,214.));
#9681 = DIRECTION('',(0.,0.,1.));
#9682 = DIRECTION('',(1.,0.,0.));
#9683 = DEFINITIONAL_REPRESENTATION('',(#9684),#9688);
#9684 = CIRCLE('',#9685,2.);
#9685 = AXIS2_PLACEMENT_2D('',#9686,#9687);
#9686 = CARTESIAN_POINT('',(2.,2.));
#9687 = DIRECTION('',(0.,-1.));
#9688 = ( GEOMETRIC_REPRESENTATION_CONTEXT(2) 
PARAMETRIC_REPRESENTATION_CONTEXT() REPRESENTATION_CONTEXT('2D SPACE',''
  ) );
#9689 = ADVANCED_FACE('',(#9690),#7436,.F.);
#9690 = FACE_BOUND('',#9691,.F.);
#9691 = EDGE_LOOP('',(#9692,#9693,#9694,#9717));
#9692 = ORIENTED_EDGE('',*,*,#7423,.T.);
#9693 = ORIENTED_EDGE('',*,*,#9640,.T.);
#9694 = ORIENTED_EDGE('',*,*,#9695,.T.);
#9695 = EDGE_CURVE('',#9641,#9696,#9698,.T.);
#9696 = VERTEX_POINT('',#9697);
#9697 = CARTESIAN_POINT('',(566.,-11.,214.));
#9698 = SURFACE_CURVE('',#9699,(#9703,#9710),.PCURVE_S1.);
#9699 = LINE('',#9700,#9701);
#9700 = CARTESIAN_POINT('',(232.,-11.,214.));
#9701 = VECTOR('',#9702,1.);
#9702 = DIRECTION('',(1.,0.,0.));
#9703 = PCURVE('',#7436,#9704);
#9704 = DEFINITIONAL_REPRESENTATION('',(#9705),#9709);
#9705 = LINE('',#9706,#9707);
#9706 = CARTESIAN_POINT('',(16.,0.));
#9707 = VECTOR('',#9708,1.);
#9708 = DIRECTION('',(0.,1.));
#9709 = ( GEOMETRIC_REPRESENTATION_CONTEXT(2) 
PARAMETRIC_REPRESENTATION_CONTEXT() REPRESENTATION_CONTEXT('2D SPACE',''
  ) );
#9710 = PCURVE('',#9678,#9711);
#9711 = DEFINITIONAL_REPRESENTATION('',(#9712),#9716);
#9712 = LINE('',#9713,#9714);
#9713 = CARTESIAN_POINT('',(0.,0.));
#9714 = VECTOR('',#9715,1.);
#9715 = DIRECTION('',(1.,0.));
#9716 = ( GEOMETRIC_REPRESENTATION_CONTEXT(2) 
PARAMETRIC_REPRESENTATION_CONTEXT() REPRESENTATION_CONTEXT('2D SPACE',''
  ) );
#9717 = ORIENTED_EDGE('',*,*,#9718,.F.);
#9718 = EDGE_CURVE('',#7395,#9696,#9719,.T.);
#9719 = SURFACE_CURVE('',#9720,(#9724,#9731),.PCURVE_S1.);
#9720 = LINE('',#9721,#9722);
#9721 = CARTESIAN_POINT('',(566.,-11.,198.));
#9722 = VECTOR('',#9723,1.);
#9723 = DIRECTION('',(0.,0.,1.));
#9724 = PCURVE('',#7436,#9725);
#9725 = DEFINITIONAL_REPRESENTATION('',(#9726),#9730);
#9726 = LINE('',#9727,#9728);
#9727 = CARTESIAN_POINT('',(0.,334.));
#9728 = VECTOR('',#9729,1.);
#9729 = DIRECTION('',(1.,0.));
#9730 = ( GEOMETRIC_REPRESENTATION_CONTEXT(2) 
PARAMETRIC_REPRESENTATION_CONTEXT() REPRESENTATION_CONTEXT('2D SPACE',''
  ) );
#9731 = PCURVE('',#7411,#9732);
#9732 = DEFINITIONAL_REPRESENTATION('',(#9733),#9737);
#9733 = LINE('',#9734,#9735);
#9734 = CARTESIAN_POINT('',(-1.570796326795,0.));
#9735 = VECTOR('',#9736,1.);
#9736 = DIRECTION('',(-0.,1.));
#9737 = ( GEOMETRIC_REPRESENTATION_CONTEXT(2) 
PARAMETRIC_REPRESENTATION_CONTEXT() REPRESENTATION_CONTEXT('2D SPACE',''
  ) );
#9738 = ADVANCED_FACE('',(#9739),#7411,.T.);
#9739 = FACE_BOUND('',#9740,.F.);
#9740 = EDGE_LOOP('',(#9741,#9764,#9765,#9766));
#9741 = ORIENTED_EDGE('',*,*,#9742,.F.);
#9742 = EDGE_CURVE('',#7369,#9743,#9745,.T.);
#9743 = VERTEX_POINT('',#9744);
#9744 = CARTESIAN_POINT('',(568.,-9.,214.));
#9745 = SURFACE_CURVE('',#9746,(#9750,#9757),.PCURVE_S1.);
#9746 = LINE('',#9747,#9748);
#9747 = CARTESIAN_POINT('',(568.,-9.,198.));
#9748 = VECTOR('',#9749,1.);
#9749 = DIRECTION('',(0.,0.,1.));
#9750 = PCURVE('',#7411,#9751);
#9751 = DEFINITIONAL_REPRESENTATION('',(#9752),#9756);
#9752 = LINE('',#9753,#9754);
#9753 = CARTESIAN_POINT('',(-0.,0.));
#9754 = VECTOR('',#9755,1.);
#9755 = DIRECTION('',(-0.,1.));
#9756 = ( GEOMETRIC_REPRESENTATION_CONTEXT(2) 
PARAMETRIC_REPRESENTATION_CONTEXT() REPRESENTATION_CONTEXT('2D SPACE',''
  ) );
#9757 = PCURVE('',#7383,#9758);
#9758 = DEFINITIONAL_REPRESENTATION('',(#9759),#9763);
#9759 = LINE('',#9760,#9761);
#9760 = CARTESIAN_POINT('',(0.,-2.));
#9761 = VECTOR('',#9762,1.);
#9762 = DIRECTION('',(1.,0.));
#9763 = ( GEOMETRIC_REPRESENTATION_CONTEXT(2) 
PARAMETRIC_REPRESENTATION_CONTEXT() REPRESENTATION_CONTEXT('2D SPACE',''
  ) );
#9764 = ORIENTED_EDGE('',*,*,#7394,.F.);
#9765 = ORIENTED_EDGE('',*,*,#9718,.T.);
#9766 = ORIENTED_EDGE('',*,*,#9767,.F.);
#9767 = EDGE_CURVE('',#9743,#9696,#9768,.T.);
#9768 = SURFACE_CURVE('',#9769,(#9774,#9781),.PCURVE_S1.);
#9769 = CIRCLE('',#9770,2.);
#9770 = AXIS2_PLACEMENT_3D('',#9771,#9772,#9773);
#9771 = CARTESIAN_POINT('',(566.,-9.,214.));
#9772 = DIRECTION('',(-0.,-0.,-1.));
#9773 = DIRECTION('',(0.,-1.,0.));
#9774 = PCURVE('',#7411,#9775);
#9775 = DEFINITIONAL_REPRESENTATION('',(#9776),#9780);
#9776 = LINE('',#9777,#9778);
#9777 = CARTESIAN_POINT('',(4.712388980385,16.));
#9778 = VECTOR('',#9779,1.);
#9779 = DIRECTION('',(-1.,0.));
#9780 = ( GEOMETRIC_REPRESENTATION_CONTEXT(2) 
PARAMETRIC_REPRESENTATION_CONTEXT() REPRESENTATION_CONTEXT('2D SPACE',''
  ) );
#9781 = PCURVE('',#9678,#9782);
#9782 = DEFINITIONAL_REPRESENTATION('',(#9783),#9791);
#9783 = ( BOUNDED_CURVE() B_SPLINE_CURVE(2,(#9784,#9785,#9786,#9787,
#9788,#9789,#9790),.UNSPECIFIED.,.T.,.F.) B_SPLINE_CURVE_WITH_KNOTS((1,2
    ,2,2,2,1),(-2.094395102393,0.,2.094395102393,4.188790204786,
6.28318530718,8.377580409573),.UNSPECIFIED.) CURVE() 
GEOMETRIC_REPRESENTATION_ITEM() RATIONAL_B_SPLINE_CURVE((1.,0.5,1.,0.5,
1.,0.5,1.)) REPRESENTATION_ITEM('') );
#9784 = CARTESIAN_POINT('',(334.,0.));
#9785 = CARTESIAN_POINT('',(330.53589838486,0.));
#9786 = CARTESIAN_POINT('',(332.26794919243,3.));
#9787 = CARTESIAN_POINT('',(334.,6.));
#9788 = CARTESIAN_POINT('',(335.73205080756,3.));
#9789 = CARTESIAN_POINT('',(337.46410161513,3.10862446895E-15));
#9790 = CARTESIAN_POINT('',(334.,0.));
#9791 = ( GEOMETRIC_REPRESENTATION_CONTEXT(2) 
PARAMETRIC_REPRESENTATION_CONTEXT() REPRESENTATION_CONTEXT('2D SPACE',''
  ) );
#9792 = ADVANCED_FACE('',(#9793),#7383,.T.);
#9793 = FACE_BOUND('',#9794,.T.);
#9794 = EDGE_LOOP('',(#9795,#9818,#9819,#9820));
#9795 = ORIENTED_EDGE('',*,*,#9796,.F.);
#9796 = EDGE_CURVE('',#9743,#9797,#9799,.T.);
#9797 = VERTEX_POINT('',#9798);
#9798 = CARTESIAN_POINT('',(568.,9.,214.));
#9799 = SURFACE_CURVE('',#9800,(#9804,#9811),.PCURVE_S1.);
#9800 = LINE('',#9801,#9802);
#9801 = CARTESIAN_POINT('',(568.,-11.,214.));
#9802 = VECTOR('',#9803,1.);
#9803 = DIRECTION('',(0.,1.,0.));
#9804 = PCURVE('',#7383,#9805);
#9805 = DEFINITIONAL_REPRESENTATION('',(#9806),#9810);
#9806 = LINE('',#9807,#9808);
#9807 = CARTESIAN_POINT('',(16.,0.));
#9808 = VECTOR('',#9809,1.);
#9809 = DIRECTION('',(0.,-1.));
#9810 = ( GEOMETRIC_REPRESENTATION_CONTEXT(2) 
PARAMETRIC_REPRESENTATION_CONTEXT() REPRESENTATION_CONTEXT('2D SPACE',''
  ) );
#9811 = PCURVE('',#9678,#9812);
#9812 = DEFINITIONAL_REPRESENTATION('',(#9813),#9817);
#9813 = LINE('',#9814,#9815);
#9814 = CARTESIAN_POINT('',(336.,0.));
#9815 = VECTOR('',#9816,1.);
#9816 = DIRECTION('',(0.,1.));
#9817 = ( GEOMETRIC_REPRESENTATION_CONTEXT(2) 
PARAMETRIC_REPRESENTATION_CONTEXT() REPRESENTATION_CONTEXT('2D SPACE',''
  ) );
#9818 = ORIENTED_EDGE('',*,*,#9742,.F.);
#9819 = ORIENTED_EDGE('',*,*,#7368,.T.);
#9820 = ORIENTED_EDGE('',*,*,#9821,.T.);
#9821 = EDGE_CURVE('',#7340,#9797,#9822,.T.);
#9822 = SURFACE_CURVE('',#9823,(#9827,#9834),.PCURVE_S1.);
#9823 = LINE('',#9824,#9825);
#9824 = CARTESIAN_POINT('',(568.,9.,198.));
#9825 = VECTOR('',#9826,1.);
#9826 = DIRECTION('',(0.,0.,1.));
#9827 = PCURVE('',#7383,#9828);
#9828 = DEFINITIONAL_REPRESENTATION('',(#9829),#9833);
#9829 = LINE('',#9830,#9831);
#9830 = CARTESIAN_POINT('',(0.,-20.));
#9831 = VECTOR('',#9832,1.);
#9832 = DIRECTION('',(1.,0.));
#9833 = ( GEOMETRIC_REPRESENTATION_CONTEXT(2) 
PARAMETRIC_REPRESENTATION_CONTEXT() REPRESENTATION_CONTEXT('2D SPACE',''
  ) );
#9834 = PCURVE('',#7356,#9835);
#9835 = DEFINITIONAL_REPRESENTATION('',(#9836),#9840);
#9836 = LINE('',#9837,#9838);
#9837 = CARTESIAN_POINT('',(0.,0.));
#9838 = VECTOR('',#9839,1.);
#9839 = DIRECTION('',(0.,1.));
#9840 = ( GEOMETRIC_REPRESENTATION_CONTEXT(2) 
PARAMETRIC_REPRESENTATION_CONTEXT() REPRESENTATION_CONTEXT('2D SPACE',''
  ) );
#9841 = ADVANCED_FACE('',(#9842),#7356,.T.);
#9842 = FACE_BOUND('',#9843,.T.);
#9843 = EDGE_LOOP('',(#9844,#9845,#9846,#9869));
#9844 = ORIENTED_EDGE('',*,*,#9821,.F.);
#9845 = ORIENTED_EDGE('',*,*,#7339,.T.);
#9846 = ORIENTED_EDGE('',*,*,#9847,.T.);
#9847 = EDGE_CURVE('',#7314,#9848,#9850,.T.);
#9848 = VERTEX_POINT('',#9849);
#9849 = CARTESIAN_POINT('',(566.,11.,214.));
#9850 = SURFACE_CURVE('',#9851,(#9855,#9862),.PCURVE_S1.);
#9851 = LINE('',#9852,#9853);
#9852 = CARTESIAN_POINT('',(566.,11.,198.));
#9853 = VECTOR('',#9854,1.);
#9854 = DIRECTION('',(0.,0.,1.));
#9855 = PCURVE('',#7356,#9856);
#9856 = DEFINITIONAL_REPRESENTATION('',(#9857),#9861);
#9857 = LINE('',#9858,#9859);
#9858 = CARTESIAN_POINT('',(1.570796326795,0.));
#9859 = VECTOR('',#9860,1.);
#9860 = DIRECTION('',(0.,1.));
#9861 = ( GEOMETRIC_REPRESENTATION_CONTEXT(2) 
PARAMETRIC_REPRESENTATION_CONTEXT() REPRESENTATION_CONTEXT('2D SPACE',''
  ) );
#9862 = PCURVE('',#7328,#9863);
#9863 = DEFINITIONAL_REPRESENTATION('',(#9864),#9868);
#9864 = LINE('',#9865,#9866);
#9865 = CARTESIAN_POINT('',(0.,334.));
#9866 = VECTOR('',#9867,1.);
#9867 = DIRECTION('',(1.,0.));
#9868 = ( GEOMETRIC_REPRESENTATION_CONTEXT(2) 
PARAMETRIC_REPRESENTATION_CONTEXT() REPRESENTATION_CONTEXT('2D SPACE',''
  ) );
#9869 = ORIENTED_EDGE('',*,*,#9870,.F.);
#9870 = EDGE_CURVE('',#9797,#9848,#9871,.T.);
#9871 = SURFACE_CURVE('',#9872,(#9877,#9884),.PCURVE_S1.);
#9872 = CIRCLE('',#9873,2.);
#9873 = AXIS2_PLACEMENT_3D('',#9874,#9875,#9876);
#9874 = CARTESIAN_POINT('',(566.,9.,214.));
#9875 = DIRECTION('',(0.,0.,1.));
#9876 = DIRECTION('',(0.,-1.,0.));
#9877 = PCURVE('',#7356,#9878);
#9878 = DEFINITIONAL_REPRESENTATION('',(#9879),#9883);
#9879 = LINE('',#9880,#9881);
#9880 = CARTESIAN_POINT('',(-1.570796326795,16.));
#9881 = VECTOR('',#9882,1.);
#9882 = DIRECTION('',(1.,0.));
#9883 = ( GEOMETRIC_REPRESENTATION_CONTEXT(2) 
PARAMETRIC_REPRESENTATION_CONTEXT() REPRESENTATION_CONTEXT('2D SPACE',''
  ) );
#9884 = PCURVE('',#9678,#9885);
#9885 = DEFINITIONAL_REPRESENTATION('',(#9886),#9890);
#9886 = CIRCLE('',#9887,2.);
#9887 = AXIS2_PLACEMENT_2D('',#9888,#9889);
#9888 = CARTESIAN_POINT('',(334.,20.));
#9889 = DIRECTION('',(0.,-1.));
#9890 = ( GEOMETRIC_REPRESENTATION_CONTEXT(2) 
PARAMETRIC_REPRESENTATION_CONTEXT() REPRESENTATION_CONTEXT('2D SPACE',''
  ) );
#9891 = ADVANCED_FACE('',(#9892),#7328,.T.);
#9892 = FACE_BOUND('',#9893,.T.);
#9893 = EDGE_LOOP('',(#9894,#9895,#9918,#9939));
#9894 = ORIENTED_EDGE('',*,*,#7313,.T.);
#9895 = ORIENTED_EDGE('',*,*,#9896,.T.);
#9896 = EDGE_CURVE('',#7285,#9897,#9899,.T.);
#9897 = VERTEX_POINT('',#9898);
#9898 = CARTESIAN_POINT('',(234.,11.,214.));
#9899 = SURFACE_CURVE('',#9900,(#9904,#9911),.PCURVE_S1.);
#9900 = LINE('',#9901,#9902);
#9901 = CARTESIAN_POINT('',(234.,11.,198.));
#9902 = VECTOR('',#9903,1.);
#9903 = DIRECTION('',(0.,0.,1.));
#9904 = PCURVE('',#7328,#9905);
#9905 = DEFINITIONAL_REPRESENTATION('',(#9906),#9910);
#9906 = LINE('',#9907,#9908);
#9907 = CARTESIAN_POINT('',(0.,2.));
#9908 = VECTOR('',#9909,1.);
#9909 = DIRECTION('',(1.,0.));
#9910 = ( GEOMETRIC_REPRESENTATION_CONTEXT(2) 
PARAMETRIC_REPRESENTATION_CONTEXT() REPRESENTATION_CONTEXT('2D SPACE',''
  ) );
#9911 = PCURVE('',#7301,#9912);
#9912 = DEFINITIONAL_REPRESENTATION('',(#9913),#9917);
#9913 = LINE('',#9914,#9915);
#9914 = CARTESIAN_POINT('',(-1.570796326795,0.));
#9915 = VECTOR('',#9916,1.);
#9916 = DIRECTION('',(-0.,1.));
#9917 = ( GEOMETRIC_REPRESENTATION_CONTEXT(2) 
PARAMETRIC_REPRESENTATION_CONTEXT() REPRESENTATION_CONTEXT('2D SPACE',''
  ) );
#9918 = ORIENTED_EDGE('',*,*,#9919,.T.);
#9919 = EDGE_CURVE('',#9897,#9848,#9920,.T.);
#9920 = SURFACE_CURVE('',#9921,(#9925,#9932),.PCURVE_S1.);
#9921 = LINE('',#9922,#9923);
#9922 = CARTESIAN_POINT('',(232.,11.,214.));
#9923 = VECTOR('',#9924,1.);
#9924 = DIRECTION('',(1.,0.,0.));
#9925 = PCURVE('',#7328,#9926);
#9926 = DEFINITIONAL_REPRESENTATION('',(#9927),#9931);
#9927 = LINE('',#9928,#9929);
#9928 = CARTESIAN_POINT('',(16.,0.));
#9929 = VECTOR('',#9930,1.);
#9930 = DIRECTION('',(0.,1.));
#9931 = ( GEOMETRIC_REPRESENTATION_CONTEXT(2) 
PARAMETRIC_REPRESENTATION_CONTEXT() REPRESENTATION_CONTEXT('2D SPACE',''
  ) );
#9932 = PCURVE('',#9678,#9933);
#9933 = DEFINITIONAL_REPRESENTATION('',(#9934),#9938);
#9934 = LINE('',#9935,#9936);
#9935 = CARTESIAN_POINT('',(0.,22.));
#9936 = VECTOR('',#9937,1.);
#9937 = DIRECTION('',(1.,0.));
#9938 = ( GEOMETRIC_REPRESENTATION_CONTEXT(2) 
PARAMETRIC_REPRESENTATION_CONTEXT() REPRESENTATION_CONTEXT('2D SPACE',''
  ) );
#9939 = ORIENTED_EDGE('',*,*,#9847,.F.);
#9940 = ADVANCED_FACE('',(#9941),#7301,.T.);
#9941 = FACE_BOUND('',#9942,.F.);
#9942 = EDGE_LOOP('',(#9943,#9966,#9967,#9968));
#9943 = ORIENTED_EDGE('',*,*,#9944,.F.);
#9944 = EDGE_CURVE('',#7259,#9945,#9947,.T.);
#9945 = VERTEX_POINT('',#9946);
#9946 = CARTESIAN_POINT('',(232.,9.,214.));
#9947 = SURFACE_CURVE('',#9948,(#9952,#9959),.PCURVE_S1.);
#9948 = LINE('',#9949,#9950);
#9949 = CARTESIAN_POINT('',(232.,9.,198.));
#9950 = VECTOR('',#9951,1.);
#9951 = DIRECTION('',(0.,0.,1.));
#9952 = PCURVE('',#7301,#9953);
#9953 = DEFINITIONAL_REPRESENTATION('',(#9954),#9958);
#9954 = LINE('',#9955,#9956);
#9955 = CARTESIAN_POINT('',(-0.,0.));
#9956 = VECTOR('',#9957,1.);
#9957 = DIRECTION('',(-0.,1.));
#9958 = ( GEOMETRIC_REPRESENTATION_CONTEXT(2) 
PARAMETRIC_REPRESENTATION_CONTEXT() REPRESENTATION_CONTEXT('2D SPACE',''
  ) );
#9959 = PCURVE('',#7273,#9960);
#9960 = DEFINITIONAL_REPRESENTATION('',(#9961),#9965);
#9961 = LINE('',#9962,#9963);
#9962 = CARTESIAN_POINT('',(0.,-20.));
#9963 = VECTOR('',#9964,1.);
#9964 = DIRECTION('',(1.,0.));
#9965 = ( GEOMETRIC_REPRESENTATION_CONTEXT(2) 
PARAMETRIC_REPRESENTATION_CONTEXT() REPRESENTATION_CONTEXT('2D SPACE',''
  ) );
#9966 = ORIENTED_EDGE('',*,*,#7284,.F.);
#9967 = ORIENTED_EDGE('',*,*,#9896,.T.);
#9968 = ORIENTED_EDGE('',*,*,#9969,.F.);
#9969 = EDGE_CURVE('',#9945,#9897,#9970,.T.);
#9970 = SURFACE_CURVE('',#9971,(#9976,#9983),.PCURVE_S1.);
#9971 = CIRCLE('',#9972,2.);
#9972 = AXIS2_PLACEMENT_3D('',#9973,#9974,#9975);
#9973 = CARTESIAN_POINT('',(234.,9.,214.));
#9974 = DIRECTION('',(-0.,-0.,-1.));
#9975 = DIRECTION('',(0.,-1.,0.));
#9976 = PCURVE('',#7301,#9977);
#9977 = DEFINITIONAL_REPRESENTATION('',(#9978),#9982);
#9978 = LINE('',#9979,#9980);
#9979 = CARTESIAN_POINT('',(1.570796326795,16.));
#9980 = VECTOR('',#9981,1.);
#9981 = DIRECTION('',(-1.,0.));
#9982 = ( GEOMETRIC_REPRESENTATION_CONTEXT(2) 
PARAMETRIC_REPRESENTATION_CONTEXT() REPRESENTATION_CONTEXT('2D SPACE',''
  ) );
#9983 = PCURVE('',#9678,#9984);
#9984 = DEFINITIONAL_REPRESENTATION('',(#9985),#9993);
#9985 = ( BOUNDED_CURVE() B_SPLINE_CURVE(2,(#9986,#9987,#9988,#9989,
#9990,#9991,#9992),.UNSPECIFIED.,.T.,.F.) B_SPLINE_CURVE_WITH_KNOTS((1,2
    ,2,2,2,1),(-2.094395102393,0.,2.094395102393,4.188790204786,
6.28318530718,8.377580409573),.UNSPECIFIED.) CURVE() 
GEOMETRIC_REPRESENTATION_ITEM() RATIONAL_B_SPLINE_CURVE((1.,0.5,1.,0.5,
1.,0.5,1.)) REPRESENTATION_ITEM('') );
#9986 = CARTESIAN_POINT('',(2.,18.));
#9987 = CARTESIAN_POINT('',(-1.464101615138,18.));
#9988 = CARTESIAN_POINT('',(0.267949192431,21.));
#9989 = CARTESIAN_POINT('',(2.,24.));
#9990 = CARTESIAN_POINT('',(3.732050807569,21.));
#9991 = CARTESIAN_POINT('',(5.464101615138,18.));
#9992 = CARTESIAN_POINT('',(2.,18.));
#9993 = ( GEOMETRIC_REPRESENTATION_CONTEXT(2) 
PARAMETRIC_REPRESENTATION_CONTEXT() REPRESENTATION_CONTEXT('2D SPACE',''
  ) );
#9994 = ADVANCED_FACE('',(#9995),#7273,.F.);
#9995 = FACE_BOUND('',#9996,.F.);
#9996 = EDGE_LOOP('',(#9997,#10018,#10019,#10020));
#9997 = ORIENTED_EDGE('',*,*,#9998,.F.);
#9998 = EDGE_CURVE('',#9617,#9945,#9999,.T.);
#9999 = SURFACE_CURVE('',#10000,(#10004,#10011),.PCURVE_S1.);
#10000 = LINE('',#10001,#10002);
#10001 = CARTESIAN_POINT('',(232.,-11.,214.));
#10002 = VECTOR('',#10003,1.);
#10003 = DIRECTION('',(0.,1.,0.));
#10004 = PCURVE('',#7273,#10005);
#10005 = DEFINITIONAL_REPRESENTATION('',(#10006),#10010);
#10006 = LINE('',#10007,#10008);
#10007 = CARTESIAN_POINT('',(16.,0.));
#10008 = VECTOR('',#10009,1.);
#10009 = DIRECTION('',(0.,-1.));
#10010 = ( GEOMETRIC_REPRESENTATION_CONTEXT(2) 
PARAMETRIC_REPRESENTATION_CONTEXT() REPRESENTATION_CONTEXT('2D SPACE',''
  ) );
#10011 = PCURVE('',#9678,#10012);
#10012 = DEFINITIONAL_REPRESENTATION('',(#10013),#10017);
#10013 = LINE('',#10014,#10015);
#10014 = CARTESIAN_POINT('',(0.,0.));
#10015 = VECTOR('',#10016,1.);
#10016 = DIRECTION('',(0.,1.));
#10017 = ( GEOMETRIC_REPRESENTATION_CONTEXT(2) 
PARAMETRIC_REPRESENTATION_CONTEXT() REPRESENTATION_CONTEXT('2D SPACE',''
  ) );
#10018 = ORIENTED_EDGE('',*,*,#9616,.F.);
#10019 = ORIENTED_EDGE('',*,*,#7258,.T.);
#10020 = ORIENTED_EDGE('',*,*,#9944,.T.);
#10021 = ADVANCED_FACE('',(#10022),#7584,.T.);
#10022 = FACE_BOUND('',#10023,.T.);
#10023 = EDGE_LOOP('',(#10024,#10025));
#10024 = ORIENTED_EDGE('',*,*,#9086,.F.);
#10025 = ORIENTED_EDGE('',*,*,#7567,.T.);
#10026 = ADVANCED_FACE('',(#10027),#7638,.T.);
#10027 = FACE_BOUND('',#10028,.T.);
#10028 = EDGE_LOOP('',(#10029,#10030,#10053,#10076));
#10029 = ORIENTED_EDGE('',*,*,#7620,.F.);
#10030 = ORIENTED_EDGE('',*,*,#10031,.F.);
#10031 = EDGE_CURVE('',#10032,#7621,#10034,.T.);
#10032 = VERTEX_POINT('',#10033);
#10033 = CARTESIAN_POINT('',(-187.,-132.,3.));
#10034 = SURFACE_CURVE('',#10035,(#10039,#10046),.PCURVE_S1.);
#10035 = LINE('',#10036,#10037);
#10036 = CARTESIAN_POINT('',(-187.,-132.,3.));
#10037 = VECTOR('',#10038,1.);
#10038 = DIRECTION('',(0.,0.,1.));
#10039 = PCURVE('',#7638,#10040);
#10040 = DEFINITIONAL_REPRESENTATION('',(#10041),#10045);
#10041 = LINE('',#10042,#10043);
#10042 = CARTESIAN_POINT('',(0.,-5.));
#10043 = VECTOR('',#10044,1.);
#10044 = DIRECTION('',(1.,0.));
#10045 = ( GEOMETRIC_REPRESENTATION_CONTEXT(2) 
PARAMETRIC_REPRESENTATION_CONTEXT() REPRESENTATION_CONTEXT('2D SPACE',''
  ) );
#10046 = PCURVE('',#7667,#10047);
#10047 = DEFINITIONAL_REPRESENTATION('',(#10048),#10052);
#10048 = LINE('',#10049,#10050);
#10049 = CARTESIAN_POINT('',(0.,0.));
#10050 = VECTOR('',#10051,1.);
#10051 = DIRECTION('',(0.,1.));
#10052 = ( GEOMETRIC_REPRESENTATION_CONTEXT(2) 
PARAMETRIC_REPRESENTATION_CONTEXT() REPRESENTATION_CONTEXT('2D SPACE',''
  ) );
#10053 = ORIENTED_EDGE('',*,*,#10054,.T.);
#10054 = EDGE_CURVE('',#10032,#10055,#10057,.T.);
#10055 = VERTEX_POINT('',#10056);
#10056 = CARTESIAN_POINT('',(-187.,132.,3.));
#10057 = SURFACE_CURVE('',#10058,(#10062,#10069),.PCURVE_S1.);
#10058 = LINE('',#10059,#10060);
#10059 = CARTESIAN_POINT('',(-187.,-137.,3.));
#10060 = VECTOR('',#10061,1.);
#10061 = DIRECTION('',(0.,1.,0.));
#10062 = PCURVE('',#7638,#10063);
#10063 = DEFINITIONAL_REPRESENTATION('',(#10064),#10068);
#10064 = LINE('',#10065,#10066);
#10065 = CARTESIAN_POINT('',(0.,0.));
#10066 = VECTOR('',#10067,1.);
#10067 = DIRECTION('',(0.,-1.));
#10068 = ( GEOMETRIC_REPRESENTATION_CONTEXT(2) 
PARAMETRIC_REPRESENTATION_CONTEXT() REPRESENTATION_CONTEXT('2D SPACE',''
  ) );
#10069 = PCURVE('',#8747,#10070);
#10070 = DEFINITIONAL_REPRESENTATION('',(#10071),#10075);
#10071 = LINE('',#10072,#10073);
#10072 = CARTESIAN_POINT('',(0.,0.));
#10073 = VECTOR('',#10074,1.);
#10074 = DIRECTION('',(0.,1.));
#10075 = ( GEOMETRIC_REPRESENTATION_CONTEXT(2) 
PARAMETRIC_REPRESENTATION_CONTEXT() REPRESENTATION_CONTEXT('2D SPACE',''
  ) );
#10076 = ORIENTED_EDGE('',*,*,#10077,.T.);
#10077 = EDGE_CURVE('',#10055,#7623,#10078,.T.);
#10078 = SURFACE_CURVE('',#10079,(#10083,#10090),.PCURVE_S1.);
#10079 = LINE('',#10080,#10081);
#10080 = CARTESIAN_POINT('',(-187.,132.,3.));
#10081 = VECTOR('',#10082,1.);
#10082 = DIRECTION('',(0.,0.,1.));
#10083 = PCURVE('',#7638,#10084);
#10084 = DEFINITIONAL_REPRESENTATION('',(#10085),#10089);
#10085 = LINE('',#10086,#10087);
#10086 = CARTESIAN_POINT('',(0.,-269.));
#10087 = VECTOR('',#10088,1.);
#10088 = DIRECTION('',(1.,0.));
#10089 = ( GEOMETRIC_REPRESENTATION_CONTEXT(2) 
PARAMETRIC_REPRESENTATION_CONTEXT() REPRESENTATION_CONTEXT('2D SPACE',''
  ) );
#10090 = PCURVE('',#7834,#10091);
#10091 = DEFINITIONAL_REPRESENTATION('',(#10092),#10096);
#10092 = LINE('',#10093,#10094);
#10093 = CARTESIAN_POINT('',(-0.,0.));
#10094 = VECTOR('',#10095,1.);
#10095 = DIRECTION('',(-0.,1.));
#10096 = ( GEOMETRIC_REPRESENTATION_CONTEXT(2) 
PARAMETRIC_REPRESENTATION_CONTEXT() REPRESENTATION_CONTEXT('2D SPACE',''
  ) );
#10097 = ADVANCED_FACE('',(#10098),#7667,.F.);
#10098 = FACE_BOUND('',#10099,.F.);
#10099 = EDGE_LOOP('',(#10100,#10122,#10123,#10124));
#10100 = ORIENTED_EDGE('',*,*,#10101,.T.);
#10101 = EDGE_CURVE('',#10032,#8730,#10102,.T.);
#10102 = SURFACE_CURVE('',#10103,(#10108,#10115),.PCURVE_S1.);
#10103 = CIRCLE('',#10104,5.);
#10104 = AXIS2_PLACEMENT_3D('',#10105,#10106,#10107);
#10105 = CARTESIAN_POINT('',(-182.,-132.,3.));
#10106 = DIRECTION('',(0.,0.,1.));
#10107 = DIRECTION('',(0.,-1.,0.));
#10108 = PCURVE('',#7667,#10109);
#10109 = DEFINITIONAL_REPRESENTATION('',(#10110),#10114);
#10110 = LINE('',#10111,#10112);
#10111 = CARTESIAN_POINT('',(-4.712388980385,0.));
#10112 = VECTOR('',#10113,1.);
#10113 = DIRECTION('',(1.,0.));
#10114 = ( GEOMETRIC_REPRESENTATION_CONTEXT(2) 
PARAMETRIC_REPRESENTATION_CONTEXT() REPRESENTATION_CONTEXT('2D SPACE',''
  ) );
#10115 = PCURVE('',#8747,#10116);
#10116 = DEFINITIONAL_REPRESENTATION('',(#10117),#10121);
#10117 = CIRCLE('',#10118,5.);
#10118 = AXIS2_PLACEMENT_2D('',#10119,#10120);
#10119 = CARTESIAN_POINT('',(5.,5.));
#10120 = DIRECTION('',(0.,-1.));
#10121 = ( GEOMETRIC_REPRESENTATION_CONTEXT(2) 
PARAMETRIC_REPRESENTATION_CONTEXT() REPRESENTATION_CONTEXT('2D SPACE',''
  ) );
#10122 = ORIENTED_EDGE('',*,*,#8759,.T.);
#10123 = ORIENTED_EDGE('',*,*,#7650,.F.);
#10124 = ORIENTED_EDGE('',*,*,#10031,.F.);
#10125 = ADVANCED_FACE('',(#10126),#7723,.F.);
#10126 = FACE_BOUND('',#10127,.T.);
#10127 = EDGE_LOOP('',(#10128,#10156,#10157,#10158));
#10128 = ORIENTED_EDGE('',*,*,#10129,.T.);
#10129 = EDGE_CURVE('',#10130,#8732,#10132,.T.);
#10130 = VERTEX_POINT('',#10131);
#10131 = CARTESIAN_POINT('',(187.,-132.,3.));
#10132 = SURFACE_CURVE('',#10133,(#10138,#10145),.PCURVE_S1.);
#10133 = CIRCLE('',#10134,5.);
#10134 = AXIS2_PLACEMENT_3D('',#10135,#10136,#10137);
#10135 = CARTESIAN_POINT('',(182.,-132.,3.));
#10136 = DIRECTION('',(-0.,-0.,-1.));
#10137 = DIRECTION('',(0.,-1.,0.));
#10138 = PCURVE('',#7723,#10139);
#10139 = DEFINITIONAL_REPRESENTATION('',(#10140),#10144);
#10140 = LINE('',#10141,#10142);
#10141 = CARTESIAN_POINT('',(4.712388980385,-0.));
#10142 = VECTOR('',#10143,1.);
#10143 = DIRECTION('',(-1.,0.));
#10144 = ( GEOMETRIC_REPRESENTATION_CONTEXT(2) 
PARAMETRIC_REPRESENTATION_CONTEXT() REPRESENTATION_CONTEXT('2D SPACE',''
  ) );
#10145 = PCURVE('',#8747,#10146);
#10146 = DEFINITIONAL_REPRESENTATION('',(#10147),#10155);
#10147 = ( BOUNDED_CURVE() B_SPLINE_CURVE(2,(#10148,#10149,#10150,#10151
    ,#10152,#10153,#10154),.UNSPECIFIED.,.T.,.F.) 
B_SPLINE_CURVE_WITH_KNOTS((1,2,2,2,2,1),(-2.094395102393,0.,
    2.094395102393,4.188790204786,6.28318530718,8.377580409573),
.UNSPECIFIED.) CURVE() GEOMETRIC_REPRESENTATION_ITEM() 
RATIONAL_B_SPLINE_CURVE((1.,0.5,1.,0.5,1.,0.5,1.)) REPRESENTATION_ITEM(
  '') );
#10148 = CARTESIAN_POINT('',(369.,0.));
#10149 = CARTESIAN_POINT('',(360.33974596215,0.));
#10150 = CARTESIAN_POINT('',(364.66987298107,7.5));
#10151 = CARTESIAN_POINT('',(369.,15.));
#10152 = CARTESIAN_POINT('',(373.33012701892,7.5));
#10153 = CARTESIAN_POINT('',(377.66025403784,7.993605777301E-15));
#10154 = CARTESIAN_POINT('',(369.,0.));
#10155 = ( GEOMETRIC_REPRESENTATION_CONTEXT(2) 
PARAMETRIC_REPRESENTATION_CONTEXT() REPRESENTATION_CONTEXT('2D SPACE',''
  ) );
#10156 = ORIENTED_EDGE('',*,*,#8781,.T.);
#10157 = ORIENTED_EDGE('',*,*,#7702,.F.);
#10158 = ORIENTED_EDGE('',*,*,#10159,.F.);
#10159 = EDGE_CURVE('',#10130,#7703,#10160,.T.);
#10160 = SURFACE_CURVE('',#10161,(#10165,#10172),.PCURVE_S1.);
#10161 = LINE('',#10162,#10163);
#10162 = CARTESIAN_POINT('',(187.,-132.,3.));
#10163 = VECTOR('',#10164,1.);
#10164 = DIRECTION('',(0.,0.,1.));
#10165 = PCURVE('',#7723,#10166);
#10166 = DEFINITIONAL_REPRESENTATION('',(#10167),#10171);
#10167 = LINE('',#10168,#10169);
#10168 = CARTESIAN_POINT('',(-0.,0.));
#10169 = VECTOR('',#10170,1.);
#10170 = DIRECTION('',(-0.,1.));
#10171 = ( GEOMETRIC_REPRESENTATION_CONTEXT(2) 
PARAMETRIC_REPRESENTATION_CONTEXT() REPRESENTATION_CONTEXT('2D SPACE',''
  ) );
#10172 = PCURVE('',#7751,#10173);
#10173 = DEFINITIONAL_REPRESENTATION('',(#10174),#10178);
#10174 = LINE('',#10175,#10176);
#10175 = CARTESIAN_POINT('',(0.,-5.));
#10176 = VECTOR('',#10177,1.);
#10177 = DIRECTION('',(1.,0.));
#10178 = ( GEOMETRIC_REPRESENTATION_CONTEXT(2) 
PARAMETRIC_REPRESENTATION_CONTEXT() REPRESENTATION_CONTEXT('2D SPACE',''
  ) );
#10179 = ADVANCED_FACE('',(#10180),#7751,.F.);
#10180 = FACE_BOUND('',#10181,.F.);
#10181 = EDGE_LOOP('',(#10182,#10183,#10184,#10207));
#10182 = ORIENTED_EDGE('',*,*,#7735,.F.);
#10183 = ORIENTED_EDGE('',*,*,#10159,.F.);
#10184 = ORIENTED_EDGE('',*,*,#10185,.T.);
#10185 = EDGE_CURVE('',#10130,#10186,#10188,.T.);
#10186 = VERTEX_POINT('',#10187);
#10187 = CARTESIAN_POINT('',(187.,132.,3.));
#10188 = SURFACE_CURVE('',#10189,(#10193,#10200),.PCURVE_S1.);
#10189 = LINE('',#10190,#10191);
#10190 = CARTESIAN_POINT('',(187.,-137.,3.));
#10191 = VECTOR('',#10192,1.);
#10192 = DIRECTION('',(0.,1.,0.));
#10193 = PCURVE('',#7751,#10194);
#10194 = DEFINITIONAL_REPRESENTATION('',(#10195),#10199);
#10195 = LINE('',#10196,#10197);
#10196 = CARTESIAN_POINT('',(0.,0.));
#10197 = VECTOR('',#10198,1.);
#10198 = DIRECTION('',(0.,-1.));
#10199 = ( GEOMETRIC_REPRESENTATION_CONTEXT(2) 
PARAMETRIC_REPRESENTATION_CONTEXT() REPRESENTATION_CONTEXT('2D SPACE',''
  ) );
#10200 = PCURVE('',#8747,#10201);
#10201 = DEFINITIONAL_REPRESENTATION('',(#10202),#10206);
#10202 = LINE('',#10203,#10204);
#10203 = CARTESIAN_POINT('',(374.,0.));
#10204 = VECTOR('',#10205,1.);
#10205 = DIRECTION('',(0.,1.));
#10206 = ( GEOMETRIC_REPRESENTATION_CONTEXT(2) 
PARAMETRIC_REPRESENTATION_CONTEXT() REPRESENTATION_CONTEXT('2D SPACE',''
  ) );
#10207 = ORIENTED_EDGE('',*,*,#10208,.T.);
#10208 = EDGE_CURVE('',#10186,#7736,#10209,.T.);
#10209 = SURFACE_CURVE('',#10210,(#10214,#10221),.PCURVE_S1.);
#10210 = LINE('',#10211,#10212);
#10211 = CARTESIAN_POINT('',(187.,132.,3.));
#10212 = VECTOR('',#10213,1.);
#10213 = DIRECTION('',(0.,0.,1.));
#10214 = PCURVE('',#7751,#10215);
#10215 = DEFINITIONAL_REPRESENTATION('',(#10216),#10220);
#10216 = LINE('',#10217,#10218);
#10217 = CARTESIAN_POINT('',(0.,-269.));
#10218 = VECTOR('',#10219,1.);
#10219 = DIRECTION('',(1.,0.));
#10220 = ( GEOMETRIC_REPRESENTATION_CONTEXT(2) 
PARAMETRIC_REPRESENTATION_CONTEXT() REPRESENTATION_CONTEXT('2D SPACE',''
  ) );
#10221 = PCURVE('',#7780,#10222);
#10222 = DEFINITIONAL_REPRESENTATION('',(#10223),#10227);
#10223 = LINE('',#10224,#10225);
#10224 = CARTESIAN_POINT('',(0.,0.));
#10225 = VECTOR('',#10226,1.);
#10226 = DIRECTION('',(0.,1.));
#10227 = ( GEOMETRIC_REPRESENTATION_CONTEXT(2) 
PARAMETRIC_REPRESENTATION_CONTEXT() REPRESENTATION_CONTEXT('2D SPACE',''
  ) );
#10228 = ADVANCED_FACE('',(#10229),#7780,.F.);
#10229 = FACE_BOUND('',#10230,.F.);
#10230 = EDGE_LOOP('',(#10231,#10253,#10254,#10255));
#10231 = ORIENTED_EDGE('',*,*,#10232,.T.);
#10232 = EDGE_CURVE('',#10186,#8841,#10233,.T.);
#10233 = SURFACE_CURVE('',#10234,(#10239,#10246),.PCURVE_S1.);
#10234 = CIRCLE('',#10235,5.);
#10235 = AXIS2_PLACEMENT_3D('',#10236,#10237,#10238);
#10236 = CARTESIAN_POINT('',(182.,132.,3.));
#10237 = DIRECTION('',(0.,0.,1.));
#10238 = DIRECTION('',(0.,-1.,0.));
#10239 = PCURVE('',#7780,#10240);
#10240 = DEFINITIONAL_REPRESENTATION('',(#10241),#10245);
#10241 = LINE('',#10242,#10243);
#10242 = CARTESIAN_POINT('',(-1.570796326795,0.));
#10243 = VECTOR('',#10244,1.);
#10244 = DIRECTION('',(1.,0.));
#10245 = ( GEOMETRIC_REPRESENTATION_CONTEXT(2) 
PARAMETRIC_REPRESENTATION_CONTEXT() REPRESENTATION_CONTEXT('2D SPACE',''
  ) );
#10246 = PCURVE('',#8747,#10247);
#10247 = DEFINITIONAL_REPRESENTATION('',(#10248),#10252);
#10248 = CIRCLE('',#10249,5.);
#10249 = AXIS2_PLACEMENT_2D('',#10250,#10251);
#10250 = CARTESIAN_POINT('',(369.,269.));
#10251 = DIRECTION('',(0.,-1.));
#10252 = ( GEOMETRIC_REPRESENTATION_CONTEXT(2) 
PARAMETRIC_REPRESENTATION_CONTEXT() REPRESENTATION_CONTEXT('2D SPACE',''
  ) );
#10253 = ORIENTED_EDGE('',*,*,#8885,.T.);
#10254 = ORIENTED_EDGE('',*,*,#7763,.F.);
#10255 = ORIENTED_EDGE('',*,*,#10208,.F.);
#10256 = ADVANCED_FACE('',(#10257),#7834,.F.);
#10257 = FACE_BOUND('',#10258,.T.);
#10258 = EDGE_LOOP('',(#10259,#10285,#10286,#10287));
#10259 = ORIENTED_EDGE('',*,*,#10260,.T.);
#10260 = EDGE_CURVE('',#10055,#8839,#10261,.T.);
#10261 = SURFACE_CURVE('',#10262,(#10267,#10274),.PCURVE_S1.);
#10262 = CIRCLE('',#10263,5.);
#10263 = AXIS2_PLACEMENT_3D('',#10264,#10265,#10266);
#10264 = CARTESIAN_POINT('',(-182.,132.,3.));
#10265 = DIRECTION('',(-0.,-0.,-1.));
#10266 = DIRECTION('',(0.,-1.,0.));
#10267 = PCURVE('',#7834,#10268);
#10268 = DEFINITIONAL_REPRESENTATION('',(#10269),#10273);
#10269 = LINE('',#10270,#10271);
#10270 = CARTESIAN_POINT('',(1.570796326795,-0.));
#10271 = VECTOR('',#10272,1.);
#10272 = DIRECTION('',(-1.,0.));
#10273 = ( GEOMETRIC_REPRESENTATION_CONTEXT(2) 
PARAMETRIC_REPRESENTATION_CONTEXT() REPRESENTATION_CONTEXT('2D SPACE',''
  ) );
#10274 = PCURVE('',#8747,#10275);
#10275 = DEFINITIONAL_REPRESENTATION('',(#10276),#10284);
#10276 = ( BOUNDED_CURVE() B_SPLINE_CURVE(2,(#10277,#10278,#10279,#10280
    ,#10281,#10282,#10283),.UNSPECIFIED.,.T.,.F.) 
B_SPLINE_CURVE_WITH_KNOTS((1,2,2,2,2,1),(-2.094395102393,0.,
    2.094395102393,4.188790204786,6.28318530718,8.377580409573),
.UNSPECIFIED.) CURVE() GEOMETRIC_REPRESENTATION_ITEM() 
RATIONAL_B_SPLINE_CURVE((1.,0.5,1.,0.5,1.,0.5,1.)) REPRESENTATION_ITEM(
  '') );
#10277 = CARTESIAN_POINT('',(5.,264.));
#10278 = CARTESIAN_POINT('',(-3.660254037844,264.));
#10279 = CARTESIAN_POINT('',(0.669872981078,271.5));
#10280 = CARTESIAN_POINT('',(5.,279.));
#10281 = CARTESIAN_POINT('',(9.330127018922,271.5));
#10282 = CARTESIAN_POINT('',(13.660254037844,264.));
#10283 = CARTESIAN_POINT('',(5.,264.));
#10284 = ( GEOMETRIC_REPRESENTATION_CONTEXT(2) 
PARAMETRIC_REPRESENTATION_CONTEXT() REPRESENTATION_CONTEXT('2D SPACE',''
  ) );
#10285 = ORIENTED_EDGE('',*,*,#8863,.T.);
#10286 = ORIENTED_EDGE('',*,*,#7815,.F.);
#10287 = ORIENTED_EDGE('',*,*,#10077,.F.);
#10288 = ADVANCED_FACE('',(#10289),#7894,.T.);
#10289 = FACE_BOUND('',#10290,.T.);
#10290 = EDGE_LOOP('',(#10291,#10314,#10315,#10338));
#10291 = ORIENTED_EDGE('',*,*,#10292,.F.);
#10292 = EDGE_CURVE('',#7877,#10293,#10295,.T.);
#10293 = VERTEX_POINT('',#10294);
#10294 = CARTESIAN_POINT('',(-97.,-18.,0.));
#10295 = SURFACE_CURVE('',#10296,(#10300,#10307),.PCURVE_S1.);
#10296 = LINE('',#10297,#10298);
#10297 = CARTESIAN_POINT('',(-97.,-18.,-112.));
#10298 = VECTOR('',#10299,1.);
#10299 = DIRECTION('',(0.,0.,1.));
#10300 = PCURVE('',#7894,#10301);
#10301 = DEFINITIONAL_REPRESENTATION('',(#10302),#10306);
#10302 = LINE('',#10303,#10304);
#10303 = CARTESIAN_POINT('',(0.,0.));
#10304 = VECTOR('',#10305,1.);
#10305 = DIRECTION('',(1.,0.));
#10306 = ( GEOMETRIC_REPRESENTATION_CONTEXT(2) 
PARAMETRIC_REPRESENTATION_CONTEXT() REPRESENTATION_CONTEXT('2D SPACE',''
  ) );
#10307 = PCURVE('',#7976,#10308);
#10308 = DEFINITIONAL_REPRESENTATION('',(#10309),#10313);
#10309 = LINE('',#10310,#10311);
#10310 = CARTESIAN_POINT('',(0.,0.));
#10311 = VECTOR('',#10312,1.);
#10312 = DIRECTION('',(1.,0.));
#10313 = ( GEOMETRIC_REPRESENTATION_CONTEXT(2) 
PARAMETRIC_REPRESENTATION_CONTEXT() REPRESENTATION_CONTEXT('2D SPACE',''
  ) );
#10314 = ORIENTED_EDGE('',*,*,#7876,.T.);
#10315 = ORIENTED_EDGE('',*,*,#10316,.T.);
#10316 = EDGE_CURVE('',#7879,#10317,#10319,.T.);
#10317 = VERTEX_POINT('',#10318);
#10318 = CARTESIAN_POINT('',(-97.,18.,0.));
#10319 = SURFACE_CURVE('',#10320,(#10324,#10331),.PCURVE_S1.);
#10320 = LINE('',#10321,#10322);
#10321 = CARTESIAN_POINT('',(-97.,18.,-112.));
#10322 = VECTOR('',#10323,1.);
#10323 = DIRECTION('',(0.,0.,1.));
#10324 = PCURVE('',#7894,#10325);
#10325 = DEFINITIONAL_REPRESENTATION('',(#10326),#10330);
#10326 = LINE('',#10327,#10328);
#10327 = CARTESIAN_POINT('',(0.,-36.));
#10328 = VECTOR('',#10329,1.);
#10329 = DIRECTION('',(1.,0.));
#10330 = ( GEOMETRIC_REPRESENTATION_CONTEXT(2) 
PARAMETRIC_REPRESENTATION_CONTEXT() REPRESENTATION_CONTEXT('2D SPACE',''
  ) );
#10331 = PCURVE('',#7922,#10332);
#10332 = DEFINITIONAL_REPRESENTATION('',(#10333),#10337);
#10333 = LINE('',#10334,#10335);
#10334 = CARTESIAN_POINT('',(0.,0.));
#10335 = VECTOR('',#10336,1.);
#10336 = DIRECTION('',(1.,0.));
#10337 = ( GEOMETRIC_REPRESENTATION_CONTEXT(2) 
PARAMETRIC_REPRESENTATION_CONTEXT() REPRESENTATION_CONTEXT('2D SPACE',''
  ) );
#10338 = ORIENTED_EDGE('',*,*,#10339,.F.);
#10339 = EDGE_CURVE('',#10293,#10317,#10340,.T.);
#10340 = SURFACE_CURVE('',#10341,(#10345,#10352),.PCURVE_S1.);
#10341 = LINE('',#10342,#10343);
#10342 = CARTESIAN_POINT('',(-97.,-18.,0.));
#10343 = VECTOR('',#10344,1.);
#10344 = DIRECTION('',(0.,1.,0.));
#10345 = PCURVE('',#7894,#10346);
#10346 = DEFINITIONAL_REPRESENTATION('',(#10347),#10351);
#10347 = LINE('',#10348,#10349);
#10348 = CARTESIAN_POINT('',(112.,0.));
#10349 = VECTOR('',#10350,1.);
#10350 = DIRECTION('',(0.,-1.));
#10351 = ( GEOMETRIC_REPRESENTATION_CONTEXT(2) 
PARAMETRIC_REPRESENTATION_CONTEXT() REPRESENTATION_CONTEXT('2D SPACE',''
  ) );
#10352 = PCURVE('',#10353,#10358);
#10353 = PLANE('',#10354);
#10354 = AXIS2_PLACEMENT_3D('',#10355,#10356,#10357);
#10355 = CARTESIAN_POINT('',(-97.,-18.,0.));
#10356 = DIRECTION('',(0.,0.,1.));
#10357 = DIRECTION('',(1.,0.,0.));
#10358 = DEFINITIONAL_REPRESENTATION('',(#10359),#10363);
#10359 = LINE('',#10360,#10361);
#10360 = CARTESIAN_POINT('',(0.,0.));
#10361 = VECTOR('',#10362,1.);
#10362 = DIRECTION('',(0.,1.));
#10363 = ( GEOMETRIC_REPRESENTATION_CONTEXT(2) 
PARAMETRIC_REPRESENTATION_CONTEXT() REPRESENTATION_CONTEXT('2D SPACE',''
  ) );
#10364 = ADVANCED_FACE('',(#10365),#7976,.T.);
#10365 = FACE_BOUND('',#10366,.T.);
#10366 = EDGE_LOOP('',(#10367,#10368,#10369,#10392));
#10367 = ORIENTED_EDGE('',*,*,#7962,.F.);
#10368 = ORIENTED_EDGE('',*,*,#10292,.T.);
#10369 = ORIENTED_EDGE('',*,*,#10370,.T.);
#10370 = EDGE_CURVE('',#10293,#10371,#10373,.T.);
#10371 = VERTEX_POINT('',#10372);
#10372 = CARTESIAN_POINT('',(17.,-18.,0.));
#10373 = SURFACE_CURVE('',#10374,(#10378,#10385),.PCURVE_S1.);
#10374 = LINE('',#10375,#10376);
#10375 = CARTESIAN_POINT('',(-97.,-18.,0.));
#10376 = VECTOR('',#10377,1.);
#10377 = DIRECTION('',(1.,0.,0.));
#10378 = PCURVE('',#7976,#10379);
#10379 = DEFINITIONAL_REPRESENTATION('',(#10380),#10384);
#10380 = LINE('',#10381,#10382);
#10381 = CARTESIAN_POINT('',(112.,0.));
#10382 = VECTOR('',#10383,1.);
#10383 = DIRECTION('',(0.,1.));
#10384 = ( GEOMETRIC_REPRESENTATION_CONTEXT(2) 
PARAMETRIC_REPRESENTATION_CONTEXT() REPRESENTATION_CONTEXT('2D SPACE',''
  ) );
#10385 = PCURVE('',#10353,#10386);
#10386 = DEFINITIONAL_REPRESENTATION('',(#10387),#10391);
#10387 = LINE('',#10388,#10389);
#10388 = CARTESIAN_POINT('',(0.,0.));
#10389 = VECTOR('',#10390,1.);
#10390 = DIRECTION('',(1.,0.));
#10391 = ( GEOMETRIC_REPRESENTATION_CONTEXT(2) 
PARAMETRIC_REPRESENTATION_CONTEXT() REPRESENTATION_CONTEXT('2D SPACE',''
  ) );
#10392 = ORIENTED_EDGE('',*,*,#10393,.F.);
#10393 = EDGE_CURVE('',#7935,#10371,#10394,.T.);
#10394 = SURFACE_CURVE('',#10395,(#10399,#10406),.PCURVE_S1.);
#10395 = LINE('',#10396,#10397);
#10396 = CARTESIAN_POINT('',(17.,-18.,-112.));
#10397 = VECTOR('',#10398,1.);
#10398 = DIRECTION('',(0.,0.,1.));
#10399 = PCURVE('',#7976,#10400);
#10400 = DEFINITIONAL_REPRESENTATION('',(#10401),#10405);
#10401 = LINE('',#10402,#10403);
#10402 = CARTESIAN_POINT('',(0.,114.));
#10403 = VECTOR('',#10404,1.);
#10404 = DIRECTION('',(1.,0.));
#10405 = ( GEOMETRIC_REPRESENTATION_CONTEXT(2) 
PARAMETRIC_REPRESENTATION_CONTEXT() REPRESENTATION_CONTEXT('2D SPACE',''
  ) );
#10406 = PCURVE('',#7950,#10407);
#10407 = DEFINITIONAL_REPRESENTATION('',(#10408),#10412);
#10408 = LINE('',#10409,#10410);
#10409 = CARTESIAN_POINT('',(0.,0.));
#10410 = VECTOR('',#10411,1.);
#10411 = DIRECTION('',(1.,0.));
#10412 = ( GEOMETRIC_REPRESENTATION_CONTEXT(2) 
PARAMETRIC_REPRESENTATION_CONTEXT() REPRESENTATION_CONTEXT('2D SPACE',''
  ) );
#10413 = ADVANCED_FACE('',(#10414),#7950,.F.);
#10414 = FACE_BOUND('',#10415,.F.);
#10415 = EDGE_LOOP('',(#10416,#10417,#10418,#10441));
#10416 = ORIENTED_EDGE('',*,*,#10393,.F.);
#10417 = ORIENTED_EDGE('',*,*,#7934,.T.);
#10418 = ORIENTED_EDGE('',*,*,#10419,.T.);
#10419 = EDGE_CURVE('',#7907,#10420,#10422,.T.);
#10420 = VERTEX_POINT('',#10421);
#10421 = CARTESIAN_POINT('',(17.,18.,0.));
#10422 = SURFACE_CURVE('',#10423,(#10427,#10434),.PCURVE_S1.);
#10423 = LINE('',#10424,#10425);
#10424 = CARTESIAN_POINT('',(17.,18.,-112.));
#10425 = VECTOR('',#10426,1.);
#10426 = DIRECTION('',(0.,0.,1.));
#10427 = PCURVE('',#7950,#10428);
#10428 = DEFINITIONAL_REPRESENTATION('',(#10429),#10433);
#10429 = LINE('',#10430,#10431);
#10430 = CARTESIAN_POINT('',(0.,-36.));
#10431 = VECTOR('',#10432,1.);
#10432 = DIRECTION('',(1.,0.));
#10433 = ( GEOMETRIC_REPRESENTATION_CONTEXT(2) 
PARAMETRIC_REPRESENTATION_CONTEXT() REPRESENTATION_CONTEXT('2D SPACE',''
  ) );
#10434 = PCURVE('',#7922,#10435);
#10435 = DEFINITIONAL_REPRESENTATION('',(#10436),#10440);
#10436 = LINE('',#10437,#10438);
#10437 = CARTESIAN_POINT('',(0.,114.));
#10438 = VECTOR('',#10439,1.);
#10439 = DIRECTION('',(1.,0.));
#10440 = ( GEOMETRIC_REPRESENTATION_CONTEXT(2) 
PARAMETRIC_REPRESENTATION_CONTEXT() REPRESENTATION_CONTEXT('2D SPACE',''
  ) );
#10441 = ORIENTED_EDGE('',*,*,#10442,.F.);
#10442 = EDGE_CURVE('',#10371,#10420,#10443,.T.);
#10443 = SURFACE_CURVE('',#10444,(#10448,#10455),.PCURVE_S1.);
#10444 = LINE('',#10445,#10446);
#10445 = CARTESIAN_POINT('',(17.,-18.,0.));
#10446 = VECTOR('',#10447,1.);
#10447 = DIRECTION('',(0.,1.,0.));
#10448 = PCURVE('',#7950,#10449);
#10449 = DEFINITIONAL_REPRESENTATION('',(#10450),#10454);
#10450 = LINE('',#10451,#10452);
#10451 = CARTESIAN_POINT('',(112.,0.));
#10452 = VECTOR('',#10453,1.);
#10453 = DIRECTION('',(0.,-1.));
#10454 = ( GEOMETRIC_REPRESENTATION_CONTEXT(2) 
PARAMETRIC_REPRESENTATION_CONTEXT() REPRESENTATION_CONTEXT('2D SPACE',''
  ) );
#10455 = PCURVE('',#10353,#10456);
#10456 = DEFINITIONAL_REPRESENTATION('',(#10457),#10461);
#10457 = LINE('',#10458,#10459);
#10458 = CARTESIAN_POINT('',(114.,0.));
#10459 = VECTOR('',#10460,1.);
#10460 = DIRECTION('',(0.,1.));
#10461 = ( GEOMETRIC_REPRESENTATION_CONTEXT(2) 
PARAMETRIC_REPRESENTATION_CONTEXT() REPRESENTATION_CONTEXT('2D SPACE',''
  ) );
#10462 = ADVANCED_FACE('',(#10463),#7922,.F.);
#10463 = FACE_BOUND('',#10464,.F.);
#10464 = EDGE_LOOP('',(#10465,#10466,#10467,#10488));
#10465 = ORIENTED_EDGE('',*,*,#7906,.F.);
#10466 = ORIENTED_EDGE('',*,*,#10316,.T.);
#10467 = ORIENTED_EDGE('',*,*,#10468,.T.);
#10468 = EDGE_CURVE('',#10317,#10420,#10469,.T.);
#10469 = SURFACE_CURVE('',#10470,(#10474,#10481),.PCURVE_S1.);
#10470 = LINE('',#10471,#10472);
#10471 = CARTESIAN_POINT('',(-97.,18.,0.));
#10472 = VECTOR('',#10473,1.);
#10473 = DIRECTION('',(1.,0.,0.));
#10474 = PCURVE('',#7922,#10475);
#10475 = DEFINITIONAL_REPRESENTATION('',(#10476),#10480);
#10476 = LINE('',#10477,#10478);
#10477 = CARTESIAN_POINT('',(112.,0.));
#10478 = VECTOR('',#10479,1.);
#10479 = DIRECTION('',(0.,1.));
#10480 = ( GEOMETRIC_REPRESENTATION_CONTEXT(2) 
PARAMETRIC_REPRESENTATION_CONTEXT() REPRESENTATION_CONTEXT('2D SPACE',''
  ) );
#10481 = PCURVE('',#10353,#10482);
#10482 = DEFINITIONAL_REPRESENTATION('',(#10483),#10487);
#10483 = LINE('',#10484,#10485);
#10484 = CARTESIAN_POINT('',(0.,36.));
#10485 = VECTOR('',#10486,1.);
#10486 = DIRECTION('',(1.,0.));
#10487 = ( GEOMETRIC_REPRESENTATION_CONTEXT(2) 
PARAMETRIC_REPRESENTATION_CONTEXT() REPRESENTATION_CONTEXT('2D SPACE',''
  ) );
#10488 = ORIENTED_EDGE('',*,*,#10419,.F.);
#10489 = ADVANCED_FACE('',(#10490),#8009,.F.);
#10490 = FACE_BOUND('',#10491,.F.);
#10491 = EDGE_LOOP('',(#10492,#10493,#10514,#10515));
#10492 = ORIENTED_EDGE('',*,*,#7991,.F.);
#10493 = ORIENTED_EDGE('',*,*,#10494,.F.);
#10494 = EDGE_CURVE('',#8301,#7992,#10495,.T.);
#10495 = SURFACE_CURVE('',#10496,(#10500,#10507),.PCURVE_S1.);
#10496 = LINE('',#10497,#10498);
#10497 = CARTESIAN_POINT('',(-394.,-77.,32.75));
#10498 = VECTOR('',#10499,1.);
#10499 = DIRECTION('',(0.,0.,1.));
#10500 = PCURVE('',#8009,#10501);
#10501 = DEFINITIONAL_REPRESENTATION('',(#10502),#10506);
#10502 = LINE('',#10503,#10504);
#10503 = CARTESIAN_POINT('',(0.,-6.));
#10504 = VECTOR('',#10505,1.);
#10505 = DIRECTION('',(1.,0.));
#10506 = ( GEOMETRIC_REPRESENTATION_CONTEXT(2) 
PARAMETRIC_REPRESENTATION_CONTEXT() REPRESENTATION_CONTEXT('2D SPACE',''
  ) );
#10507 = PCURVE('',#8038,#10508);
#10508 = DEFINITIONAL_REPRESENTATION('',(#10509),#10513);
#10509 = LINE('',#10510,#10511);
#10510 = CARTESIAN_POINT('',(0.,0.));
#10511 = VECTOR('',#10512,1.);
#10512 = DIRECTION('',(0.,1.));
#10513 = ( GEOMETRIC_REPRESENTATION_CONTEXT(2) 
PARAMETRIC_REPRESENTATION_CONTEXT() REPRESENTATION_CONTEXT('2D SPACE',''
  ) );
#10514 = ORIENTED_EDGE('',*,*,#8300,.T.);
#10515 = ORIENTED_EDGE('',*,*,#10516,.T.);
#10516 = EDGE_CURVE('',#8303,#7994,#10517,.T.);
#10517 = SURFACE_CURVE('',#10518,(#10522,#10529),.PCURVE_S1.);
#10518 = LINE('',#10519,#10520);
#10519 = CARTESIAN_POINT('',(-394.,77.,32.75));
#10520 = VECTOR('',#10521,1.);
#10521 = DIRECTION('',(0.,0.,1.));
#10522 = PCURVE('',#8009,#10523);
#10523 = DEFINITIONAL_REPRESENTATION('',(#10524),#10528);
#10524 = LINE('',#10525,#10526);
#10525 = CARTESIAN_POINT('',(0.,-160.));
#10526 = VECTOR('',#10527,1.);
#10527 = DIRECTION('',(1.,0.));
#10528 = ( GEOMETRIC_REPRESENTATION_CONTEXT(2) 
PARAMETRIC_REPRESENTATION_CONTEXT() REPRESENTATION_CONTEXT('2D SPACE',''
  ) );
#10529 = PCURVE('',#8236,#10530);
#10530 = DEFINITIONAL_REPRESENTATION('',(#10531),#10535);
#10531 = LINE('',#10532,#10533);
#10532 = CARTESIAN_POINT('',(-0.,0.));
#10533 = VECTOR('',#10534,1.);
#10534 = DIRECTION('',(-0.,1.));
#10535 = ( GEOMETRIC_REPRESENTATION_CONTEXT(2) 
PARAMETRIC_REPRESENTATION_CONTEXT() REPRESENTATION_CONTEXT('2D SPACE',''
  ) );
#10536 = ADVANCED_FACE('',(#10537),#8236,.T.);
#10537 = FACE_BOUND('',#10538,.F.);
#10538 = EDGE_LOOP('',(#10539,#10540,#10561,#10562));
#10539 = ORIENTED_EDGE('',*,*,#8541,.T.);
#10540 = ORIENTED_EDGE('',*,*,#10541,.T.);
#10541 = EDGE_CURVE('',#8519,#8190,#10542,.T.);
#10542 = SURFACE_CURVE('',#10543,(#10547,#10554),.PCURVE_S1.);
#10543 = LINE('',#10544,#10545);
#10544 = CARTESIAN_POINT('',(-388.,83.,32.75));
#10545 = VECTOR('',#10546,1.);
#10546 = DIRECTION('',(0.,0.,1.));
#10547 = PCURVE('',#8236,#10548);
#10548 = DEFINITIONAL_REPRESENTATION('',(#10549),#10553);
#10549 = LINE('',#10550,#10551);
#10550 = CARTESIAN_POINT('',(-1.570796326795,0.));
#10551 = VECTOR('',#10552,1.);
#10552 = DIRECTION('',(-0.,1.));
#10553 = ( GEOMETRIC_REPRESENTATION_CONTEXT(2) 
PARAMETRIC_REPRESENTATION_CONTEXT() REPRESENTATION_CONTEXT('2D SPACE',''
  ) );
#10554 = PCURVE('',#8205,#10555);
#10555 = DEFINITIONAL_REPRESENTATION('',(#10556),#10560);
#10556 = LINE('',#10557,#10558);
#10557 = CARTESIAN_POINT('',(0.,6.));
#10558 = VECTOR('',#10559,1.);
#10559 = DIRECTION('',(1.,0.));
#10560 = ( GEOMETRIC_REPRESENTATION_CONTEXT(2) 
PARAMETRIC_REPRESENTATION_CONTEXT() REPRESENTATION_CONTEXT('2D SPACE',''
  ) );
#10561 = ORIENTED_EDGE('',*,*,#8217,.F.);
#10562 = ORIENTED_EDGE('',*,*,#10516,.F.);
#10563 = ADVANCED_FACE('',(#10564),#8205,.T.);
#10564 = FACE_BOUND('',#10565,.T.);
#10565 = EDGE_LOOP('',(#10566,#10567,#10568,#10569));
#10566 = ORIENTED_EDGE('',*,*,#8518,.F.);
#10567 = ORIENTED_EDGE('',*,*,#10541,.T.);
#10568 = ORIENTED_EDGE('',*,*,#8189,.T.);
#10569 = ORIENTED_EDGE('',*,*,#10570,.F.);
#10570 = EDGE_CURVE('',#8495,#8161,#10571,.T.);
#10571 = SURFACE_CURVE('',#10572,(#10576,#10583),.PCURVE_S1.);
#10572 = LINE('',#10573,#10574);
#10573 = CARTESIAN_POINT('',(-376.,83.,32.75));
#10574 = VECTOR('',#10575,1.);
#10575 = DIRECTION('',(0.,0.,1.));
#10576 = PCURVE('',#8205,#10577);
#10577 = DEFINITIONAL_REPRESENTATION('',(#10578),#10582);
#10578 = LINE('',#10579,#10580);
#10579 = CARTESIAN_POINT('',(0.,18.));
#10580 = VECTOR('',#10581,1.);
#10581 = DIRECTION('',(1.,0.));
#10582 = ( GEOMETRIC_REPRESENTATION_CONTEXT(2) 
PARAMETRIC_REPRESENTATION_CONTEXT() REPRESENTATION_CONTEXT('2D SPACE',''
  ) );
#10583 = PCURVE('',#8177,#10584);
#10584 = DEFINITIONAL_REPRESENTATION('',(#10585),#10589);
#10585 = LINE('',#10586,#10587);
#10586 = CARTESIAN_POINT('',(1.570796326795,0.));
#10587 = VECTOR('',#10588,1.);
#10588 = DIRECTION('',(0.,1.));
#10589 = ( GEOMETRIC_REPRESENTATION_CONTEXT(2) 
PARAMETRIC_REPRESENTATION_CONTEXT() REPRESENTATION_CONTEXT('2D SPACE',''
  ) );
#10590 = ADVANCED_FACE('',(#10591),#8177,.T.);
#10591 = FACE_BOUND('',#10592,.T.);
#10592 = EDGE_LOOP('',(#10593,#10594,#10595,#10596));
#10593 = ORIENTED_EDGE('',*,*,#8494,.T.);
#10594 = ORIENTED_EDGE('',*,*,#10570,.T.);
#10595 = ORIENTED_EDGE('',*,*,#8160,.F.);
#10596 = ORIENTED_EDGE('',*,*,#8698,.F.);
#10597 = ADVANCED_FACE('',(#10598),#8099,.T.);
#10598 = FACE_BOUND('',#10599,.F.);
#10599 = EDGE_LOOP('',(#10600,#10601,#10622,#10623));
#10600 = ORIENTED_EDGE('',*,*,#8372,.T.);
#10601 = ORIENTED_EDGE('',*,*,#10602,.T.);
#10602 = EDGE_CURVE('',#8350,#8051,#10603,.T.);
#10603 = SURFACE_CURVE('',#10604,(#10608,#10615),.PCURVE_S1.);
#10604 = LINE('',#10605,#10606);
#10605 = CARTESIAN_POINT('',(-376.,-83.,32.75));
#10606 = VECTOR('',#10607,1.);
#10607 = DIRECTION('',(0.,0.,1.));
#10608 = PCURVE('',#8099,#10609);
#10609 = DEFINITIONAL_REPRESENTATION('',(#10610),#10614);
#10610 = LINE('',#10611,#10612);
#10611 = CARTESIAN_POINT('',(-1.570796326795,0.));
#10612 = VECTOR('',#10613,1.);
#10613 = DIRECTION('',(-0.,1.));
#10614 = ( GEOMETRIC_REPRESENTATION_CONTEXT(2) 
PARAMETRIC_REPRESENTATION_CONTEXT() REPRESENTATION_CONTEXT('2D SPACE',''
  ) );
#10615 = PCURVE('',#8066,#10616);
#10616 = DEFINITIONAL_REPRESENTATION('',(#10617),#10621);
#10617 = LINE('',#10618,#10619);
#10618 = CARTESIAN_POINT('',(0.,18.));
#10619 = VECTOR('',#10620,1.);
#10620 = DIRECTION('',(1.,0.));
#10621 = ( GEOMETRIC_REPRESENTATION_CONTEXT(2) 
PARAMETRIC_REPRESENTATION_CONTEXT() REPRESENTATION_CONTEXT('2D SPACE',''
  ) );
#10622 = ORIENTED_EDGE('',*,*,#8078,.F.);
#10623 = ORIENTED_EDGE('',*,*,#8252,.F.);
#10624 = ADVANCED_FACE('',(#10625),#8066,.F.);
#10625 = FACE_BOUND('',#10626,.F.);
#10626 = EDGE_LOOP('',(#10627,#10628,#10649,#10650));
#10627 = ORIENTED_EDGE('',*,*,#8349,.F.);
#10628 = ORIENTED_EDGE('',*,*,#10629,.T.);
#10629 = EDGE_CURVE('',#8326,#8022,#10630,.T.);
#10630 = SURFACE_CURVE('',#10631,(#10635,#10642),.PCURVE_S1.);
#10631 = LINE('',#10632,#10633);
#10632 = CARTESIAN_POINT('',(-388.,-83.,32.75));
#10633 = VECTOR('',#10634,1.);
#10634 = DIRECTION('',(0.,0.,1.));
#10635 = PCURVE('',#8066,#10636);
#10636 = DEFINITIONAL_REPRESENTATION('',(#10637),#10641);
#10637 = LINE('',#10638,#10639);
#10638 = CARTESIAN_POINT('',(0.,6.));
#10639 = VECTOR('',#10640,1.);
#10640 = DIRECTION('',(1.,0.));
#10641 = ( GEOMETRIC_REPRESENTATION_CONTEXT(2) 
PARAMETRIC_REPRESENTATION_CONTEXT() REPRESENTATION_CONTEXT('2D SPACE',''
  ) );
#10642 = PCURVE('',#8038,#10643);
#10643 = DEFINITIONAL_REPRESENTATION('',(#10644),#10648);
#10644 = LINE('',#10645,#10646);
#10645 = CARTESIAN_POINT('',(1.570796326795,0.));
#10646 = VECTOR('',#10647,1.);
#10647 = DIRECTION('',(0.,1.));
#10648 = ( GEOMETRIC_REPRESENTATION_CONTEXT(2) 
PARAMETRIC_REPRESENTATION_CONTEXT() REPRESENTATION_CONTEXT('2D SPACE',''
  ) );
#10649 = ORIENTED_EDGE('',*,*,#8050,.T.);
#10650 = ORIENTED_EDGE('',*,*,#10602,.F.);
#10651 = ADVANCED_FACE('',(#10652),#8038,.T.);
#10652 = FACE_BOUND('',#10653,.T.);
#10653 = EDGE_LOOP('',(#10654,#10655,#10656,#10657));
#10654 = ORIENTED_EDGE('',*,*,#8325,.T.);
#10655 = ORIENTED_EDGE('',*,*,#10629,.T.);
#10656 = ORIENTED_EDGE('',*,*,#8021,.F.);
#10657 = ORIENTED_EDGE('',*,*,#10494,.F.);
#10658 = ADVANCED_FACE('',(#10659),#8438,.F.);
#10659 = FACE_BOUND('',#10660,.F.);
#10660 = EDGE_LOOP('',(#10661,#10662,#10663,#10664));
#10661 = ORIENTED_EDGE('',*,*,#8595,.F.);
#10662 = ORIENTED_EDGE('',*,*,#8644,.T.);
#10663 = ORIENTED_EDGE('',*,*,#8671,.T.);
#10664 = ORIENTED_EDGE('',*,*,#8423,.T.);
#10665 = ADVANCED_FACE('',(#10666),#8747,.T.);
#10666 = FACE_BOUND('',#10667,.T.);
#10667 = EDGE_LOOP('',(#10668,#10669,#10670,#10671,#10672,#10673,#10674,
    #10675));
#10668 = ORIENTED_EDGE('',*,*,#10054,.F.);
#10669 = ORIENTED_EDGE('',*,*,#10101,.T.);
#10670 = ORIENTED_EDGE('',*,*,#8729,.T.);
#10671 = ORIENTED_EDGE('',*,*,#10129,.F.);
#10672 = ORIENTED_EDGE('',*,*,#10185,.T.);
#10673 = ORIENTED_EDGE('',*,*,#10232,.T.);
#10674 = ORIENTED_EDGE('',*,*,#8838,.F.);
#10675 = ORIENTED_EDGE('',*,*,#10260,.F.);
#10676 = ADVANCED_FACE('',(#10677),#9235,.F.);
#10677 = FACE_BOUND('',#10678,.F.);
#10678 = EDGE_LOOP('',(#10679,#10680,#10681,#10682,#10683,#10684,#10685,
    #10686));
#10679 = ORIENTED_EDGE('',*,*,#9579,.F.);
#10680 = ORIENTED_EDGE('',*,*,#9218,.T.);
#10681 = ORIENTED_EDGE('',*,*,#9272,.T.);
#10682 = ORIENTED_EDGE('',*,*,#9344,.F.);
#10683 = ORIENTED_EDGE('',*,*,#9377,.T.);
#10684 = ORIENTED_EDGE('',*,*,#9425,.T.);
#10685 = ORIENTED_EDGE('',*,*,#9474,.F.);
#10686 = ORIENTED_EDGE('',*,*,#9546,.F.);
#10687 = ADVANCED_FACE('',(#10688),#9678,.T.);
#10688 = FACE_BOUND('',#10689,.T.);
#10689 = EDGE_LOOP('',(#10690,#10691,#10692,#10693,#10694,#10695,#10696,
    #10697));
#10690 = ORIENTED_EDGE('',*,*,#9998,.F.);
#10691 = ORIENTED_EDGE('',*,*,#9663,.T.);
#10692 = ORIENTED_EDGE('',*,*,#9695,.T.);
#10693 = ORIENTED_EDGE('',*,*,#9767,.F.);
#10694 = ORIENTED_EDGE('',*,*,#9796,.T.);
#10695 = ORIENTED_EDGE('',*,*,#9870,.T.);
#10696 = ORIENTED_EDGE('',*,*,#9919,.F.);
#10697 = ORIENTED_EDGE('',*,*,#9969,.F.);
#10698 = ADVANCED_FACE('',(#10699),#10353,.F.);
#10699 = FACE_BOUND('',#10700,.F.);
#10700 = EDGE_LOOP('',(#10701,#10702,#10703,#10704));
#10701 = ORIENTED_EDGE('',*,*,#10339,.F.);
#10702 = ORIENTED_EDGE('',*,*,#10370,.T.);
#10703 = ORIENTED_EDGE('',*,*,#10442,.T.);
#10704 = ORIENTED_EDGE('',*,*,#10468,.F.);
#10705 = ORIENTED_CLOSED_SHELL('',*,#10706,.F.);
#10706 = CLOSED_SHELL('',(#10707,#10879,#10955,#11002,#11049,#11094,
    #11143,#11170));
#10707 = ADVANCED_FACE('',(#10708),#10722,.T.);
#10708 = FACE_BOUND('',#10709,.T.);
#10709 = EDGE_LOOP('',(#10710,#10745,#10773,#10801,#10827,#10853));
#10710 = ORIENTED_EDGE('',*,*,#10711,.F.);
#10711 = EDGE_CURVE('',#10712,#10714,#10716,.T.);
#10712 = VERTEX_POINT('',#10713);
#10713 = CARTESIAN_POINT('',(-213.,55.,23.));
#10714 = VERTEX_POINT('',#10715);
#10715 = CARTESIAN_POINT('',(-213.,55.,153.));
#10716 = SURFACE_CURVE('',#10717,(#10721,#10733),.PCURVE_S1.);
#10717 = LINE('',#10718,#10719);
#10718 = CARTESIAN_POINT('',(-213.,55.,23.));
#10719 = VECTOR('',#10720,1.);
#10720 = DIRECTION('',(0.,0.,1.));
#10721 = PCURVE('',#10722,#10727);
#10722 = PLANE('',#10723);
#10723 = AXIS2_PLACEMENT_3D('',#10724,#10725,#10726);
#10724 = CARTESIAN_POINT('',(-375.,55.,23.));
#10725 = DIRECTION('',(0.,1.,0.));
#10726 = DIRECTION('',(0.,0.,1.));
#10727 = DEFINITIONAL_REPRESENTATION('',(#10728),#10732);
#10728 = LINE('',#10729,#10730);
#10729 = CARTESIAN_POINT('',(0.,162.));
#10730 = VECTOR('',#10731,1.);
#10731 = DIRECTION('',(1.,0.));
#10732 = ( GEOMETRIC_REPRESENTATION_CONTEXT(2) 
PARAMETRIC_REPRESENTATION_CONTEXT() REPRESENTATION_CONTEXT('2D SPACE',''
  ) );
#10733 = PCURVE('',#10734,#10739);
#10734 = PLANE('',#10735);
#10735 = AXIS2_PLACEMENT_3D('',#10736,#10737,#10738);
#10736 = CARTESIAN_POINT('',(-213.,-55.,23.));
#10737 = DIRECTION('',(1.,0.,0.));
#10738 = DIRECTION('',(0.,0.,1.));
#10739 = DEFINITIONAL_REPRESENTATION('',(#10740),#10744);
#10740 = LINE('',#10741,#10742);
#10741 = CARTESIAN_POINT('',(0.,-110.));
#10742 = VECTOR('',#10743,1.);
#10743 = DIRECTION('',(1.,0.));
#10744 = ( GEOMETRIC_REPRESENTATION_CONTEXT(2) 
PARAMETRIC_REPRESENTATION_CONTEXT() REPRESENTATION_CONTEXT('2D SPACE',''
  ) );
#10745 = ORIENTED_EDGE('',*,*,#10746,.F.);
#10746 = EDGE_CURVE('',#10747,#10712,#10749,.T.);
#10747 = VERTEX_POINT('',#10748);
#10748 = CARTESIAN_POINT('',(-375.,55.,23.));
#10749 = SURFACE_CURVE('',#10750,(#10754,#10761),.PCURVE_S1.);
#10750 = LINE('',#10751,#10752);
#10751 = CARTESIAN_POINT('',(-375.,55.,23.));
#10752 = VECTOR('',#10753,1.);
#10753 = DIRECTION('',(1.,0.,0.));
#10754 = PCURVE('',#10722,#10755);
#10755 = DEFINITIONAL_REPRESENTATION('',(#10756),#10760);
#10756 = LINE('',#10757,#10758);
#10757 = CARTESIAN_POINT('',(0.,0.));
#10758 = VECTOR('',#10759,1.);
#10759 = DIRECTION('',(0.,1.));
#10760 = ( GEOMETRIC_REPRESENTATION_CONTEXT(2) 
PARAMETRIC_REPRESENTATION_CONTEXT() REPRESENTATION_CONTEXT('2D SPACE',''
  ) );
#10761 = PCURVE('',#10762,#10767);
#10762 = PLANE('',#10763);
#10763 = AXIS2_PLACEMENT_3D('',#10764,#10765,#10766);
#10764 = CARTESIAN_POINT('',(-375.,-55.,23.));
#10765 = DIRECTION('',(0.,0.,1.));
#10766 = DIRECTION('',(1.,0.,0.));
#10767 = DEFINITIONAL_REPRESENTATION('',(#10768),#10772);
#10768 = LINE('',#10769,#10770);
#10769 = CARTESIAN_POINT('',(0.,110.));
#10770 = VECTOR('',#10771,1.);
#10771 = DIRECTION('',(1.,0.));
#10772 = ( GEOMETRIC_REPRESENTATION_CONTEXT(2) 
PARAMETRIC_REPRESENTATION_CONTEXT() REPRESENTATION_CONTEXT('2D SPACE',''
  ) );
#10773 = ORIENTED_EDGE('',*,*,#10774,.T.);
#10774 = EDGE_CURVE('',#10747,#10775,#10777,.T.);
#10775 = VERTEX_POINT('',#10776);
#10776 = CARTESIAN_POINT('',(-375.,55.,32.75));
#10777 = SURFACE_CURVE('',#10778,(#10782,#10789),.PCURVE_S1.);
#10778 = LINE('',#10779,#10780);
#10779 = CARTESIAN_POINT('',(-375.,55.,23.));
#10780 = VECTOR('',#10781,1.);
#10781 = DIRECTION('',(0.,0.,1.));
#10782 = PCURVE('',#10722,#10783);
#10783 = DEFINITIONAL_REPRESENTATION('',(#10784),#10788);
#10784 = LINE('',#10785,#10786);
#10785 = CARTESIAN_POINT('',(0.,0.));
#10786 = VECTOR('',#10787,1.);
#10787 = DIRECTION('',(1.,0.));
#10788 = ( GEOMETRIC_REPRESENTATION_CONTEXT(2) 
PARAMETRIC_REPRESENTATION_CONTEXT() REPRESENTATION_CONTEXT('2D SPACE',''
  ) );
#10789 = PCURVE('',#10790,#10795);
#10790 = PLANE('',#10791);
#10791 = AXIS2_PLACEMENT_3D('',#10792,#10793,#10794);
#10792 = CARTESIAN_POINT('',(-375.,-55.,23.));
#10793 = DIRECTION('',(1.,0.,0.));
#10794 = DIRECTION('',(0.,0.,1.));
#10795 = DEFINITIONAL_REPRESENTATION('',(#10796),#10800);
#10796 = LINE('',#10797,#10798);
#10797 = CARTESIAN_POINT('',(0.,-110.));
#10798 = VECTOR('',#10799,1.);
#10799 = DIRECTION('',(1.,0.));
#10800 = ( GEOMETRIC_REPRESENTATION_CONTEXT(2) 
PARAMETRIC_REPRESENTATION_CONTEXT() REPRESENTATION_CONTEXT('2D SPACE',''
  ) );
#10801 = ORIENTED_EDGE('',*,*,#10802,.T.);
#10802 = EDGE_CURVE('',#10775,#10803,#10805,.T.);
#10803 = VERTEX_POINT('',#10804);
#10804 = CARTESIAN_POINT('',(-370.,55.,32.75));
#10805 = SURFACE_CURVE('',#10806,(#10810,#10816),.PCURVE_S1.);
#10806 = LINE('',#10807,#10808);
#10807 = CARTESIAN_POINT('',(-384.5,55.,32.75));
#10808 = VECTOR('',#10809,1.);
#10809 = DIRECTION('',(1.,0.,0.));
#10810 = PCURVE('',#10722,#10811);
#10811 = DEFINITIONAL_REPRESENTATION('',(#10812),#10815);
#10812 = B_SPLINE_CURVE_WITH_KNOTS('',1,(#10813,#10814),.UNSPECIFIED.,
  .F.,.F.,(2,2),(9.5,14.5),.PIECEWISE_BEZIER_KNOTS.);
#10813 = CARTESIAN_POINT('',(9.75,0.));
#10814 = CARTESIAN_POINT('',(9.75,5.));
#10815 = ( GEOMETRIC_REPRESENTATION_CONTEXT(2) 
PARAMETRIC_REPRESENTATION_CONTEXT() REPRESENTATION_CONTEXT('2D SPACE',''
  ) );
#10816 = PCURVE('',#10817,#10822);
#10817 = PLANE('',#10818);
#10818 = AXIS2_PLACEMENT_3D('',#10819,#10820,#10821);
#10819 = CARTESIAN_POINT('',(-394.,-83.,32.75));
#10820 = DIRECTION('',(0.,0.,1.));
#10821 = DIRECTION('',(1.,0.,0.));
#10822 = DEFINITIONAL_REPRESENTATION('',(#10823),#10826);
#10823 = B_SPLINE_CURVE_WITH_KNOTS('',1,(#10824,#10825),.UNSPECIFIED.,
  .F.,.F.,(2,2),(9.5,14.5),.PIECEWISE_BEZIER_KNOTS.);
#10824 = CARTESIAN_POINT('',(19.,138.));
#10825 = CARTESIAN_POINT('',(24.,138.));
#10826 = ( GEOMETRIC_REPRESENTATION_CONTEXT(2) 
PARAMETRIC_REPRESENTATION_CONTEXT() REPRESENTATION_CONTEXT('2D SPACE',''
  ) );
#10827 = ORIENTED_EDGE('',*,*,#10828,.F.);
#10828 = EDGE_CURVE('',#10829,#10803,#10831,.T.);
#10829 = VERTEX_POINT('',#10830);
#10830 = CARTESIAN_POINT('',(-370.,55.,153.));
#10831 = SURFACE_CURVE('',#10832,(#10836,#10842),.PCURVE_S1.);
#10832 = LINE('',#10833,#10834);
#10833 = CARTESIAN_POINT('',(-370.,55.,27.875));
#10834 = VECTOR('',#10835,1.);
#10835 = DIRECTION('',(0.,0.,-1.));
#10836 = PCURVE('',#10722,#10837);
#10837 = DEFINITIONAL_REPRESENTATION('',(#10838),#10841);
#10838 = B_SPLINE_CURVE_WITH_KNOTS('',1,(#10839,#10840),.UNSPECIFIED.,
  .F.,.F.,(2,2),(-125.125,-4.875),.PIECEWISE_BEZIER_KNOTS.);
#10839 = CARTESIAN_POINT('',(130.,5.));
#10840 = CARTESIAN_POINT('',(9.75,5.));
#10841 = ( GEOMETRIC_REPRESENTATION_CONTEXT(2) 
PARAMETRIC_REPRESENTATION_CONTEXT() REPRESENTATION_CONTEXT('2D SPACE',''
  ) );
#10842 = PCURVE('',#10843,#10848);
#10843 = PLANE('',#10844);
#10844 = AXIS2_PLACEMENT_3D('',#10845,#10846,#10847);
#10845 = CARTESIAN_POINT('',(-370.,-83.,32.75));
#10846 = DIRECTION('',(1.,0.,0.));
#10847 = DIRECTION('',(0.,0.,1.));
#10848 = DEFINITIONAL_REPRESENTATION('',(#10849),#10852);
#10849 = B_SPLINE_CURVE_WITH_KNOTS('',1,(#10850,#10851),.UNSPECIFIED.,
  .F.,.F.,(2,2),(-125.125,-4.875),.PIECEWISE_BEZIER_KNOTS.);
#10850 = CARTESIAN_POINT('',(120.25,-138.));
#10851 = CARTESIAN_POINT('',(0.,-138.));
#10852 = ( GEOMETRIC_REPRESENTATION_CONTEXT(2) 
PARAMETRIC_REPRESENTATION_CONTEXT() REPRESENTATION_CONTEXT('2D SPACE',''
  ) );
#10853 = ORIENTED_EDGE('',*,*,#10854,.T.);
#10854 = EDGE_CURVE('',#10829,#10714,#10855,.T.);
#10855 = SURFACE_CURVE('',#10856,(#10860,#10867),.PCURVE_S1.);
#10856 = LINE('',#10857,#10858);
#10857 = CARTESIAN_POINT('',(-375.,55.,153.));
#10858 = VECTOR('',#10859,1.);
#10859 = DIRECTION('',(1.,0.,0.));
#10860 = PCURVE('',#10722,#10861);
#10861 = DEFINITIONAL_REPRESENTATION('',(#10862),#10866);
#10862 = LINE('',#10863,#10864);
#10863 = CARTESIAN_POINT('',(130.,0.));
#10864 = VECTOR('',#10865,1.);
#10865 = DIRECTION('',(0.,1.));
#10866 = ( GEOMETRIC_REPRESENTATION_CONTEXT(2) 
PARAMETRIC_REPRESENTATION_CONTEXT() REPRESENTATION_CONTEXT('2D SPACE',''
  ) );
#10867 = PCURVE('',#10868,#10873);
#10868 = PLANE('',#10869);
#10869 = AXIS2_PLACEMENT_3D('',#10870,#10871,#10872);
#10870 = CARTESIAN_POINT('',(-375.,-55.,153.));
#10871 = DIRECTION('',(0.,0.,1.));
#10872 = DIRECTION('',(1.,0.,0.));
#10873 = DEFINITIONAL_REPRESENTATION('',(#10874),#10878);
#10874 = LINE('',#10875,#10876);
#10875 = CARTESIAN_POINT('',(0.,110.));
#10876 = VECTOR('',#10877,1.);
#10877 = DIRECTION('',(1.,0.));
#10878 = ( GEOMETRIC_REPRESENTATION_CONTEXT(2) 
PARAMETRIC_REPRESENTATION_CONTEXT() REPRESENTATION_CONTEXT('2D SPACE',''
  ) );
#10879 = ADVANCED_FACE('',(#10880),#10734,.T.);
#10880 = FACE_BOUND('',#10881,.T.);
#10881 = EDGE_LOOP('',(#10882,#10912,#10933,#10934));
#10882 = ORIENTED_EDGE('',*,*,#10883,.F.);
#10883 = EDGE_CURVE('',#10884,#10886,#10888,.T.);
#10884 = VERTEX_POINT('',#10885);
#10885 = CARTESIAN_POINT('',(-213.,-55.,23.));
#10886 = VERTEX_POINT('',#10887);
#10887 = CARTESIAN_POINT('',(-213.,-55.,153.));
#10888 = SURFACE_CURVE('',#10889,(#10893,#10900),.PCURVE_S1.);
#10889 = LINE('',#10890,#10891);
#10890 = CARTESIAN_POINT('',(-213.,-55.,23.));
#10891 = VECTOR('',#10892,1.);
#10892 = DIRECTION('',(0.,0.,1.));
#10893 = PCURVE('',#10734,#10894);
#10894 = DEFINITIONAL_REPRESENTATION('',(#10895),#10899);
#10895 = LINE('',#10896,#10897);
#10896 = CARTESIAN_POINT('',(0.,0.));
#10897 = VECTOR('',#10898,1.);
#10898 = DIRECTION('',(1.,0.));
#10899 = ( GEOMETRIC_REPRESENTATION_CONTEXT(2) 
PARAMETRIC_REPRESENTATION_CONTEXT() REPRESENTATION_CONTEXT('2D SPACE',''
  ) );
#10900 = PCURVE('',#10901,#10906);
#10901 = PLANE('',#10902);
#10902 = AXIS2_PLACEMENT_3D('',#10903,#10904,#10905);
#10903 = CARTESIAN_POINT('',(-375.,-55.,23.));
#10904 = DIRECTION('',(0.,1.,0.));
#10905 = DIRECTION('',(0.,0.,1.));
#10906 = DEFINITIONAL_REPRESENTATION('',(#10907),#10911);
#10907 = LINE('',#10908,#10909);
#10908 = CARTESIAN_POINT('',(0.,162.));
#10909 = VECTOR('',#10910,1.);
#10910 = DIRECTION('',(1.,0.));
#10911 = ( GEOMETRIC_REPRESENTATION_CONTEXT(2) 
PARAMETRIC_REPRESENTATION_CONTEXT() REPRESENTATION_CONTEXT('2D SPACE',''
  ) );
#10912 = ORIENTED_EDGE('',*,*,#10913,.T.);
#10913 = EDGE_CURVE('',#10884,#10712,#10914,.T.);
#10914 = SURFACE_CURVE('',#10915,(#10919,#10926),.PCURVE_S1.);
#10915 = LINE('',#10916,#10917);
#10916 = CARTESIAN_POINT('',(-213.,-55.,23.));
#10917 = VECTOR('',#10918,1.);
#10918 = DIRECTION('',(0.,1.,0.));
#10919 = PCURVE('',#10734,#10920);
#10920 = DEFINITIONAL_REPRESENTATION('',(#10921),#10925);
#10921 = LINE('',#10922,#10923);
#10922 = CARTESIAN_POINT('',(0.,0.));
#10923 = VECTOR('',#10924,1.);
#10924 = DIRECTION('',(0.,-1.));
#10925 = ( GEOMETRIC_REPRESENTATION_CONTEXT(2) 
PARAMETRIC_REPRESENTATION_CONTEXT() REPRESENTATION_CONTEXT('2D SPACE',''
  ) );
#10926 = PCURVE('',#10762,#10927);
#10927 = DEFINITIONAL_REPRESENTATION('',(#10928),#10932);
#10928 = LINE('',#10929,#10930);
#10929 = CARTESIAN_POINT('',(162.,0.));
#10930 = VECTOR('',#10931,1.);
#10931 = DIRECTION('',(0.,1.));
#10932 = ( GEOMETRIC_REPRESENTATION_CONTEXT(2) 
PARAMETRIC_REPRESENTATION_CONTEXT() REPRESENTATION_CONTEXT('2D SPACE',''
  ) );
#10933 = ORIENTED_EDGE('',*,*,#10711,.T.);
#10934 = ORIENTED_EDGE('',*,*,#10935,.F.);
#10935 = EDGE_CURVE('',#10886,#10714,#10936,.T.);
#10936 = SURFACE_CURVE('',#10937,(#10941,#10948),.PCURVE_S1.);
#10937 = LINE('',#10938,#10939);
#10938 = CARTESIAN_POINT('',(-213.,-55.,153.));
#10939 = VECTOR('',#10940,1.);
#10940 = DIRECTION('',(0.,1.,0.));
#10941 = PCURVE('',#10734,#10942);
#10942 = DEFINITIONAL_REPRESENTATION('',(#10943),#10947);
#10943 = LINE('',#10944,#10945);
#10944 = CARTESIAN_POINT('',(130.,0.));
#10945 = VECTOR('',#10946,1.);
#10946 = DIRECTION('',(0.,-1.));
#10947 = ( GEOMETRIC_REPRESENTATION_CONTEXT(2) 
PARAMETRIC_REPRESENTATION_CONTEXT() REPRESENTATION_CONTEXT('2D SPACE',''
  ) );
#10948 = PCURVE('',#10868,#10949);
#10949 = DEFINITIONAL_REPRESENTATION('',(#10950),#10954);
#10950 = LINE('',#10951,#10952);
#10951 = CARTESIAN_POINT('',(162.,0.));
#10952 = VECTOR('',#10953,1.);
#10953 = DIRECTION('',(0.,1.));
#10954 = ( GEOMETRIC_REPRESENTATION_CONTEXT(2) 
PARAMETRIC_REPRESENTATION_CONTEXT() REPRESENTATION_CONTEXT('2D SPACE',''
  ) );
#10955 = ADVANCED_FACE('',(#10956),#10868,.T.);
#10956 = FACE_BOUND('',#10957,.T.);
#10957 = EDGE_LOOP('',(#10958,#10959,#10980,#11001));
#10958 = ORIENTED_EDGE('',*,*,#10854,.F.);
#10959 = ORIENTED_EDGE('',*,*,#10960,.F.);
#10960 = EDGE_CURVE('',#10961,#10829,#10963,.T.);
#10961 = VERTEX_POINT('',#10962);
#10962 = CARTESIAN_POINT('',(-370.,-55.,153.));
#10963 = SURFACE_CURVE('',#10964,(#10968,#10974),.PCURVE_S1.);
#10964 = LINE('',#10965,#10966);
#10965 = CARTESIAN_POINT('',(-370.,-69.,153.));
#10966 = VECTOR('',#10967,1.);
#10967 = DIRECTION('',(0.,1.,0.));
#10968 = PCURVE('',#10868,#10969);
#10969 = DEFINITIONAL_REPRESENTATION('',(#10970),#10973);
#10970 = B_SPLINE_CURVE_WITH_KNOTS('',1,(#10971,#10972),.UNSPECIFIED.,
  .F.,.F.,(2,2),(14.,124.),.PIECEWISE_BEZIER_KNOTS.);
#10971 = CARTESIAN_POINT('',(5.,0.));
#10972 = CARTESIAN_POINT('',(5.,110.));
#10973 = ( GEOMETRIC_REPRESENTATION_CONTEXT(2) 
PARAMETRIC_REPRESENTATION_CONTEXT() REPRESENTATION_CONTEXT('2D SPACE',''
  ) );
#10974 = PCURVE('',#10843,#10975);
#10975 = DEFINITIONAL_REPRESENTATION('',(#10976),#10979);
#10976 = B_SPLINE_CURVE_WITH_KNOTS('',1,(#10977,#10978),.UNSPECIFIED.,
  .F.,.F.,(2,2),(14.,124.),.PIECEWISE_BEZIER_KNOTS.);
#10977 = CARTESIAN_POINT('',(120.25,-28.));
#10978 = CARTESIAN_POINT('',(120.25,-138.));
#10979 = ( GEOMETRIC_REPRESENTATION_CONTEXT(2) 
PARAMETRIC_REPRESENTATION_CONTEXT() REPRESENTATION_CONTEXT('2D SPACE',''
  ) );
#10980 = ORIENTED_EDGE('',*,*,#10981,.T.);
#10981 = EDGE_CURVE('',#10961,#10886,#10982,.T.);
#10982 = SURFACE_CURVE('',#10983,(#10987,#10994),.PCURVE_S1.);
#10983 = LINE('',#10984,#10985);
#10984 = CARTESIAN_POINT('',(-375.,-55.,153.));
#10985 = VECTOR('',#10986,1.);
#10986 = DIRECTION('',(1.,0.,0.));
#10987 = PCURVE('',#10868,#10988);
#10988 = DEFINITIONAL_REPRESENTATION('',(#10989),#10993);
#10989 = LINE('',#10990,#10991);
#10990 = CARTESIAN_POINT('',(0.,0.));
#10991 = VECTOR('',#10992,1.);
#10992 = DIRECTION('',(1.,0.));
#10993 = ( GEOMETRIC_REPRESENTATION_CONTEXT(2) 
PARAMETRIC_REPRESENTATION_CONTEXT() REPRESENTATION_CONTEXT('2D SPACE',''
  ) );
#10994 = PCURVE('',#10901,#10995);
#10995 = DEFINITIONAL_REPRESENTATION('',(#10996),#11000);
#10996 = LINE('',#10997,#10998);
#10997 = CARTESIAN_POINT('',(130.,0.));
#10998 = VECTOR('',#10999,1.);
#10999 = DIRECTION('',(0.,1.));
#11000 = ( GEOMETRIC_REPRESENTATION_CONTEXT(2) 
PARAMETRIC_REPRESENTATION_CONTEXT() REPRESENTATION_CONTEXT('2D SPACE',''
  ) );
#11001 = ORIENTED_EDGE('',*,*,#10935,.T.);
#11002 = ADVANCED_FACE('',(#11003),#10843,.F.);
#11003 = FACE_BOUND('',#11004,.F.);
#11004 = EDGE_LOOP('',(#11005,#11026,#11047,#11048));
#11005 = ORIENTED_EDGE('',*,*,#11006,.T.);
#11006 = EDGE_CURVE('',#10961,#11007,#11009,.T.);
#11007 = VERTEX_POINT('',#11008);
#11008 = CARTESIAN_POINT('',(-370.,-55.,32.75));
#11009 = SURFACE_CURVE('',#11010,(#11014,#11020),.PCURVE_S1.);
#11010 = LINE('',#11011,#11012);
#11011 = CARTESIAN_POINT('',(-370.,-55.,27.875));
#11012 = VECTOR('',#11013,1.);
#11013 = DIRECTION('',(0.,0.,-1.));
#11014 = PCURVE('',#10843,#11015);
#11015 = DEFINITIONAL_REPRESENTATION('',(#11016),#11019);
#11016 = B_SPLINE_CURVE_WITH_KNOTS('',1,(#11017,#11018),.UNSPECIFIED.,
  .F.,.F.,(2,2),(-125.125,-4.875),.PIECEWISE_BEZIER_KNOTS.);
#11017 = CARTESIAN_POINT('',(120.25,-28.));
#11018 = CARTESIAN_POINT('',(0.,-28.));
#11019 = ( GEOMETRIC_REPRESENTATION_CONTEXT(2) 
PARAMETRIC_REPRESENTATION_CONTEXT() REPRESENTATION_CONTEXT('2D SPACE',''
  ) );
#11020 = PCURVE('',#10901,#11021);
#11021 = DEFINITIONAL_REPRESENTATION('',(#11022),#11025);
#11022 = B_SPLINE_CURVE_WITH_KNOTS('',1,(#11023,#11024),.UNSPECIFIED.,
  .F.,.F.,(2,2),(-125.125,-4.875),.PIECEWISE_BEZIER_KNOTS.);
#11023 = CARTESIAN_POINT('',(130.,5.));
#11024 = CARTESIAN_POINT('',(9.75,5.));
#11025 = ( GEOMETRIC_REPRESENTATION_CONTEXT(2) 
PARAMETRIC_REPRESENTATION_CONTEXT() REPRESENTATION_CONTEXT('2D SPACE',''
  ) );
#11026 = ORIENTED_EDGE('',*,*,#11027,.T.);
#11027 = EDGE_CURVE('',#11007,#10803,#11028,.T.);
#11028 = SURFACE_CURVE('',#11029,(#11033,#11040),.PCURVE_S1.);
#11029 = LINE('',#11030,#11031);
#11030 = CARTESIAN_POINT('',(-370.,-83.,32.75));
#11031 = VECTOR('',#11032,1.);
#11032 = DIRECTION('',(0.,1.,0.));
#11033 = PCURVE('',#10843,#11034);
#11034 = DEFINITIONAL_REPRESENTATION('',(#11035),#11039);
#11035 = LINE('',#11036,#11037);
#11036 = CARTESIAN_POINT('',(0.,0.));
#11037 = VECTOR('',#11038,1.);
#11038 = DIRECTION('',(0.,-1.));
#11039 = ( GEOMETRIC_REPRESENTATION_CONTEXT(2) 
PARAMETRIC_REPRESENTATION_CONTEXT() REPRESENTATION_CONTEXT('2D SPACE',''
  ) );
#11040 = PCURVE('',#10817,#11041);
#11041 = DEFINITIONAL_REPRESENTATION('',(#11042),#11046);
#11042 = LINE('',#11043,#11044);
#11043 = CARTESIAN_POINT('',(24.,0.));
#11044 = VECTOR('',#11045,1.);
#11045 = DIRECTION('',(0.,1.));
#11046 = ( GEOMETRIC_REPRESENTATION_CONTEXT(2) 
PARAMETRIC_REPRESENTATION_CONTEXT() REPRESENTATION_CONTEXT('2D SPACE',''
  ) );
#11047 = ORIENTED_EDGE('',*,*,#10828,.F.);
#11048 = ORIENTED_EDGE('',*,*,#10960,.F.);
#11049 = ADVANCED_FACE('',(#11050),#10817,.T.);
#11050 = FACE_BOUND('',#11051,.T.);
#11051 = EDGE_LOOP('',(#11052,#11073,#11074,#11075));
#11052 = ORIENTED_EDGE('',*,*,#11053,.T.);
#11053 = EDGE_CURVE('',#11054,#11007,#11056,.T.);
#11054 = VERTEX_POINT('',#11055);
#11055 = CARTESIAN_POINT('',(-375.,-55.,32.75));
#11056 = SURFACE_CURVE('',#11057,(#11061,#11067),.PCURVE_S1.);
#11057 = LINE('',#11058,#11059);
#11058 = CARTESIAN_POINT('',(-384.5,-55.,32.75));
#11059 = VECTOR('',#11060,1.);
#11060 = DIRECTION('',(1.,0.,0.));
#11061 = PCURVE('',#10817,#11062);
#11062 = DEFINITIONAL_REPRESENTATION('',(#11063),#11066);
#11063 = B_SPLINE_CURVE_WITH_KNOTS('',1,(#11064,#11065),.UNSPECIFIED.,
  .F.,.F.,(2,2),(9.5,14.5),.PIECEWISE_BEZIER_KNOTS.);
#11064 = CARTESIAN_POINT('',(19.,28.));
#11065 = CARTESIAN_POINT('',(24.,28.));
#11066 = ( GEOMETRIC_REPRESENTATION_CONTEXT(2) 
PARAMETRIC_REPRESENTATION_CONTEXT() REPRESENTATION_CONTEXT('2D SPACE',''
  ) );
#11067 = PCURVE('',#10901,#11068);
#11068 = DEFINITIONAL_REPRESENTATION('',(#11069),#11072);
#11069 = B_SPLINE_CURVE_WITH_KNOTS('',1,(#11070,#11071),.UNSPECIFIED.,
  .F.,.F.,(2,2),(9.5,14.5),.PIECEWISE_BEZIER_KNOTS.);
#11070 = CARTESIAN_POINT('',(9.75,0.));
#11071 = CARTESIAN_POINT('',(9.75,5.));
#11072 = ( GEOMETRIC_REPRESENTATION_CONTEXT(2) 
PARAMETRIC_REPRESENTATION_CONTEXT() REPRESENTATION_CONTEXT('2D SPACE',''
  ) );
#11073 = ORIENTED_EDGE('',*,*,#11027,.T.);
#11074 = ORIENTED_EDGE('',*,*,#10802,.F.);
#11075 = ORIENTED_EDGE('',*,*,#11076,.T.);
#11076 = EDGE_CURVE('',#10775,#11054,#11077,.T.);
#11077 = SURFACE_CURVE('',#11078,(#11082,#11088),.PCURVE_S1.);
#11078 = LINE('',#11079,#11080);
#11079 = CARTESIAN_POINT('',(-375.,-69.,32.75));
#11080 = VECTOR('',#11081,1.);
#11081 = DIRECTION('',(0.,-1.,0.));
#11082 = PCURVE('',#10817,#11083);
#11083 = DEFINITIONAL_REPRESENTATION('',(#11084),#11087);
#11084 = B_SPLINE_CURVE_WITH_KNOTS('',1,(#11085,#11086),.UNSPECIFIED.,
  .F.,.F.,(2,2),(-124.,-14.),.PIECEWISE_BEZIER_KNOTS.);
#11085 = CARTESIAN_POINT('',(19.,138.));
#11086 = CARTESIAN_POINT('',(19.,28.));
#11087 = ( GEOMETRIC_REPRESENTATION_CONTEXT(2) 
PARAMETRIC_REPRESENTATION_CONTEXT() REPRESENTATION_CONTEXT('2D SPACE',''
  ) );
#11088 = PCURVE('',#10790,#11089);
#11089 = DEFINITIONAL_REPRESENTATION('',(#11090),#11093);
#11090 = B_SPLINE_CURVE_WITH_KNOTS('',1,(#11091,#11092),.UNSPECIFIED.,
  .F.,.F.,(2,2),(-124.,-14.),.PIECEWISE_BEZIER_KNOTS.);
#11091 = CARTESIAN_POINT('',(9.75,-110.));
#11092 = CARTESIAN_POINT('',(9.75,0.));
#11093 = ( GEOMETRIC_REPRESENTATION_CONTEXT(2) 
PARAMETRIC_REPRESENTATION_CONTEXT() REPRESENTATION_CONTEXT('2D SPACE',''
  ) );
#11094 = ADVANCED_FACE('',(#11095),#10790,.F.);
#11095 = FACE_BOUND('',#11096,.F.);
#11096 = EDGE_LOOP('',(#11097,#11120,#11141,#11142));
#11097 = ORIENTED_EDGE('',*,*,#11098,.F.);
#11098 = EDGE_CURVE('',#11099,#11054,#11101,.T.);
#11099 = VERTEX_POINT('',#11100);
#11100 = CARTESIAN_POINT('',(-375.,-55.,23.));
#11101 = SURFACE_CURVE('',#11102,(#11106,#11113),.PCURVE_S1.);
#11102 = LINE('',#11103,#11104);
#11103 = CARTESIAN_POINT('',(-375.,-55.,23.));
#11104 = VECTOR('',#11105,1.);
#11105 = DIRECTION('',(0.,0.,1.));
#11106 = PCURVE('',#10790,#11107);
#11107 = DEFINITIONAL_REPRESENTATION('',(#11108),#11112);
#11108 = LINE('',#11109,#11110);
#11109 = CARTESIAN_POINT('',(0.,0.));
#11110 = VECTOR('',#11111,1.);
#11111 = DIRECTION('',(1.,0.));
#11112 = ( GEOMETRIC_REPRESENTATION_CONTEXT(2) 
PARAMETRIC_REPRESENTATION_CONTEXT() REPRESENTATION_CONTEXT('2D SPACE',''
  ) );
#11113 = PCURVE('',#10901,#11114);
#11114 = DEFINITIONAL_REPRESENTATION('',(#11115),#11119);
#11115 = LINE('',#11116,#11117);
#11116 = CARTESIAN_POINT('',(0.,0.));
#11117 = VECTOR('',#11118,1.);
#11118 = DIRECTION('',(1.,0.));
#11119 = ( GEOMETRIC_REPRESENTATION_CONTEXT(2) 
PARAMETRIC_REPRESENTATION_CONTEXT() REPRESENTATION_CONTEXT('2D SPACE',''
  ) );
#11120 = ORIENTED_EDGE('',*,*,#11121,.T.);
#11121 = EDGE_CURVE('',#11099,#10747,#11122,.T.);
#11122 = SURFACE_CURVE('',#11123,(#11127,#11134),.PCURVE_S1.);
#11123 = LINE('',#11124,#11125);
#11124 = CARTESIAN_POINT('',(-375.,-55.,23.));
#11125 = VECTOR('',#11126,1.);
#11126 = DIRECTION('',(0.,1.,0.));
#11127 = PCURVE('',#10790,#11128);
#11128 = DEFINITIONAL_REPRESENTATION('',(#11129),#11133);
#11129 = LINE('',#11130,#11131);
#11130 = CARTESIAN_POINT('',(0.,0.));
#11131 = VECTOR('',#11132,1.);
#11132 = DIRECTION('',(0.,-1.));
#11133 = ( GEOMETRIC_REPRESENTATION_CONTEXT(2) 
PARAMETRIC_REPRESENTATION_CONTEXT() REPRESENTATION_CONTEXT('2D SPACE',''
  ) );
#11134 = PCURVE('',#10762,#11135);
#11135 = DEFINITIONAL_REPRESENTATION('',(#11136),#11140);
#11136 = LINE('',#11137,#11138);
#11137 = CARTESIAN_POINT('',(0.,0.));
#11138 = VECTOR('',#11139,1.);
#11139 = DIRECTION('',(0.,1.));
#11140 = ( GEOMETRIC_REPRESENTATION_CONTEXT(2) 
PARAMETRIC_REPRESENTATION_CONTEXT() REPRESENTATION_CONTEXT('2D SPACE',''
  ) );
#11141 = ORIENTED_EDGE('',*,*,#10774,.T.);
#11142 = ORIENTED_EDGE('',*,*,#11076,.T.);
#11143 = ADVANCED_FACE('',(#11144),#10762,.F.);
#11144 = FACE_BOUND('',#11145,.F.);
#11145 = EDGE_LOOP('',(#11146,#11147,#11168,#11169));
#11146 = ORIENTED_EDGE('',*,*,#11121,.F.);
#11147 = ORIENTED_EDGE('',*,*,#11148,.T.);
#11148 = EDGE_CURVE('',#11099,#10884,#11149,.T.);
#11149 = SURFACE_CURVE('',#11150,(#11154,#11161),.PCURVE_S1.);
#11150 = LINE('',#11151,#11152);
#11151 = CARTESIAN_POINT('',(-375.,-55.,23.));
#11152 = VECTOR('',#11153,1.);
#11153 = DIRECTION('',(1.,0.,0.));
#11154 = PCURVE('',#10762,#11155);
#11155 = DEFINITIONAL_REPRESENTATION('',(#11156),#11160);
#11156 = LINE('',#11157,#11158);
#11157 = CARTESIAN_POINT('',(0.,0.));
#11158 = VECTOR('',#11159,1.);
#11159 = DIRECTION('',(1.,0.));
#11160 = ( GEOMETRIC_REPRESENTATION_CONTEXT(2) 
PARAMETRIC_REPRESENTATION_CONTEXT() REPRESENTATION_CONTEXT('2D SPACE',''
  ) );
#11161 = PCURVE('',#10901,#11162);
#11162 = DEFINITIONAL_REPRESENTATION('',(#11163),#11167);
#11163 = LINE('',#11164,#11165);
#11164 = CARTESIAN_POINT('',(0.,0.));
#11165 = VECTOR('',#11166,1.);
#11166 = DIRECTION('',(0.,1.));
#11167 = ( GEOMETRIC_REPRESENTATION_CONTEXT(2) 
PARAMETRIC_REPRESENTATION_CONTEXT() REPRESENTATION_CONTEXT('2D SPACE',''
  ) );
#11168 = ORIENTED_EDGE('',*,*,#10913,.T.);
#11169 = ORIENTED_EDGE('',*,*,#10746,.F.);
#11170 = ADVANCED_FACE('',(#11171),#10901,.F.);
#11171 = FACE_BOUND('',#11172,.F.);
#11172 = EDGE_LOOP('',(#11173,#11174,#11175,#11176,#11177,#11178));
#11173 = ORIENTED_EDGE('',*,*,#10883,.F.);
#11174 = ORIENTED_EDGE('',*,*,#11148,.F.);
#11175 = ORIENTED_EDGE('',*,*,#11098,.T.);
#11176 = ORIENTED_EDGE('',*,*,#11053,.T.);
#11177 = ORIENTED_EDGE('',*,*,#11006,.F.);
#11178 = ORIENTED_EDGE('',*,*,#10981,.T.);
#11179 = ( GEOMETRIC_REPRESENTATION_CONTEXT(3) 
GLOBAL_UNCERTAINTY_ASSIGNED_CONTEXT((#11183)) 
GLOBAL_UNIT_ASSIGNED_CONTEXT((#11180,#11181,#11182)) 
REPRESENTATION_CONTEXT('Context #1',
  '3D Context with UNIT and UNCERTAINTY') );
#11180 = ( LENGTH_UNIT() NAMED_UNIT(*) SI_UNIT(.MILLI.,.METRE.) );
#11181 = ( NAMED_UNIT(*) PLANE_ANGLE_UNIT() SI_UNIT($,.RADIAN.) );
#11182 = ( NAMED_UNIT(*) SI_UNIT($,.STERADIAN.) SOLID_ANGLE_UNIT() );
#11183 = UNCERTAINTY_MEASURE_WITH_UNIT(LENGTH_MEASURE(1.E-07),#11180,
  'distance_accuracy_value','confusion accuracy');
#11184 = PRODUCT_RELATED_PRODUCT_CATEGORY('part',$,(#7));
ENDSEC;
END-ISO-10303-21;
