ISO-10303-21;
HEADER;
FILE_DESCRIPTION(('Open CASCADE Model'),'2;1');
FILE_NAME('Open CASCADE Shape Model','2026-08-07T19:14:35',('Author'),(
    'Open CASCADE'),'Open CASCADE STEP processor 7.9','Open CASCADE 7.9'
  ,'Unknown');
FILE_SCHEMA(('AUTOMOTIVE_DESIGN { 1 0 10303 214 1 1 1 1 }'));
ENDSEC;
DATA;
#1 = APPLICATION_PROTOCOL_DEFINITION('international standard',
  'automotive_design',2000,#2);
#2 = APPLICATION_CONTEXT(
  'core data for automotive mechanical design processes');
#3 = SHAPE_DEFINITION_REPRESENTATION(#4,#10);
#4 = PRODUCT_DEFINITION_SHAPE('','',#5);
#5 = PRODUCT_DEFINITION('design','',#6,#9);
#6 = PRODUCT_DEFINITION_FORMATION('','',#7);
#7 = PRODUCT('Open CASCADE STEP translator 7.9 4',
  'Open CASCADE STEP translator 7.9 4','',(#8));
#8 = PRODUCT_CONTEXT('',#2,'mechanical');
#9 = PRODUCT_DEFINITION_CONTEXT('part definition',#2,'design');
#10 = ADVANCED_BREP_SHAPE_REPRESENTATION('',(#11,#15),#5867);
#11 = AXIS2_PLACEMENT_3D('',#12,#13,#14);
#12 = CARTESIAN_POINT('',(0.,0.,0.));
#13 = DIRECTION('',(0.,0.,1.));
#14 = DIRECTION('',(1.,0.,-0.));
#15 = MANIFOLD_SOLID_BREP('',#16);
#16 = CLOSED_SHELL('',(#17,#162,#235,#602,#808,#900,#1054,#1060,#2159,
    #2315,#2344,#2372,#2378,#2427,#2477,#2526,#2580,#2607,#2837,#3688,
    #3697,#4094,#4146,#4305,#4358,#4363,#4368,#4415,#4442,#4469,#4476,
    #4523,#4550,#4577,#4584,#4631,#4658,#4685,#4692,#4739,#4766,#4793,
    #4800,#4847,#4874,#4901,#4908,#4955,#4982,#5009,#5016,#5063,#5090,
    #5117,#5124,#5171,#5198,#5225,#5232,#5237,#5304,#5309,#5356,#5404,
    #5430,#5479,#5527,#5551,#5629,#5678,#5728,#5777,#5831,#5858));
#17 = ADVANCED_FACE('',(#18),#33,.F.);
#18 = FACE_BOUND('',#19,.F.);
#19 = EDGE_LOOP('',(#20,#56,#82,#108,#136));
#20 = ORIENTED_EDGE('',*,*,#21,.T.);
#21 = EDGE_CURVE('',#22,#24,#26,.T.);
#22 = VERTEX_POINT('',#23);
#23 = CARTESIAN_POINT('',(190.,26.381811916543,209.));
#24 = VERTEX_POINT('',#25);
#25 = CARTESIAN_POINT('',(190.,1.E-01,214.99991803273));
#26 = SURFACE_CURVE('',#27,(#32,#44),.PCURVE_S1.);
#27 = CIRCLE('',#28,61.);
#28 = AXIS2_PLACEMENT_3D('',#29,#30,#31);
#29 = CARTESIAN_POINT('',(190.,0.,154.));
#30 = DIRECTION('',(1.,0.,0.));
#31 = DIRECTION('',(0.,1.,0.));
#32 = PCURVE('',#33,#38);
#33 = PLANE('',#34);
#34 = AXIS2_PLACEMENT_3D('',#35,#36,#37);
#35 = CARTESIAN_POINT('',(190.,-55.,99.));
#36 = DIRECTION('',(1.,0.,0.));
#37 = DIRECTION('',(0.,0.,1.));
#38 = DEFINITIONAL_REPRESENTATION('',(#39),#43);
#39 = CIRCLE('',#40,61.);
#40 = AXIS2_PLACEMENT_2D('',#41,#42);
#41 = CARTESIAN_POINT('',(55.,-55.));
#42 = DIRECTION('',(0.,-1.));
#43 = ( GEOMETRIC_REPRESENTATION_CONTEXT(2) 
PARAMETRIC_REPRESENTATION_CONTEXT() REPRESENTATION_CONTEXT('2D SPACE',''
  ) );
#44 = PCURVE('',#45,#50);
#45 = CYLINDRICAL_SURFACE('',#46,61.);
#46 = AXIS2_PLACEMENT_3D('',#47,#48,#49);
#47 = CARTESIAN_POINT('',(190.,0.,154.));
#48 = DIRECTION('',(-1.,-0.,-0.));
#49 = DIRECTION('',(0.,1.,0.));
#50 = DEFINITIONAL_REPRESENTATION('',(#51),#55);
#51 = LINE('',#52,#53);
#52 = CARTESIAN_POINT('',(-0.,0.));
#53 = VECTOR('',#54,1.);
#54 = DIRECTION('',(-1.,0.));
#55 = ( GEOMETRIC_REPRESENTATION_CONTEXT(2) 
PARAMETRIC_REPRESENTATION_CONTEXT() REPRESENTATION_CONTEXT('2D SPACE',''
  ) );
#56 = ORIENTED_EDGE('',*,*,#57,.F.);
#57 = EDGE_CURVE('',#58,#24,#60,.T.);
#58 = VERTEX_POINT('',#59);
#59 = CARTESIAN_POINT('',(190.,9.999999999999E-02,205.8));
#60 = SURFACE_CURVE('',#61,(#65,#71),.PCURVE_S1.);
#61 = LINE('',#62,#63);
#62 = CARTESIAN_POINT('',(190.,9.999999999999E-02,87.5));
#63 = VECTOR('',#64,1.);
#64 = DIRECTION('',(0.,0.,1.));
#65 = PCURVE('',#33,#66);
#66 = DEFINITIONAL_REPRESENTATION('',(#67),#70);
#67 = B_SPLINE_CURVE_WITH_KNOTS('',1,(#68,#69),.UNSPECIFIED.,.F.,.F.,(2,
    2),(118.3,127.5),.PIECEWISE_BEZIER_KNOTS.);
#68 = CARTESIAN_POINT('',(106.8,-55.1));
#69 = CARTESIAN_POINT('',(116.,-55.1));
#70 = ( GEOMETRIC_REPRESENTATION_CONTEXT(2) 
PARAMETRIC_REPRESENTATION_CONTEXT() REPRESENTATION_CONTEXT('2D SPACE',''
  ) );
#71 = PCURVE('',#72,#77);
#72 = PLANE('',#73);
#73 = AXIS2_PLACEMENT_3D('',#74,#75,#76);
#74 = CARTESIAN_POINT('',(184.9999999,9.999999999999E-02,76.));
#75 = DIRECTION('',(0.,1.,0.));
#76 = DIRECTION('',(0.,0.,1.));
#77 = DEFINITIONAL_REPRESENTATION('',(#78),#81);
#78 = B_SPLINE_CURVE_WITH_KNOTS('',1,(#79,#80),.UNSPECIFIED.,.F.,.F.,(2,
    2),(118.3,127.5),.PIECEWISE_BEZIER_KNOTS.);
#79 = CARTESIAN_POINT('',(129.8,5.0000001));
#80 = CARTESIAN_POINT('',(139.,5.0000001));
#81 = ( GEOMETRIC_REPRESENTATION_CONTEXT(2) 
PARAMETRIC_REPRESENTATION_CONTEXT() REPRESENTATION_CONTEXT('2D SPACE',''
  ) );
#82 = ORIENTED_EDGE('',*,*,#83,.F.);
#83 = EDGE_CURVE('',#84,#58,#86,.T.);
#84 = VERTEX_POINT('',#85);
#85 = CARTESIAN_POINT('',(190.,51.,205.8));
#86 = SURFACE_CURVE('',#87,(#91,#97),.PCURVE_S1.);
#87 = LINE('',#88,#89);
#88 = CARTESIAN_POINT('',(190.,-53.4,205.8));
#89 = VECTOR('',#90,1.);
#90 = DIRECTION('',(0.,-1.,0.));
#91 = PCURVE('',#33,#92);
#92 = DEFINITIONAL_REPRESENTATION('',(#93),#96);
#93 = B_SPLINE_CURVE_WITH_KNOTS('',1,(#94,#95),.UNSPECIFIED.,.F.,.F.,(2,
    2),(-105.2,-1.6),.PIECEWISE_BEZIER_KNOTS.);
#94 = CARTESIAN_POINT('',(106.8,-106.8));
#95 = CARTESIAN_POINT('',(106.8,-3.2));
#96 = ( GEOMETRIC_REPRESENTATION_CONTEXT(2) 
PARAMETRIC_REPRESENTATION_CONTEXT() REPRESENTATION_CONTEXT('2D SPACE',''
  ) );
#97 = PCURVE('',#98,#103);
#98 = PLANE('',#99);
#99 = AXIS2_PLACEMENT_3D('',#100,#101,#102);
#100 = CARTESIAN_POINT('',(189.,-51.8,205.8));
#101 = DIRECTION('',(0.,0.,1.));
#102 = DIRECTION('',(1.,0.,0.));
#103 = DEFINITIONAL_REPRESENTATION('',(#104),#107);
#104 = B_SPLINE_CURVE_WITH_KNOTS('',1,(#105,#106),.UNSPECIFIED.,.F.,.F.,
  (2,2),(-105.2,-1.6),.PIECEWISE_BEZIER_KNOTS.);
#105 = CARTESIAN_POINT('',(1.,103.6));
#106 = CARTESIAN_POINT('',(1.,0.));
#107 = ( GEOMETRIC_REPRESENTATION_CONTEXT(2) 
PARAMETRIC_REPRESENTATION_CONTEXT() REPRESENTATION_CONTEXT('2D SPACE',''
  ) );
#108 = ORIENTED_EDGE('',*,*,#109,.T.);
#109 = EDGE_CURVE('',#84,#110,#112,.T.);
#110 = VERTEX_POINT('',#111);
#111 = CARTESIAN_POINT('',(190.,51.,209.));
#112 = SURFACE_CURVE('',#113,(#117,#124),.PCURVE_S1.);
#113 = LINE('',#114,#115);
#114 = CARTESIAN_POINT('',(190.,51.,99.));
#115 = VECTOR('',#116,1.);
#116 = DIRECTION('',(0.,0.,1.));
#117 = PCURVE('',#33,#118);
#118 = DEFINITIONAL_REPRESENTATION('',(#119),#123);
#119 = LINE('',#120,#121);
#120 = CARTESIAN_POINT('',(0.,-106.));
#121 = VECTOR('',#122,1.);
#122 = DIRECTION('',(1.,0.));
#123 = ( GEOMETRIC_REPRESENTATION_CONTEXT(2) 
PARAMETRIC_REPRESENTATION_CONTEXT() REPRESENTATION_CONTEXT('2D SPACE',''
  ) );
#124 = PCURVE('',#125,#130);
#125 = CYLINDRICAL_SURFACE('',#126,4.);
#126 = AXIS2_PLACEMENT_3D('',#127,#128,#129);
#127 = CARTESIAN_POINT('',(194.,51.,99.));
#128 = DIRECTION('',(0.,0.,1.));
#129 = DIRECTION('',(-1.,-0.,0.));
#130 = DEFINITIONAL_REPRESENTATION('',(#131),#135);
#131 = LINE('',#132,#133);
#132 = CARTESIAN_POINT('',(-0.,0.));
#133 = VECTOR('',#134,1.);
#134 = DIRECTION('',(-0.,1.));
#135 = ( GEOMETRIC_REPRESENTATION_CONTEXT(2) 
PARAMETRIC_REPRESENTATION_CONTEXT() REPRESENTATION_CONTEXT('2D SPACE',''
  ) );
#136 = ORIENTED_EDGE('',*,*,#137,.F.);
#137 = EDGE_CURVE('',#22,#110,#138,.T.);
#138 = SURFACE_CURVE('',#139,(#143,#150),.PCURVE_S1.);
#139 = LINE('',#140,#141);
#140 = CARTESIAN_POINT('',(190.,-55.,209.));
#141 = VECTOR('',#142,1.);
#142 = DIRECTION('',(0.,1.,0.));
#143 = PCURVE('',#33,#144);
#144 = DEFINITIONAL_REPRESENTATION('',(#145),#149);
#145 = LINE('',#146,#147);
#146 = CARTESIAN_POINT('',(110.,0.));
#147 = VECTOR('',#148,1.);
#148 = DIRECTION('',(0.,-1.));
#149 = ( GEOMETRIC_REPRESENTATION_CONTEXT(2) 
PARAMETRIC_REPRESENTATION_CONTEXT() REPRESENTATION_CONTEXT('2D SPACE',''
  ) );
#150 = PCURVE('',#151,#156);
#151 = PLANE('',#152);
#152 = AXIS2_PLACEMENT_3D('',#153,#154,#155);
#153 = CARTESIAN_POINT('',(190.,-55.,209.));
#154 = DIRECTION('',(0.,0.,1.));
#155 = DIRECTION('',(1.,0.,0.));
#156 = DEFINITIONAL_REPRESENTATION('',(#157),#161);
#157 = LINE('',#158,#159);
#158 = CARTESIAN_POINT('',(0.,0.));
#159 = VECTOR('',#160,1.);
#160 = DIRECTION('',(0.,1.));
#161 = ( GEOMETRIC_REPRESENTATION_CONTEXT(2) 
PARAMETRIC_REPRESENTATION_CONTEXT() REPRESENTATION_CONTEXT('2D SPACE',''
  ) );
#162 = ADVANCED_FACE('',(#163),#45,.T.);
#163 = FACE_BOUND('',#164,.F.);
#164 = EDGE_LOOP('',(#165,#166,#187,#216));
#165 = ORIENTED_EDGE('',*,*,#21,.F.);
#166 = ORIENTED_EDGE('',*,*,#167,.F.);
#167 = EDGE_CURVE('',#168,#22,#170,.T.);
#168 = VERTEX_POINT('',#169);
#169 = CARTESIAN_POINT('',(226.,26.381811916546,209.));
#170 = SURFACE_CURVE('',#171,(#175,#181),.PCURVE_S1.);
#171 = LINE('',#172,#173);
#172 = CARTESIAN_POINT('',(190.,26.381811916546,209.));
#173 = VECTOR('',#174,1.);
#174 = DIRECTION('',(-1.,-0.,-0.));
#175 = PCURVE('',#45,#176);
#176 = DEFINITIONAL_REPRESENTATION('',(#177),#180);
#177 = B_SPLINE_CURVE_WITH_KNOTS('',1,(#178,#179),.UNSPECIFIED.,.F.,.F.,
  (2,2),(-36.0000006,5.999999928008E-07),.PIECEWISE_BEZIER_KNOTS.);
#178 = CARTESIAN_POINT('',(-1.123545154536,-36.0000006));
#179 = CARTESIAN_POINT('',(-1.123545154536,5.999999928008E-07));
#180 = ( GEOMETRIC_REPRESENTATION_CONTEXT(2) 
PARAMETRIC_REPRESENTATION_CONTEXT() REPRESENTATION_CONTEXT('2D SPACE',''
  ) );
#181 = PCURVE('',#151,#182);
#182 = DEFINITIONAL_REPRESENTATION('',(#183),#186);
#183 = B_SPLINE_CURVE_WITH_KNOTS('',1,(#184,#185),.UNSPECIFIED.,.F.,.F.,
  (2,2),(-36.0000006,5.999999928008E-07),.PIECEWISE_BEZIER_KNOTS.);
#184 = CARTESIAN_POINT('',(36.0000006,81.381811916546));
#185 = CARTESIAN_POINT('',(-5.999999928008E-07,81.381811916546));
#186 = ( GEOMETRIC_REPRESENTATION_CONTEXT(2) 
PARAMETRIC_REPRESENTATION_CONTEXT() REPRESENTATION_CONTEXT('2D SPACE',''
  ) );
#187 = ORIENTED_EDGE('',*,*,#188,.T.);
#188 = EDGE_CURVE('',#168,#189,#191,.T.);
#189 = VERTEX_POINT('',#190);
#190 = CARTESIAN_POINT('',(226.,1.E-01,214.99991803273));
#191 = SURFACE_CURVE('',#192,(#197,#204),.PCURVE_S1.);
#192 = CIRCLE('',#193,61.);
#193 = AXIS2_PLACEMENT_3D('',#194,#195,#196);
#194 = CARTESIAN_POINT('',(226.,0.,154.));
#195 = DIRECTION('',(1.,0.,0.));
#196 = DIRECTION('',(0.,1.,0.));
#197 = PCURVE('',#45,#198);
#198 = DEFINITIONAL_REPRESENTATION('',(#199),#203);
#199 = LINE('',#200,#201);
#200 = CARTESIAN_POINT('',(-0.,-36.));
#201 = VECTOR('',#202,1.);
#202 = DIRECTION('',(-1.,0.));
#203 = ( GEOMETRIC_REPRESENTATION_CONTEXT(2) 
PARAMETRIC_REPRESENTATION_CONTEXT() REPRESENTATION_CONTEXT('2D SPACE',''
  ) );
#204 = PCURVE('',#205,#210);
#205 = PLANE('',#206);
#206 = AXIS2_PLACEMENT_3D('',#207,#208,#209);
#207 = CARTESIAN_POINT('',(226.,-5.738765146395E-15,154.));
#208 = DIRECTION('',(1.,0.,0.));
#209 = DIRECTION('',(-0.,0.,1.));
#210 = DEFINITIONAL_REPRESENTATION('',(#211),#215);
#211 = CIRCLE('',#212,61.);
#212 = AXIS2_PLACEMENT_2D('',#213,#214);
#213 = CARTESIAN_POINT('',(0.,-5.738765146395E-15));
#214 = DIRECTION('',(0.,-1.));
#215 = ( GEOMETRIC_REPRESENTATION_CONTEXT(2) 
PARAMETRIC_REPRESENTATION_CONTEXT() REPRESENTATION_CONTEXT('2D SPACE',''
  ) );
#216 = ORIENTED_EDGE('',*,*,#217,.T.);
#217 = EDGE_CURVE('',#189,#24,#218,.T.);
#218 = SURFACE_CURVE('',#219,(#223,#229),.PCURVE_S1.);
#219 = LINE('',#220,#221);
#220 = CARTESIAN_POINT('',(190.,9.999999999999E-02,214.99991803273));
#221 = VECTOR('',#222,1.);
#222 = DIRECTION('',(-1.,-0.,-0.));
#223 = PCURVE('',#45,#224);
#224 = DEFINITIONAL_REPRESENTATION('',(#225),#228);
#225 = B_SPLINE_CURVE_WITH_KNOTS('',1,(#226,#227),.UNSPECIFIED.,.F.,.F.,
  (2,2),(-36.0000006,5.999999928008E-07),.PIECEWISE_BEZIER_KNOTS.);
#226 = CARTESIAN_POINT('',(-1.569156981798,-36.0000006));
#227 = CARTESIAN_POINT('',(-1.569156981798,5.999999928008E-07));
#228 = ( GEOMETRIC_REPRESENTATION_CONTEXT(2) 
PARAMETRIC_REPRESENTATION_CONTEXT() REPRESENTATION_CONTEXT('2D SPACE',''
  ) );
#229 = PCURVE('',#72,#230);
#230 = DEFINITIONAL_REPRESENTATION('',(#231),#234);
#231 = B_SPLINE_CURVE_WITH_KNOTS('',1,(#232,#233),.UNSPECIFIED.,.F.,.F.,
  (2,2),(-36.0000006,5.999999928008E-07),.PIECEWISE_BEZIER_KNOTS.);
#232 = CARTESIAN_POINT('',(138.99991803273,41.0000007));
#233 = CARTESIAN_POINT('',(138.99991803273,4.9999995));
#234 = ( GEOMETRIC_REPRESENTATION_CONTEXT(2) 
PARAMETRIC_REPRESENTATION_CONTEXT() REPRESENTATION_CONTEXT('2D SPACE',''
  ) );
#235 = ADVANCED_FACE('',(#236),#151,.T.);
#236 = FACE_BOUND('',#237,.T.);
#237 = EDGE_LOOP('',(#238,#259,#280,#306,#335,#361,#390,#416,#437,#463,
    #489,#517,#546,#574,#600,#601));
#238 = ORIENTED_EDGE('',*,*,#239,.F.);
#239 = EDGE_CURVE('',#240,#168,#242,.T.);
#240 = VERTEX_POINT('',#241);
#241 = CARTESIAN_POINT('',(226.,9.999999999999E-02,209.));
#242 = SURFACE_CURVE('',#243,(#247,#253),.PCURVE_S1.);
#243 = LINE('',#244,#245);
#244 = CARTESIAN_POINT('',(226.,-27.5,209.));
#245 = VECTOR('',#246,1.);
#246 = DIRECTION('',(0.,1.,0.));
#247 = PCURVE('',#151,#248);
#248 = DEFINITIONAL_REPRESENTATION('',(#249),#252);
#249 = B_SPLINE_CURVE_WITH_KNOTS('',1,(#250,#251),.UNSPECIFIED.,.F.,.F.,
  (2,2),(-27.5,82.5),.PIECEWISE_BEZIER_KNOTS.);
#250 = CARTESIAN_POINT('',(36.,0.));
#251 = CARTESIAN_POINT('',(36.,110.));
#252 = ( GEOMETRIC_REPRESENTATION_CONTEXT(2) 
PARAMETRIC_REPRESENTATION_CONTEXT() REPRESENTATION_CONTEXT('2D SPACE',''
  ) );
#253 = PCURVE('',#205,#254);
#254 = DEFINITIONAL_REPRESENTATION('',(#255),#258);
#255 = B_SPLINE_CURVE_WITH_KNOTS('',1,(#256,#257),.UNSPECIFIED.,.F.,.F.,
  (2,2),(-27.5,82.5),.PIECEWISE_BEZIER_KNOTS.);
#256 = CARTESIAN_POINT('',(55.,55.));
#257 = CARTESIAN_POINT('',(55.,-55.));
#258 = ( GEOMETRIC_REPRESENTATION_CONTEXT(2) 
PARAMETRIC_REPRESENTATION_CONTEXT() REPRESENTATION_CONTEXT('2D SPACE',''
  ) );
#259 = ORIENTED_EDGE('',*,*,#260,.F.);
#260 = EDGE_CURVE('',#261,#240,#263,.T.);
#261 = VERTEX_POINT('',#262);
#262 = CARTESIAN_POINT('',(232.,9.999999999999E-02,209.));
#263 = SURFACE_CURVE('',#264,(#268,#274),.PCURVE_S1.);
#264 = LINE('',#265,#266);
#265 = CARTESIAN_POINT('',(187.49999995,9.999999999999E-02,209.));
#266 = VECTOR('',#267,1.);
#267 = DIRECTION('',(-1.,0.,0.));
#268 = PCURVE('',#151,#269);
#269 = DEFINITIONAL_REPRESENTATION('',(#270),#273);
#270 = B_SPLINE_CURVE_WITH_KNOTS('',1,(#271,#272),.UNSPECIFIED.,.F.,.F.,
  (2,2),(-422.50000005,-2.50000005),.PIECEWISE_BEZIER_KNOTS.);
#271 = CARTESIAN_POINT('',(420.,55.1));
#272 = CARTESIAN_POINT('',(0.,55.1));
#273 = ( GEOMETRIC_REPRESENTATION_CONTEXT(2) 
PARAMETRIC_REPRESENTATION_CONTEXT() REPRESENTATION_CONTEXT('2D SPACE',''
  ) );
#274 = PCURVE('',#72,#275);
#275 = DEFINITIONAL_REPRESENTATION('',(#276),#279);
#276 = B_SPLINE_CURVE_WITH_KNOTS('',1,(#277,#278),.UNSPECIFIED.,.F.,.F.,
  (2,2),(-422.50000005,-2.50000005),.PIECEWISE_BEZIER_KNOTS.);
#277 = CARTESIAN_POINT('',(133.,425.0000001));
#278 = CARTESIAN_POINT('',(133.,5.0000001));
#279 = ( GEOMETRIC_REPRESENTATION_CONTEXT(2) 
PARAMETRIC_REPRESENTATION_CONTEXT() REPRESENTATION_CONTEXT('2D SPACE',''
  ) );
#280 = ORIENTED_EDGE('',*,*,#281,.T.);
#281 = EDGE_CURVE('',#261,#282,#284,.T.);
#282 = VERTEX_POINT('',#283);
#283 = CARTESIAN_POINT('',(232.,9.,209.));
#284 = SURFACE_CURVE('',#285,(#289,#295),.PCURVE_S1.);
#285 = LINE('',#286,#287);
#286 = CARTESIAN_POINT('',(232.,-33.,209.));
#287 = VECTOR('',#288,1.);
#288 = DIRECTION('',(0.,1.,0.));
#289 = PCURVE('',#151,#290);
#290 = DEFINITIONAL_REPRESENTATION('',(#291),#294);
#291 = B_SPLINE_CURVE_WITH_KNOTS('',1,(#292,#293),.UNSPECIFIED.,.F.,.F.,
  (2,2),(24.,42.),.PIECEWISE_BEZIER_KNOTS.);
#292 = CARTESIAN_POINT('',(42.,46.));
#293 = CARTESIAN_POINT('',(42.,64.));
#294 = ( GEOMETRIC_REPRESENTATION_CONTEXT(2) 
PARAMETRIC_REPRESENTATION_CONTEXT() REPRESENTATION_CONTEXT('2D SPACE',''
  ) );
#295 = PCURVE('',#296,#301);
#296 = PLANE('',#297);
#297 = AXIS2_PLACEMENT_3D('',#298,#299,#300);
#298 = CARTESIAN_POINT('',(232.,-11.,203.));
#299 = DIRECTION('',(1.,0.,0.));
#300 = DIRECTION('',(0.,0.,1.));
#301 = DEFINITIONAL_REPRESENTATION('',(#302),#305);
#302 = B_SPLINE_CURVE_WITH_KNOTS('',1,(#303,#304),.UNSPECIFIED.,.F.,.F.,
  (2,2),(24.,42.),.PIECEWISE_BEZIER_KNOTS.);
#303 = CARTESIAN_POINT('',(6.,-2.));
#304 = CARTESIAN_POINT('',(6.,-20.));
#305 = ( GEOMETRIC_REPRESENTATION_CONTEXT(2) 
PARAMETRIC_REPRESENTATION_CONTEXT() REPRESENTATION_CONTEXT('2D SPACE',''
  ) );
#306 = ORIENTED_EDGE('',*,*,#307,.F.);
#307 = EDGE_CURVE('',#308,#282,#310,.T.);
#308 = VERTEX_POINT('',#309);
#309 = CARTESIAN_POINT('',(234.,11.,209.));
#310 = SURFACE_CURVE('',#311,(#316,#323),.PCURVE_S1.);
#311 = CIRCLE('',#312,2.);
#312 = AXIS2_PLACEMENT_3D('',#313,#314,#315);
#313 = CARTESIAN_POINT('',(234.,9.,209.));
#314 = DIRECTION('',(0.,0.,1.));
#315 = DIRECTION('',(-1.,-0.,0.));
#316 = PCURVE('',#151,#317);
#317 = DEFINITIONAL_REPRESENTATION('',(#318),#322);
#318 = CIRCLE('',#319,2.);
#319 = AXIS2_PLACEMENT_2D('',#320,#321);
#320 = CARTESIAN_POINT('',(44.,64.));
#321 = DIRECTION('',(-1.,0.));
#322 = ( GEOMETRIC_REPRESENTATION_CONTEXT(2) 
PARAMETRIC_REPRESENTATION_CONTEXT() REPRESENTATION_CONTEXT('2D SPACE',''
  ) );
#323 = PCURVE('',#324,#329);
#324 = CYLINDRICAL_SURFACE('',#325,2.);
#325 = AXIS2_PLACEMENT_3D('',#326,#327,#328);
#326 = CARTESIAN_POINT('',(234.,9.,203.));
#327 = DIRECTION('',(0.,0.,1.));
#328 = DIRECTION('',(-1.,-0.,0.));
#329 = DEFINITIONAL_REPRESENTATION('',(#330),#334);
#330 = LINE('',#331,#332);
#331 = CARTESIAN_POINT('',(-6.28318530718,6.));
#332 = VECTOR('',#333,1.);
#333 = DIRECTION('',(1.,-0.));
#334 = ( GEOMETRIC_REPRESENTATION_CONTEXT(2) 
PARAMETRIC_REPRESENTATION_CONTEXT() REPRESENTATION_CONTEXT('2D SPACE',''
  ) );
#335 = ORIENTED_EDGE('',*,*,#336,.F.);
#336 = EDGE_CURVE('',#337,#308,#339,.T.);
#337 = VERTEX_POINT('',#338);
#338 = CARTESIAN_POINT('',(566.,11.,209.));
#339 = SURFACE_CURVE('',#340,(#344,#350),.PCURVE_S1.);
#340 = LINE('',#341,#342);
#341 = CARTESIAN_POINT('',(211.,11.,209.));
#342 = VECTOR('',#343,1.);
#343 = DIRECTION('',(-1.,0.,0.));
#344 = PCURVE('',#151,#345);
#345 = DEFINITIONAL_REPRESENTATION('',(#346),#349);
#346 = B_SPLINE_CURVE_WITH_KNOTS('',1,(#347,#348),.UNSPECIFIED.,.F.,.F.,
  (2,2),(-355.,-23.),.PIECEWISE_BEZIER_KNOTS.);
#347 = CARTESIAN_POINT('',(376.,66.));
#348 = CARTESIAN_POINT('',(44.,66.));
#349 = ( GEOMETRIC_REPRESENTATION_CONTEXT(2) 
PARAMETRIC_REPRESENTATION_CONTEXT() REPRESENTATION_CONTEXT('2D SPACE',''
  ) );
#350 = PCURVE('',#351,#356);
#351 = PLANE('',#352);
#352 = AXIS2_PLACEMENT_3D('',#353,#354,#355);
#353 = CARTESIAN_POINT('',(232.,11.,203.));
#354 = DIRECTION('',(0.,1.,0.));
#355 = DIRECTION('',(0.,0.,1.));
#356 = DEFINITIONAL_REPRESENTATION('',(#357),#360);
#357 = B_SPLINE_CURVE_WITH_KNOTS('',1,(#358,#359),.UNSPECIFIED.,.F.,.F.,
  (2,2),(-355.,-23.),.PIECEWISE_BEZIER_KNOTS.);
#358 = CARTESIAN_POINT('',(6.,334.));
#359 = CARTESIAN_POINT('',(6.,2.));
#360 = ( GEOMETRIC_REPRESENTATION_CONTEXT(2) 
PARAMETRIC_REPRESENTATION_CONTEXT() REPRESENTATION_CONTEXT('2D SPACE',''
  ) );
#361 = ORIENTED_EDGE('',*,*,#362,.F.);
#362 = EDGE_CURVE('',#363,#337,#365,.T.);
#363 = VERTEX_POINT('',#364);
#364 = CARTESIAN_POINT('',(568.,9.,209.));
#365 = SURFACE_CURVE('',#366,(#371,#378),.PCURVE_S1.);
#366 = CIRCLE('',#367,2.);
#367 = AXIS2_PLACEMENT_3D('',#368,#369,#370);
#368 = CARTESIAN_POINT('',(566.,9.,209.));
#369 = DIRECTION('',(0.,0.,1.));
#370 = DIRECTION('',(1.,0.,-0.));
#371 = PCURVE('',#151,#372);
#372 = DEFINITIONAL_REPRESENTATION('',(#373),#377);
#373 = CIRCLE('',#374,2.);
#374 = AXIS2_PLACEMENT_2D('',#375,#376);
#375 = CARTESIAN_POINT('',(376.,64.));
#376 = DIRECTION('',(1.,0.));
#377 = ( GEOMETRIC_REPRESENTATION_CONTEXT(2) 
PARAMETRIC_REPRESENTATION_CONTEXT() REPRESENTATION_CONTEXT('2D SPACE',''
  ) );
#378 = PCURVE('',#379,#384);
#379 = CYLINDRICAL_SURFACE('',#380,2.);
#380 = AXIS2_PLACEMENT_3D('',#381,#382,#383);
#381 = CARTESIAN_POINT('',(566.,9.,203.));
#382 = DIRECTION('',(0.,0.,1.));
#383 = DIRECTION('',(1.,0.,-0.));
#384 = DEFINITIONAL_REPRESENTATION('',(#385),#389);
#385 = LINE('',#386,#387);
#386 = CARTESIAN_POINT('',(0.,6.));
#387 = VECTOR('',#388,1.);
#388 = DIRECTION('',(1.,0.));
#389 = ( GEOMETRIC_REPRESENTATION_CONTEXT(2) 
PARAMETRIC_REPRESENTATION_CONTEXT() REPRESENTATION_CONTEXT('2D SPACE',''
  ) );
#390 = ORIENTED_EDGE('',*,*,#391,.F.);
#391 = EDGE_CURVE('',#392,#363,#394,.T.);
#392 = VERTEX_POINT('',#393);
#393 = CARTESIAN_POINT('',(568.,9.999999999999E-02,209.));
#394 = SURFACE_CURVE('',#395,(#399,#405),.PCURVE_S1.);
#395 = LINE('',#396,#397);
#396 = CARTESIAN_POINT('',(568.,-33.,209.));
#397 = VECTOR('',#398,1.);
#398 = DIRECTION('',(0.,1.,0.));
#399 = PCURVE('',#151,#400);
#400 = DEFINITIONAL_REPRESENTATION('',(#401),#404);
#401 = B_SPLINE_CURVE_WITH_KNOTS('',1,(#402,#403),.UNSPECIFIED.,.F.,.F.,
  (2,2),(24.,42.),.PIECEWISE_BEZIER_KNOTS.);
#402 = CARTESIAN_POINT('',(378.,46.));
#403 = CARTESIAN_POINT('',(378.,64.));
#404 = ( GEOMETRIC_REPRESENTATION_CONTEXT(2) 
PARAMETRIC_REPRESENTATION_CONTEXT() REPRESENTATION_CONTEXT('2D SPACE',''
  ) );
#405 = PCURVE('',#406,#411);
#406 = PLANE('',#407);
#407 = AXIS2_PLACEMENT_3D('',#408,#409,#410);
#408 = CARTESIAN_POINT('',(568.,-11.,203.));
#409 = DIRECTION('',(1.,0.,0.));
#410 = DIRECTION('',(0.,0.,1.));
#411 = DEFINITIONAL_REPRESENTATION('',(#412),#415);
#412 = B_SPLINE_CURVE_WITH_KNOTS('',1,(#413,#414),.UNSPECIFIED.,.F.,.F.,
  (2,2),(24.,42.),.PIECEWISE_BEZIER_KNOTS.);
#413 = CARTESIAN_POINT('',(6.,-2.));
#414 = CARTESIAN_POINT('',(6.,-20.));
#415 = ( GEOMETRIC_REPRESENTATION_CONTEXT(2) 
PARAMETRIC_REPRESENTATION_CONTEXT() REPRESENTATION_CONTEXT('2D SPACE',''
  ) );
#416 = ORIENTED_EDGE('',*,*,#417,.F.);
#417 = EDGE_CURVE('',#418,#392,#420,.T.);
#418 = VERTEX_POINT('',#419);
#419 = CARTESIAN_POINT('',(594.,9.999999999999E-02,209.));
#420 = SURFACE_CURVE('',#421,(#425,#431),.PCURVE_S1.);
#421 = LINE('',#422,#423);
#422 = CARTESIAN_POINT('',(187.49999995,9.999999999999E-02,209.));
#423 = VECTOR('',#424,1.);
#424 = DIRECTION('',(-1.,0.,0.));
#425 = PCURVE('',#151,#426);
#426 = DEFINITIONAL_REPRESENTATION('',(#427),#430);
#427 = B_SPLINE_CURVE_WITH_KNOTS('',1,(#428,#429),.UNSPECIFIED.,.F.,.F.,
  (2,2),(-422.50000005,-2.50000005),.PIECEWISE_BEZIER_KNOTS.);
#428 = CARTESIAN_POINT('',(420.,55.1));
#429 = CARTESIAN_POINT('',(0.,55.1));
#430 = ( GEOMETRIC_REPRESENTATION_CONTEXT(2) 
PARAMETRIC_REPRESENTATION_CONTEXT() REPRESENTATION_CONTEXT('2D SPACE',''
  ) );
#431 = PCURVE('',#72,#432);
#432 = DEFINITIONAL_REPRESENTATION('',(#433),#436);
#433 = B_SPLINE_CURVE_WITH_KNOTS('',1,(#434,#435),.UNSPECIFIED.,.F.,.F.,
  (2,2),(-422.50000005,-2.50000005),.PIECEWISE_BEZIER_KNOTS.);
#434 = CARTESIAN_POINT('',(133.,425.0000001));
#435 = CARTESIAN_POINT('',(133.,5.0000001));
#436 = ( GEOMETRIC_REPRESENTATION_CONTEXT(2) 
PARAMETRIC_REPRESENTATION_CONTEXT() REPRESENTATION_CONTEXT('2D SPACE',''
  ) );
#437 = ORIENTED_EDGE('',*,*,#438,.T.);
#438 = EDGE_CURVE('',#418,#439,#441,.T.);
#439 = VERTEX_POINT('',#440);
#440 = CARTESIAN_POINT('',(594.,21.354156504063,209.));
#441 = SURFACE_CURVE('',#442,(#446,#452),.PCURVE_S1.);
#442 = LINE('',#443,#444);
#443 = CARTESIAN_POINT('',(594.,-27.5,209.));
#444 = VECTOR('',#445,1.);
#445 = DIRECTION('',(0.,1.,0.));
#446 = PCURVE('',#151,#447);
#447 = DEFINITIONAL_REPRESENTATION('',(#448),#451);
#448 = B_SPLINE_CURVE_WITH_KNOTS('',1,(#449,#450),.UNSPECIFIED.,.F.,.F.,
  (2,2),(-27.5,82.5),.PIECEWISE_BEZIER_KNOTS.);
#449 = CARTESIAN_POINT('',(404.,0.));
#450 = CARTESIAN_POINT('',(404.,110.));
#451 = ( GEOMETRIC_REPRESENTATION_CONTEXT(2) 
PARAMETRIC_REPRESENTATION_CONTEXT() REPRESENTATION_CONTEXT('2D SPACE',''
  ) );
#452 = PCURVE('',#453,#458);
#453 = PLANE('',#454);
#454 = AXIS2_PLACEMENT_3D('',#455,#456,#457);
#455 = CARTESIAN_POINT('',(594.,-5.933299558137E-15,154.));
#456 = DIRECTION('',(1.,0.,0.));
#457 = DIRECTION('',(-0.,0.,1.));
#458 = DEFINITIONAL_REPRESENTATION('',(#459),#462);
#459 = B_SPLINE_CURVE_WITH_KNOTS('',1,(#460,#461),.UNSPECIFIED.,.F.,.F.,
  (2,2),(-27.5,82.5),.PIECEWISE_BEZIER_KNOTS.);
#460 = CARTESIAN_POINT('',(55.,55.));
#461 = CARTESIAN_POINT('',(55.,-55.));
#462 = ( GEOMETRIC_REPRESENTATION_CONTEXT(2) 
PARAMETRIC_REPRESENTATION_CONTEXT() REPRESENTATION_CONTEXT('2D SPACE',''
  ) );
#463 = ORIENTED_EDGE('',*,*,#464,.F.);
#464 = EDGE_CURVE('',#465,#439,#467,.T.);
#465 = VERTEX_POINT('',#466);
#466 = CARTESIAN_POINT('',(610.,21.354156504062,209.));
#467 = SURFACE_CURVE('',#468,(#472,#478),.PCURVE_S1.);
#468 = LINE('',#469,#470);
#469 = CARTESIAN_POINT('',(594.,21.354156504063,209.));
#470 = VECTOR('',#471,1.);
#471 = DIRECTION('',(-1.,-0.,-0.));
#472 = PCURVE('',#151,#473);
#473 = DEFINITIONAL_REPRESENTATION('',(#474),#477);
#474 = B_SPLINE_CURVE_WITH_KNOTS('',1,(#475,#476),.UNSPECIFIED.,.F.,.F.,
  (2,2),(-16.0000006,6.000000212225E-07),.PIECEWISE_BEZIER_KNOTS.);
#475 = CARTESIAN_POINT('',(420.0000006,76.354156504063));
#476 = CARTESIAN_POINT('',(403.9999994,76.354156504063));
#477 = ( GEOMETRIC_REPRESENTATION_CONTEXT(2) 
PARAMETRIC_REPRESENTATION_CONTEXT() REPRESENTATION_CONTEXT('2D SPACE',''
  ) );
#478 = PCURVE('',#479,#484);
#479 = CYLINDRICAL_SURFACE('',#480,59.);
#480 = AXIS2_PLACEMENT_3D('',#481,#482,#483);
#481 = CARTESIAN_POINT('',(594.,0.,154.));
#482 = DIRECTION('',(-1.,-0.,-0.));
#483 = DIRECTION('',(0.,1.,0.));
#484 = DEFINITIONAL_REPRESENTATION('',(#485),#488);
#485 = B_SPLINE_CURVE_WITH_KNOTS('',1,(#486,#487),.UNSPECIFIED.,.F.,.F.,
  (2,2),(-16.0000006,6.000000212225E-07),.PIECEWISE_BEZIER_KNOTS.);
#486 = CARTESIAN_POINT('',(-1.200453694703,-16.0000006));
#487 = CARTESIAN_POINT('',(-1.200453694703,6.000000212225E-07));
#488 = ( GEOMETRIC_REPRESENTATION_CONTEXT(2) 
PARAMETRIC_REPRESENTATION_CONTEXT() REPRESENTATION_CONTEXT('2D SPACE',''
  ) );
#489 = ORIENTED_EDGE('',*,*,#490,.T.);
#490 = EDGE_CURVE('',#465,#491,#493,.T.);
#491 = VERTEX_POINT('',#492);
#492 = CARTESIAN_POINT('',(610.,51.,209.));
#493 = SURFACE_CURVE('',#494,(#498,#505),.PCURVE_S1.);
#494 = LINE('',#495,#496);
#495 = CARTESIAN_POINT('',(610.,-55.,209.));
#496 = VECTOR('',#497,1.);
#497 = DIRECTION('',(0.,1.,0.));
#498 = PCURVE('',#151,#499);
#499 = DEFINITIONAL_REPRESENTATION('',(#500),#504);
#500 = LINE('',#501,#502);
#501 = CARTESIAN_POINT('',(420.,0.));
#502 = VECTOR('',#503,1.);
#503 = DIRECTION('',(0.,1.));
#504 = ( GEOMETRIC_REPRESENTATION_CONTEXT(2) 
PARAMETRIC_REPRESENTATION_CONTEXT() REPRESENTATION_CONTEXT('2D SPACE',''
  ) );
#505 = PCURVE('',#506,#511);
#506 = PLANE('',#507);
#507 = AXIS2_PLACEMENT_3D('',#508,#509,#510);
#508 = CARTESIAN_POINT('',(610.,-55.,99.));
#509 = DIRECTION('',(1.,0.,0.));
#510 = DIRECTION('',(0.,0.,1.));
#511 = DEFINITIONAL_REPRESENTATION('',(#512),#516);
#512 = LINE('',#513,#514);
#513 = CARTESIAN_POINT('',(110.,0.));
#514 = VECTOR('',#515,1.);
#515 = DIRECTION('',(0.,-1.));
#516 = ( GEOMETRIC_REPRESENTATION_CONTEXT(2) 
PARAMETRIC_REPRESENTATION_CONTEXT() REPRESENTATION_CONTEXT('2D SPACE',''
  ) );
#517 = ORIENTED_EDGE('',*,*,#518,.T.);
#518 = EDGE_CURVE('',#491,#519,#521,.T.);
#519 = VERTEX_POINT('',#520);
#520 = CARTESIAN_POINT('',(606.,55.,209.));
#521 = SURFACE_CURVE('',#522,(#527,#534),.PCURVE_S1.);
#522 = CIRCLE('',#523,4.);
#523 = AXIS2_PLACEMENT_3D('',#524,#525,#526);
#524 = CARTESIAN_POINT('',(606.,51.,209.));
#525 = DIRECTION('',(0.,0.,1.));
#526 = DIRECTION('',(0.,-1.,0.));
#527 = PCURVE('',#151,#528);
#528 = DEFINITIONAL_REPRESENTATION('',(#529),#533);
#529 = CIRCLE('',#530,4.);
#530 = AXIS2_PLACEMENT_2D('',#531,#532);
#531 = CARTESIAN_POINT('',(416.,106.));
#532 = DIRECTION('',(0.,-1.));
#533 = ( GEOMETRIC_REPRESENTATION_CONTEXT(2) 
PARAMETRIC_REPRESENTATION_CONTEXT() REPRESENTATION_CONTEXT('2D SPACE',''
  ) );
#534 = PCURVE('',#535,#540);
#535 = CYLINDRICAL_SURFACE('',#536,4.);
#536 = AXIS2_PLACEMENT_3D('',#537,#538,#539);
#537 = CARTESIAN_POINT('',(606.,51.,99.));
#538 = DIRECTION('',(0.,0.,1.));
#539 = DIRECTION('',(1.,0.,-0.));
#540 = DEFINITIONAL_REPRESENTATION('',(#541),#545);
#541 = LINE('',#542,#543);
#542 = CARTESIAN_POINT('',(-1.570796326795,110.));
#543 = VECTOR('',#544,1.);
#544 = DIRECTION('',(1.,0.));
#545 = ( GEOMETRIC_REPRESENTATION_CONTEXT(2) 
PARAMETRIC_REPRESENTATION_CONTEXT() REPRESENTATION_CONTEXT('2D SPACE',''
  ) );
#546 = ORIENTED_EDGE('',*,*,#547,.F.);
#547 = EDGE_CURVE('',#548,#519,#550,.T.);
#548 = VERTEX_POINT('',#549);
#549 = CARTESIAN_POINT('',(194.,55.,209.));
#550 = SURFACE_CURVE('',#551,(#555,#562),.PCURVE_S1.);
#551 = LINE('',#552,#553);
#552 = CARTESIAN_POINT('',(190.,55.,209.));
#553 = VECTOR('',#554,1.);
#554 = DIRECTION('',(1.,0.,0.));
#555 = PCURVE('',#151,#556);
#556 = DEFINITIONAL_REPRESENTATION('',(#557),#561);
#557 = LINE('',#558,#559);
#558 = CARTESIAN_POINT('',(0.,110.));
#559 = VECTOR('',#560,1.);
#560 = DIRECTION('',(1.,0.));
#561 = ( GEOMETRIC_REPRESENTATION_CONTEXT(2) 
PARAMETRIC_REPRESENTATION_CONTEXT() REPRESENTATION_CONTEXT('2D SPACE',''
  ) );
#562 = PCURVE('',#563,#568);
#563 = PLANE('',#564);
#564 = AXIS2_PLACEMENT_3D('',#565,#566,#567);
#565 = CARTESIAN_POINT('',(190.,55.,99.));
#566 = DIRECTION('',(0.,1.,0.));
#567 = DIRECTION('',(0.,0.,1.));
#568 = DEFINITIONAL_REPRESENTATION('',(#569),#573);
#569 = LINE('',#570,#571);
#570 = CARTESIAN_POINT('',(110.,0.));
#571 = VECTOR('',#572,1.);
#572 = DIRECTION('',(0.,1.));
#573 = ( GEOMETRIC_REPRESENTATION_CONTEXT(2) 
PARAMETRIC_REPRESENTATION_CONTEXT() REPRESENTATION_CONTEXT('2D SPACE',''
  ) );
#574 = ORIENTED_EDGE('',*,*,#575,.F.);
#575 = EDGE_CURVE('',#110,#548,#576,.T.);
#576 = SURFACE_CURVE('',#577,(#582,#593),.PCURVE_S1.);
#577 = CIRCLE('',#578,4.);
#578 = AXIS2_PLACEMENT_3D('',#579,#580,#581);
#579 = CARTESIAN_POINT('',(194.,51.,209.));
#580 = DIRECTION('',(-0.,-0.,-1.));
#581 = DIRECTION('',(0.,-1.,0.));
#582 = PCURVE('',#151,#583);
#583 = DEFINITIONAL_REPRESENTATION('',(#584),#592);
#584 = ( BOUNDED_CURVE() B_SPLINE_CURVE(2,(#585,#586,#587,#588,#589,#590
,#591),.UNSPECIFIED.,.T.,.F.) B_SPLINE_CURVE_WITH_KNOTS((1,2,2,2,2,1),(
    -2.094395102393,0.,2.094395102393,4.188790204786,6.28318530718,
8.377580409573),.UNSPECIFIED.) CURVE() GEOMETRIC_REPRESENTATION_ITEM() 
RATIONAL_B_SPLINE_CURVE((1.,0.5,1.,0.5,1.,0.5,1.)) REPRESENTATION_ITEM(
  '') );
#585 = CARTESIAN_POINT('',(4.,102.));
#586 = CARTESIAN_POINT('',(-2.928203230276,102.));
#587 = CARTESIAN_POINT('',(0.535898384862,108.));
#588 = CARTESIAN_POINT('',(4.,114.));
#589 = CARTESIAN_POINT('',(7.464101615138,108.));
#590 = CARTESIAN_POINT('',(10.928203230276,102.));
#591 = CARTESIAN_POINT('',(4.,102.));
#592 = ( GEOMETRIC_REPRESENTATION_CONTEXT(2) 
PARAMETRIC_REPRESENTATION_CONTEXT() REPRESENTATION_CONTEXT('2D SPACE',''
  ) );
#593 = PCURVE('',#125,#594);
#594 = DEFINITIONAL_REPRESENTATION('',(#595),#599);
#595 = LINE('',#596,#597);
#596 = CARTESIAN_POINT('',(1.570796326795,110.));
#597 = VECTOR('',#598,1.);
#598 = DIRECTION('',(-1.,0.));
#599 = ( GEOMETRIC_REPRESENTATION_CONTEXT(2) 
PARAMETRIC_REPRESENTATION_CONTEXT() REPRESENTATION_CONTEXT('2D SPACE',''
  ) );
#600 = ORIENTED_EDGE('',*,*,#137,.F.);
#601 = ORIENTED_EDGE('',*,*,#167,.F.);
#602 = ADVANCED_FACE('',(#603),#125,.T.);
#603 = FACE_BOUND('',#604,.F.);
#604 = EDGE_LOOP('',(#605,#606,#630,#656,#786,#807));
#605 = ORIENTED_EDGE('',*,*,#109,.F.);
#606 = ORIENTED_EDGE('',*,*,#607,.F.);
#607 = EDGE_CURVE('',#608,#84,#610,.T.);
#608 = VERTEX_POINT('',#609);
#609 = CARTESIAN_POINT('',(190.08081641154,51.8,205.8));
#610 = SURFACE_CURVE('',#611,(#616,#623),.PCURVE_S1.);
#611 = CIRCLE('',#612,4.);
#612 = AXIS2_PLACEMENT_3D('',#613,#614,#615);
#613 = CARTESIAN_POINT('',(194.,51.,205.8));
#614 = DIRECTION('',(0.,0.,1.));
#615 = DIRECTION('',(-1.,-0.,0.));
#616 = PCURVE('',#125,#617);
#617 = DEFINITIONAL_REPRESENTATION('',(#618),#622);
#618 = LINE('',#619,#620);
#619 = CARTESIAN_POINT('',(-6.28318530718,106.8));
#620 = VECTOR('',#621,1.);
#621 = DIRECTION('',(1.,-0.));
#622 = ( GEOMETRIC_REPRESENTATION_CONTEXT(2) 
PARAMETRIC_REPRESENTATION_CONTEXT() REPRESENTATION_CONTEXT('2D SPACE',''
  ) );
#623 = PCURVE('',#98,#624);
#624 = DEFINITIONAL_REPRESENTATION('',(#625),#629);
#625 = CIRCLE('',#626,4.);
#626 = AXIS2_PLACEMENT_2D('',#627,#628);
#627 = CARTESIAN_POINT('',(5.,102.8));
#628 = DIRECTION('',(-1.,0.));
#629 = ( GEOMETRIC_REPRESENTATION_CONTEXT(2) 
PARAMETRIC_REPRESENTATION_CONTEXT() REPRESENTATION_CONTEXT('2D SPACE',''
  ) );
#630 = ORIENTED_EDGE('',*,*,#631,.F.);
#631 = EDGE_CURVE('',#632,#608,#634,.T.);
#632 = VERTEX_POINT('',#633);
#633 = CARTESIAN_POINT('',(190.08081641286,51.8,186.21428255845));
#634 = SURFACE_CURVE('',#635,(#639,#645),.PCURVE_S1.);
#635 = LINE('',#636,#637);
#636 = CARTESIAN_POINT('',(190.08081641154,51.8,99.));
#637 = VECTOR('',#638,1.);
#638 = DIRECTION('',(0.,0.,1.));
#639 = PCURVE('',#125,#640);
#640 = DEFINITIONAL_REPRESENTATION('',(#641),#644);
#641 = B_SPLINE_CURVE_WITH_KNOTS('',1,(#642,#643),.UNSPECIFIED.,.F.,.F.,
  (2,2),(81.381811316546,110.0000006),.PIECEWISE_BEZIER_KNOTS.);
#642 = CARTESIAN_POINT('',(-0.20135792079,81.381811316546));
#643 = CARTESIAN_POINT('',(-0.20135792079,110.0000006));
#644 = ( GEOMETRIC_REPRESENTATION_CONTEXT(2) 
PARAMETRIC_REPRESENTATION_CONTEXT() REPRESENTATION_CONTEXT('2D SPACE',''
  ) );
#645 = PCURVE('',#646,#651);
#646 = PLANE('',#647);
#647 = AXIS2_PLACEMENT_3D('',#648,#649,#650);
#648 = CARTESIAN_POINT('',(189.,51.8,102.2));
#649 = DIRECTION('',(0.,1.,0.));
#650 = DIRECTION('',(0.,0.,1.));
#651 = DEFINITIONAL_REPRESENTATION('',(#652),#655);
#652 = B_SPLINE_CURVE_WITH_KNOTS('',1,(#653,#654),.UNSPECIFIED.,.F.,.F.,
  (2,2),(81.381811316546,110.0000006),.PIECEWISE_BEZIER_KNOTS.);
#653 = CARTESIAN_POINT('',(78.181811316546,1.080816411547));
#654 = CARTESIAN_POINT('',(106.8000006,1.080816411547));
#655 = ( GEOMETRIC_REPRESENTATION_CONTEXT(2) 
PARAMETRIC_REPRESENTATION_CONTEXT() REPRESENTATION_CONTEXT('2D SPACE',''
  ) );
#656 = ORIENTED_EDGE('',*,*,#657,.T.);
#657 = EDGE_CURVE('',#632,#658,#660,.T.);
#658 = VERTEX_POINT('',#659);
#659 = CARTESIAN_POINT('',(194.,55.,180.38181191654));
#660 = SURFACE_CURVE('',#661,(#699,#740),.PCURVE_S1.);
#661 = B_SPLINE_CURVE_WITH_KNOTS('',8,(#662,#663,#664,#665,#666,#667,
    #668,#669,#670,#671,#672,#673,#674,#675,#676,#677,#678,#679,#680,
    #681,#682,#683,#684,#685,#686,#687,#688,#689,#690,#691,#692,#693,
    #694,#695,#696,#697,#698),.UNSPECIFIED.,.F.,.F.,(9,7,7,7,7,9),(0.,
    0.230425546502,0.695495202478,0.792636263074,0.890088475811,1.),
  .UNSPECIFIED.);
#662 = CARTESIAN_POINT('',(190.,51.,187.46640106136));
#663 = CARTESIAN_POINT('',(190.,51.160804171261,187.22134893522));
#664 = CARTESIAN_POINT('',(190.00738797925,51.320033330491,
    186.97576280457));
#665 = CARTESIAN_POINT('',(190.02191073829,51.47755319,186.72986344381)
  );
#666 = CARTESIAN_POINT('',(190.0433602116,51.633254069853,
    186.48384546983));
#667 = CARTESIAN_POINT('',(190.07157222317,51.787042549869,
    186.2378899974));
#668 = CARTESIAN_POINT('',(190.10642524193,51.938833121627,
    185.99217729462));
#669 = CARTESIAN_POINT('',(190.14783913735,52.088539840469,
    185.74689943834));
#670 = CARTESIAN_POINT('',(190.29252110589,52.5338251532,185.00854148278
    ));
#671 = CARTESIAN_POINT('',(190.41470807606,52.81925054612,
    184.52319768378));
#672 = CARTESIAN_POINT('',(190.56178804477,53.094576032984,
    184.04353592906));
#673 = CARTESIAN_POINT('',(190.73515039958,53.361220177752,
    183.56773820694));
#674 = CARTESIAN_POINT('',(190.93747896021,53.619126571157,
    183.09628962324));
#675 = CARTESIAN_POINT('',(191.17213578879,53.866224246116,
    182.63338952244));
#676 = CARTESIAN_POINT('',(191.44256454045,54.098256830067,
    182.18849780999));
#677 = CARTESIAN_POINT('',(191.81622991621,54.352199557203,
    181.69201486822));
#678 = CARTESIAN_POINT('',(191.88264965339,54.395233434377,
    181.60749750061));
#679 = CARTESIAN_POINT('',(191.95102256452,54.437389225244,
    181.52433575265));
#680 = CARTESIAN_POINT('',(192.02144250071,54.478614628037,
    181.44265462672));
#681 = CARTESIAN_POINT('',(192.09400024617,54.518840141096,
    181.36261562519));
#682 = CARTESIAN_POINT('',(192.16878346454,54.557979461362,
    181.28441688789));
#683 = CARTESIAN_POINT('',(192.24587664525,54.595929882882,
    181.2082933294));
#684 = CARTESIAN_POINT('',(192.40510005062,54.669332878164,
    181.06050391016));
#685 = CARTESIAN_POINT('',(192.48731531446,54.704809210338,
    180.98878847716));
#686 = CARTESIAN_POINT('',(192.5720706634,54.738865258972,
    180.91967667743));
#687 = CARTESIAN_POINT('',(192.65942307206,54.771349976818,
    180.85351011638));
#688 = CARTESIAN_POINT('',(192.74942260733,54.802097395131,
    180.79066573257));
#689 = CARTESIAN_POINT('',(192.8421123679,54.830926316569,
    180.73155572549));
#690 = CARTESIAN_POINT('',(192.93752842393,54.857640008095,
    180.67662748326));
#691 = CARTESIAN_POINT('',(193.14642234068,54.909529526675,
    180.5696732647));
#692 = CARTESIAN_POINT('',(193.26112014134,54.934188836638,
    180.51867538247));
#693 = CARTESIAN_POINT('',(193.37919616332,54.95548221762,
    180.47450484437));
#694 = CARTESIAN_POINT('',(193.50006490731,54.972990206154,
    180.43809755574));
#695 = CARTESIAN_POINT('',(193.62314940255,54.986388219661,
    180.41018944213));
#696 = CARTESIAN_POINT('',(193.7478784787,54.995441176809,
    180.39131594487));
#697 = CARTESIAN_POINT('',(193.87368427689,55.,180.38181191654));
#698 = CARTESIAN_POINT('',(194.,55.,180.38181191654));
#699 = PCURVE('',#125,#700);
#700 = DEFINITIONAL_REPRESENTATION('',(#701),#739);
#701 = B_SPLINE_CURVE_WITH_KNOTS('',8,(#702,#703,#704,#705,#706,#707,
    #708,#709,#710,#711,#712,#713,#714,#715,#716,#717,#718,#719,#720,
    #721,#722,#723,#724,#725,#726,#727,#728,#729,#730,#731,#732,#733,
    #734,#735,#736,#737,#738),.UNSPECIFIED.,.F.,.F.,(9,7,7,7,7,9),(0.,
    0.230425546502,0.695495202478,0.792636263074,0.890088475811,1.),
  .UNSPECIFIED.);
#702 = CARTESIAN_POINT('',(0.,88.466401061363));
#703 = CARTESIAN_POINT('',(-4.020104281515E-02,88.221348935225));
#704 = CARTESIAN_POINT('',(-8.000838368963E-02,87.975762804573));
#705 = CARTESIAN_POINT('',(-0.119487276806,87.729863443816));
#706 = CARTESIAN_POINT('',(-0.15870133242,87.483845469832));
#707 = CARTESIAN_POINT('',(-0.197713149321,87.237889997401));
#708 = CARTESIAN_POINT('',(-0.236584947293,86.992177294622));
#709 = CARTESIAN_POINT('',(-0.275379199584,86.746899438344));
#710 = CARTESIAN_POINT('',(-0.39242937092,86.008541482788));
#711 = CARTESIAN_POINT('',(-0.469732821793,85.523197683782));
#712 = CARTESIAN_POINT('',(-0.547288158704,85.043535929068));
#713 = CARTESIAN_POINT('',(-0.626196982437,84.567738206942));
#714 = CARTESIAN_POINT('',(-0.707455274466,84.096289623248));
#715 = CARTESIAN_POINT('',(-0.791940004376,83.633389522446));
#716 = CARTESIAN_POINT('',(-0.8804620916,83.18849780999));
#717 = CARTESIAN_POINT('',(-0.993409181455,82.692014868229));
#718 = CARTESIAN_POINT('',(-1.013189947755,82.607497500614));
#719 = CARTESIAN_POINT('',(-1.033262526464,82.524335752659));
#720 = CARTESIAN_POINT('',(-1.053651577222,82.442654626721));
#721 = CARTESIAN_POINT('',(-1.074380382739,82.362615625196));
#722 = CARTESIAN_POINT('',(-1.095471317171,82.284416887894));
#723 = CARTESIAN_POINT('',(-1.116946314503,82.208293329405));
#724 = CARTESIAN_POINT('',(-1.160778446364,82.060503910162));
#725 = CARTESIAN_POINT('',(-1.183157359775,81.988788477166));
#726 = CARTESIAN_POINT('',(-1.205980472927,81.919676677438));
#727 = CARTESIAN_POINT('',(-1.229263623713,81.85351011638));
#728 = CARTESIAN_POINT('',(-1.253022611089,81.790665732573));
#729 = CARTESIAN_POINT('',(-1.277273714023,81.731555725497));
#730 = CARTESIAN_POINT('',(-1.302034210436,81.676627483261));
#731 = CARTESIAN_POINT('',(-1.355844752266,81.569673264701));
#732 = CARTESIAN_POINT('',(-1.385159678714,81.518675382474));
#733 = CARTESIAN_POINT('',(-1.415126741823,81.474504844371));
#734 = CARTESIAN_POINT('',(-1.445622239379,81.438097555741));
#735 = CARTESIAN_POINT('',(-1.476535691133,81.410189442138));
#736 = CARTESIAN_POINT('',(-1.507765944585,81.391315944874));
#737 = CARTESIAN_POINT('',(-1.539217396018,81.381811916546));
#738 = CARTESIAN_POINT('',(-1.570796326795,81.381811916546));
#739 = ( GEOMETRIC_REPRESENTATION_CONTEXT(2) 
PARAMETRIC_REPRESENTATION_CONTEXT() REPRESENTATION_CONTEXT('2D SPACE',''
  ) );
#740 = PCURVE('',#741,#746);
#741 = CYLINDRICAL_SURFACE('',#742,61.);
#742 = AXIS2_PLACEMENT_3D('',#743,#744,#745);
#743 = CARTESIAN_POINT('',(190.,0.,154.));
#744 = DIRECTION('',(-1.,-0.,-0.));
#745 = DIRECTION('',(0.,1.,0.));
#746 = DEFINITIONAL_REPRESENTATION('',(#747),#785);
#747 = B_SPLINE_CURVE_WITH_KNOTS('',8,(#748,#749,#750,#751,#752,#753,
    #754,#755,#756,#757,#758,#759,#760,#761,#762,#763,#764,#765,#766,
    #767,#768,#769,#770,#771,#772,#773,#774,#775,#776,#777,#778,#779,
    #780,#781,#782,#783,#784),.UNSPECIFIED.,.F.,.F.,(9,7,7,7,7,9),(0.,
    0.230425546502,0.695495202478,0.792636263074,0.890088475811,1.),
  .UNSPECIFIED.);
#748 = CARTESIAN_POINT('',(-6.863909466891,0.));
#749 = CARTESIAN_POINT('',(-6.859104523241,0.));
#750 = CARTESIAN_POINT('',(-6.854306426084,-7.387979257115E-03));
#751 = CARTESIAN_POINT('',(-6.849519239998,-2.191073829329E-02));
#752 = CARTESIAN_POINT('',(-6.844746452042,-4.336021160594E-02));
#753 = CARTESIAN_POINT('',(-6.839991222621,-7.157222316988E-02));
#754 = CARTESIAN_POINT('',(-6.835256636348,-0.106425241939));
#755 = CARTESIAN_POINT('',(-6.830545952904,-0.14783913735));
#756 = CARTESIAN_POINT('',(-6.816410931182,-0.292521105899));
#757 = CARTESIAN_POINT('',(-6.80718115357,-0.414708076064));
#758 = CARTESIAN_POINT('',(-6.798115365286,-0.561788044769));
#759 = CARTESIAN_POINT('',(-6.7891749856,-0.735150399583));
#760 = CARTESIAN_POINT('',(-6.780366372173,-0.937478960215));
#761 = CARTESIAN_POINT('',(-6.771765028624,-1.172135788794));
#762 = CARTESIAN_POINT('',(-6.763539637954,-1.442564540458));
#763 = CARTESIAN_POINT('',(-6.754397706832,-1.816229916217));
#764 = CARTESIAN_POINT('',(-6.752842914336,-1.882649653397));
#765 = CARTESIAN_POINT('',(-6.751314456289,-1.951022564522));
#766 = CARTESIAN_POINT('',(-6.749814542301,-2.021442500713));
#767 = CARTESIAN_POINT('',(-6.748346043993,-2.094000246174));
#768 = CARTESIAN_POINT('',(-6.746912494208,-2.168783464546));
#769 = CARTESIAN_POINT('',(-6.745518086214,-2.245876645251));
#770 = CARTESIAN_POINT('',(-6.742812934105,-2.405100050626));
#771 = CARTESIAN_POINT('',(-6.741501288951,-2.487315314468));
#772 = CARTESIAN_POINT('',(-6.740238224165,-2.572070663402));
#773 = CARTESIAN_POINT('',(-6.739029854036,-2.659423072069));
#774 = CARTESIAN_POINT('',(-6.737882921639,-2.749422607334));
#775 = CARTESIAN_POINT('',(-6.736804800031,-2.842112367902));
#776 = CARTESIAN_POINT('',(-6.735803493454,-2.937528423937));
#777 = CARTESIAN_POINT('',(-6.733854691149,-3.146422340684));
#778 = CARTESIAN_POINT('',(-6.732926055107,-3.261120141341));
#779 = CARTESIAN_POINT('',(-6.732122201169,-3.379196163327));
#780 = CARTESIAN_POINT('',(-6.731459934823,-3.500064907316));
#781 = CARTESIAN_POINT('',(-6.730952434156,-3.623149402557));
#782 = CARTESIAN_POINT('',(-6.730609280154,-3.747878478708));
#783 = CARTESIAN_POINT('',(-6.730436479438,-3.873684276892));
#784 = CARTESIAN_POINT('',(-6.730436479438,-4.));
#785 = ( GEOMETRIC_REPRESENTATION_CONTEXT(2) 
PARAMETRIC_REPRESENTATION_CONTEXT() REPRESENTATION_CONTEXT('2D SPACE',''
  ) );
#786 = ORIENTED_EDGE('',*,*,#787,.T.);
#787 = EDGE_CURVE('',#658,#548,#788,.T.);
#788 = SURFACE_CURVE('',#789,(#793,#800),.PCURVE_S1.);
#789 = LINE('',#790,#791);
#790 = CARTESIAN_POINT('',(194.,55.,99.));
#791 = VECTOR('',#792,1.);
#792 = DIRECTION('',(0.,0.,1.));
#793 = PCURVE('',#125,#794);
#794 = DEFINITIONAL_REPRESENTATION('',(#795),#799);
#795 = LINE('',#796,#797);
#796 = CARTESIAN_POINT('',(-1.570796326795,0.));
#797 = VECTOR('',#798,1.);
#798 = DIRECTION('',(-0.,1.));
#799 = ( GEOMETRIC_REPRESENTATION_CONTEXT(2) 
PARAMETRIC_REPRESENTATION_CONTEXT() REPRESENTATION_CONTEXT('2D SPACE',''
  ) );
#800 = PCURVE('',#563,#801);
#801 = DEFINITIONAL_REPRESENTATION('',(#802),#806);
#802 = LINE('',#803,#804);
#803 = CARTESIAN_POINT('',(0.,4.));
#804 = VECTOR('',#805,1.);
#805 = DIRECTION('',(1.,0.));
#806 = ( GEOMETRIC_REPRESENTATION_CONTEXT(2) 
PARAMETRIC_REPRESENTATION_CONTEXT() REPRESENTATION_CONTEXT('2D SPACE',''
  ) );
#807 = ORIENTED_EDGE('',*,*,#575,.F.);
#808 = ADVANCED_FACE('',(#809),#98,.F.);
#809 = FACE_BOUND('',#810,.F.);
#810 = EDGE_LOOP('',(#811,#834,#835,#836,#857,#878));
#811 = ORIENTED_EDGE('',*,*,#812,.F.);
#812 = EDGE_CURVE('',#608,#813,#815,.T.);
#813 = VERTEX_POINT('',#814);
#814 = CARTESIAN_POINT('',(609.91918358845,51.8,205.8));
#815 = SURFACE_CURVE('',#816,(#820,#827),.PCURVE_S1.);
#816 = LINE('',#817,#818);
#817 = CARTESIAN_POINT('',(189.,51.8,205.8));
#818 = VECTOR('',#819,1.);
#819 = DIRECTION('',(1.,0.,0.));
#820 = PCURVE('',#98,#821);
#821 = DEFINITIONAL_REPRESENTATION('',(#822),#826);
#822 = LINE('',#823,#824);
#823 = CARTESIAN_POINT('',(0.,103.6));
#824 = VECTOR('',#825,1.);
#825 = DIRECTION('',(1.,0.));
#826 = ( GEOMETRIC_REPRESENTATION_CONTEXT(2) 
PARAMETRIC_REPRESENTATION_CONTEXT() REPRESENTATION_CONTEXT('2D SPACE',''
  ) );
#827 = PCURVE('',#646,#828);
#828 = DEFINITIONAL_REPRESENTATION('',(#829),#833);
#829 = LINE('',#830,#831);
#830 = CARTESIAN_POINT('',(103.6,0.));
#831 = VECTOR('',#832,1.);
#832 = DIRECTION('',(0.,1.));
#833 = ( GEOMETRIC_REPRESENTATION_CONTEXT(2) 
PARAMETRIC_REPRESENTATION_CONTEXT() REPRESENTATION_CONTEXT('2D SPACE',''
  ) );
#834 = ORIENTED_EDGE('',*,*,#607,.T.);
#835 = ORIENTED_EDGE('',*,*,#83,.T.);
#836 = ORIENTED_EDGE('',*,*,#837,.F.);
#837 = EDGE_CURVE('',#838,#58,#840,.T.);
#838 = VERTEX_POINT('',#839);
#839 = CARTESIAN_POINT('',(610.,9.999999999999E-02,205.8));
#840 = SURFACE_CURVE('',#841,(#845,#851),.PCURVE_S1.);
#841 = LINE('',#842,#843);
#842 = CARTESIAN_POINT('',(186.99999995,9.999999999999E-02,205.8));
#843 = VECTOR('',#844,1.);
#844 = DIRECTION('',(-1.,0.,0.));
#845 = PCURVE('',#98,#846);
#846 = DEFINITIONAL_REPRESENTATION('',(#847),#850);
#847 = B_SPLINE_CURVE_WITH_KNOTS('',1,(#848,#849),.UNSPECIFIED.,.F.,.F.,
  (2,2),(-423.00000005,-3.00000005),.PIECEWISE_BEZIER_KNOTS.);
#848 = CARTESIAN_POINT('',(421.,51.9));
#849 = CARTESIAN_POINT('',(1.,51.9));
#850 = ( GEOMETRIC_REPRESENTATION_CONTEXT(2) 
PARAMETRIC_REPRESENTATION_CONTEXT() REPRESENTATION_CONTEXT('2D SPACE',''
  ) );
#851 = PCURVE('',#72,#852);
#852 = DEFINITIONAL_REPRESENTATION('',(#853),#856);
#853 = B_SPLINE_CURVE_WITH_KNOTS('',1,(#854,#855),.UNSPECIFIED.,.F.,.F.,
  (2,2),(-423.00000005,-3.00000005),.PIECEWISE_BEZIER_KNOTS.);
#854 = CARTESIAN_POINT('',(129.8,425.0000001));
#855 = CARTESIAN_POINT('',(129.8,5.0000001));
#856 = ( GEOMETRIC_REPRESENTATION_CONTEXT(2) 
PARAMETRIC_REPRESENTATION_CONTEXT() REPRESENTATION_CONTEXT('2D SPACE',''
  ) );
#857 = ORIENTED_EDGE('',*,*,#858,.F.);
#858 = EDGE_CURVE('',#859,#838,#861,.T.);
#859 = VERTEX_POINT('',#860);
#860 = CARTESIAN_POINT('',(610.,51.,205.8));
#861 = SURFACE_CURVE('',#862,(#866,#872),.PCURVE_S1.);
#862 = LINE('',#863,#864);
#863 = CARTESIAN_POINT('',(610.,-53.4,205.8));
#864 = VECTOR('',#865,1.);
#865 = DIRECTION('',(0.,-1.,0.));
#866 = PCURVE('',#98,#867);
#867 = DEFINITIONAL_REPRESENTATION('',(#868),#871);
#868 = B_SPLINE_CURVE_WITH_KNOTS('',1,(#869,#870),.UNSPECIFIED.,.F.,.F.,
  (2,2),(-105.2,-1.6),.PIECEWISE_BEZIER_KNOTS.);
#869 = CARTESIAN_POINT('',(421.,103.6));
#870 = CARTESIAN_POINT('',(421.,0.));
#871 = ( GEOMETRIC_REPRESENTATION_CONTEXT(2) 
PARAMETRIC_REPRESENTATION_CONTEXT() REPRESENTATION_CONTEXT('2D SPACE',''
  ) );
#872 = PCURVE('',#506,#873);
#873 = DEFINITIONAL_REPRESENTATION('',(#874),#877);
#874 = B_SPLINE_CURVE_WITH_KNOTS('',1,(#875,#876),.UNSPECIFIED.,.F.,.F.,
  (2,2),(-105.2,-1.6),.PIECEWISE_BEZIER_KNOTS.);
#875 = CARTESIAN_POINT('',(106.8,-106.8));
#876 = CARTESIAN_POINT('',(106.8,-3.2));
#877 = ( GEOMETRIC_REPRESENTATION_CONTEXT(2) 
PARAMETRIC_REPRESENTATION_CONTEXT() REPRESENTATION_CONTEXT('2D SPACE',''
  ) );
#878 = ORIENTED_EDGE('',*,*,#879,.T.);
#879 = EDGE_CURVE('',#859,#813,#880,.T.);
#880 = SURFACE_CURVE('',#881,(#886,#893),.PCURVE_S1.);
#881 = CIRCLE('',#882,4.);
#882 = AXIS2_PLACEMENT_3D('',#883,#884,#885);
#883 = CARTESIAN_POINT('',(606.,51.,205.8));
#884 = DIRECTION('',(0.,0.,1.));
#885 = DIRECTION('',(1.,0.,-0.));
#886 = PCURVE('',#98,#887);
#887 = DEFINITIONAL_REPRESENTATION('',(#888),#892);
#888 = CIRCLE('',#889,4.);
#889 = AXIS2_PLACEMENT_2D('',#890,#891);
#890 = CARTESIAN_POINT('',(417.,102.8));
#891 = DIRECTION('',(1.,0.));
#892 = ( GEOMETRIC_REPRESENTATION_CONTEXT(2) 
PARAMETRIC_REPRESENTATION_CONTEXT() REPRESENTATION_CONTEXT('2D SPACE',''
  ) );
#893 = PCURVE('',#535,#894);
#894 = DEFINITIONAL_REPRESENTATION('',(#895),#899);
#895 = LINE('',#896,#897);
#896 = CARTESIAN_POINT('',(0.,106.8));
#897 = VECTOR('',#898,1.);
#898 = DIRECTION('',(1.,0.));
#899 = ( GEOMETRIC_REPRESENTATION_CONTEXT(2) 
PARAMETRIC_REPRESENTATION_CONTEXT() REPRESENTATION_CONTEXT('2D SPACE',''
  ) );
#900 = ADVANCED_FACE('',(#901),#72,.F.);
#901 = FACE_BOUND('',#902,.F.);
#902 = EDGE_LOOP('',(#903,#904,#905,#906,#925,#926,#947,#973,#992,#993,
    #1014,#1035));
#903 = ORIENTED_EDGE('',*,*,#837,.T.);
#904 = ORIENTED_EDGE('',*,*,#57,.T.);
#905 = ORIENTED_EDGE('',*,*,#217,.F.);
#906 = ORIENTED_EDGE('',*,*,#907,.F.);
#907 = EDGE_CURVE('',#240,#189,#908,.T.);
#908 = SURFACE_CURVE('',#909,(#913,#919),.PCURVE_S1.);
#909 = LINE('',#910,#911);
#910 = CARTESIAN_POINT('',(226.,9.999999999999E-02,115.));
#911 = VECTOR('',#912,1.);
#912 = DIRECTION('',(0.,0.,1.));
#913 = PCURVE('',#72,#914);
#914 = DEFINITIONAL_REPRESENTATION('',(#915),#918);
#915 = B_SPLINE_CURVE_WITH_KNOTS('',1,(#916,#917),.UNSPECIFIED.,.F.,.F.,
  (2,2),(94.,100.),.PIECEWISE_BEZIER_KNOTS.);
#916 = CARTESIAN_POINT('',(133.,41.0000001));
#917 = CARTESIAN_POINT('',(139.,41.0000001));
#918 = ( GEOMETRIC_REPRESENTATION_CONTEXT(2) 
PARAMETRIC_REPRESENTATION_CONTEXT() REPRESENTATION_CONTEXT('2D SPACE',''
  ) );
#919 = PCURVE('',#205,#920);
#920 = DEFINITIONAL_REPRESENTATION('',(#921),#924);
#921 = B_SPLINE_CURVE_WITH_KNOTS('',1,(#922,#923),.UNSPECIFIED.,.F.,.F.,
  (2,2),(94.,100.),.PIECEWISE_BEZIER_KNOTS.);
#922 = CARTESIAN_POINT('',(55.,-0.1));
#923 = CARTESIAN_POINT('',(61.,-0.1));
#924 = ( GEOMETRIC_REPRESENTATION_CONTEXT(2) 
PARAMETRIC_REPRESENTATION_CONTEXT() REPRESENTATION_CONTEXT('2D SPACE',''
  ) );
#925 = ORIENTED_EDGE('',*,*,#260,.F.);
#926 = ORIENTED_EDGE('',*,*,#927,.T.);
#927 = EDGE_CURVE('',#261,#928,#930,.T.);
#928 = VERTEX_POINT('',#929);
#929 = CARTESIAN_POINT('',(232.,9.999999999999E-02,219.));
#930 = SURFACE_CURVE('',#931,(#935,#941),.PCURVE_S1.);
#931 = LINE('',#932,#933);
#932 = CARTESIAN_POINT('',(232.,9.999999999999E-02,139.5));
#933 = VECTOR('',#934,1.);
#934 = DIRECTION('',(0.,0.,1.));
#935 = PCURVE('',#72,#936);
#936 = DEFINITIONAL_REPRESENTATION('',(#937),#940);
#937 = B_SPLINE_CURVE_WITH_KNOTS('',1,(#938,#939),.UNSPECIFIED.,.F.,.F.,
  (2,2),(69.5,79.5),.PIECEWISE_BEZIER_KNOTS.);
#938 = CARTESIAN_POINT('',(133.,47.0000001));
#939 = CARTESIAN_POINT('',(143.,47.0000001));
#940 = ( GEOMETRIC_REPRESENTATION_CONTEXT(2) 
PARAMETRIC_REPRESENTATION_CONTEXT() REPRESENTATION_CONTEXT('2D SPACE',''
  ) );
#941 = PCURVE('',#296,#942);
#942 = DEFINITIONAL_REPRESENTATION('',(#943),#946);
#943 = B_SPLINE_CURVE_WITH_KNOTS('',1,(#944,#945),.UNSPECIFIED.,.F.,.F.,
  (2,2),(69.5,79.5),.PIECEWISE_BEZIER_KNOTS.);
#944 = CARTESIAN_POINT('',(6.,-11.1));
#945 = CARTESIAN_POINT('',(16.,-11.1));
#946 = ( GEOMETRIC_REPRESENTATION_CONTEXT(2) 
PARAMETRIC_REPRESENTATION_CONTEXT() REPRESENTATION_CONTEXT('2D SPACE',''
  ) );
#947 = ORIENTED_EDGE('',*,*,#948,.F.);
#948 = EDGE_CURVE('',#949,#928,#951,.T.);
#949 = VERTEX_POINT('',#950);
#950 = CARTESIAN_POINT('',(568.,9.999999999999E-02,219.));
#951 = SURFACE_CURVE('',#952,(#956,#962),.PCURVE_S1.);
#952 = LINE('',#953,#954);
#953 = CARTESIAN_POINT('',(208.49999995,9.999999999999E-02,219.));
#954 = VECTOR('',#955,1.);
#955 = DIRECTION('',(-1.,0.,0.));
#956 = PCURVE('',#72,#957);
#957 = DEFINITIONAL_REPRESENTATION('',(#958),#961);
#958 = B_SPLINE_CURVE_WITH_KNOTS('',1,(#959,#960),.UNSPECIFIED.,.F.,.F.,
  (2,2),(-359.50000005,-23.50000005),.PIECEWISE_BEZIER_KNOTS.);
#959 = CARTESIAN_POINT('',(143.,383.0000001));
#960 = CARTESIAN_POINT('',(143.,47.0000001));
#961 = ( GEOMETRIC_REPRESENTATION_CONTEXT(2) 
PARAMETRIC_REPRESENTATION_CONTEXT() REPRESENTATION_CONTEXT('2D SPACE',''
  ) );
#962 = PCURVE('',#963,#968);
#963 = PLANE('',#964);
#964 = AXIS2_PLACEMENT_3D('',#965,#966,#967);
#965 = CARTESIAN_POINT('',(232.,-11.,219.));
#966 = DIRECTION('',(0.,0.,1.));
#967 = DIRECTION('',(1.,0.,0.));
#968 = DEFINITIONAL_REPRESENTATION('',(#969),#972);
#969 = B_SPLINE_CURVE_WITH_KNOTS('',1,(#970,#971),.UNSPECIFIED.,.F.,.F.,
  (2,2),(-359.50000005,-23.50000005),.PIECEWISE_BEZIER_KNOTS.);
#970 = CARTESIAN_POINT('',(336.,11.1));
#971 = CARTESIAN_POINT('',(0.,11.1));
#972 = ( GEOMETRIC_REPRESENTATION_CONTEXT(2) 
PARAMETRIC_REPRESENTATION_CONTEXT() REPRESENTATION_CONTEXT('2D SPACE',''
  ) );
#973 = ORIENTED_EDGE('',*,*,#974,.F.);
#974 = EDGE_CURVE('',#392,#949,#975,.T.);
#975 = SURFACE_CURVE('',#976,(#980,#986),.PCURVE_S1.);
#976 = LINE('',#977,#978);
#977 = CARTESIAN_POINT('',(568.,9.999999999999E-02,139.5));
#978 = VECTOR('',#979,1.);
#979 = DIRECTION('',(0.,0.,1.));
#980 = PCURVE('',#72,#981);
#981 = DEFINITIONAL_REPRESENTATION('',(#982),#985);
#982 = B_SPLINE_CURVE_WITH_KNOTS('',1,(#983,#984),.UNSPECIFIED.,.F.,.F.,
  (2,2),(69.5,79.5),.PIECEWISE_BEZIER_KNOTS.);
#983 = CARTESIAN_POINT('',(133.,383.0000001));
#984 = CARTESIAN_POINT('',(143.,383.0000001));
#985 = ( GEOMETRIC_REPRESENTATION_CONTEXT(2) 
PARAMETRIC_REPRESENTATION_CONTEXT() REPRESENTATION_CONTEXT('2D SPACE',''
  ) );
#986 = PCURVE('',#406,#987);
#987 = DEFINITIONAL_REPRESENTATION('',(#988),#991);
#988 = B_SPLINE_CURVE_WITH_KNOTS('',1,(#989,#990),.UNSPECIFIED.,.F.,.F.,
  (2,2),(69.5,79.5),.PIECEWISE_BEZIER_KNOTS.);
#989 = CARTESIAN_POINT('',(6.,-11.1));
#990 = CARTESIAN_POINT('',(16.,-11.1));
#991 = ( GEOMETRIC_REPRESENTATION_CONTEXT(2) 
PARAMETRIC_REPRESENTATION_CONTEXT() REPRESENTATION_CONTEXT('2D SPACE',''
  ) );
#992 = ORIENTED_EDGE('',*,*,#417,.F.);
#993 = ORIENTED_EDGE('',*,*,#994,.T.);
#994 = EDGE_CURVE('',#418,#995,#997,.T.);
#995 = VERTEX_POINT('',#996);
#996 = CARTESIAN_POINT('',(594.,9.999999999999E-02,212.99991525417));
#997 = SURFACE_CURVE('',#998,(#1002,#1008),.PCURVE_S1.);
#998 = LINE('',#999,#1000);
#999 = CARTESIAN_POINT('',(594.,9.999999999999E-02,115.));
#1000 = VECTOR('',#1001,1.);
#1001 = DIRECTION('',(0.,0.,1.));
#1002 = PCURVE('',#72,#1003);
#1003 = DEFINITIONAL_REPRESENTATION('',(#1004),#1007);
#1004 = B_SPLINE_CURVE_WITH_KNOTS('',1,(#1005,#1006),.UNSPECIFIED.,.F.,
  .F.,(2,2),(94.,98.),.PIECEWISE_BEZIER_KNOTS.);
#1005 = CARTESIAN_POINT('',(133.,409.0000001));
#1006 = CARTESIAN_POINT('',(137.,409.0000001));
#1007 = ( GEOMETRIC_REPRESENTATION_CONTEXT(2) 
PARAMETRIC_REPRESENTATION_CONTEXT() REPRESENTATION_CONTEXT('2D SPACE',''
  ) );
#1008 = PCURVE('',#453,#1009);
#1009 = DEFINITIONAL_REPRESENTATION('',(#1010),#1013);
#1010 = B_SPLINE_CURVE_WITH_KNOTS('',1,(#1011,#1012),.UNSPECIFIED.,.F.,
  .F.,(2,2),(94.,98.),.PIECEWISE_BEZIER_KNOTS.);
#1011 = CARTESIAN_POINT('',(55.,-0.1));
#1012 = CARTESIAN_POINT('',(59.,-0.1));
#1013 = ( GEOMETRIC_REPRESENTATION_CONTEXT(2) 
PARAMETRIC_REPRESENTATION_CONTEXT() REPRESENTATION_CONTEXT('2D SPACE',''
  ) );
#1014 = ORIENTED_EDGE('',*,*,#1015,.F.);
#1015 = EDGE_CURVE('',#1016,#995,#1018,.T.);
#1016 = VERTEX_POINT('',#1017);
#1017 = CARTESIAN_POINT('',(610.,9.999999999999E-02,212.99991525417));
#1018 = SURFACE_CURVE('',#1019,(#1023,#1029),.PCURVE_S1.);
#1019 = LINE('',#1020,#1021);
#1020 = CARTESIAN_POINT('',(594.,9.999999999999E-02,212.99991525417));
#1021 = VECTOR('',#1022,1.);
#1022 = DIRECTION('',(-1.,-0.,-0.));
#1023 = PCURVE('',#72,#1024);
#1024 = DEFINITIONAL_REPRESENTATION('',(#1025),#1028);
#1025 = B_SPLINE_CURVE_WITH_KNOTS('',1,(#1026,#1027),.UNSPECIFIED.,.F.,
  .F.,(2,2),(-16.0000006,6.000000212225E-07),.PIECEWISE_BEZIER_KNOTS.);
#1026 = CARTESIAN_POINT('',(136.99991525417,425.0000007));
#1027 = CARTESIAN_POINT('',(136.99991525417,408.9999995));
#1028 = ( GEOMETRIC_REPRESENTATION_CONTEXT(2) 
PARAMETRIC_REPRESENTATION_CONTEXT() REPRESENTATION_CONTEXT('2D SPACE',''
  ) );
#1029 = PCURVE('',#479,#1030);
#1030 = DEFINITIONAL_REPRESENTATION('',(#1031),#1034);
#1031 = B_SPLINE_CURVE_WITH_KNOTS('',1,(#1032,#1033),.UNSPECIFIED.,.F.,
  .F.,(2,2),(-16.0000006,6.000000212225E-07),.PIECEWISE_BEZIER_KNOTS.);
#1032 = CARTESIAN_POINT('',(-1.569101410729,-16.0000006));
#1033 = CARTESIAN_POINT('',(-1.569101410729,6.000000212225E-07));
#1034 = ( GEOMETRIC_REPRESENTATION_CONTEXT(2) 
PARAMETRIC_REPRESENTATION_CONTEXT() REPRESENTATION_CONTEXT('2D SPACE',''
  ) );
#1035 = ORIENTED_EDGE('',*,*,#1036,.F.);
#1036 = EDGE_CURVE('',#838,#1016,#1037,.T.);
#1037 = SURFACE_CURVE('',#1038,(#1042,#1048),.PCURVE_S1.);
#1038 = LINE('',#1039,#1040);
#1039 = CARTESIAN_POINT('',(610.,9.999999999999E-02,87.5));
#1040 = VECTOR('',#1041,1.);
#1041 = DIRECTION('',(0.,0.,1.));
#1042 = PCURVE('',#72,#1043);
#1043 = DEFINITIONAL_REPRESENTATION('',(#1044),#1047);
#1044 = B_SPLINE_CURVE_WITH_KNOTS('',1,(#1045,#1046),.UNSPECIFIED.,.F.,
  .F.,(2,2),(118.3,125.5),.PIECEWISE_BEZIER_KNOTS.);
#1045 = CARTESIAN_POINT('',(129.8,425.0000001));
#1046 = CARTESIAN_POINT('',(137.,425.0000001));
#1047 = ( GEOMETRIC_REPRESENTATION_CONTEXT(2) 
PARAMETRIC_REPRESENTATION_CONTEXT() REPRESENTATION_CONTEXT('2D SPACE',''
  ) );
#1048 = PCURVE('',#506,#1049);
#1049 = DEFINITIONAL_REPRESENTATION('',(#1050),#1053);
#1050 = B_SPLINE_CURVE_WITH_KNOTS('',1,(#1051,#1052),.UNSPECIFIED.,.F.,
  .F.,(2,2),(118.3,125.5),.PIECEWISE_BEZIER_KNOTS.);
#1051 = CARTESIAN_POINT('',(106.8,-55.1));
#1052 = CARTESIAN_POINT('',(114.,-55.1));
#1053 = ( GEOMETRIC_REPRESENTATION_CONTEXT(2) 
PARAMETRIC_REPRESENTATION_CONTEXT() REPRESENTATION_CONTEXT('2D SPACE',''
  ) );
#1054 = ADVANCED_FACE('',(#1055),#205,.T.);
#1055 = FACE_BOUND('',#1056,.T.);
#1056 = EDGE_LOOP('',(#1057,#1058,#1059));
#1057 = ORIENTED_EDGE('',*,*,#907,.F.);
#1058 = ORIENTED_EDGE('',*,*,#239,.T.);
#1059 = ORIENTED_EDGE('',*,*,#188,.T.);
#1060 = ADVANCED_FACE('',(#1061,#1311,#1417,#1523,#1629,#1735,#1841,
    #1947,#2053),#563,.T.);
#1061 = FACE_BOUND('',#1062,.T.);
#1062 = EDGE_LOOP('',(#1063,#1093,#1121,#1142,#1168,#1187,#1188,#1189,
    #1212,#1238,#1264,#1285));
#1063 = ORIENTED_EDGE('',*,*,#1064,.F.);
#1064 = EDGE_CURVE('',#1065,#1067,#1069,.T.);
#1065 = VERTEX_POINT('',#1066);
#1066 = CARTESIAN_POINT('',(194.,55.,99.));
#1067 = VERTEX_POINT('',#1068);
#1068 = CARTESIAN_POINT('',(606.,55.,99.));
#1069 = SURFACE_CURVE('',#1070,(#1074,#1081),.PCURVE_S1.);
#1070 = LINE('',#1071,#1072);
#1071 = CARTESIAN_POINT('',(190.,55.,99.));
#1072 = VECTOR('',#1073,1.);
#1073 = DIRECTION('',(1.,0.,0.));
#1074 = PCURVE('',#563,#1075);
#1075 = DEFINITIONAL_REPRESENTATION('',(#1076),#1080);
#1076 = LINE('',#1077,#1078);
#1077 = CARTESIAN_POINT('',(0.,0.));
#1078 = VECTOR('',#1079,1.);
#1079 = DIRECTION('',(0.,1.));
#1080 = ( GEOMETRIC_REPRESENTATION_CONTEXT(2) 
PARAMETRIC_REPRESENTATION_CONTEXT() REPRESENTATION_CONTEXT('2D SPACE',''
  ) );
#1081 = PCURVE('',#1082,#1087);
#1082 = PLANE('',#1083);
#1083 = AXIS2_PLACEMENT_3D('',#1084,#1085,#1086);
#1084 = CARTESIAN_POINT('',(190.,-55.,99.));
#1085 = DIRECTION('',(0.,0.,1.));
#1086 = DIRECTION('',(1.,0.,0.));
#1087 = DEFINITIONAL_REPRESENTATION('',(#1088),#1092);
#1088 = LINE('',#1089,#1090);
#1089 = CARTESIAN_POINT('',(0.,110.));
#1090 = VECTOR('',#1091,1.);
#1091 = DIRECTION('',(1.,0.));
#1092 = ( GEOMETRIC_REPRESENTATION_CONTEXT(2) 
PARAMETRIC_REPRESENTATION_CONTEXT() REPRESENTATION_CONTEXT('2D SPACE',''
  ) );
#1093 = ORIENTED_EDGE('',*,*,#1094,.T.);
#1094 = EDGE_CURVE('',#1065,#1095,#1097,.T.);
#1095 = VERTEX_POINT('',#1096);
#1096 = CARTESIAN_POINT('',(194.,55.,127.61818808345));
#1097 = SURFACE_CURVE('',#1098,(#1102,#1109),.PCURVE_S1.);
#1098 = LINE('',#1099,#1100);
#1099 = CARTESIAN_POINT('',(194.,55.,99.));
#1100 = VECTOR('',#1101,1.);
#1101 = DIRECTION('',(0.,0.,1.));
#1102 = PCURVE('',#563,#1103);
#1103 = DEFINITIONAL_REPRESENTATION('',(#1104),#1108);
#1104 = LINE('',#1105,#1106);
#1105 = CARTESIAN_POINT('',(0.,4.));
#1106 = VECTOR('',#1107,1.);
#1107 = DIRECTION('',(1.,0.));
#1108 = ( GEOMETRIC_REPRESENTATION_CONTEXT(2) 
PARAMETRIC_REPRESENTATION_CONTEXT() REPRESENTATION_CONTEXT('2D SPACE',''
  ) );
#1109 = PCURVE('',#1110,#1115);
#1110 = CYLINDRICAL_SURFACE('',#1111,4.);
#1111 = AXIS2_PLACEMENT_3D('',#1112,#1113,#1114);
#1112 = CARTESIAN_POINT('',(194.,51.,99.));
#1113 = DIRECTION('',(0.,0.,1.));
#1114 = DIRECTION('',(-1.,-0.,0.));
#1115 = DEFINITIONAL_REPRESENTATION('',(#1116),#1120);
#1116 = LINE('',#1117,#1118);
#1117 = CARTESIAN_POINT('',(-1.570796326795,0.));
#1118 = VECTOR('',#1119,1.);
#1119 = DIRECTION('',(-0.,1.));
#1120 = ( GEOMETRIC_REPRESENTATION_CONTEXT(2) 
PARAMETRIC_REPRESENTATION_CONTEXT() REPRESENTATION_CONTEXT('2D SPACE',''
  ) );
#1121 = ORIENTED_EDGE('',*,*,#1122,.F.);
#1122 = EDGE_CURVE('',#1123,#1095,#1125,.T.);
#1123 = VERTEX_POINT('',#1124);
#1124 = CARTESIAN_POINT('',(226.,55.,127.61818808345));
#1125 = SURFACE_CURVE('',#1126,(#1130,#1136),.PCURVE_S1.);
#1126 = LINE('',#1127,#1128);
#1127 = CARTESIAN_POINT('',(190.,55.,127.61818808345));
#1128 = VECTOR('',#1129,1.);
#1129 = DIRECTION('',(-1.,-0.,-0.));
#1130 = PCURVE('',#563,#1131);
#1131 = DEFINITIONAL_REPRESENTATION('',(#1132),#1135);
#1132 = B_SPLINE_CURVE_WITH_KNOTS('',1,(#1133,#1134),.UNSPECIFIED.,.F.,
  .F.,(2,2),(-36.0000006,5.999999928008E-07),.PIECEWISE_BEZIER_KNOTS.);
#1133 = CARTESIAN_POINT('',(28.618188083454,36.0000006));
#1134 = CARTESIAN_POINT('',(28.618188083454,-5.999999928008E-07));
#1135 = ( GEOMETRIC_REPRESENTATION_CONTEXT(2) 
PARAMETRIC_REPRESENTATION_CONTEXT() REPRESENTATION_CONTEXT('2D SPACE',''
  ) );
#1136 = PCURVE('',#741,#1137);
#1137 = DEFINITIONAL_REPRESENTATION('',(#1138),#1141);
#1138 = B_SPLINE_CURVE_WITH_KNOTS('',1,(#1139,#1140),.UNSPECIFIED.,.F.,
  .F.,(2,2),(-36.,-4.),.PIECEWISE_BEZIER_KNOTS.);
#1139 = CARTESIAN_POINT('',(-5.835934134921,-36.));
#1140 = CARTESIAN_POINT('',(-5.835934134921,-4.));
#1141 = ( GEOMETRIC_REPRESENTATION_CONTEXT(2) 
PARAMETRIC_REPRESENTATION_CONTEXT() REPRESENTATION_CONTEXT('2D SPACE',''
  ) );
#1142 = ORIENTED_EDGE('',*,*,#1143,.F.);
#1143 = EDGE_CURVE('',#1144,#1123,#1146,.T.);
#1144 = VERTEX_POINT('',#1145);
#1145 = CARTESIAN_POINT('',(226.,55.,180.38181191654));
#1146 = SURFACE_CURVE('',#1147,(#1151,#1157),.PCURVE_S1.);
#1147 = LINE('',#1148,#1149);
#1148 = CARTESIAN_POINT('',(226.,55.,126.5));
#1149 = VECTOR('',#1150,1.);
#1150 = DIRECTION('',(0.,0.,-1.));
#1151 = PCURVE('',#563,#1152);
#1152 = DEFINITIONAL_REPRESENTATION('',(#1153),#1156);
#1153 = B_SPLINE_CURVE_WITH_KNOTS('',1,(#1154,#1155),.UNSPECIFIED.,.F.,
  .F.,(2,2),(-82.5,27.5),.PIECEWISE_BEZIER_KNOTS.);
#1154 = CARTESIAN_POINT('',(110.,36.));
#1155 = CARTESIAN_POINT('',(0.,36.));
#1156 = ( GEOMETRIC_REPRESENTATION_CONTEXT(2) 
PARAMETRIC_REPRESENTATION_CONTEXT() REPRESENTATION_CONTEXT('2D SPACE',''
  ) );
#1157 = PCURVE('',#1158,#1163);
#1158 = PLANE('',#1159);
#1159 = AXIS2_PLACEMENT_3D('',#1160,#1161,#1162);
#1160 = CARTESIAN_POINT('',(226.,-5.738765146395E-15,154.));
#1161 = DIRECTION('',(1.,0.,0.));
#1162 = DIRECTION('',(-0.,0.,1.));
#1163 = DEFINITIONAL_REPRESENTATION('',(#1164),#1167);
#1164 = B_SPLINE_CURVE_WITH_KNOTS('',1,(#1165,#1166),.UNSPECIFIED.,.F.,
  .F.,(2,2),(-82.5,27.5),.PIECEWISE_BEZIER_KNOTS.);
#1165 = CARTESIAN_POINT('',(55.,-55.));
#1166 = CARTESIAN_POINT('',(-55.,-55.));
#1167 = ( GEOMETRIC_REPRESENTATION_CONTEXT(2) 
PARAMETRIC_REPRESENTATION_CONTEXT() REPRESENTATION_CONTEXT('2D SPACE',''
  ) );
#1168 = ORIENTED_EDGE('',*,*,#1169,.T.);
#1169 = EDGE_CURVE('',#1144,#658,#1170,.T.);
#1170 = SURFACE_CURVE('',#1171,(#1175,#1181),.PCURVE_S1.);
#1171 = LINE('',#1172,#1173);
#1172 = CARTESIAN_POINT('',(190.,55.,180.38181191654));
#1173 = VECTOR('',#1174,1.);
#1174 = DIRECTION('',(-1.,-0.,-0.));
#1175 = PCURVE('',#563,#1176);
#1176 = DEFINITIONAL_REPRESENTATION('',(#1177),#1180);
#1177 = B_SPLINE_CURVE_WITH_KNOTS('',1,(#1178,#1179),.UNSPECIFIED.,.F.,
  .F.,(2,2),(-36.0000006,5.999999928008E-07),.PIECEWISE_BEZIER_KNOTS.);
#1178 = CARTESIAN_POINT('',(81.381811916546,36.0000006));
#1179 = CARTESIAN_POINT('',(81.381811916546,-5.999999928008E-07));
#1180 = ( GEOMETRIC_REPRESENTATION_CONTEXT(2) 
PARAMETRIC_REPRESENTATION_CONTEXT() REPRESENTATION_CONTEXT('2D SPACE',''
  ) );
#1181 = PCURVE('',#741,#1182);
#1182 = DEFINITIONAL_REPRESENTATION('',(#1183),#1186);
#1183 = B_SPLINE_CURVE_WITH_KNOTS('',1,(#1184,#1185),.UNSPECIFIED.,.F.,
  .F.,(2,2),(-36.,-4.),.PIECEWISE_BEZIER_KNOTS.);
#1184 = CARTESIAN_POINT('',(-6.730436479438,-36.));
#1185 = CARTESIAN_POINT('',(-6.730436479438,-4.));
#1186 = ( GEOMETRIC_REPRESENTATION_CONTEXT(2) 
PARAMETRIC_REPRESENTATION_CONTEXT() REPRESENTATION_CONTEXT('2D SPACE',''
  ) );
#1187 = ORIENTED_EDGE('',*,*,#787,.T.);
#1188 = ORIENTED_EDGE('',*,*,#547,.T.);
#1189 = ORIENTED_EDGE('',*,*,#1190,.F.);
#1190 = EDGE_CURVE('',#1191,#519,#1193,.T.);
#1191 = VERTEX_POINT('',#1192);
#1192 = CARTESIAN_POINT('',(606.,55.,175.35415650406));
#1193 = SURFACE_CURVE('',#1194,(#1198,#1205),.PCURVE_S1.);
#1194 = LINE('',#1195,#1196);
#1195 = CARTESIAN_POINT('',(606.,55.,99.));
#1196 = VECTOR('',#1197,1.);
#1197 = DIRECTION('',(0.,0.,1.));
#1198 = PCURVE('',#563,#1199);
#1199 = DEFINITIONAL_REPRESENTATION('',(#1200),#1204);
#1200 = LINE('',#1201,#1202);
#1201 = CARTESIAN_POINT('',(0.,416.));
#1202 = VECTOR('',#1203,1.);
#1203 = DIRECTION('',(1.,0.));
#1204 = ( GEOMETRIC_REPRESENTATION_CONTEXT(2) 
PARAMETRIC_REPRESENTATION_CONTEXT() REPRESENTATION_CONTEXT('2D SPACE',''
  ) );
#1205 = PCURVE('',#535,#1206);
#1206 = DEFINITIONAL_REPRESENTATION('',(#1207),#1211);
#1207 = LINE('',#1208,#1209);
#1208 = CARTESIAN_POINT('',(1.570796326795,0.));
#1209 = VECTOR('',#1210,1.);
#1210 = DIRECTION('',(0.,1.));
#1211 = ( GEOMETRIC_REPRESENTATION_CONTEXT(2) 
PARAMETRIC_REPRESENTATION_CONTEXT() REPRESENTATION_CONTEXT('2D SPACE',''
  ) );
#1212 = ORIENTED_EDGE('',*,*,#1213,.T.);
#1213 = EDGE_CURVE('',#1191,#1214,#1216,.T.);
#1214 = VERTEX_POINT('',#1215);
#1215 = CARTESIAN_POINT('',(594.,55.,175.35415650406));
#1216 = SURFACE_CURVE('',#1217,(#1221,#1227),.PCURVE_S1.);
#1217 = LINE('',#1218,#1219);
#1218 = CARTESIAN_POINT('',(594.,55.,175.35415650406));
#1219 = VECTOR('',#1220,1.);
#1220 = DIRECTION('',(-1.,-0.,-0.));
#1221 = PCURVE('',#563,#1222);
#1222 = DEFINITIONAL_REPRESENTATION('',(#1223),#1226);
#1223 = B_SPLINE_CURVE_WITH_KNOTS('',1,(#1224,#1225),.UNSPECIFIED.,.F.,
  .F.,(2,2),(-16.0000006,6.000000212225E-07),.PIECEWISE_BEZIER_KNOTS.);
#1224 = CARTESIAN_POINT('',(76.354156504063,420.0000006));
#1225 = CARTESIAN_POINT('',(76.354156504063,403.9999994));
#1226 = ( GEOMETRIC_REPRESENTATION_CONTEXT(2) 
PARAMETRIC_REPRESENTATION_CONTEXT() REPRESENTATION_CONTEXT('2D SPACE',''
  ) );
#1227 = PCURVE('',#1228,#1233);
#1228 = CYLINDRICAL_SURFACE('',#1229,59.);
#1229 = AXIS2_PLACEMENT_3D('',#1230,#1231,#1232);
#1230 = CARTESIAN_POINT('',(594.,0.,154.));
#1231 = DIRECTION('',(-1.,-0.,-0.));
#1232 = DIRECTION('',(0.,1.,0.));
#1233 = DEFINITIONAL_REPRESENTATION('',(#1234),#1237);
#1234 = B_SPLINE_CURVE_WITH_KNOTS('',1,(#1235,#1236),.UNSPECIFIED.,.F.,
  .F.,(2,2),(-12.,-0.),.PIECEWISE_BEZIER_KNOTS.);
#1235 = CARTESIAN_POINT('',(-6.653527939271,-12.));
#1236 = CARTESIAN_POINT('',(-6.653527939271,0.));
#1237 = ( GEOMETRIC_REPRESENTATION_CONTEXT(2) 
PARAMETRIC_REPRESENTATION_CONTEXT() REPRESENTATION_CONTEXT('2D SPACE',''
  ) );
#1238 = ORIENTED_EDGE('',*,*,#1239,.T.);
#1239 = EDGE_CURVE('',#1214,#1240,#1242,.T.);
#1240 = VERTEX_POINT('',#1241);
#1241 = CARTESIAN_POINT('',(594.,55.,132.64584349593));
#1242 = SURFACE_CURVE('',#1243,(#1247,#1253),.PCURVE_S1.);
#1243 = LINE('',#1244,#1245);
#1244 = CARTESIAN_POINT('',(594.,55.,126.5));
#1245 = VECTOR('',#1246,1.);
#1246 = DIRECTION('',(0.,0.,-1.));
#1247 = PCURVE('',#563,#1248);
#1248 = DEFINITIONAL_REPRESENTATION('',(#1249),#1252);
#1249 = B_SPLINE_CURVE_WITH_KNOTS('',1,(#1250,#1251),.UNSPECIFIED.,.F.,
  .F.,(2,2),(-82.5,27.5),.PIECEWISE_BEZIER_KNOTS.);
#1250 = CARTESIAN_POINT('',(110.,404.));
#1251 = CARTESIAN_POINT('',(0.,404.));
#1252 = ( GEOMETRIC_REPRESENTATION_CONTEXT(2) 
PARAMETRIC_REPRESENTATION_CONTEXT() REPRESENTATION_CONTEXT('2D SPACE',''
  ) );
#1253 = PCURVE('',#1254,#1259);
#1254 = PLANE('',#1255);
#1255 = AXIS2_PLACEMENT_3D('',#1256,#1257,#1258);
#1256 = CARTESIAN_POINT('',(594.,-5.933299558137E-15,154.));
#1257 = DIRECTION('',(1.,0.,0.));
#1258 = DIRECTION('',(-0.,0.,1.));
#1259 = DEFINITIONAL_REPRESENTATION('',(#1260),#1263);
#1260 = B_SPLINE_CURVE_WITH_KNOTS('',1,(#1261,#1262),.UNSPECIFIED.,.F.,
  .F.,(2,2),(-82.5,27.5),.PIECEWISE_BEZIER_KNOTS.);
#1261 = CARTESIAN_POINT('',(55.,-55.));
#1262 = CARTESIAN_POINT('',(-55.,-55.));
#1263 = ( GEOMETRIC_REPRESENTATION_CONTEXT(2) 
PARAMETRIC_REPRESENTATION_CONTEXT() REPRESENTATION_CONTEXT('2D SPACE',''
  ) );
#1264 = ORIENTED_EDGE('',*,*,#1265,.F.);
#1265 = EDGE_CURVE('',#1266,#1240,#1268,.T.);
#1266 = VERTEX_POINT('',#1267);
#1267 = CARTESIAN_POINT('',(606.,55.,132.64584349593));
#1268 = SURFACE_CURVE('',#1269,(#1273,#1279),.PCURVE_S1.);
#1269 = LINE('',#1270,#1271);
#1270 = CARTESIAN_POINT('',(594.,55.,132.64584349593));
#1271 = VECTOR('',#1272,1.);
#1272 = DIRECTION('',(-1.,-0.,-0.));
#1273 = PCURVE('',#563,#1274);
#1274 = DEFINITIONAL_REPRESENTATION('',(#1275),#1278);
#1275 = B_SPLINE_CURVE_WITH_KNOTS('',1,(#1276,#1277),.UNSPECIFIED.,.F.,
  .F.,(2,2),(-16.0000006,6.000000212225E-07),.PIECEWISE_BEZIER_KNOTS.);
#1276 = CARTESIAN_POINT('',(33.645843495937,420.0000006));
#1277 = CARTESIAN_POINT('',(33.645843495937,403.9999994));
#1278 = ( GEOMETRIC_REPRESENTATION_CONTEXT(2) 
PARAMETRIC_REPRESENTATION_CONTEXT() REPRESENTATION_CONTEXT('2D SPACE',''
  ) );
#1279 = PCURVE('',#1228,#1280);
#1280 = DEFINITIONAL_REPRESENTATION('',(#1281),#1284);
#1281 = B_SPLINE_CURVE_WITH_KNOTS('',1,(#1282,#1283),.UNSPECIFIED.,.F.,
  .F.,(2,2),(-12.,0.),.PIECEWISE_BEZIER_KNOTS.);
#1282 = CARTESIAN_POINT('',(-5.912842675088,-12.));
#1283 = CARTESIAN_POINT('',(-5.912842675088,0.));
#1284 = ( GEOMETRIC_REPRESENTATION_CONTEXT(2) 
PARAMETRIC_REPRESENTATION_CONTEXT() REPRESENTATION_CONTEXT('2D SPACE',''
  ) );
#1285 = ORIENTED_EDGE('',*,*,#1286,.F.);
#1286 = EDGE_CURVE('',#1067,#1266,#1287,.T.);
#1287 = SURFACE_CURVE('',#1288,(#1292,#1299),.PCURVE_S1.);
#1288 = LINE('',#1289,#1290);
#1289 = CARTESIAN_POINT('',(606.,55.,99.));
#1290 = VECTOR('',#1291,1.);
#1291 = DIRECTION('',(0.,0.,1.));
#1292 = PCURVE('',#563,#1293);
#1293 = DEFINITIONAL_REPRESENTATION('',(#1294),#1298);
#1294 = LINE('',#1295,#1296);
#1295 = CARTESIAN_POINT('',(0.,416.));
#1296 = VECTOR('',#1297,1.);
#1297 = DIRECTION('',(1.,0.));
#1298 = ( GEOMETRIC_REPRESENTATION_CONTEXT(2) 
PARAMETRIC_REPRESENTATION_CONTEXT() REPRESENTATION_CONTEXT('2D SPACE',''
  ) );
#1299 = PCURVE('',#1300,#1305);
#1300 = CYLINDRICAL_SURFACE('',#1301,4.);
#1301 = AXIS2_PLACEMENT_3D('',#1302,#1303,#1304);
#1302 = CARTESIAN_POINT('',(606.,51.,99.));
#1303 = DIRECTION('',(0.,0.,1.));
#1304 = DIRECTION('',(1.,0.,-0.));
#1305 = DEFINITIONAL_REPRESENTATION('',(#1306),#1310);
#1306 = LINE('',#1307,#1308);
#1307 = CARTESIAN_POINT('',(1.570796326795,0.));
#1308 = VECTOR('',#1309,1.);
#1309 = DIRECTION('',(0.,1.));
#1310 = ( GEOMETRIC_REPRESENTATION_CONTEXT(2) 
PARAMETRIC_REPRESENTATION_CONTEXT() REPRESENTATION_CONTEXT('2D SPACE',''
  ) );
#1311 = FACE_BOUND('',#1312,.T.);
#1312 = EDGE_LOOP('',(#1313,#1341,#1367,#1393));
#1313 = ORIENTED_EDGE('',*,*,#1314,.F.);
#1314 = EDGE_CURVE('',#1315,#1317,#1319,.T.);
#1315 = VERTEX_POINT('',#1316);
#1316 = CARTESIAN_POINT('',(238.5,55.,189.75));
#1317 = VERTEX_POINT('',#1318);
#1318 = CARTESIAN_POINT('',(246.5,55.,189.75));
#1319 = SURFACE_CURVE('',#1320,(#1324,#1330),.PCURVE_S1.);
#1320 = LINE('',#1321,#1322);
#1321 = CARTESIAN_POINT('',(214.25,55.,189.75));
#1322 = VECTOR('',#1323,1.);
#1323 = DIRECTION('',(1.,0.,0.));
#1324 = PCURVE('',#563,#1325);
#1325 = DEFINITIONAL_REPRESENTATION('',(#1326),#1329);
#1326 = B_SPLINE_CURVE_WITH_KNOTS('',1,(#1327,#1328),.UNSPECIFIED.,.F.,
  .F.,(2,2),(24.25,32.25),.PIECEWISE_BEZIER_KNOTS.);
#1327 = CARTESIAN_POINT('',(90.75,48.5));
#1328 = CARTESIAN_POINT('',(90.75,56.5));
#1329 = ( GEOMETRIC_REPRESENTATION_CONTEXT(2) 
PARAMETRIC_REPRESENTATION_CONTEXT() REPRESENTATION_CONTEXT('2D SPACE',''
  ) );
#1330 = PCURVE('',#1331,#1336);
#1331 = PLANE('',#1332);
#1332 = AXIS2_PLACEMENT_3D('',#1333,#1334,#1335);
#1333 = CARTESIAN_POINT('',(238.5,50.5,189.75));
#1334 = DIRECTION('',(0.,0.,1.));
#1335 = DIRECTION('',(1.,0.,0.));
#1336 = DEFINITIONAL_REPRESENTATION('',(#1337),#1340);
#1337 = B_SPLINE_CURVE_WITH_KNOTS('',1,(#1338,#1339),.UNSPECIFIED.,.F.,
  .F.,(2,2),(24.25,32.25),.PIECEWISE_BEZIER_KNOTS.);
#1338 = CARTESIAN_POINT('',(0.,4.5));
#1339 = CARTESIAN_POINT('',(8.,4.5));
#1340 = ( GEOMETRIC_REPRESENTATION_CONTEXT(2) 
PARAMETRIC_REPRESENTATION_CONTEXT() REPRESENTATION_CONTEXT('2D SPACE',''
  ) );
#1341 = ORIENTED_EDGE('',*,*,#1342,.T.);
#1342 = EDGE_CURVE('',#1315,#1343,#1345,.T.);
#1343 = VERTEX_POINT('',#1344);
#1344 = CARTESIAN_POINT('',(238.5,55.,118.25));
#1345 = SURFACE_CURVE('',#1346,(#1350,#1356),.PCURVE_S1.);
#1346 = LINE('',#1347,#1348);
#1347 = CARTESIAN_POINT('',(238.5,55.,108.625));
#1348 = VECTOR('',#1349,1.);
#1349 = DIRECTION('',(0.,0.,-1.));
#1350 = PCURVE('',#563,#1351);
#1351 = DEFINITIONAL_REPRESENTATION('',(#1352),#1355);
#1352 = B_SPLINE_CURVE_WITH_KNOTS('',1,(#1353,#1354),.UNSPECIFIED.,.F.,
  .F.,(2,2),(-81.125,-9.625),.PIECEWISE_BEZIER_KNOTS.);
#1353 = CARTESIAN_POINT('',(90.75,48.5));
#1354 = CARTESIAN_POINT('',(19.25,48.5));
#1355 = ( GEOMETRIC_REPRESENTATION_CONTEXT(2) 
PARAMETRIC_REPRESENTATION_CONTEXT() REPRESENTATION_CONTEXT('2D SPACE',''
  ) );
#1356 = PCURVE('',#1357,#1362);
#1357 = PLANE('',#1358);
#1358 = AXIS2_PLACEMENT_3D('',#1359,#1360,#1361);
#1359 = CARTESIAN_POINT('',(238.5,50.5,118.25));
#1360 = DIRECTION('',(1.,0.,0.));
#1361 = DIRECTION('',(0.,0.,1.));
#1362 = DEFINITIONAL_REPRESENTATION('',(#1363),#1366);
#1363 = B_SPLINE_CURVE_WITH_KNOTS('',1,(#1364,#1365),.UNSPECIFIED.,.F.,
  .F.,(2,2),(-81.125,-9.625),.PIECEWISE_BEZIER_KNOTS.);
#1364 = CARTESIAN_POINT('',(71.5,-4.5));
#1365 = CARTESIAN_POINT('',(0.,-4.5));
#1366 = ( GEOMETRIC_REPRESENTATION_CONTEXT(2) 
PARAMETRIC_REPRESENTATION_CONTEXT() REPRESENTATION_CONTEXT('2D SPACE',''
  ) );
#1367 = ORIENTED_EDGE('',*,*,#1368,.T.);
#1368 = EDGE_CURVE('',#1343,#1369,#1371,.T.);
#1369 = VERTEX_POINT('',#1370);
#1370 = CARTESIAN_POINT('',(246.5,55.,118.25));
#1371 = SURFACE_CURVE('',#1372,(#1376,#1382),.PCURVE_S1.);
#1372 = LINE('',#1373,#1374);
#1373 = CARTESIAN_POINT('',(214.25,55.,118.25));
#1374 = VECTOR('',#1375,1.);
#1375 = DIRECTION('',(1.,0.,0.));
#1376 = PCURVE('',#563,#1377);
#1377 = DEFINITIONAL_REPRESENTATION('',(#1378),#1381);
#1378 = B_SPLINE_CURVE_WITH_KNOTS('',1,(#1379,#1380),.UNSPECIFIED.,.F.,
  .F.,(2,2),(24.25,32.25),.PIECEWISE_BEZIER_KNOTS.);
#1379 = CARTESIAN_POINT('',(19.25,48.5));
#1380 = CARTESIAN_POINT('',(19.25,56.5));
#1381 = ( GEOMETRIC_REPRESENTATION_CONTEXT(2) 
PARAMETRIC_REPRESENTATION_CONTEXT() REPRESENTATION_CONTEXT('2D SPACE',''
  ) );
#1382 = PCURVE('',#1383,#1388);
#1383 = PLANE('',#1384);
#1384 = AXIS2_PLACEMENT_3D('',#1385,#1386,#1387);
#1385 = CARTESIAN_POINT('',(238.5,50.5,118.25));
#1386 = DIRECTION('',(0.,0.,1.));
#1387 = DIRECTION('',(1.,0.,0.));
#1388 = DEFINITIONAL_REPRESENTATION('',(#1389),#1392);
#1389 = B_SPLINE_CURVE_WITH_KNOTS('',1,(#1390,#1391),.UNSPECIFIED.,.F.,
  .F.,(2,2),(24.25,32.25),.PIECEWISE_BEZIER_KNOTS.);
#1390 = CARTESIAN_POINT('',(0.,4.5));
#1391 = CARTESIAN_POINT('',(8.,4.5));
#1392 = ( GEOMETRIC_REPRESENTATION_CONTEXT(2) 
PARAMETRIC_REPRESENTATION_CONTEXT() REPRESENTATION_CONTEXT('2D SPACE',''
  ) );
#1393 = ORIENTED_EDGE('',*,*,#1394,.F.);
#1394 = EDGE_CURVE('',#1317,#1369,#1395,.T.);
#1395 = SURFACE_CURVE('',#1396,(#1400,#1406),.PCURVE_S1.);
#1396 = LINE('',#1397,#1398);
#1397 = CARTESIAN_POINT('',(246.5,55.,108.625));
#1398 = VECTOR('',#1399,1.);
#1399 = DIRECTION('',(0.,0.,-1.));
#1400 = PCURVE('',#563,#1401);
#1401 = DEFINITIONAL_REPRESENTATION('',(#1402),#1405);
#1402 = B_SPLINE_CURVE_WITH_KNOTS('',1,(#1403,#1404),.UNSPECIFIED.,.F.,
  .F.,(2,2),(-81.125,-9.625),.PIECEWISE_BEZIER_KNOTS.);
#1403 = CARTESIAN_POINT('',(90.75,56.5));
#1404 = CARTESIAN_POINT('',(19.25,56.5));
#1405 = ( GEOMETRIC_REPRESENTATION_CONTEXT(2) 
PARAMETRIC_REPRESENTATION_CONTEXT() REPRESENTATION_CONTEXT('2D SPACE',''
  ) );
#1406 = PCURVE('',#1407,#1412);
#1407 = PLANE('',#1408);
#1408 = AXIS2_PLACEMENT_3D('',#1409,#1410,#1411);
#1409 = CARTESIAN_POINT('',(246.5,50.5,118.25));
#1410 = DIRECTION('',(1.,0.,0.));
#1411 = DIRECTION('',(0.,0.,1.));
#1412 = DEFINITIONAL_REPRESENTATION('',(#1413),#1416);
#1413 = B_SPLINE_CURVE_WITH_KNOTS('',1,(#1414,#1415),.UNSPECIFIED.,.F.,
  .F.,(2,2),(-81.125,-9.625),.PIECEWISE_BEZIER_KNOTS.);
#1414 = CARTESIAN_POINT('',(71.5,-4.5));
#1415 = CARTESIAN_POINT('',(0.,-4.5));
#1416 = ( GEOMETRIC_REPRESENTATION_CONTEXT(2) 
PARAMETRIC_REPRESENTATION_CONTEXT() REPRESENTATION_CONTEXT('2D SPACE',''
  ) );
#1417 = FACE_BOUND('',#1418,.T.);
#1418 = EDGE_LOOP('',(#1419,#1447,#1473,#1499));
#1419 = ORIENTED_EDGE('',*,*,#1420,.F.);
#1420 = EDGE_CURVE('',#1421,#1423,#1425,.T.);
#1421 = VERTEX_POINT('',#1422);
#1422 = CARTESIAN_POINT('',(283.5,55.,189.75));
#1423 = VERTEX_POINT('',#1424);
#1424 = CARTESIAN_POINT('',(291.5,55.,189.75));
#1425 = SURFACE_CURVE('',#1426,(#1430,#1436),.PCURVE_S1.);
#1426 = LINE('',#1427,#1428);
#1427 = CARTESIAN_POINT('',(236.75,55.,189.75));
#1428 = VECTOR('',#1429,1.);
#1429 = DIRECTION('',(1.,0.,0.));
#1430 = PCURVE('',#563,#1431);
#1431 = DEFINITIONAL_REPRESENTATION('',(#1432),#1435);
#1432 = B_SPLINE_CURVE_WITH_KNOTS('',1,(#1433,#1434),.UNSPECIFIED.,.F.,
  .F.,(2,2),(46.75,54.75),.PIECEWISE_BEZIER_KNOTS.);
#1433 = CARTESIAN_POINT('',(90.75,93.5));
#1434 = CARTESIAN_POINT('',(90.75,101.5));
#1435 = ( GEOMETRIC_REPRESENTATION_CONTEXT(2) 
PARAMETRIC_REPRESENTATION_CONTEXT() REPRESENTATION_CONTEXT('2D SPACE',''
  ) );
#1436 = PCURVE('',#1437,#1442);
#1437 = PLANE('',#1438);
#1438 = AXIS2_PLACEMENT_3D('',#1439,#1440,#1441);
#1439 = CARTESIAN_POINT('',(283.5,50.5,189.75));
#1440 = DIRECTION('',(0.,0.,1.));
#1441 = DIRECTION('',(1.,0.,0.));
#1442 = DEFINITIONAL_REPRESENTATION('',(#1443),#1446);
#1443 = B_SPLINE_CURVE_WITH_KNOTS('',1,(#1444,#1445),.UNSPECIFIED.,.F.,
  .F.,(2,2),(46.75,54.75),.PIECEWISE_BEZIER_KNOTS.);
#1444 = CARTESIAN_POINT('',(0.,4.5));
#1445 = CARTESIAN_POINT('',(8.,4.5));
#1446 = ( GEOMETRIC_REPRESENTATION_CONTEXT(2) 
PARAMETRIC_REPRESENTATION_CONTEXT() REPRESENTATION_CONTEXT('2D SPACE',''
  ) );
#1447 = ORIENTED_EDGE('',*,*,#1448,.T.);
#1448 = EDGE_CURVE('',#1421,#1449,#1451,.T.);
#1449 = VERTEX_POINT('',#1450);
#1450 = CARTESIAN_POINT('',(283.5,55.,118.25));
#1451 = SURFACE_CURVE('',#1452,(#1456,#1462),.PCURVE_S1.);
#1452 = LINE('',#1453,#1454);
#1453 = CARTESIAN_POINT('',(283.5,55.,108.625));
#1454 = VECTOR('',#1455,1.);
#1455 = DIRECTION('',(0.,0.,-1.));
#1456 = PCURVE('',#563,#1457);
#1457 = DEFINITIONAL_REPRESENTATION('',(#1458),#1461);
#1458 = B_SPLINE_CURVE_WITH_KNOTS('',1,(#1459,#1460),.UNSPECIFIED.,.F.,
  .F.,(2,2),(-81.125,-9.625),.PIECEWISE_BEZIER_KNOTS.);
#1459 = CARTESIAN_POINT('',(90.75,93.5));
#1460 = CARTESIAN_POINT('',(19.25,93.5));
#1461 = ( GEOMETRIC_REPRESENTATION_CONTEXT(2) 
PARAMETRIC_REPRESENTATION_CONTEXT() REPRESENTATION_CONTEXT('2D SPACE',''
  ) );
#1462 = PCURVE('',#1463,#1468);
#1463 = PLANE('',#1464);
#1464 = AXIS2_PLACEMENT_3D('',#1465,#1466,#1467);
#1465 = CARTESIAN_POINT('',(283.5,50.5,118.25));
#1466 = DIRECTION('',(1.,0.,0.));
#1467 = DIRECTION('',(0.,0.,1.));
#1468 = DEFINITIONAL_REPRESENTATION('',(#1469),#1472);
#1469 = B_SPLINE_CURVE_WITH_KNOTS('',1,(#1470,#1471),.UNSPECIFIED.,.F.,
  .F.,(2,2),(-81.125,-9.625),.PIECEWISE_BEZIER_KNOTS.);
#1470 = CARTESIAN_POINT('',(71.5,-4.5));
#1471 = CARTESIAN_POINT('',(0.,-4.5));
#1472 = ( GEOMETRIC_REPRESENTATION_CONTEXT(2) 
PARAMETRIC_REPRESENTATION_CONTEXT() REPRESENTATION_CONTEXT('2D SPACE',''
  ) );
#1473 = ORIENTED_EDGE('',*,*,#1474,.T.);
#1474 = EDGE_CURVE('',#1449,#1475,#1477,.T.);
#1475 = VERTEX_POINT('',#1476);
#1476 = CARTESIAN_POINT('',(291.5,55.,118.25));
#1477 = SURFACE_CURVE('',#1478,(#1482,#1488),.PCURVE_S1.);
#1478 = LINE('',#1479,#1480);
#1479 = CARTESIAN_POINT('',(236.75,55.,118.25));
#1480 = VECTOR('',#1481,1.);
#1481 = DIRECTION('',(1.,0.,0.));
#1482 = PCURVE('',#563,#1483);
#1483 = DEFINITIONAL_REPRESENTATION('',(#1484),#1487);
#1484 = B_SPLINE_CURVE_WITH_KNOTS('',1,(#1485,#1486),.UNSPECIFIED.,.F.,
  .F.,(2,2),(46.75,54.75),.PIECEWISE_BEZIER_KNOTS.);
#1485 = CARTESIAN_POINT('',(19.25,93.5));
#1486 = CARTESIAN_POINT('',(19.25,101.5));
#1487 = ( GEOMETRIC_REPRESENTATION_CONTEXT(2) 
PARAMETRIC_REPRESENTATION_CONTEXT() REPRESENTATION_CONTEXT('2D SPACE',''
  ) );
#1488 = PCURVE('',#1489,#1494);
#1489 = PLANE('',#1490);
#1490 = AXIS2_PLACEMENT_3D('',#1491,#1492,#1493);
#1491 = CARTESIAN_POINT('',(283.5,50.5,118.25));
#1492 = DIRECTION('',(0.,0.,1.));
#1493 = DIRECTION('',(1.,0.,0.));
#1494 = DEFINITIONAL_REPRESENTATION('',(#1495),#1498);
#1495 = B_SPLINE_CURVE_WITH_KNOTS('',1,(#1496,#1497),.UNSPECIFIED.,.F.,
  .F.,(2,2),(46.75,54.75),.PIECEWISE_BEZIER_KNOTS.);
#1496 = CARTESIAN_POINT('',(0.,4.5));
#1497 = CARTESIAN_POINT('',(8.,4.5));
#1498 = ( GEOMETRIC_REPRESENTATION_CONTEXT(2) 
PARAMETRIC_REPRESENTATION_CONTEXT() REPRESENTATION_CONTEXT('2D SPACE',''
  ) );
#1499 = ORIENTED_EDGE('',*,*,#1500,.F.);
#1500 = EDGE_CURVE('',#1423,#1475,#1501,.T.);
#1501 = SURFACE_CURVE('',#1502,(#1506,#1512),.PCURVE_S1.);
#1502 = LINE('',#1503,#1504);
#1503 = CARTESIAN_POINT('',(291.5,55.,108.625));
#1504 = VECTOR('',#1505,1.);
#1505 = DIRECTION('',(0.,0.,-1.));
#1506 = PCURVE('',#563,#1507);
#1507 = DEFINITIONAL_REPRESENTATION('',(#1508),#1511);
#1508 = B_SPLINE_CURVE_WITH_KNOTS('',1,(#1509,#1510),.UNSPECIFIED.,.F.,
  .F.,(2,2),(-81.125,-9.625),.PIECEWISE_BEZIER_KNOTS.);
#1509 = CARTESIAN_POINT('',(90.75,101.5));
#1510 = CARTESIAN_POINT('',(19.25,101.5));
#1511 = ( GEOMETRIC_REPRESENTATION_CONTEXT(2) 
PARAMETRIC_REPRESENTATION_CONTEXT() REPRESENTATION_CONTEXT('2D SPACE',''
  ) );
#1512 = PCURVE('',#1513,#1518);
#1513 = PLANE('',#1514);
#1514 = AXIS2_PLACEMENT_3D('',#1515,#1516,#1517);
#1515 = CARTESIAN_POINT('',(291.5,50.5,118.25));
#1516 = DIRECTION('',(1.,0.,0.));
#1517 = DIRECTION('',(0.,0.,1.));
#1518 = DEFINITIONAL_REPRESENTATION('',(#1519),#1522);
#1519 = B_SPLINE_CURVE_WITH_KNOTS('',1,(#1520,#1521),.UNSPECIFIED.,.F.,
  .F.,(2,2),(-81.125,-9.625),.PIECEWISE_BEZIER_KNOTS.);
#1520 = CARTESIAN_POINT('',(71.5,-4.5));
#1521 = CARTESIAN_POINT('',(0.,-4.5));
#1522 = ( GEOMETRIC_REPRESENTATION_CONTEXT(2) 
PARAMETRIC_REPRESENTATION_CONTEXT() REPRESENTATION_CONTEXT('2D SPACE',''
  ) );
#1523 = FACE_BOUND('',#1524,.T.);
#1524 = EDGE_LOOP('',(#1525,#1553,#1579,#1605));
#1525 = ORIENTED_EDGE('',*,*,#1526,.F.);
#1526 = EDGE_CURVE('',#1527,#1529,#1531,.T.);
#1527 = VERTEX_POINT('',#1528);
#1528 = CARTESIAN_POINT('',(328.5,55.,189.75));
#1529 = VERTEX_POINT('',#1530);
#1530 = CARTESIAN_POINT('',(336.5,55.,189.75));
#1531 = SURFACE_CURVE('',#1532,(#1536,#1542),.PCURVE_S1.);
#1532 = LINE('',#1533,#1534);
#1533 = CARTESIAN_POINT('',(259.25,55.,189.75));
#1534 = VECTOR('',#1535,1.);
#1535 = DIRECTION('',(1.,0.,0.));
#1536 = PCURVE('',#563,#1537);
#1537 = DEFINITIONAL_REPRESENTATION('',(#1538),#1541);
#1538 = B_SPLINE_CURVE_WITH_KNOTS('',1,(#1539,#1540),.UNSPECIFIED.,.F.,
  .F.,(2,2),(69.25,77.25),.PIECEWISE_BEZIER_KNOTS.);
#1539 = CARTESIAN_POINT('',(90.75,138.5));
#1540 = CARTESIAN_POINT('',(90.75,146.5));
#1541 = ( GEOMETRIC_REPRESENTATION_CONTEXT(2) 
PARAMETRIC_REPRESENTATION_CONTEXT() REPRESENTATION_CONTEXT('2D SPACE',''
  ) );
#1542 = PCURVE('',#1543,#1548);
#1543 = PLANE('',#1544);
#1544 = AXIS2_PLACEMENT_3D('',#1545,#1546,#1547);
#1545 = CARTESIAN_POINT('',(328.5,50.5,189.75));
#1546 = DIRECTION('',(0.,0.,1.));
#1547 = DIRECTION('',(1.,0.,0.));
#1548 = DEFINITIONAL_REPRESENTATION('',(#1549),#1552);
#1549 = B_SPLINE_CURVE_WITH_KNOTS('',1,(#1550,#1551),.UNSPECIFIED.,.F.,
  .F.,(2,2),(69.25,77.25),.PIECEWISE_BEZIER_KNOTS.);
#1550 = CARTESIAN_POINT('',(0.,4.5));
#1551 = CARTESIAN_POINT('',(8.,4.5));
#1552 = ( GEOMETRIC_REPRESENTATION_CONTEXT(2) 
PARAMETRIC_REPRESENTATION_CONTEXT() REPRESENTATION_CONTEXT('2D SPACE',''
  ) );
#1553 = ORIENTED_EDGE('',*,*,#1554,.T.);
#1554 = EDGE_CURVE('',#1527,#1555,#1557,.T.);
#1555 = VERTEX_POINT('',#1556);
#1556 = CARTESIAN_POINT('',(328.5,55.,118.25));
#1557 = SURFACE_CURVE('',#1558,(#1562,#1568),.PCURVE_S1.);
#1558 = LINE('',#1559,#1560);
#1559 = CARTESIAN_POINT('',(328.5,55.,108.625));
#1560 = VECTOR('',#1561,1.);
#1561 = DIRECTION('',(0.,0.,-1.));
#1562 = PCURVE('',#563,#1563);
#1563 = DEFINITIONAL_REPRESENTATION('',(#1564),#1567);
#1564 = B_SPLINE_CURVE_WITH_KNOTS('',1,(#1565,#1566),.UNSPECIFIED.,.F.,
  .F.,(2,2),(-81.125,-9.625),.PIECEWISE_BEZIER_KNOTS.);
#1565 = CARTESIAN_POINT('',(90.75,138.5));
#1566 = CARTESIAN_POINT('',(19.25,138.5));
#1567 = ( GEOMETRIC_REPRESENTATION_CONTEXT(2) 
PARAMETRIC_REPRESENTATION_CONTEXT() REPRESENTATION_CONTEXT('2D SPACE',''
  ) );
#1568 = PCURVE('',#1569,#1574);
#1569 = PLANE('',#1570);
#1570 = AXIS2_PLACEMENT_3D('',#1571,#1572,#1573);
#1571 = CARTESIAN_POINT('',(328.5,50.5,118.25));
#1572 = DIRECTION('',(1.,0.,0.));
#1573 = DIRECTION('',(0.,0.,1.));
#1574 = DEFINITIONAL_REPRESENTATION('',(#1575),#1578);
#1575 = B_SPLINE_CURVE_WITH_KNOTS('',1,(#1576,#1577),.UNSPECIFIED.,.F.,
  .F.,(2,2),(-81.125,-9.625),.PIECEWISE_BEZIER_KNOTS.);
#1576 = CARTESIAN_POINT('',(71.5,-4.5));
#1577 = CARTESIAN_POINT('',(0.,-4.5));
#1578 = ( GEOMETRIC_REPRESENTATION_CONTEXT(2) 
PARAMETRIC_REPRESENTATION_CONTEXT() REPRESENTATION_CONTEXT('2D SPACE',''
  ) );
#1579 = ORIENTED_EDGE('',*,*,#1580,.T.);
#1580 = EDGE_CURVE('',#1555,#1581,#1583,.T.);
#1581 = VERTEX_POINT('',#1582);
#1582 = CARTESIAN_POINT('',(336.5,55.,118.25));
#1583 = SURFACE_CURVE('',#1584,(#1588,#1594),.PCURVE_S1.);
#1584 = LINE('',#1585,#1586);
#1585 = CARTESIAN_POINT('',(259.25,55.,118.25));
#1586 = VECTOR('',#1587,1.);
#1587 = DIRECTION('',(1.,0.,0.));
#1588 = PCURVE('',#563,#1589);
#1589 = DEFINITIONAL_REPRESENTATION('',(#1590),#1593);
#1590 = B_SPLINE_CURVE_WITH_KNOTS('',1,(#1591,#1592),.UNSPECIFIED.,.F.,
  .F.,(2,2),(69.25,77.25),.PIECEWISE_BEZIER_KNOTS.);
#1591 = CARTESIAN_POINT('',(19.25,138.5));
#1592 = CARTESIAN_POINT('',(19.25,146.5));
#1593 = ( GEOMETRIC_REPRESENTATION_CONTEXT(2) 
PARAMETRIC_REPRESENTATION_CONTEXT() REPRESENTATION_CONTEXT('2D SPACE',''
  ) );
#1594 = PCURVE('',#1595,#1600);
#1595 = PLANE('',#1596);
#1596 = AXIS2_PLACEMENT_3D('',#1597,#1598,#1599);
#1597 = CARTESIAN_POINT('',(328.5,50.5,118.25));
#1598 = DIRECTION('',(0.,0.,1.));
#1599 = DIRECTION('',(1.,0.,0.));
#1600 = DEFINITIONAL_REPRESENTATION('',(#1601),#1604);
#1601 = B_SPLINE_CURVE_WITH_KNOTS('',1,(#1602,#1603),.UNSPECIFIED.,.F.,
  .F.,(2,2),(69.25,77.25),.PIECEWISE_BEZIER_KNOTS.);
#1602 = CARTESIAN_POINT('',(0.,4.5));
#1603 = CARTESIAN_POINT('',(8.,4.5));
#1604 = ( GEOMETRIC_REPRESENTATION_CONTEXT(2) 
PARAMETRIC_REPRESENTATION_CONTEXT() REPRESENTATION_CONTEXT('2D SPACE',''
  ) );
#1605 = ORIENTED_EDGE('',*,*,#1606,.F.);
#1606 = EDGE_CURVE('',#1529,#1581,#1607,.T.);
#1607 = SURFACE_CURVE('',#1608,(#1612,#1618),.PCURVE_S1.);
#1608 = LINE('',#1609,#1610);
#1609 = CARTESIAN_POINT('',(336.5,55.,108.625));
#1610 = VECTOR('',#1611,1.);
#1611 = DIRECTION('',(0.,0.,-1.));
#1612 = PCURVE('',#563,#1613);
#1613 = DEFINITIONAL_REPRESENTATION('',(#1614),#1617);
#1614 = B_SPLINE_CURVE_WITH_KNOTS('',1,(#1615,#1616),.UNSPECIFIED.,.F.,
  .F.,(2,2),(-81.125,-9.625),.PIECEWISE_BEZIER_KNOTS.);
#1615 = CARTESIAN_POINT('',(90.75,146.5));
#1616 = CARTESIAN_POINT('',(19.25,146.5));
#1617 = ( GEOMETRIC_REPRESENTATION_CONTEXT(2) 
PARAMETRIC_REPRESENTATION_CONTEXT() REPRESENTATION_CONTEXT('2D SPACE',''
  ) );
#1618 = PCURVE('',#1619,#1624);
#1619 = PLANE('',#1620);
#1620 = AXIS2_PLACEMENT_3D('',#1621,#1622,#1623);
#1621 = CARTESIAN_POINT('',(336.5,50.5,118.25));
#1622 = DIRECTION('',(1.,0.,0.));
#1623 = DIRECTION('',(0.,0.,1.));
#1624 = DEFINITIONAL_REPRESENTATION('',(#1625),#1628);
#1625 = B_SPLINE_CURVE_WITH_KNOTS('',1,(#1626,#1627),.UNSPECIFIED.,.F.,
  .F.,(2,2),(-81.125,-9.625),.PIECEWISE_BEZIER_KNOTS.);
#1626 = CARTESIAN_POINT('',(71.5,-4.5));
#1627 = CARTESIAN_POINT('',(0.,-4.5));
#1628 = ( GEOMETRIC_REPRESENTATION_CONTEXT(2) 
PARAMETRIC_REPRESENTATION_CONTEXT() REPRESENTATION_CONTEXT('2D SPACE',''
  ) );
#1629 = FACE_BOUND('',#1630,.T.);
#1630 = EDGE_LOOP('',(#1631,#1659,#1685,#1711));
#1631 = ORIENTED_EDGE('',*,*,#1632,.F.);
#1632 = EDGE_CURVE('',#1633,#1635,#1637,.T.);
#1633 = VERTEX_POINT('',#1634);
#1634 = CARTESIAN_POINT('',(373.5,55.,189.75));
#1635 = VERTEX_POINT('',#1636);
#1636 = CARTESIAN_POINT('',(381.5,55.,189.75));
#1637 = SURFACE_CURVE('',#1638,(#1642,#1648),.PCURVE_S1.);
#1638 = LINE('',#1639,#1640);
#1639 = CARTESIAN_POINT('',(281.75,55.,189.75));
#1640 = VECTOR('',#1641,1.);
#1641 = DIRECTION('',(1.,0.,0.));
#1642 = PCURVE('',#563,#1643);
#1643 = DEFINITIONAL_REPRESENTATION('',(#1644),#1647);
#1644 = B_SPLINE_CURVE_WITH_KNOTS('',1,(#1645,#1646),.UNSPECIFIED.,.F.,
  .F.,(2,2),(91.75,99.75),.PIECEWISE_BEZIER_KNOTS.);
#1645 = CARTESIAN_POINT('',(90.75,183.5));
#1646 = CARTESIAN_POINT('',(90.75,191.5));
#1647 = ( GEOMETRIC_REPRESENTATION_CONTEXT(2) 
PARAMETRIC_REPRESENTATION_CONTEXT() REPRESENTATION_CONTEXT('2D SPACE',''
  ) );
#1648 = PCURVE('',#1649,#1654);
#1649 = PLANE('',#1650);
#1650 = AXIS2_PLACEMENT_3D('',#1651,#1652,#1653);
#1651 = CARTESIAN_POINT('',(373.5,50.5,189.75));
#1652 = DIRECTION('',(0.,0.,1.));
#1653 = DIRECTION('',(1.,0.,0.));
#1654 = DEFINITIONAL_REPRESENTATION('',(#1655),#1658);
#1655 = B_SPLINE_CURVE_WITH_KNOTS('',1,(#1656,#1657),.UNSPECIFIED.,.F.,
  .F.,(2,2),(91.75,99.75),.PIECEWISE_BEZIER_KNOTS.);
#1656 = CARTESIAN_POINT('',(0.,4.5));
#1657 = CARTESIAN_POINT('',(8.,4.5));
#1658 = ( GEOMETRIC_REPRESENTATION_CONTEXT(2) 
PARAMETRIC_REPRESENTATION_CONTEXT() REPRESENTATION_CONTEXT('2D SPACE',''
  ) );
#1659 = ORIENTED_EDGE('',*,*,#1660,.T.);
#1660 = EDGE_CURVE('',#1633,#1661,#1663,.T.);
#1661 = VERTEX_POINT('',#1662);
#1662 = CARTESIAN_POINT('',(373.5,55.,118.25));
#1663 = SURFACE_CURVE('',#1664,(#1668,#1674),.PCURVE_S1.);
#1664 = LINE('',#1665,#1666);
#1665 = CARTESIAN_POINT('',(373.5,55.,108.625));
#1666 = VECTOR('',#1667,1.);
#1667 = DIRECTION('',(0.,0.,-1.));
#1668 = PCURVE('',#563,#1669);
#1669 = DEFINITIONAL_REPRESENTATION('',(#1670),#1673);
#1670 = B_SPLINE_CURVE_WITH_KNOTS('',1,(#1671,#1672),.UNSPECIFIED.,.F.,
  .F.,(2,2),(-81.125,-9.625),.PIECEWISE_BEZIER_KNOTS.);
#1671 = CARTESIAN_POINT('',(90.75,183.5));
#1672 = CARTESIAN_POINT('',(19.25,183.5));
#1673 = ( GEOMETRIC_REPRESENTATION_CONTEXT(2) 
PARAMETRIC_REPRESENTATION_CONTEXT() REPRESENTATION_CONTEXT('2D SPACE',''
  ) );
#1674 = PCURVE('',#1675,#1680);
#1675 = PLANE('',#1676);
#1676 = AXIS2_PLACEMENT_3D('',#1677,#1678,#1679);
#1677 = CARTESIAN_POINT('',(373.5,50.5,118.25));
#1678 = DIRECTION('',(1.,0.,0.));
#1679 = DIRECTION('',(0.,0.,1.));
#1680 = DEFINITIONAL_REPRESENTATION('',(#1681),#1684);
#1681 = B_SPLINE_CURVE_WITH_KNOTS('',1,(#1682,#1683),.UNSPECIFIED.,.F.,
  .F.,(2,2),(-81.125,-9.625),.PIECEWISE_BEZIER_KNOTS.);
#1682 = CARTESIAN_POINT('',(71.5,-4.5));
#1683 = CARTESIAN_POINT('',(0.,-4.5));
#1684 = ( GEOMETRIC_REPRESENTATION_CONTEXT(2) 
PARAMETRIC_REPRESENTATION_CONTEXT() REPRESENTATION_CONTEXT('2D SPACE',''
  ) );
#1685 = ORIENTED_EDGE('',*,*,#1686,.T.);
#1686 = EDGE_CURVE('',#1661,#1687,#1689,.T.);
#1687 = VERTEX_POINT('',#1688);
#1688 = CARTESIAN_POINT('',(381.5,55.,118.25));
#1689 = SURFACE_CURVE('',#1690,(#1694,#1700),.PCURVE_S1.);
#1690 = LINE('',#1691,#1692);
#1691 = CARTESIAN_POINT('',(281.75,55.,118.25));
#1692 = VECTOR('',#1693,1.);
#1693 = DIRECTION('',(1.,0.,0.));
#1694 = PCURVE('',#563,#1695);
#1695 = DEFINITIONAL_REPRESENTATION('',(#1696),#1699);
#1696 = B_SPLINE_CURVE_WITH_KNOTS('',1,(#1697,#1698),.UNSPECIFIED.,.F.,
  .F.,(2,2),(91.75,99.75),.PIECEWISE_BEZIER_KNOTS.);
#1697 = CARTESIAN_POINT('',(19.25,183.5));
#1698 = CARTESIAN_POINT('',(19.25,191.5));
#1699 = ( GEOMETRIC_REPRESENTATION_CONTEXT(2) 
PARAMETRIC_REPRESENTATION_CONTEXT() REPRESENTATION_CONTEXT('2D SPACE',''
  ) );
#1700 = PCURVE('',#1701,#1706);
#1701 = PLANE('',#1702);
#1702 = AXIS2_PLACEMENT_3D('',#1703,#1704,#1705);
#1703 = CARTESIAN_POINT('',(373.5,50.5,118.25));
#1704 = DIRECTION('',(0.,0.,1.));
#1705 = DIRECTION('',(1.,0.,0.));
#1706 = DEFINITIONAL_REPRESENTATION('',(#1707),#1710);
#1707 = B_SPLINE_CURVE_WITH_KNOTS('',1,(#1708,#1709),.UNSPECIFIED.,.F.,
  .F.,(2,2),(91.75,99.75),.PIECEWISE_BEZIER_KNOTS.);
#1708 = CARTESIAN_POINT('',(0.,4.5));
#1709 = CARTESIAN_POINT('',(8.,4.5));
#1710 = ( GEOMETRIC_REPRESENTATION_CONTEXT(2) 
PARAMETRIC_REPRESENTATION_CONTEXT() REPRESENTATION_CONTEXT('2D SPACE',''
  ) );
#1711 = ORIENTED_EDGE('',*,*,#1712,.F.);
#1712 = EDGE_CURVE('',#1635,#1687,#1713,.T.);
#1713 = SURFACE_CURVE('',#1714,(#1718,#1724),.PCURVE_S1.);
#1714 = LINE('',#1715,#1716);
#1715 = CARTESIAN_POINT('',(381.5,55.,108.625));
#1716 = VECTOR('',#1717,1.);
#1717 = DIRECTION('',(0.,0.,-1.));
#1718 = PCURVE('',#563,#1719);
#1719 = DEFINITIONAL_REPRESENTATION('',(#1720),#1723);
#1720 = B_SPLINE_CURVE_WITH_KNOTS('',1,(#1721,#1722),.UNSPECIFIED.,.F.,
  .F.,(2,2),(-81.125,-9.625),.PIECEWISE_BEZIER_KNOTS.);
#1721 = CARTESIAN_POINT('',(90.75,191.5));
#1722 = CARTESIAN_POINT('',(19.25,191.5));
#1723 = ( GEOMETRIC_REPRESENTATION_CONTEXT(2) 
PARAMETRIC_REPRESENTATION_CONTEXT() REPRESENTATION_CONTEXT('2D SPACE',''
  ) );
#1724 = PCURVE('',#1725,#1730);
#1725 = PLANE('',#1726);
#1726 = AXIS2_PLACEMENT_3D('',#1727,#1728,#1729);
#1727 = CARTESIAN_POINT('',(381.5,50.5,118.25));
#1728 = DIRECTION('',(1.,0.,0.));
#1729 = DIRECTION('',(0.,0.,1.));
#1730 = DEFINITIONAL_REPRESENTATION('',(#1731),#1734);
#1731 = B_SPLINE_CURVE_WITH_KNOTS('',1,(#1732,#1733),.UNSPECIFIED.,.F.,
  .F.,(2,2),(-81.125,-9.625),.PIECEWISE_BEZIER_KNOTS.);
#1732 = CARTESIAN_POINT('',(71.5,-4.5));
#1733 = CARTESIAN_POINT('',(0.,-4.5));
#1734 = ( GEOMETRIC_REPRESENTATION_CONTEXT(2) 
PARAMETRIC_REPRESENTATION_CONTEXT() REPRESENTATION_CONTEXT('2D SPACE',''
  ) );
#1735 = FACE_BOUND('',#1736,.T.);
#1736 = EDGE_LOOP('',(#1737,#1765,#1791,#1817));
#1737 = ORIENTED_EDGE('',*,*,#1738,.F.);
#1738 = EDGE_CURVE('',#1739,#1741,#1743,.T.);
#1739 = VERTEX_POINT('',#1740);
#1740 = CARTESIAN_POINT('',(418.5,55.,189.75));
#1741 = VERTEX_POINT('',#1742);
#1742 = CARTESIAN_POINT('',(426.5,55.,189.75));
#1743 = SURFACE_CURVE('',#1744,(#1748,#1754),.PCURVE_S1.);
#1744 = LINE('',#1745,#1746);
#1745 = CARTESIAN_POINT('',(304.25,55.,189.75));
#1746 = VECTOR('',#1747,1.);
#1747 = DIRECTION('',(1.,0.,0.));
#1748 = PCURVE('',#563,#1749);
#1749 = DEFINITIONAL_REPRESENTATION('',(#1750),#1753);
#1750 = B_SPLINE_CURVE_WITH_KNOTS('',1,(#1751,#1752),.UNSPECIFIED.,.F.,
  .F.,(2,2),(114.25,122.25),.PIECEWISE_BEZIER_KNOTS.);
#1751 = CARTESIAN_POINT('',(90.75,228.5));
#1752 = CARTESIAN_POINT('',(90.75,236.5));
#1753 = ( GEOMETRIC_REPRESENTATION_CONTEXT(2) 
PARAMETRIC_REPRESENTATION_CONTEXT() REPRESENTATION_CONTEXT('2D SPACE',''
  ) );
#1754 = PCURVE('',#1755,#1760);
#1755 = PLANE('',#1756);
#1756 = AXIS2_PLACEMENT_3D('',#1757,#1758,#1759);
#1757 = CARTESIAN_POINT('',(418.5,50.5,189.75));
#1758 = DIRECTION('',(0.,0.,1.));
#1759 = DIRECTION('',(1.,0.,0.));
#1760 = DEFINITIONAL_REPRESENTATION('',(#1761),#1764);
#1761 = B_SPLINE_CURVE_WITH_KNOTS('',1,(#1762,#1763),.UNSPECIFIED.,.F.,
  .F.,(2,2),(114.25,122.25),.PIECEWISE_BEZIER_KNOTS.);
#1762 = CARTESIAN_POINT('',(0.,4.5));
#1763 = CARTESIAN_POINT('',(8.,4.5));
#1764 = ( GEOMETRIC_REPRESENTATION_CONTEXT(2) 
PARAMETRIC_REPRESENTATION_CONTEXT() REPRESENTATION_CONTEXT('2D SPACE',''
  ) );
#1765 = ORIENTED_EDGE('',*,*,#1766,.T.);
#1766 = EDGE_CURVE('',#1739,#1767,#1769,.T.);
#1767 = VERTEX_POINT('',#1768);
#1768 = CARTESIAN_POINT('',(418.5,55.,118.25));
#1769 = SURFACE_CURVE('',#1770,(#1774,#1780),.PCURVE_S1.);
#1770 = LINE('',#1771,#1772);
#1771 = CARTESIAN_POINT('',(418.5,55.,108.625));
#1772 = VECTOR('',#1773,1.);
#1773 = DIRECTION('',(0.,0.,-1.));
#1774 = PCURVE('',#563,#1775);
#1775 = DEFINITIONAL_REPRESENTATION('',(#1776),#1779);
#1776 = B_SPLINE_CURVE_WITH_KNOTS('',1,(#1777,#1778),.UNSPECIFIED.,.F.,
  .F.,(2,2),(-81.125,-9.625),.PIECEWISE_BEZIER_KNOTS.);
#1777 = CARTESIAN_POINT('',(90.75,228.5));
#1778 = CARTESIAN_POINT('',(19.25,228.5));
#1779 = ( GEOMETRIC_REPRESENTATION_CONTEXT(2) 
PARAMETRIC_REPRESENTATION_CONTEXT() REPRESENTATION_CONTEXT('2D SPACE',''
  ) );
#1780 = PCURVE('',#1781,#1786);
#1781 = PLANE('',#1782);
#1782 = AXIS2_PLACEMENT_3D('',#1783,#1784,#1785);
#1783 = CARTESIAN_POINT('',(418.5,50.5,118.25));
#1784 = DIRECTION('',(1.,0.,0.));
#1785 = DIRECTION('',(0.,0.,1.));
#1786 = DEFINITIONAL_REPRESENTATION('',(#1787),#1790);
#1787 = B_SPLINE_CURVE_WITH_KNOTS('',1,(#1788,#1789),.UNSPECIFIED.,.F.,
  .F.,(2,2),(-81.125,-9.625),.PIECEWISE_BEZIER_KNOTS.);
#1788 = CARTESIAN_POINT('',(71.5,-4.5));
#1789 = CARTESIAN_POINT('',(0.,-4.5));
#1790 = ( GEOMETRIC_REPRESENTATION_CONTEXT(2) 
PARAMETRIC_REPRESENTATION_CONTEXT() REPRESENTATION_CONTEXT('2D SPACE',''
  ) );
#1791 = ORIENTED_EDGE('',*,*,#1792,.T.);
#1792 = EDGE_CURVE('',#1767,#1793,#1795,.T.);
#1793 = VERTEX_POINT('',#1794);
#1794 = CARTESIAN_POINT('',(426.5,55.,118.25));
#1795 = SURFACE_CURVE('',#1796,(#1800,#1806),.PCURVE_S1.);
#1796 = LINE('',#1797,#1798);
#1797 = CARTESIAN_POINT('',(304.25,55.,118.25));
#1798 = VECTOR('',#1799,1.);
#1799 = DIRECTION('',(1.,0.,0.));
#1800 = PCURVE('',#563,#1801);
#1801 = DEFINITIONAL_REPRESENTATION('',(#1802),#1805);
#1802 = B_SPLINE_CURVE_WITH_KNOTS('',1,(#1803,#1804),.UNSPECIFIED.,.F.,
  .F.,(2,2),(114.25,122.25),.PIECEWISE_BEZIER_KNOTS.);
#1803 = CARTESIAN_POINT('',(19.25,228.5));
#1804 = CARTESIAN_POINT('',(19.25,236.5));
#1805 = ( GEOMETRIC_REPRESENTATION_CONTEXT(2) 
PARAMETRIC_REPRESENTATION_CONTEXT() REPRESENTATION_CONTEXT('2D SPACE',''
  ) );
#1806 = PCURVE('',#1807,#1812);
#1807 = PLANE('',#1808);
#1808 = AXIS2_PLACEMENT_3D('',#1809,#1810,#1811);
#1809 = CARTESIAN_POINT('',(418.5,50.5,118.25));
#1810 = DIRECTION('',(0.,0.,1.));
#1811 = DIRECTION('',(1.,0.,0.));
#1812 = DEFINITIONAL_REPRESENTATION('',(#1813),#1816);
#1813 = B_SPLINE_CURVE_WITH_KNOTS('',1,(#1814,#1815),.UNSPECIFIED.,.F.,
  .F.,(2,2),(114.25,122.25),.PIECEWISE_BEZIER_KNOTS.);
#1814 = CARTESIAN_POINT('',(0.,4.5));
#1815 = CARTESIAN_POINT('',(8.,4.5));
#1816 = ( GEOMETRIC_REPRESENTATION_CONTEXT(2) 
PARAMETRIC_REPRESENTATION_CONTEXT() REPRESENTATION_CONTEXT('2D SPACE',''
  ) );
#1817 = ORIENTED_EDGE('',*,*,#1818,.F.);
#1818 = EDGE_CURVE('',#1741,#1793,#1819,.T.);
#1819 = SURFACE_CURVE('',#1820,(#1824,#1830),.PCURVE_S1.);
#1820 = LINE('',#1821,#1822);
#1821 = CARTESIAN_POINT('',(426.5,55.,108.625));
#1822 = VECTOR('',#1823,1.);
#1823 = DIRECTION('',(0.,0.,-1.));
#1824 = PCURVE('',#563,#1825);
#1825 = DEFINITIONAL_REPRESENTATION('',(#1826),#1829);
#1826 = B_SPLINE_CURVE_WITH_KNOTS('',1,(#1827,#1828),.UNSPECIFIED.,.F.,
  .F.,(2,2),(-81.125,-9.625),.PIECEWISE_BEZIER_KNOTS.);
#1827 = CARTESIAN_POINT('',(90.75,236.5));
#1828 = CARTESIAN_POINT('',(19.25,236.5));
#1829 = ( GEOMETRIC_REPRESENTATION_CONTEXT(2) 
PARAMETRIC_REPRESENTATION_CONTEXT() REPRESENTATION_CONTEXT('2D SPACE',''
  ) );
#1830 = PCURVE('',#1831,#1836);
#1831 = PLANE('',#1832);
#1832 = AXIS2_PLACEMENT_3D('',#1833,#1834,#1835);
#1833 = CARTESIAN_POINT('',(426.5,50.5,118.25));
#1834 = DIRECTION('',(1.,0.,0.));
#1835 = DIRECTION('',(0.,0.,1.));
#1836 = DEFINITIONAL_REPRESENTATION('',(#1837),#1840);
#1837 = B_SPLINE_CURVE_WITH_KNOTS('',1,(#1838,#1839),.UNSPECIFIED.,.F.,
  .F.,(2,2),(-81.125,-9.625),.PIECEWISE_BEZIER_KNOTS.);
#1838 = CARTESIAN_POINT('',(71.5,-4.5));
#1839 = CARTESIAN_POINT('',(0.,-4.5));
#1840 = ( GEOMETRIC_REPRESENTATION_CONTEXT(2) 
PARAMETRIC_REPRESENTATION_CONTEXT() REPRESENTATION_CONTEXT('2D SPACE',''
  ) );
#1841 = FACE_BOUND('',#1842,.T.);
#1842 = EDGE_LOOP('',(#1843,#1871,#1897,#1923));
#1843 = ORIENTED_EDGE('',*,*,#1844,.F.);
#1844 = EDGE_CURVE('',#1845,#1847,#1849,.T.);
#1845 = VERTEX_POINT('',#1846);
#1846 = CARTESIAN_POINT('',(463.5,55.,189.75));
#1847 = VERTEX_POINT('',#1848);
#1848 = CARTESIAN_POINT('',(471.5,55.,189.75));
#1849 = SURFACE_CURVE('',#1850,(#1854,#1860),.PCURVE_S1.);
#1850 = LINE('',#1851,#1852);
#1851 = CARTESIAN_POINT('',(326.75,55.,189.75));
#1852 = VECTOR('',#1853,1.);
#1853 = DIRECTION('',(1.,0.,0.));
#1854 = PCURVE('',#563,#1855);
#1855 = DEFINITIONAL_REPRESENTATION('',(#1856),#1859);
#1856 = B_SPLINE_CURVE_WITH_KNOTS('',1,(#1857,#1858),.UNSPECIFIED.,.F.,
  .F.,(2,2),(136.75,144.75),.PIECEWISE_BEZIER_KNOTS.);
#1857 = CARTESIAN_POINT('',(90.75,273.5));
#1858 = CARTESIAN_POINT('',(90.75,281.5));
#1859 = ( GEOMETRIC_REPRESENTATION_CONTEXT(2) 
PARAMETRIC_REPRESENTATION_CONTEXT() REPRESENTATION_CONTEXT('2D SPACE',''
  ) );
#1860 = PCURVE('',#1861,#1866);
#1861 = PLANE('',#1862);
#1862 = AXIS2_PLACEMENT_3D('',#1863,#1864,#1865);
#1863 = CARTESIAN_POINT('',(463.5,50.5,189.75));
#1864 = DIRECTION('',(0.,0.,1.));
#1865 = DIRECTION('',(1.,0.,0.));
#1866 = DEFINITIONAL_REPRESENTATION('',(#1867),#1870);
#1867 = B_SPLINE_CURVE_WITH_KNOTS('',1,(#1868,#1869),.UNSPECIFIED.,.F.,
  .F.,(2,2),(136.75,144.75),.PIECEWISE_BEZIER_KNOTS.);
#1868 = CARTESIAN_POINT('',(0.,4.5));
#1869 = CARTESIAN_POINT('',(8.,4.5));
#1870 = ( GEOMETRIC_REPRESENTATION_CONTEXT(2) 
PARAMETRIC_REPRESENTATION_CONTEXT() REPRESENTATION_CONTEXT('2D SPACE',''
  ) );
#1871 = ORIENTED_EDGE('',*,*,#1872,.T.);
#1872 = EDGE_CURVE('',#1845,#1873,#1875,.T.);
#1873 = VERTEX_POINT('',#1874);
#1874 = CARTESIAN_POINT('',(463.5,55.,118.25));
#1875 = SURFACE_CURVE('',#1876,(#1880,#1886),.PCURVE_S1.);
#1876 = LINE('',#1877,#1878);
#1877 = CARTESIAN_POINT('',(463.5,55.,108.625));
#1878 = VECTOR('',#1879,1.);
#1879 = DIRECTION('',(0.,0.,-1.));
#1880 = PCURVE('',#563,#1881);
#1881 = DEFINITIONAL_REPRESENTATION('',(#1882),#1885);
#1882 = B_SPLINE_CURVE_WITH_KNOTS('',1,(#1883,#1884),.UNSPECIFIED.,.F.,
  .F.,(2,2),(-81.125,-9.625),.PIECEWISE_BEZIER_KNOTS.);
#1883 = CARTESIAN_POINT('',(90.75,273.5));
#1884 = CARTESIAN_POINT('',(19.25,273.5));
#1885 = ( GEOMETRIC_REPRESENTATION_CONTEXT(2) 
PARAMETRIC_REPRESENTATION_CONTEXT() REPRESENTATION_CONTEXT('2D SPACE',''
  ) );
#1886 = PCURVE('',#1887,#1892);
#1887 = PLANE('',#1888);
#1888 = AXIS2_PLACEMENT_3D('',#1889,#1890,#1891);
#1889 = CARTESIAN_POINT('',(463.5,50.5,118.25));
#1890 = DIRECTION('',(1.,0.,0.));
#1891 = DIRECTION('',(0.,0.,1.));
#1892 = DEFINITIONAL_REPRESENTATION('',(#1893),#1896);
#1893 = B_SPLINE_CURVE_WITH_KNOTS('',1,(#1894,#1895),.UNSPECIFIED.,.F.,
  .F.,(2,2),(-81.125,-9.625),.PIECEWISE_BEZIER_KNOTS.);
#1894 = CARTESIAN_POINT('',(71.5,-4.5));
#1895 = CARTESIAN_POINT('',(0.,-4.5));
#1896 = ( GEOMETRIC_REPRESENTATION_CONTEXT(2) 
PARAMETRIC_REPRESENTATION_CONTEXT() REPRESENTATION_CONTEXT('2D SPACE',''
  ) );
#1897 = ORIENTED_EDGE('',*,*,#1898,.T.);
#1898 = EDGE_CURVE('',#1873,#1899,#1901,.T.);
#1899 = VERTEX_POINT('',#1900);
#1900 = CARTESIAN_POINT('',(471.5,55.,118.25));
#1901 = SURFACE_CURVE('',#1902,(#1906,#1912),.PCURVE_S1.);
#1902 = LINE('',#1903,#1904);
#1903 = CARTESIAN_POINT('',(326.75,55.,118.25));
#1904 = VECTOR('',#1905,1.);
#1905 = DIRECTION('',(1.,0.,0.));
#1906 = PCURVE('',#563,#1907);
#1907 = DEFINITIONAL_REPRESENTATION('',(#1908),#1911);
#1908 = B_SPLINE_CURVE_WITH_KNOTS('',1,(#1909,#1910),.UNSPECIFIED.,.F.,
  .F.,(2,2),(136.75,144.75),.PIECEWISE_BEZIER_KNOTS.);
#1909 = CARTESIAN_POINT('',(19.25,273.5));
#1910 = CARTESIAN_POINT('',(19.25,281.5));
#1911 = ( GEOMETRIC_REPRESENTATION_CONTEXT(2) 
PARAMETRIC_REPRESENTATION_CONTEXT() REPRESENTATION_CONTEXT('2D SPACE',''
  ) );
#1912 = PCURVE('',#1913,#1918);
#1913 = PLANE('',#1914);
#1914 = AXIS2_PLACEMENT_3D('',#1915,#1916,#1917);
#1915 = CARTESIAN_POINT('',(463.5,50.5,118.25));
#1916 = DIRECTION('',(0.,0.,1.));
#1917 = DIRECTION('',(1.,0.,0.));
#1918 = DEFINITIONAL_REPRESENTATION('',(#1919),#1922);
#1919 = B_SPLINE_CURVE_WITH_KNOTS('',1,(#1920,#1921),.UNSPECIFIED.,.F.,
  .F.,(2,2),(136.75,144.75),.PIECEWISE_BEZIER_KNOTS.);
#1920 = CARTESIAN_POINT('',(0.,4.5));
#1921 = CARTESIAN_POINT('',(8.,4.5));
#1922 = ( GEOMETRIC_REPRESENTATION_CONTEXT(2) 
PARAMETRIC_REPRESENTATION_CONTEXT() REPRESENTATION_CONTEXT('2D SPACE',''
  ) );
#1923 = ORIENTED_EDGE('',*,*,#1924,.F.);
#1924 = EDGE_CURVE('',#1847,#1899,#1925,.T.);
#1925 = SURFACE_CURVE('',#1926,(#1930,#1936),.PCURVE_S1.);
#1926 = LINE('',#1927,#1928);
#1927 = CARTESIAN_POINT('',(471.5,55.,108.625));
#1928 = VECTOR('',#1929,1.);
#1929 = DIRECTION('',(0.,0.,-1.));
#1930 = PCURVE('',#563,#1931);
#1931 = DEFINITIONAL_REPRESENTATION('',(#1932),#1935);
#1932 = B_SPLINE_CURVE_WITH_KNOTS('',1,(#1933,#1934),.UNSPECIFIED.,.F.,
  .F.,(2,2),(-81.125,-9.625),.PIECEWISE_BEZIER_KNOTS.);
#1933 = CARTESIAN_POINT('',(90.75,281.5));
#1934 = CARTESIAN_POINT('',(19.25,281.5));
#1935 = ( GEOMETRIC_REPRESENTATION_CONTEXT(2) 
PARAMETRIC_REPRESENTATION_CONTEXT() REPRESENTATION_CONTEXT('2D SPACE',''
  ) );
#1936 = PCURVE('',#1937,#1942);
#1937 = PLANE('',#1938);
#1938 = AXIS2_PLACEMENT_3D('',#1939,#1940,#1941);
#1939 = CARTESIAN_POINT('',(471.5,50.5,118.25));
#1940 = DIRECTION('',(1.,0.,0.));
#1941 = DIRECTION('',(0.,0.,1.));
#1942 = DEFINITIONAL_REPRESENTATION('',(#1943),#1946);
#1943 = B_SPLINE_CURVE_WITH_KNOTS('',1,(#1944,#1945),.UNSPECIFIED.,.F.,
  .F.,(2,2),(-81.125,-9.625),.PIECEWISE_BEZIER_KNOTS.);
#1944 = CARTESIAN_POINT('',(71.5,-4.5));
#1945 = CARTESIAN_POINT('',(0.,-4.5));
#1946 = ( GEOMETRIC_REPRESENTATION_CONTEXT(2) 
PARAMETRIC_REPRESENTATION_CONTEXT() REPRESENTATION_CONTEXT('2D SPACE',''
  ) );
#1947 = FACE_BOUND('',#1948,.T.);
#1948 = EDGE_LOOP('',(#1949,#1977,#2003,#2029));
#1949 = ORIENTED_EDGE('',*,*,#1950,.F.);
#1950 = EDGE_CURVE('',#1951,#1953,#1955,.T.);
#1951 = VERTEX_POINT('',#1952);
#1952 = CARTESIAN_POINT('',(508.5,55.,189.75));
#1953 = VERTEX_POINT('',#1954);
#1954 = CARTESIAN_POINT('',(516.5,55.,189.75));
#1955 = SURFACE_CURVE('',#1956,(#1960,#1966),.PCURVE_S1.);
#1956 = LINE('',#1957,#1958);
#1957 = CARTESIAN_POINT('',(349.25,55.,189.75));
#1958 = VECTOR('',#1959,1.);
#1959 = DIRECTION('',(1.,0.,0.));
#1960 = PCURVE('',#563,#1961);
#1961 = DEFINITIONAL_REPRESENTATION('',(#1962),#1965);
#1962 = B_SPLINE_CURVE_WITH_KNOTS('',1,(#1963,#1964),.UNSPECIFIED.,.F.,
  .F.,(2,2),(159.25,167.25),.PIECEWISE_BEZIER_KNOTS.);
#1963 = CARTESIAN_POINT('',(90.75,318.5));
#1964 = CARTESIAN_POINT('',(90.75,326.5));
#1965 = ( GEOMETRIC_REPRESENTATION_CONTEXT(2) 
PARAMETRIC_REPRESENTATION_CONTEXT() REPRESENTATION_CONTEXT('2D SPACE',''
  ) );
#1966 = PCURVE('',#1967,#1972);
#1967 = PLANE('',#1968);
#1968 = AXIS2_PLACEMENT_3D('',#1969,#1970,#1971);
#1969 = CARTESIAN_POINT('',(508.5,50.5,189.75));
#1970 = DIRECTION('',(0.,0.,1.));
#1971 = DIRECTION('',(1.,0.,0.));
#1972 = DEFINITIONAL_REPRESENTATION('',(#1973),#1976);
#1973 = B_SPLINE_CURVE_WITH_KNOTS('',1,(#1974,#1975),.UNSPECIFIED.,.F.,
  .F.,(2,2),(159.25,167.25),.PIECEWISE_BEZIER_KNOTS.);
#1974 = CARTESIAN_POINT('',(0.,4.5));
#1975 = CARTESIAN_POINT('',(8.,4.5));
#1976 = ( GEOMETRIC_REPRESENTATION_CONTEXT(2) 
PARAMETRIC_REPRESENTATION_CONTEXT() REPRESENTATION_CONTEXT('2D SPACE',''
  ) );
#1977 = ORIENTED_EDGE('',*,*,#1978,.T.);
#1978 = EDGE_CURVE('',#1951,#1979,#1981,.T.);
#1979 = VERTEX_POINT('',#1980);
#1980 = CARTESIAN_POINT('',(508.5,55.,118.25));
#1981 = SURFACE_CURVE('',#1982,(#1986,#1992),.PCURVE_S1.);
#1982 = LINE('',#1983,#1984);
#1983 = CARTESIAN_POINT('',(508.5,55.,108.625));
#1984 = VECTOR('',#1985,1.);
#1985 = DIRECTION('',(0.,0.,-1.));
#1986 = PCURVE('',#563,#1987);
#1987 = DEFINITIONAL_REPRESENTATION('',(#1988),#1991);
#1988 = B_SPLINE_CURVE_WITH_KNOTS('',1,(#1989,#1990),.UNSPECIFIED.,.F.,
  .F.,(2,2),(-81.125,-9.625),.PIECEWISE_BEZIER_KNOTS.);
#1989 = CARTESIAN_POINT('',(90.75,318.5));
#1990 = CARTESIAN_POINT('',(19.25,318.5));
#1991 = ( GEOMETRIC_REPRESENTATION_CONTEXT(2) 
PARAMETRIC_REPRESENTATION_CONTEXT() REPRESENTATION_CONTEXT('2D SPACE',''
  ) );
#1992 = PCURVE('',#1993,#1998);
#1993 = PLANE('',#1994);
#1994 = AXIS2_PLACEMENT_3D('',#1995,#1996,#1997);
#1995 = CARTESIAN_POINT('',(508.5,50.5,118.25));
#1996 = DIRECTION('',(1.,0.,0.));
#1997 = DIRECTION('',(0.,0.,1.));
#1998 = DEFINITIONAL_REPRESENTATION('',(#1999),#2002);
#1999 = B_SPLINE_CURVE_WITH_KNOTS('',1,(#2000,#2001),.UNSPECIFIED.,.F.,
  .F.,(2,2),(-81.125,-9.625),.PIECEWISE_BEZIER_KNOTS.);
#2000 = CARTESIAN_POINT('',(71.5,-4.5));
#2001 = CARTESIAN_POINT('',(0.,-4.5));
#2002 = ( GEOMETRIC_REPRESENTATION_CONTEXT(2) 
PARAMETRIC_REPRESENTATION_CONTEXT() REPRESENTATION_CONTEXT('2D SPACE',''
  ) );
#2003 = ORIENTED_EDGE('',*,*,#2004,.T.);
#2004 = EDGE_CURVE('',#1979,#2005,#2007,.T.);
#2005 = VERTEX_POINT('',#2006);
#2006 = CARTESIAN_POINT('',(516.5,55.,118.25));
#2007 = SURFACE_CURVE('',#2008,(#2012,#2018),.PCURVE_S1.);
#2008 = LINE('',#2009,#2010);
#2009 = CARTESIAN_POINT('',(349.25,55.,118.25));
#2010 = VECTOR('',#2011,1.);
#2011 = DIRECTION('',(1.,0.,0.));
#2012 = PCURVE('',#563,#2013);
#2013 = DEFINITIONAL_REPRESENTATION('',(#2014),#2017);
#2014 = B_SPLINE_CURVE_WITH_KNOTS('',1,(#2015,#2016),.UNSPECIFIED.,.F.,
  .F.,(2,2),(159.25,167.25),.PIECEWISE_BEZIER_KNOTS.);
#2015 = CARTESIAN_POINT('',(19.25,318.5));
#2016 = CARTESIAN_POINT('',(19.25,326.5));
#2017 = ( GEOMETRIC_REPRESENTATION_CONTEXT(2) 
PARAMETRIC_REPRESENTATION_CONTEXT() REPRESENTATION_CONTEXT('2D SPACE',''
  ) );
#2018 = PCURVE('',#2019,#2024);
#2019 = PLANE('',#2020);
#2020 = AXIS2_PLACEMENT_3D('',#2021,#2022,#2023);
#2021 = CARTESIAN_POINT('',(508.5,50.5,118.25));
#2022 = DIRECTION('',(0.,0.,1.));
#2023 = DIRECTION('',(1.,0.,0.));
#2024 = DEFINITIONAL_REPRESENTATION('',(#2025),#2028);
#2025 = B_SPLINE_CURVE_WITH_KNOTS('',1,(#2026,#2027),.UNSPECIFIED.,.F.,
  .F.,(2,2),(159.25,167.25),.PIECEWISE_BEZIER_KNOTS.);
#2026 = CARTESIAN_POINT('',(0.,4.5));
#2027 = CARTESIAN_POINT('',(8.,4.5));
#2028 = ( GEOMETRIC_REPRESENTATION_CONTEXT(2) 
PARAMETRIC_REPRESENTATION_CONTEXT() REPRESENTATION_CONTEXT('2D SPACE',''
  ) );
#2029 = ORIENTED_EDGE('',*,*,#2030,.F.);
#2030 = EDGE_CURVE('',#1953,#2005,#2031,.T.);
#2031 = SURFACE_CURVE('',#2032,(#2036,#2042),.PCURVE_S1.);
#2032 = LINE('',#2033,#2034);
#2033 = CARTESIAN_POINT('',(516.5,55.,108.625));
#2034 = VECTOR('',#2035,1.);
#2035 = DIRECTION('',(0.,0.,-1.));
#2036 = PCURVE('',#563,#2037);
#2037 = DEFINITIONAL_REPRESENTATION('',(#2038),#2041);
#2038 = B_SPLINE_CURVE_WITH_KNOTS('',1,(#2039,#2040),.UNSPECIFIED.,.F.,
  .F.,(2,2),(-81.125,-9.625),.PIECEWISE_BEZIER_KNOTS.);
#2039 = CARTESIAN_POINT('',(90.75,326.5));
#2040 = CARTESIAN_POINT('',(19.25,326.5));
#2041 = ( GEOMETRIC_REPRESENTATION_CONTEXT(2) 
PARAMETRIC_REPRESENTATION_CONTEXT() REPRESENTATION_CONTEXT('2D SPACE',''
  ) );
#2042 = PCURVE('',#2043,#2048);
#2043 = PLANE('',#2044);
#2044 = AXIS2_PLACEMENT_3D('',#2045,#2046,#2047);
#2045 = CARTESIAN_POINT('',(516.5,50.5,118.25));
#2046 = DIRECTION('',(1.,0.,0.));
#2047 = DIRECTION('',(0.,0.,1.));
#2048 = DEFINITIONAL_REPRESENTATION('',(#2049),#2052);
#2049 = B_SPLINE_CURVE_WITH_KNOTS('',1,(#2050,#2051),.UNSPECIFIED.,.F.,
  .F.,(2,2),(-81.125,-9.625),.PIECEWISE_BEZIER_KNOTS.);
#2050 = CARTESIAN_POINT('',(71.5,-4.5));
#2051 = CARTESIAN_POINT('',(0.,-4.5));
#2052 = ( GEOMETRIC_REPRESENTATION_CONTEXT(2) 
PARAMETRIC_REPRESENTATION_CONTEXT() REPRESENTATION_CONTEXT('2D SPACE',''
  ) );
#2053 = FACE_BOUND('',#2054,.T.);
#2054 = EDGE_LOOP('',(#2055,#2083,#2109,#2135));
#2055 = ORIENTED_EDGE('',*,*,#2056,.F.);
#2056 = EDGE_CURVE('',#2057,#2059,#2061,.T.);
#2057 = VERTEX_POINT('',#2058);
#2058 = CARTESIAN_POINT('',(553.5,55.,189.75));
#2059 = VERTEX_POINT('',#2060);
#2060 = CARTESIAN_POINT('',(561.5,55.,189.75));
#2061 = SURFACE_CURVE('',#2062,(#2066,#2072),.PCURVE_S1.);
#2062 = LINE('',#2063,#2064);
#2063 = CARTESIAN_POINT('',(371.75,55.,189.75));
#2064 = VECTOR('',#2065,1.);
#2065 = DIRECTION('',(1.,0.,0.));
#2066 = PCURVE('',#563,#2067);
#2067 = DEFINITIONAL_REPRESENTATION('',(#2068),#2071);
#2068 = B_SPLINE_CURVE_WITH_KNOTS('',1,(#2069,#2070),.UNSPECIFIED.,.F.,
  .F.,(2,2),(181.75,189.75),.PIECEWISE_BEZIER_KNOTS.);
#2069 = CARTESIAN_POINT('',(90.75,363.5));
#2070 = CARTESIAN_POINT('',(90.75,371.5));
#2071 = ( GEOMETRIC_REPRESENTATION_CONTEXT(2) 
PARAMETRIC_REPRESENTATION_CONTEXT() REPRESENTATION_CONTEXT('2D SPACE',''
  ) );
#2072 = PCURVE('',#2073,#2078);
#2073 = PLANE('',#2074);
#2074 = AXIS2_PLACEMENT_3D('',#2075,#2076,#2077);
#2075 = CARTESIAN_POINT('',(553.5,50.5,189.75));
#2076 = DIRECTION('',(0.,0.,1.));
#2077 = DIRECTION('',(1.,0.,0.));
#2078 = DEFINITIONAL_REPRESENTATION('',(#2079),#2082);
#2079 = B_SPLINE_CURVE_WITH_KNOTS('',1,(#2080,#2081),.UNSPECIFIED.,.F.,
  .F.,(2,2),(181.75,189.75),.PIECEWISE_BEZIER_KNOTS.);
#2080 = CARTESIAN_POINT('',(0.,4.5));
#2081 = CARTESIAN_POINT('',(8.,4.5));
#2082 = ( GEOMETRIC_REPRESENTATION_CONTEXT(2) 
PARAMETRIC_REPRESENTATION_CONTEXT() REPRESENTATION_CONTEXT('2D SPACE',''
  ) );
#2083 = ORIENTED_EDGE('',*,*,#2084,.T.);
#2084 = EDGE_CURVE('',#2057,#2085,#2087,.T.);
#2085 = VERTEX_POINT('',#2086);
#2086 = CARTESIAN_POINT('',(553.5,55.,118.25));
#2087 = SURFACE_CURVE('',#2088,(#2092,#2098),.PCURVE_S1.);
#2088 = LINE('',#2089,#2090);
#2089 = CARTESIAN_POINT('',(553.5,55.,108.625));
#2090 = VECTOR('',#2091,1.);
#2091 = DIRECTION('',(0.,0.,-1.));
#2092 = PCURVE('',#563,#2093);
#2093 = DEFINITIONAL_REPRESENTATION('',(#2094),#2097);
#2094 = B_SPLINE_CURVE_WITH_KNOTS('',1,(#2095,#2096),.UNSPECIFIED.,.F.,
  .F.,(2,2),(-81.125,-9.625),.PIECEWISE_BEZIER_KNOTS.);
#2095 = CARTESIAN_POINT('',(90.75,363.5));
#2096 = CARTESIAN_POINT('',(19.25,363.5));
#2097 = ( GEOMETRIC_REPRESENTATION_CONTEXT(2) 
PARAMETRIC_REPRESENTATION_CONTEXT() REPRESENTATION_CONTEXT('2D SPACE',''
  ) );
#2098 = PCURVE('',#2099,#2104);
#2099 = PLANE('',#2100);
#2100 = AXIS2_PLACEMENT_3D('',#2101,#2102,#2103);
#2101 = CARTESIAN_POINT('',(553.5,50.5,118.25));
#2102 = DIRECTION('',(1.,0.,0.));
#2103 = DIRECTION('',(0.,0.,1.));
#2104 = DEFINITIONAL_REPRESENTATION('',(#2105),#2108);
#2105 = B_SPLINE_CURVE_WITH_KNOTS('',1,(#2106,#2107),.UNSPECIFIED.,.F.,
  .F.,(2,2),(-81.125,-9.625),.PIECEWISE_BEZIER_KNOTS.);
#2106 = CARTESIAN_POINT('',(71.5,-4.5));
#2107 = CARTESIAN_POINT('',(0.,-4.5));
#2108 = ( GEOMETRIC_REPRESENTATION_CONTEXT(2) 
PARAMETRIC_REPRESENTATION_CONTEXT() REPRESENTATION_CONTEXT('2D SPACE',''
  ) );
#2109 = ORIENTED_EDGE('',*,*,#2110,.T.);
#2110 = EDGE_CURVE('',#2085,#2111,#2113,.T.);
#2111 = VERTEX_POINT('',#2112);
#2112 = CARTESIAN_POINT('',(561.5,55.,118.25));
#2113 = SURFACE_CURVE('',#2114,(#2118,#2124),.PCURVE_S1.);
#2114 = LINE('',#2115,#2116);
#2115 = CARTESIAN_POINT('',(371.75,55.,118.25));
#2116 = VECTOR('',#2117,1.);
#2117 = DIRECTION('',(1.,0.,0.));
#2118 = PCURVE('',#563,#2119);
#2119 = DEFINITIONAL_REPRESENTATION('',(#2120),#2123);
#2120 = B_SPLINE_CURVE_WITH_KNOTS('',1,(#2121,#2122),.UNSPECIFIED.,.F.,
  .F.,(2,2),(181.75,189.75),.PIECEWISE_BEZIER_KNOTS.);
#2121 = CARTESIAN_POINT('',(19.25,363.5));
#2122 = CARTESIAN_POINT('',(19.25,371.5));
#2123 = ( GEOMETRIC_REPRESENTATION_CONTEXT(2) 
PARAMETRIC_REPRESENTATION_CONTEXT() REPRESENTATION_CONTEXT('2D SPACE',''
  ) );
#2124 = PCURVE('',#2125,#2130);
#2125 = PLANE('',#2126);
#2126 = AXIS2_PLACEMENT_3D('',#2127,#2128,#2129);
#2127 = CARTESIAN_POINT('',(553.5,50.5,118.25));
#2128 = DIRECTION('',(0.,0.,1.));
#2129 = DIRECTION('',(1.,0.,0.));
#2130 = DEFINITIONAL_REPRESENTATION('',(#2131),#2134);
#2131 = B_SPLINE_CURVE_WITH_KNOTS('',1,(#2132,#2133),.UNSPECIFIED.,.F.,
  .F.,(2,2),(181.75,189.75),.PIECEWISE_BEZIER_KNOTS.);
#2132 = CARTESIAN_POINT('',(0.,4.5));
#2133 = CARTESIAN_POINT('',(8.,4.5));
#2134 = ( GEOMETRIC_REPRESENTATION_CONTEXT(2) 
PARAMETRIC_REPRESENTATION_CONTEXT() REPRESENTATION_CONTEXT('2D SPACE',''
  ) );
#2135 = ORIENTED_EDGE('',*,*,#2136,.F.);
#2136 = EDGE_CURVE('',#2059,#2111,#2137,.T.);
#2137 = SURFACE_CURVE('',#2138,(#2142,#2148),.PCURVE_S1.);
#2138 = LINE('',#2139,#2140);
#2139 = CARTESIAN_POINT('',(561.5,55.,108.625));
#2140 = VECTOR('',#2141,1.);
#2141 = DIRECTION('',(0.,0.,-1.));
#2142 = PCURVE('',#563,#2143);
#2143 = DEFINITIONAL_REPRESENTATION('',(#2144),#2147);
#2144 = B_SPLINE_CURVE_WITH_KNOTS('',1,(#2145,#2146),.UNSPECIFIED.,.F.,
  .F.,(2,2),(-81.125,-9.625),.PIECEWISE_BEZIER_KNOTS.);
#2145 = CARTESIAN_POINT('',(90.75,371.5));
#2146 = CARTESIAN_POINT('',(19.25,371.5));
#2147 = ( GEOMETRIC_REPRESENTATION_CONTEXT(2) 
PARAMETRIC_REPRESENTATION_CONTEXT() REPRESENTATION_CONTEXT('2D SPACE',''
  ) );
#2148 = PCURVE('',#2149,#2154);
#2149 = PLANE('',#2150);
#2150 = AXIS2_PLACEMENT_3D('',#2151,#2152,#2153);
#2151 = CARTESIAN_POINT('',(561.5,50.5,118.25));
#2152 = DIRECTION('',(1.,0.,0.));
#2153 = DIRECTION('',(0.,0.,1.));
#2154 = DEFINITIONAL_REPRESENTATION('',(#2155),#2158);
#2155 = B_SPLINE_CURVE_WITH_KNOTS('',1,(#2156,#2157),.UNSPECIFIED.,.F.,
  .F.,(2,2),(-81.125,-9.625),.PIECEWISE_BEZIER_KNOTS.);
#2156 = CARTESIAN_POINT('',(71.5,-4.5));
#2157 = CARTESIAN_POINT('',(0.,-4.5));
#2158 = ( GEOMETRIC_REPRESENTATION_CONTEXT(2) 
PARAMETRIC_REPRESENTATION_CONTEXT() REPRESENTATION_CONTEXT('2D SPACE',''
  ) );
#2159 = ADVANCED_FACE('',(#2160),#535,.T.);
#2160 = FACE_BOUND('',#2161,.T.);
#2161 = EDGE_LOOP('',(#2162,#2183,#2184,#2205,#2313,#2314));
#2162 = ORIENTED_EDGE('',*,*,#2163,.F.);
#2163 = EDGE_CURVE('',#859,#491,#2164,.T.);
#2164 = SURFACE_CURVE('',#2165,(#2169,#2176),.PCURVE_S1.);
#2165 = LINE('',#2166,#2167);
#2166 = CARTESIAN_POINT('',(610.,51.,99.));
#2167 = VECTOR('',#2168,1.);
#2168 = DIRECTION('',(0.,0.,1.));
#2169 = PCURVE('',#535,#2170);
#2170 = DEFINITIONAL_REPRESENTATION('',(#2171),#2175);
#2171 = LINE('',#2172,#2173);
#2172 = CARTESIAN_POINT('',(0.,0.));
#2173 = VECTOR('',#2174,1.);
#2174 = DIRECTION('',(0.,1.));
#2175 = ( GEOMETRIC_REPRESENTATION_CONTEXT(2) 
PARAMETRIC_REPRESENTATION_CONTEXT() REPRESENTATION_CONTEXT('2D SPACE',''
  ) );
#2176 = PCURVE('',#506,#2177);
#2177 = DEFINITIONAL_REPRESENTATION('',(#2178),#2182);
#2178 = LINE('',#2179,#2180);
#2179 = CARTESIAN_POINT('',(0.,-106.));
#2180 = VECTOR('',#2181,1.);
#2181 = DIRECTION('',(1.,0.));
#2182 = ( GEOMETRIC_REPRESENTATION_CONTEXT(2) 
PARAMETRIC_REPRESENTATION_CONTEXT() REPRESENTATION_CONTEXT('2D SPACE',''
  ) );
#2183 = ORIENTED_EDGE('',*,*,#879,.T.);
#2184 = ORIENTED_EDGE('',*,*,#2185,.F.);
#2185 = EDGE_CURVE('',#2186,#813,#2188,.T.);
#2186 = VERTEX_POINT('',#2187);
#2187 = CARTESIAN_POINT('',(609.91918358473,51.8,182.24464550948));
#2188 = SURFACE_CURVE('',#2189,(#2193,#2199),.PCURVE_S1.);
#2189 = LINE('',#2190,#2191);
#2190 = CARTESIAN_POINT('',(609.91918358845,51.8,99.));
#2191 = VECTOR('',#2192,1.);
#2192 = DIRECTION('',(0.,0.,1.));
#2193 = PCURVE('',#535,#2194);
#2194 = DEFINITIONAL_REPRESENTATION('',(#2195),#2198);
#2195 = B_SPLINE_CURVE_WITH_KNOTS('',1,(#2196,#2197),.UNSPECIFIED.,.F.,
  .F.,(2,2),(76.354155904063,110.0000006),.PIECEWISE_BEZIER_KNOTS.);
#2196 = CARTESIAN_POINT('',(0.20135792079,76.354155904063));
#2197 = CARTESIAN_POINT('',(0.20135792079,110.0000006));
#2198 = ( GEOMETRIC_REPRESENTATION_CONTEXT(2) 
PARAMETRIC_REPRESENTATION_CONTEXT() REPRESENTATION_CONTEXT('2D SPACE',''
  ) );
#2199 = PCURVE('',#646,#2200);
#2200 = DEFINITIONAL_REPRESENTATION('',(#2201),#2204);
#2201 = B_SPLINE_CURVE_WITH_KNOTS('',1,(#2202,#2203),.UNSPECIFIED.,.F.,
  .F.,(2,2),(76.354155904063,110.0000006),.PIECEWISE_BEZIER_KNOTS.);
#2202 = CARTESIAN_POINT('',(73.154155904063,420.91918358845));
#2203 = CARTESIAN_POINT('',(106.8000006,420.91918358845));
#2204 = ( GEOMETRIC_REPRESENTATION_CONTEXT(2) 
PARAMETRIC_REPRESENTATION_CONTEXT() REPRESENTATION_CONTEXT('2D SPACE',''
  ) );
#2205 = ORIENTED_EDGE('',*,*,#2206,.T.);
#2206 = EDGE_CURVE('',#2186,#1191,#2207,.T.);
#2207 = SURFACE_CURVE('',#2208,(#2241,#2277),.PCURVE_S1.);
#2208 = B_SPLINE_CURVE_WITH_KNOTS('',7,(#2209,#2210,#2211,#2212,#2213,
    #2214,#2215,#2216,#2217,#2218,#2219,#2220,#2221,#2222,#2223,#2224,
    #2225,#2226,#2227,#2228,#2229,#2230,#2231,#2232,#2233,#2234,#2235,
    #2236,#2237,#2238,#2239,#2240),.UNSPECIFIED.,.F.,.F.,(8,6,6,6,6,8),(
    0.,0.271240928434,0.545214169772,0.784352727926,0.904309203237,1.),
  .UNSPECIFIED.);
#2209 = CARTESIAN_POINT('',(610.,51.,183.66479394838));
#2210 = CARTESIAN_POINT('',(610.,51.215904347422,183.29360911097));
#2211 = CARTESIAN_POINT('',(609.98640394743,51.428239007586,
    182.9213094316));
#2212 = CARTESIAN_POINT('',(609.96002162832,51.636694420998,
    182.54847774529));
#2213 = CARTESIAN_POINT('',(609.92146689231,51.841086143389,
    182.17554529591));
#2214 = CARTESIAN_POINT('',(609.87116932864,52.04128648305,
    181.80287678555));
#2215 = CARTESIAN_POINT('',(609.80938338313,52.237171355543,
    181.43086040017));
#2216 = CARTESIAN_POINT('',(609.66226919427,52.621921511746,
    180.68540943361));
#2217 = CARTESIAN_POINT('',(609.5768509066,52.810326710419,
    180.31271401418));
#2218 = CARTESIAN_POINT('',(609.47996290716,52.994049254885,
    179.94168898112));
#2219 = CARTESIAN_POINT('',(609.37132139658,53.173208633249,
    179.57231811804));
#2220 = CARTESIAN_POINT('',(609.25041528659,53.347680193486,
    179.20506841356));
#2221 = CARTESIAN_POINT('',(609.11658107003,53.517017765224,
    178.84117248915));
#2222 = CARTESIAN_POINT('',(608.84032040295,53.823029817844,
    178.17022099529));
#2223 = CARTESIAN_POINT('',(608.702147729,53.960014402653,
    177.86424491691));
#2224 = CARTESIAN_POINT('',(608.55278711156,54.092680811903,
    177.56260417026));
#2225 = CARTESIAN_POINT('',(608.39011032303,54.221381725174,
    177.26474663829));
#2226 = CARTESIAN_POINT('',(608.21197400569,54.345379768422,
    176.97256263703));
#2227 = CARTESIAN_POINT('',(608.01644890048,54.462897198019,
    176.69083292292));
#2228 = CARTESIAN_POINT('',(607.69435645424,54.625421439175,
    176.29537466723));
#2229 = CARTESIAN_POINT('',(607.58162116484,54.677561346772,
    176.16744508347));
#2230 = CARTESIAN_POINT('',(607.46304060115,54.727392754258,
    176.04419766434));
#2231 = CARTESIAN_POINT('',(607.3379695455,54.774541251265,
    175.92668308783));
#2232 = CARTESIAN_POINT('',(607.20583439461,54.818430045685,
    175.81650745871));
#2233 = CARTESIAN_POINT('',(607.0661440231,54.858283160794,
    175.71584211236));
#2234 = CARTESIAN_POINT('',(606.80072311414,54.920903734249,
    175.55690328438));
#2235 = CARTESIAN_POINT('',(606.67670796225,54.945774450784,
    175.49346857424));
#2236 = CARTESIAN_POINT('',(606.54757586214,54.96675791199,
    175.43970197919));
#2237 = CARTESIAN_POINT('',(606.41436735127,54.983115740763,
    175.39764427787));
#2238 = CARTESIAN_POINT('',(606.27806797636,54.994313236515,
    175.36880318858));
#2239 = CARTESIAN_POINT('',(606.13963137599,55.,175.35415650406));
#2240 = CARTESIAN_POINT('',(606.,55.,175.35415650406));
#2241 = PCURVE('',#535,#2242);
#2242 = DEFINITIONAL_REPRESENTATION('',(#2243),#2276);
#2243 = B_SPLINE_CURVE_WITH_KNOTS('',7,(#2244,#2245,#2246,#2247,#2248,
    #2249,#2250,#2251,#2252,#2253,#2254,#2255,#2256,#2257,#2258,#2259,
    #2260,#2261,#2262,#2263,#2264,#2265,#2266,#2267,#2268,#2269,#2270,
    #2271,#2272,#2273,#2274,#2275),.UNSPECIFIED.,.F.,.F.,(8,6,6,6,6,8),(
    0.,0.271240928434,0.545214169772,0.784352727926,0.904309203237,1.),
  .UNSPECIFIED.);
#2244 = CARTESIAN_POINT('',(0.,84.664793948383));
#2245 = CARTESIAN_POINT('',(5.397608685557E-02,84.293609110972));
#2246 = CARTESIAN_POINT('',(0.10705979158,83.921309431604));
#2247 = CARTESIAN_POINT('',(0.15943035612,83.54847774529));
#2248 = CARTESIAN_POINT('',(0.211260810461,83.175545295912));
#2249 = CARTESIAN_POINT('',(0.26272043089,82.802876785555));
#2250 = CARTESIAN_POINT('',(0.313978611081,82.430860400171));
#2251 = CARTESIAN_POINT('',(0.41695775559,81.685409433616));
#2252 = CARTESIAN_POINT('',(0.468579409511,81.31271401418));
#2253 = CARTESIAN_POINT('',(0.52035779556,80.941688981122));
#2254 = CARTESIAN_POINT('',(0.572568155348,80.572318118043));
#2255 = CARTESIAN_POINT('',(0.62547129031,80.205068413562));
#2256 = CARTESIAN_POINT('',(0.679315475739,79.841172489158));
#2257 = CARTESIAN_POINT('',(0.782381999318,79.17022099529));
#2258 = CARTESIAN_POINT('',(0.830949290753,78.86424491691));
#2259 = CARTESIAN_POINT('',(0.880770627283,78.562604170268));
#2260 = CARTESIAN_POINT('',(0.932466874556,78.264746638291));
#2261 = CARTESIAN_POINT('',(0.986544896932,77.97256263703));
#2262 = CARTESIAN_POINT('',(1.04342030158,77.690832922922));
#2263 = CARTESIAN_POINT('',(1.133613730141,77.295374667232));
#2264 = CARTESIAN_POINT('',(1.164647877887,77.167445083478));
#2265 = CARTESIAN_POINT('',(1.196771243677,77.044197664343));
#2266 = CARTESIAN_POINT('',(1.230142714539,76.926683087832));
#2267 = CARTESIAN_POINT('',(1.264902305452,76.816507458719));
#2268 = CARTESIAN_POINT('',(1.301179579812,76.715842112369));
#2269 = CARTESIAN_POINT('',(1.369356553166,76.556903284384));
#2270 = CARTESIAN_POINT('',(1.400959633708,76.493468574243));
#2271 = CARTESIAN_POINT('',(1.433629811154,76.439701979199));
#2272 = CARTESIAN_POINT('',(1.46713502447,76.39764427787));
#2273 = CARTESIAN_POINT('',(1.501279324912,76.36880318858));
#2274 = CARTESIAN_POINT('',(1.535888482797,76.354156504063));
#2275 = CARTESIAN_POINT('',(1.570796326795,76.354156504063));
#2276 = ( GEOMETRIC_REPRESENTATION_CONTEXT(2) 
PARAMETRIC_REPRESENTATION_CONTEXT() REPRESENTATION_CONTEXT('2D SPACE',''
  ) );
#2277 = PCURVE('',#1228,#2278);
#2278 = DEFINITIONAL_REPRESENTATION('',(#2279),#2312);
#2279 = B_SPLINE_CURVE_WITH_KNOTS('',7,(#2280,#2281,#2282,#2283,#2284,
    #2285,#2286,#2287,#2288,#2289,#2290,#2291,#2292,#2293,#2294,#2295,
    #2296,#2297,#2298,#2299,#2300,#2301,#2302,#2303,#2304,#2305,#2306,
    #2307,#2308,#2309,#2310,#2311),.UNSPECIFIED.,.F.,.F.,(8,6,6,6,6,8),(
    0.,0.271240928434,0.545214169772,0.784352727926,0.904309203237,1.),
  .UNSPECIFIED.);
#2280 = CARTESIAN_POINT('',(-6.810012311391,-16.));
#2281 = CARTESIAN_POINT('',(-6.802734177324,-16.));
#2282 = CARTESIAN_POINT('',(-6.79547013054,-15.98640394743));
#2283 = CARTESIAN_POINT('',(-6.788230717299,-15.96002162832));
#2284 = CARTESIAN_POINT('',(-6.781023211631,-15.92146689231));
#2285 = CARTESIAN_POINT('',(-6.773853456278,-15.87116932864));
#2286 = CARTESIAN_POINT('',(-6.76672764871,-15.80938338313));
#2287 = CARTESIAN_POINT('',(-6.752509240867,-15.66226919427));
#2288 = CARTESIAN_POINT('',(-6.74543135051,-15.5768509066));
#2289 = CARTESIAN_POINT('',(-6.738414422107,-15.47996290716));
#2290 = CARTESIAN_POINT('',(-6.731456742513,-15.37132139658));
#2291 = CARTESIAN_POINT('',(-6.724565796377,-15.25041528659));
#2292 = CARTESIAN_POINT('',(-6.717763164965,-15.11658107003));
#2293 = CARTESIAN_POINT('',(-6.705264164333,-14.84032040295));
#2294 = CARTESIAN_POINT('',(-6.699582261491,-14.702147729));
#2295 = CARTESIAN_POINT('',(-6.693997260517,-14.55278711156));
#2296 = CARTESIAN_POINT('',(-6.688497920586,-14.39011032303));
#2297 = CARTESIAN_POINT('',(-6.683118314172,-14.21197400569));
#2298 = CARTESIAN_POINT('',(-6.677944533926,-14.01644890048));
#2299 = CARTESIAN_POINT('',(-6.670697877009,-13.69435645424));
#2300 = CARTESIAN_POINT('',(-6.668356415104,-13.58162116484));
#2301 = CARTESIAN_POINT('',(-6.6661032053,-13.46304060115));
#2302 = CARTESIAN_POINT('',(-6.663957113763,-13.3379695455));
#2303 = CARTESIAN_POINT('',(-6.661947028054,-13.20583439461));
#2304 = CARTESIAN_POINT('',(-6.660111993489,-13.0661440231));
#2305 = CARTESIAN_POINT('',(-6.657216569841,-12.80072311414));
#2306 = CARTESIAN_POINT('',(-6.656061724,-12.67670796225));
#2307 = CARTESIAN_POINT('',(-6.655083485772,-12.54757586214));
#2308 = CARTESIAN_POINT('',(-6.654318625064,-12.41436735127));
#2309 = CARTESIAN_POINT('',(-6.653794243051,-12.27806797636));
#2310 = CARTESIAN_POINT('',(-6.653527939271,-12.13963137599));
#2311 = CARTESIAN_POINT('',(-6.653527939271,-12.));
#2312 = ( GEOMETRIC_REPRESENTATION_CONTEXT(2) 
PARAMETRIC_REPRESENTATION_CONTEXT() REPRESENTATION_CONTEXT('2D SPACE',''
  ) );
#2313 = ORIENTED_EDGE('',*,*,#1190,.T.);
#2314 = ORIENTED_EDGE('',*,*,#518,.F.);
#2315 = ADVANCED_FACE('',(#2316),#506,.T.);
#2316 = FACE_BOUND('',#2317,.T.);
#2317 = EDGE_LOOP('',(#2318,#2319,#2341,#2342,#2343));
#2318 = ORIENTED_EDGE('',*,*,#490,.F.);
#2319 = ORIENTED_EDGE('',*,*,#2320,.T.);
#2320 = EDGE_CURVE('',#465,#1016,#2321,.T.);
#2321 = SURFACE_CURVE('',#2322,(#2327,#2334),.PCURVE_S1.);
#2322 = CIRCLE('',#2323,59.);
#2323 = AXIS2_PLACEMENT_3D('',#2324,#2325,#2326);
#2324 = CARTESIAN_POINT('',(610.,0.,154.));
#2325 = DIRECTION('',(1.,0.,0.));
#2326 = DIRECTION('',(0.,1.,0.));
#2327 = PCURVE('',#506,#2328);
#2328 = DEFINITIONAL_REPRESENTATION('',(#2329),#2333);
#2329 = CIRCLE('',#2330,59.);
#2330 = AXIS2_PLACEMENT_2D('',#2331,#2332);
#2331 = CARTESIAN_POINT('',(55.,-55.));
#2332 = DIRECTION('',(0.,-1.));
#2333 = ( GEOMETRIC_REPRESENTATION_CONTEXT(2) 
PARAMETRIC_REPRESENTATION_CONTEXT() REPRESENTATION_CONTEXT('2D SPACE',''
  ) );
#2334 = PCURVE('',#479,#2335);
#2335 = DEFINITIONAL_REPRESENTATION('',(#2336),#2340);
#2336 = LINE('',#2337,#2338);
#2337 = CARTESIAN_POINT('',(-0.,-16.));
#2338 = VECTOR('',#2339,1.);
#2339 = DIRECTION('',(-1.,0.));
#2340 = ( GEOMETRIC_REPRESENTATION_CONTEXT(2) 
PARAMETRIC_REPRESENTATION_CONTEXT() REPRESENTATION_CONTEXT('2D SPACE',''
  ) );
#2341 = ORIENTED_EDGE('',*,*,#1036,.F.);
#2342 = ORIENTED_EDGE('',*,*,#858,.F.);
#2343 = ORIENTED_EDGE('',*,*,#2163,.T.);
#2344 = ADVANCED_FACE('',(#2345),#479,.T.);
#2345 = FACE_BOUND('',#2346,.F.);
#2346 = EDGE_LOOP('',(#2347,#2369,#2370,#2371));
#2347 = ORIENTED_EDGE('',*,*,#2348,.F.);
#2348 = EDGE_CURVE('',#439,#995,#2349,.T.);
#2349 = SURFACE_CURVE('',#2350,(#2355,#2362),.PCURVE_S1.);
#2350 = CIRCLE('',#2351,59.);
#2351 = AXIS2_PLACEMENT_3D('',#2352,#2353,#2354);
#2352 = CARTESIAN_POINT('',(594.,0.,154.));
#2353 = DIRECTION('',(1.,0.,0.));
#2354 = DIRECTION('',(0.,1.,0.));
#2355 = PCURVE('',#479,#2356);
#2356 = DEFINITIONAL_REPRESENTATION('',(#2357),#2361);
#2357 = LINE('',#2358,#2359);
#2358 = CARTESIAN_POINT('',(-0.,0.));
#2359 = VECTOR('',#2360,1.);
#2360 = DIRECTION('',(-1.,0.));
#2361 = ( GEOMETRIC_REPRESENTATION_CONTEXT(2) 
PARAMETRIC_REPRESENTATION_CONTEXT() REPRESENTATION_CONTEXT('2D SPACE',''
  ) );
#2362 = PCURVE('',#453,#2363);
#2363 = DEFINITIONAL_REPRESENTATION('',(#2364),#2368);
#2364 = CIRCLE('',#2365,59.);
#2365 = AXIS2_PLACEMENT_2D('',#2366,#2367);
#2366 = CARTESIAN_POINT('',(0.,-5.933299558137E-15));
#2367 = DIRECTION('',(0.,-1.));
#2368 = ( GEOMETRIC_REPRESENTATION_CONTEXT(2) 
PARAMETRIC_REPRESENTATION_CONTEXT() REPRESENTATION_CONTEXT('2D SPACE',''
  ) );
#2369 = ORIENTED_EDGE('',*,*,#464,.F.);
#2370 = ORIENTED_EDGE('',*,*,#2320,.T.);
#2371 = ORIENTED_EDGE('',*,*,#1015,.T.);
#2372 = ADVANCED_FACE('',(#2373),#453,.F.);
#2373 = FACE_BOUND('',#2374,.F.);
#2374 = EDGE_LOOP('',(#2375,#2376,#2377));
#2375 = ORIENTED_EDGE('',*,*,#994,.F.);
#2376 = ORIENTED_EDGE('',*,*,#438,.T.);
#2377 = ORIENTED_EDGE('',*,*,#2348,.T.);
#2378 = ADVANCED_FACE('',(#2379),#406,.T.);
#2379 = FACE_BOUND('',#2380,.T.);
#2380 = EDGE_LOOP('',(#2381,#2404,#2405,#2406));
#2381 = ORIENTED_EDGE('',*,*,#2382,.F.);
#2382 = EDGE_CURVE('',#949,#2383,#2385,.T.);
#2383 = VERTEX_POINT('',#2384);
#2384 = CARTESIAN_POINT('',(568.,9.,219.));
#2385 = SURFACE_CURVE('',#2386,(#2390,#2397),.PCURVE_S1.);
#2386 = LINE('',#2387,#2388);
#2387 = CARTESIAN_POINT('',(568.,-11.,219.));
#2388 = VECTOR('',#2389,1.);
#2389 = DIRECTION('',(0.,1.,0.));
#2390 = PCURVE('',#406,#2391);
#2391 = DEFINITIONAL_REPRESENTATION('',(#2392),#2396);
#2392 = LINE('',#2393,#2394);
#2393 = CARTESIAN_POINT('',(16.,0.));
#2394 = VECTOR('',#2395,1.);
#2395 = DIRECTION('',(0.,-1.));
#2396 = ( GEOMETRIC_REPRESENTATION_CONTEXT(2) 
PARAMETRIC_REPRESENTATION_CONTEXT() REPRESENTATION_CONTEXT('2D SPACE',''
  ) );
#2397 = PCURVE('',#963,#2398);
#2398 = DEFINITIONAL_REPRESENTATION('',(#2399),#2403);
#2399 = LINE('',#2400,#2401);
#2400 = CARTESIAN_POINT('',(336.,0.));
#2401 = VECTOR('',#2402,1.);
#2402 = DIRECTION('',(0.,1.));
#2403 = ( GEOMETRIC_REPRESENTATION_CONTEXT(2) 
PARAMETRIC_REPRESENTATION_CONTEXT() REPRESENTATION_CONTEXT('2D SPACE',''
  ) );
#2404 = ORIENTED_EDGE('',*,*,#974,.F.);
#2405 = ORIENTED_EDGE('',*,*,#391,.T.);
#2406 = ORIENTED_EDGE('',*,*,#2407,.T.);
#2407 = EDGE_CURVE('',#363,#2383,#2408,.T.);
#2408 = SURFACE_CURVE('',#2409,(#2413,#2420),.PCURVE_S1.);
#2409 = LINE('',#2410,#2411);
#2410 = CARTESIAN_POINT('',(568.,9.,203.));
#2411 = VECTOR('',#2412,1.);
#2412 = DIRECTION('',(0.,0.,1.));
#2413 = PCURVE('',#406,#2414);
#2414 = DEFINITIONAL_REPRESENTATION('',(#2415),#2419);
#2415 = LINE('',#2416,#2417);
#2416 = CARTESIAN_POINT('',(0.,-20.));
#2417 = VECTOR('',#2418,1.);
#2418 = DIRECTION('',(1.,0.));
#2419 = ( GEOMETRIC_REPRESENTATION_CONTEXT(2) 
PARAMETRIC_REPRESENTATION_CONTEXT() REPRESENTATION_CONTEXT('2D SPACE',''
  ) );
#2420 = PCURVE('',#379,#2421);
#2421 = DEFINITIONAL_REPRESENTATION('',(#2422),#2426);
#2422 = LINE('',#2423,#2424);
#2423 = CARTESIAN_POINT('',(0.,0.));
#2424 = VECTOR('',#2425,1.);
#2425 = DIRECTION('',(0.,1.));
#2426 = ( GEOMETRIC_REPRESENTATION_CONTEXT(2) 
PARAMETRIC_REPRESENTATION_CONTEXT() REPRESENTATION_CONTEXT('2D SPACE',''
  ) );
#2427 = ADVANCED_FACE('',(#2428),#379,.T.);
#2428 = FACE_BOUND('',#2429,.T.);
#2429 = EDGE_LOOP('',(#2430,#2431,#2432,#2455));
#2430 = ORIENTED_EDGE('',*,*,#2407,.F.);
#2431 = ORIENTED_EDGE('',*,*,#362,.T.);
#2432 = ORIENTED_EDGE('',*,*,#2433,.T.);
#2433 = EDGE_CURVE('',#337,#2434,#2436,.T.);
#2434 = VERTEX_POINT('',#2435);
#2435 = CARTESIAN_POINT('',(566.,11.,219.));
#2436 = SURFACE_CURVE('',#2437,(#2441,#2448),.PCURVE_S1.);
#2437 = LINE('',#2438,#2439);
#2438 = CARTESIAN_POINT('',(566.,11.,203.));
#2439 = VECTOR('',#2440,1.);
#2440 = DIRECTION('',(0.,0.,1.));
#2441 = PCURVE('',#379,#2442);
#2442 = DEFINITIONAL_REPRESENTATION('',(#2443),#2447);
#2443 = LINE('',#2444,#2445);
#2444 = CARTESIAN_POINT('',(1.570796326795,0.));
#2445 = VECTOR('',#2446,1.);
#2446 = DIRECTION('',(0.,1.));
#2447 = ( GEOMETRIC_REPRESENTATION_CONTEXT(2) 
PARAMETRIC_REPRESENTATION_CONTEXT() REPRESENTATION_CONTEXT('2D SPACE',''
  ) );
#2448 = PCURVE('',#351,#2449);
#2449 = DEFINITIONAL_REPRESENTATION('',(#2450),#2454);
#2450 = LINE('',#2451,#2452);
#2451 = CARTESIAN_POINT('',(0.,334.));
#2452 = VECTOR('',#2453,1.);
#2453 = DIRECTION('',(1.,0.));
#2454 = ( GEOMETRIC_REPRESENTATION_CONTEXT(2) 
PARAMETRIC_REPRESENTATION_CONTEXT() REPRESENTATION_CONTEXT('2D SPACE',''
  ) );
#2455 = ORIENTED_EDGE('',*,*,#2456,.F.);
#2456 = EDGE_CURVE('',#2383,#2434,#2457,.T.);
#2457 = SURFACE_CURVE('',#2458,(#2463,#2470),.PCURVE_S1.);
#2458 = CIRCLE('',#2459,2.);
#2459 = AXIS2_PLACEMENT_3D('',#2460,#2461,#2462);
#2460 = CARTESIAN_POINT('',(566.,9.,219.));
#2461 = DIRECTION('',(0.,0.,1.));
#2462 = DIRECTION('',(0.,-1.,0.));
#2463 = PCURVE('',#379,#2464);
#2464 = DEFINITIONAL_REPRESENTATION('',(#2465),#2469);
#2465 = LINE('',#2466,#2467);
#2466 = CARTESIAN_POINT('',(-1.570796326795,16.));
#2467 = VECTOR('',#2468,1.);
#2468 = DIRECTION('',(1.,0.));
#2469 = ( GEOMETRIC_REPRESENTATION_CONTEXT(2) 
PARAMETRIC_REPRESENTATION_CONTEXT() REPRESENTATION_CONTEXT('2D SPACE',''
  ) );
#2470 = PCURVE('',#963,#2471);
#2471 = DEFINITIONAL_REPRESENTATION('',(#2472),#2476);
#2472 = CIRCLE('',#2473,2.);
#2473 = AXIS2_PLACEMENT_2D('',#2474,#2475);
#2474 = CARTESIAN_POINT('',(334.,20.));
#2475 = DIRECTION('',(0.,-1.));
#2476 = ( GEOMETRIC_REPRESENTATION_CONTEXT(2) 
PARAMETRIC_REPRESENTATION_CONTEXT() REPRESENTATION_CONTEXT('2D SPACE',''
  ) );
#2477 = ADVANCED_FACE('',(#2478),#351,.T.);
#2478 = FACE_BOUND('',#2479,.T.);
#2479 = EDGE_LOOP('',(#2480,#2481,#2504,#2525));
#2480 = ORIENTED_EDGE('',*,*,#336,.T.);
#2481 = ORIENTED_EDGE('',*,*,#2482,.T.);
#2482 = EDGE_CURVE('',#308,#2483,#2485,.T.);
#2483 = VERTEX_POINT('',#2484);
#2484 = CARTESIAN_POINT('',(234.,11.,219.));
#2485 = SURFACE_CURVE('',#2486,(#2490,#2497),.PCURVE_S1.);
#2486 = LINE('',#2487,#2488);
#2487 = CARTESIAN_POINT('',(234.,11.,203.));
#2488 = VECTOR('',#2489,1.);
#2489 = DIRECTION('',(0.,0.,1.));
#2490 = PCURVE('',#351,#2491);
#2491 = DEFINITIONAL_REPRESENTATION('',(#2492),#2496);
#2492 = LINE('',#2493,#2494);
#2493 = CARTESIAN_POINT('',(0.,2.));
#2494 = VECTOR('',#2495,1.);
#2495 = DIRECTION('',(1.,0.));
#2496 = ( GEOMETRIC_REPRESENTATION_CONTEXT(2) 
PARAMETRIC_REPRESENTATION_CONTEXT() REPRESENTATION_CONTEXT('2D SPACE',''
  ) );
#2497 = PCURVE('',#324,#2498);
#2498 = DEFINITIONAL_REPRESENTATION('',(#2499),#2503);
#2499 = LINE('',#2500,#2501);
#2500 = CARTESIAN_POINT('',(-1.570796326795,0.));
#2501 = VECTOR('',#2502,1.);
#2502 = DIRECTION('',(-0.,1.));
#2503 = ( GEOMETRIC_REPRESENTATION_CONTEXT(2) 
PARAMETRIC_REPRESENTATION_CONTEXT() REPRESENTATION_CONTEXT('2D SPACE',''
  ) );
#2504 = ORIENTED_EDGE('',*,*,#2505,.T.);
#2505 = EDGE_CURVE('',#2483,#2434,#2506,.T.);
#2506 = SURFACE_CURVE('',#2507,(#2511,#2518),.PCURVE_S1.);
#2507 = LINE('',#2508,#2509);
#2508 = CARTESIAN_POINT('',(232.,11.,219.));
#2509 = VECTOR('',#2510,1.);
#2510 = DIRECTION('',(1.,0.,0.));
#2511 = PCURVE('',#351,#2512);
#2512 = DEFINITIONAL_REPRESENTATION('',(#2513),#2517);
#2513 = LINE('',#2514,#2515);
#2514 = CARTESIAN_POINT('',(16.,0.));
#2515 = VECTOR('',#2516,1.);
#2516 = DIRECTION('',(0.,1.));
#2517 = ( GEOMETRIC_REPRESENTATION_CONTEXT(2) 
PARAMETRIC_REPRESENTATION_CONTEXT() REPRESENTATION_CONTEXT('2D SPACE',''
  ) );
#2518 = PCURVE('',#963,#2519);
#2519 = DEFINITIONAL_REPRESENTATION('',(#2520),#2524);
#2520 = LINE('',#2521,#2522);
#2521 = CARTESIAN_POINT('',(0.,22.));
#2522 = VECTOR('',#2523,1.);
#2523 = DIRECTION('',(1.,0.));
#2524 = ( GEOMETRIC_REPRESENTATION_CONTEXT(2) 
PARAMETRIC_REPRESENTATION_CONTEXT() REPRESENTATION_CONTEXT('2D SPACE',''
  ) );
#2525 = ORIENTED_EDGE('',*,*,#2433,.F.);
#2526 = ADVANCED_FACE('',(#2527),#324,.T.);
#2527 = FACE_BOUND('',#2528,.F.);
#2528 = EDGE_LOOP('',(#2529,#2552,#2553,#2554));
#2529 = ORIENTED_EDGE('',*,*,#2530,.F.);
#2530 = EDGE_CURVE('',#282,#2531,#2533,.T.);
#2531 = VERTEX_POINT('',#2532);
#2532 = CARTESIAN_POINT('',(232.,9.,219.));
#2533 = SURFACE_CURVE('',#2534,(#2538,#2545),.PCURVE_S1.);
#2534 = LINE('',#2535,#2536);
#2535 = CARTESIAN_POINT('',(232.,9.,203.));
#2536 = VECTOR('',#2537,1.);
#2537 = DIRECTION('',(0.,0.,1.));
#2538 = PCURVE('',#324,#2539);
#2539 = DEFINITIONAL_REPRESENTATION('',(#2540),#2544);
#2540 = LINE('',#2541,#2542);
#2541 = CARTESIAN_POINT('',(-0.,0.));
#2542 = VECTOR('',#2543,1.);
#2543 = DIRECTION('',(-0.,1.));
#2544 = ( GEOMETRIC_REPRESENTATION_CONTEXT(2) 
PARAMETRIC_REPRESENTATION_CONTEXT() REPRESENTATION_CONTEXT('2D SPACE',''
  ) );
#2545 = PCURVE('',#296,#2546);
#2546 = DEFINITIONAL_REPRESENTATION('',(#2547),#2551);
#2547 = LINE('',#2548,#2549);
#2548 = CARTESIAN_POINT('',(0.,-20.));
#2549 = VECTOR('',#2550,1.);
#2550 = DIRECTION('',(1.,0.));
#2551 = ( GEOMETRIC_REPRESENTATION_CONTEXT(2) 
PARAMETRIC_REPRESENTATION_CONTEXT() REPRESENTATION_CONTEXT('2D SPACE',''
  ) );
#2552 = ORIENTED_EDGE('',*,*,#307,.F.);
#2553 = ORIENTED_EDGE('',*,*,#2482,.T.);
#2554 = ORIENTED_EDGE('',*,*,#2555,.F.);
#2555 = EDGE_CURVE('',#2531,#2483,#2556,.T.);
#2556 = SURFACE_CURVE('',#2557,(#2562,#2569),.PCURVE_S1.);
#2557 = CIRCLE('',#2558,2.);
#2558 = AXIS2_PLACEMENT_3D('',#2559,#2560,#2561);
#2559 = CARTESIAN_POINT('',(234.,9.,219.));
#2560 = DIRECTION('',(-0.,-0.,-1.));
#2561 = DIRECTION('',(0.,-1.,0.));
#2562 = PCURVE('',#324,#2563);
#2563 = DEFINITIONAL_REPRESENTATION('',(#2564),#2568);
#2564 = LINE('',#2565,#2566);
#2565 = CARTESIAN_POINT('',(1.570796326795,16.));
#2566 = VECTOR('',#2567,1.);
#2567 = DIRECTION('',(-1.,0.));
#2568 = ( GEOMETRIC_REPRESENTATION_CONTEXT(2) 
PARAMETRIC_REPRESENTATION_CONTEXT() REPRESENTATION_CONTEXT('2D SPACE',''
  ) );
#2569 = PCURVE('',#963,#2570);
#2570 = DEFINITIONAL_REPRESENTATION('',(#2571),#2579);
#2571 = ( BOUNDED_CURVE() B_SPLINE_CURVE(2,(#2572,#2573,#2574,#2575,
#2576,#2577,#2578),.UNSPECIFIED.,.T.,.F.) B_SPLINE_CURVE_WITH_KNOTS((1,2
    ,2,2,2,1),(-2.094395102393,0.,2.094395102393,4.188790204786,
6.28318530718,8.377580409573),.UNSPECIFIED.) CURVE() 
GEOMETRIC_REPRESENTATION_ITEM() RATIONAL_B_SPLINE_CURVE((1.,0.5,1.,0.5,
1.,0.5,1.)) REPRESENTATION_ITEM('') );
#2572 = CARTESIAN_POINT('',(2.,18.));
#2573 = CARTESIAN_POINT('',(-1.464101615138,18.));
#2574 = CARTESIAN_POINT('',(0.267949192431,21.));
#2575 = CARTESIAN_POINT('',(2.,24.));
#2576 = CARTESIAN_POINT('',(3.732050807569,21.));
#2577 = CARTESIAN_POINT('',(5.464101615138,18.));
#2578 = CARTESIAN_POINT('',(2.,18.));
#2579 = ( GEOMETRIC_REPRESENTATION_CONTEXT(2) 
PARAMETRIC_REPRESENTATION_CONTEXT() REPRESENTATION_CONTEXT('2D SPACE',''
  ) );
#2580 = ADVANCED_FACE('',(#2581),#296,.F.);
#2581 = FACE_BOUND('',#2582,.F.);
#2582 = EDGE_LOOP('',(#2583,#2604,#2605,#2606));
#2583 = ORIENTED_EDGE('',*,*,#2584,.F.);
#2584 = EDGE_CURVE('',#928,#2531,#2585,.T.);
#2585 = SURFACE_CURVE('',#2586,(#2590,#2597),.PCURVE_S1.);
#2586 = LINE('',#2587,#2588);
#2587 = CARTESIAN_POINT('',(232.,-11.,219.));
#2588 = VECTOR('',#2589,1.);
#2589 = DIRECTION('',(0.,1.,0.));
#2590 = PCURVE('',#296,#2591);
#2591 = DEFINITIONAL_REPRESENTATION('',(#2592),#2596);
#2592 = LINE('',#2593,#2594);
#2593 = CARTESIAN_POINT('',(16.,0.));
#2594 = VECTOR('',#2595,1.);
#2595 = DIRECTION('',(0.,-1.));
#2596 = ( GEOMETRIC_REPRESENTATION_CONTEXT(2) 
PARAMETRIC_REPRESENTATION_CONTEXT() REPRESENTATION_CONTEXT('2D SPACE',''
  ) );
#2597 = PCURVE('',#963,#2598);
#2598 = DEFINITIONAL_REPRESENTATION('',(#2599),#2603);
#2599 = LINE('',#2600,#2601);
#2600 = CARTESIAN_POINT('',(0.,0.));
#2601 = VECTOR('',#2602,1.);
#2602 = DIRECTION('',(0.,1.));
#2603 = ( GEOMETRIC_REPRESENTATION_CONTEXT(2) 
PARAMETRIC_REPRESENTATION_CONTEXT() REPRESENTATION_CONTEXT('2D SPACE',''
  ) );
#2604 = ORIENTED_EDGE('',*,*,#927,.F.);
#2605 = ORIENTED_EDGE('',*,*,#281,.T.);
#2606 = ORIENTED_EDGE('',*,*,#2530,.T.);
#2607 = ADVANCED_FACE('',(#2608),#741,.T.);
#2608 = FACE_BOUND('',#2609,.F.);
#2609 = EDGE_LOOP('',(#2610,#2631,#2664,#2685,#2808,#2809,#2835,#2836));
#2610 = ORIENTED_EDGE('',*,*,#2611,.T.);
#2611 = EDGE_CURVE('',#632,#2612,#2614,.T.);
#2612 = VERTEX_POINT('',#2613);
#2613 = CARTESIAN_POINT('',(190.,51.8,186.21428254672));
#2614 = SURFACE_CURVE('',#2615,(#2619,#2625),.PCURVE_S1.);
#2615 = LINE('',#2616,#2617);
#2616 = CARTESIAN_POINT('',(190.,51.8,186.21428254672));
#2617 = VECTOR('',#2618,1.);
#2618 = DIRECTION('',(-1.,-0.,-0.));
#2619 = PCURVE('',#741,#2620);
#2620 = DEFINITIONAL_REPRESENTATION('',(#2621),#2624);
#2621 = B_SPLINE_CURVE_WITH_KNOTS('',1,(#2622,#2623),.UNSPECIFIED.,.F.,
  .F.,(2,2),(-36.0000006,5.999999928008E-07),.PIECEWISE_BEZIER_KNOTS.);
#2622 = CARTESIAN_POINT('',(-6.839550389061,-36.0000006));
#2623 = CARTESIAN_POINT('',(-6.839550389061,5.999999928008E-07));
#2624 = ( GEOMETRIC_REPRESENTATION_CONTEXT(2) 
PARAMETRIC_REPRESENTATION_CONTEXT() REPRESENTATION_CONTEXT('2D SPACE',''
  ) );
#2625 = PCURVE('',#646,#2626);
#2626 = DEFINITIONAL_REPRESENTATION('',(#2627),#2630);
#2627 = B_SPLINE_CURVE_WITH_KNOTS('',1,(#2628,#2629),.UNSPECIFIED.,.F.,
  .F.,(2,2),(-36.0000006,5.999999928008E-07),.PIECEWISE_BEZIER_KNOTS.);
#2628 = CARTESIAN_POINT('',(84.014282546721,37.0000006));
#2629 = CARTESIAN_POINT('',(84.014282546721,0.9999994));
#2630 = ( GEOMETRIC_REPRESENTATION_CONTEXT(2) 
PARAMETRIC_REPRESENTATION_CONTEXT() REPRESENTATION_CONTEXT('2D SPACE',''
  ) );
#2631 = ORIENTED_EDGE('',*,*,#2632,.T.);
#2632 = EDGE_CURVE('',#2612,#2633,#2635,.T.);
#2633 = VERTEX_POINT('',#2634);
#2634 = CARTESIAN_POINT('',(190.,51.8,121.78571745327));
#2635 = SURFACE_CURVE('',#2636,(#2641,#2648),.PCURVE_S1.);
#2636 = CIRCLE('',#2637,61.);
#2637 = AXIS2_PLACEMENT_3D('',#2638,#2639,#2640);
#2638 = CARTESIAN_POINT('',(190.,0.,154.));
#2639 = DIRECTION('',(-1.,0.,0.));
#2640 = DIRECTION('',(0.,0.83606557377,0.548629525596));
#2641 = PCURVE('',#741,#2642);
#2642 = DEFINITIONAL_REPRESENTATION('',(#2643),#2647);
#2643 = LINE('',#2644,#2645);
#2644 = CARTESIAN_POINT('',(-6.863909466891,0.));
#2645 = VECTOR('',#2646,1.);
#2646 = DIRECTION('',(1.,-0.));
#2647 = ( GEOMETRIC_REPRESENTATION_CONTEXT(2) 
PARAMETRIC_REPRESENTATION_CONTEXT() REPRESENTATION_CONTEXT('2D SPACE',''
  ) );
#2648 = PCURVE('',#2649,#2654);
#2649 = PLANE('',#2650);
#2650 = AXIS2_PLACEMENT_3D('',#2651,#2652,#2653);
#2651 = CARTESIAN_POINT('',(190.,-55.,99.));
#2652 = DIRECTION('',(1.,0.,0.));
#2653 = DIRECTION('',(0.,0.,1.));
#2654 = DEFINITIONAL_REPRESENTATION('',(#2655),#2663);
#2655 = ( BOUNDED_CURVE() B_SPLINE_CURVE(2,(#2656,#2657,#2658,#2659,
#2660,#2661,#2662),.UNSPECIFIED.,.T.,.F.) B_SPLINE_CURVE_WITH_KNOTS((1,2
    ,2,2,2,1),(-2.094395102393,0.,2.094395102393,4.188790204786,
6.28318530718,8.377580409573),.UNSPECIFIED.) CURVE() 
GEOMETRIC_REPRESENTATION_ITEM() RATIONAL_B_SPLINE_CURVE((1.,0.5,1.,0.5,
1.,0.5,1.)) REPRESENTATION_ITEM('') );
#2656 = CARTESIAN_POINT('',(88.466401061364,-105.9999999999));
#2657 = CARTESIAN_POINT('',(0.131809875353,-163.9655069847));
#2658 = CARTESIAN_POINT('',(-5.900496123688,-58.48275349238));
#2659 = CARTESIAN_POINT('',(-11.93280212272,46.999999999998));
#2660 = CARTESIAN_POINT('',(82.434095062324,-0.51724650762));
#2661 = CARTESIAN_POINT('',(176.80099224737,-48.03449301523));
#2662 = CARTESIAN_POINT('',(88.466401061364,-105.9999999999));
#2663 = ( GEOMETRIC_REPRESENTATION_CONTEXT(2) 
PARAMETRIC_REPRESENTATION_CONTEXT() REPRESENTATION_CONTEXT('2D SPACE',''
  ) );
#2664 = ORIENTED_EDGE('',*,*,#2665,.F.);
#2665 = EDGE_CURVE('',#2666,#2633,#2668,.T.);
#2666 = VERTEX_POINT('',#2667);
#2667 = CARTESIAN_POINT('',(190.08081641292,51.8,121.78571744156));
#2668 = SURFACE_CURVE('',#2669,(#2673,#2679),.PCURVE_S1.);
#2669 = LINE('',#2670,#2671);
#2670 = CARTESIAN_POINT('',(190.,51.8,121.78571745327));
#2671 = VECTOR('',#2672,1.);
#2672 = DIRECTION('',(-1.,-0.,-0.));
#2673 = PCURVE('',#741,#2674);
#2674 = DEFINITIONAL_REPRESENTATION('',(#2675),#2678);
#2675 = B_SPLINE_CURVE_WITH_KNOTS('',1,(#2676,#2677),.UNSPECIFIED.,.F.,
  .F.,(2,2),(-36.0000006,5.999999928008E-07),.PIECEWISE_BEZIER_KNOTS.);
#2676 = CARTESIAN_POINT('',(-5.726820225298,-36.0000006));
#2677 = CARTESIAN_POINT('',(-5.726820225298,5.999999928008E-07));
#2678 = ( GEOMETRIC_REPRESENTATION_CONTEXT(2) 
PARAMETRIC_REPRESENTATION_CONTEXT() REPRESENTATION_CONTEXT('2D SPACE',''
  ) );
#2679 = PCURVE('',#646,#2680);
#2680 = DEFINITIONAL_REPRESENTATION('',(#2681),#2684);
#2681 = B_SPLINE_CURVE_WITH_KNOTS('',1,(#2682,#2683),.UNSPECIFIED.,.F.,
  .F.,(2,2),(-36.0000006,5.999999928008E-07),.PIECEWISE_BEZIER_KNOTS.);
#2682 = CARTESIAN_POINT('',(19.585717453279,37.0000006));
#2683 = CARTESIAN_POINT('',(19.585717453279,0.9999994));
#2684 = ( GEOMETRIC_REPRESENTATION_CONTEXT(2) 
PARAMETRIC_REPRESENTATION_CONTEXT() REPRESENTATION_CONTEXT('2D SPACE',''
  ) );
#2685 = ORIENTED_EDGE('',*,*,#2686,.T.);
#2686 = EDGE_CURVE('',#2666,#1095,#2687,.T.);
#2687 = SURFACE_CURVE('',#2688,(#2726,#2767),.PCURVE_S1.);
#2688 = B_SPLINE_CURVE_WITH_KNOTS('',8,(#2689,#2690,#2691,#2692,#2693,
    #2694,#2695,#2696,#2697,#2698,#2699,#2700,#2701,#2702,#2703,#2704,
    #2705,#2706,#2707,#2708,#2709,#2710,#2711,#2712,#2713,#2714,#2715,
    #2716,#2717,#2718,#2719,#2720,#2721,#2722,#2723,#2724,#2725),
  .UNSPECIFIED.,.F.,.F.,(9,7,7,7,7,9),(0.,0.230425556808,0.695495206526,
    0.792636265815,0.890088477255,1.),.UNSPECIFIED.);
#2689 = CARTESIAN_POINT('',(190.,51.,120.53359893863));
#2690 = CARTESIAN_POINT('',(190.,51.160804180667,120.77865107911));
#2691 = CARTESIAN_POINT('',(190.00738797787,51.320033325493,
    121.02423718724));
#2692 = CARTESIAN_POINT('',(190.02191073752,51.477553180789,
    121.27013654183));
#2693 = CARTESIAN_POINT('',(190.04336021276,51.633254069509,
    121.51615453012));
#2694 = CARTESIAN_POINT('',(190.0715722252,51.787042558703,
    121.7621100169));
#2695 = CARTESIAN_POINT('',(190.10642524216,51.938833126965,
    122.0078227136));
#2696 = CARTESIAN_POINT('',(190.14783913456,52.088539831885,
    122.25310054742));
#2697 = CARTESIAN_POINT('',(190.2925211059,52.533825153202,
    122.99145851721));
#2698 = CARTESIAN_POINT('',(190.41470807606,52.819250546117,
    123.47680231621));
#2699 = CARTESIAN_POINT('',(190.56178804477,53.094576032985,
    123.95646407093));
#2700 = CARTESIAN_POINT('',(190.73515039957,53.361220177752,
    124.43226179305));
#2701 = CARTESIAN_POINT('',(190.93747896022,53.619126571158,
    124.90371037675));
#2702 = CARTESIAN_POINT('',(191.17213578879,53.866224246115,
    125.36661047755));
#2703 = CARTESIAN_POINT('',(191.44256454045,54.098256830067,
    125.81150219001));
#2704 = CARTESIAN_POINT('',(191.81622991621,54.352199557203,
    126.30798513177));
#2705 = CARTESIAN_POINT('',(191.88264965339,54.395233434377,
    126.39250249938));
#2706 = CARTESIAN_POINT('',(191.95102256452,54.437389225244,
    126.47566424734));
#2707 = CARTESIAN_POINT('',(192.02144250071,54.478614628037,
    126.55734537327));
#2708 = CARTESIAN_POINT('',(192.09400024617,54.518840141096,
    126.6373843748));
#2709 = CARTESIAN_POINT('',(192.16878346454,54.557979461362,
    126.7155831121));
#2710 = CARTESIAN_POINT('',(192.24587664525,54.595929882882,
    126.79170667059));
#2711 = CARTESIAN_POINT('',(192.40510005063,54.66933287817,
    126.93949608984));
#2712 = CARTESIAN_POINT('',(192.48731531447,54.70480921034,
    127.01121152283));
#2713 = CARTESIAN_POINT('',(192.57207066339,54.738865258969,
    127.08032332255));
#2714 = CARTESIAN_POINT('',(192.65942307205,54.771349976814,
    127.14648988361));
#2715 = CARTESIAN_POINT('',(192.74942260732,54.802097395129,
    127.20933426742));
#2716 = CARTESIAN_POINT('',(192.8421123679,54.830926316571,
    127.2684442745));
#2717 = CARTESIAN_POINT('',(192.93752842395,54.857640008099,
    127.32337251674));
#2718 = CARTESIAN_POINT('',(193.14642234068,54.909529526675,
    127.43032673529));
#2719 = CARTESIAN_POINT('',(193.26112014134,54.934188836638,
    127.48132461752));
#2720 = CARTESIAN_POINT('',(193.37919616332,54.95548221762,
    127.52549515562));
#2721 = CARTESIAN_POINT('',(193.50006490731,54.972990206154,
    127.56190244425));
#2722 = CARTESIAN_POINT('',(193.62314940255,54.986388219661,
    127.58981055786));
#2723 = CARTESIAN_POINT('',(193.7478784787,54.995441176809,
    127.60868405512));
#2724 = CARTESIAN_POINT('',(193.87368427689,55.,127.61818808345));
#2725 = CARTESIAN_POINT('',(194.,55.,127.61818808345));
#2726 = PCURVE('',#741,#2727);
#2727 = DEFINITIONAL_REPRESENTATION('',(#2728),#2766);
#2728 = B_SPLINE_CURVE_WITH_KNOTS('',8,(#2729,#2730,#2731,#2732,#2733,
    #2734,#2735,#2736,#2737,#2738,#2739,#2740,#2741,#2742,#2743,#2744,
    #2745,#2746,#2747,#2748,#2749,#2750,#2751,#2752,#2753,#2754,#2755,
    #2756,#2757,#2758,#2759,#2760,#2761,#2762,#2763,#2764,#2765),
  .UNSPECIFIED.,.F.,.F.,(9,7,7,7,7,9),(0.,0.230425556808,0.695495206526,
    0.792636265815,0.890088477255,1.),.UNSPECIFIED.);
#2729 = CARTESIAN_POINT('',(-5.702461147468,0.));
#2730 = CARTESIAN_POINT('',(-5.707266091399,0.));
#2731 = CARTESIAN_POINT('',(-5.712064188117,-7.387977874376E-03));
#2732 = CARTESIAN_POINT('',(-5.716851374081,-2.19107375266E-02));
#2733 = CARTESIAN_POINT('',(-5.721624162314,-4.336021276567E-02));
#2734 = CARTESIAN_POINT('',(-5.726379392014,-7.157222520535E-02));
#2735 = CARTESIAN_POINT('',(-5.731113978172,-0.106425242163));
#2736 = CARTESIAN_POINT('',(-5.735824661183,-0.14783913456));
#2737 = CARTESIAN_POINT('',(-5.749959683178,-0.2925211059));
#2738 = CARTESIAN_POINT('',(-5.759189460789,-0.414708076063));
#2739 = CARTESIAN_POINT('',(-5.768255249073,-0.561788044771));
#2740 = CARTESIAN_POINT('',(-5.777195628759,-0.735150399581));
#2741 = CARTESIAN_POINT('',(-5.786004242186,-0.937478960218));
#2742 = CARTESIAN_POINT('',(-5.794605585735,-1.172135788792));
#2743 = CARTESIAN_POINT('',(-5.802830976405,-1.442564540458));
#2744 = CARTESIAN_POINT('',(-5.811972907527,-1.816229916217));
#2745 = CARTESIAN_POINT('',(-5.813527700024,-1.882649653397));
#2746 = CARTESIAN_POINT('',(-5.81505615807,-1.951022564522));
#2747 = CARTESIAN_POINT('',(-5.816556072059,-2.021442500713));
#2748 = CARTESIAN_POINT('',(-5.818024570366,-2.094000246175));
#2749 = CARTESIAN_POINT('',(-5.819458120151,-2.168783464546));
#2750 = CARTESIAN_POINT('',(-5.820852528146,-2.245876645251));
#2751 = CARTESIAN_POINT('',(-5.823557680255,-2.405100050639));
#2752 = CARTESIAN_POINT('',(-5.824869325408,-2.487315314473));
#2753 = CARTESIAN_POINT('',(-5.826132390194,-2.572070663396));
#2754 = CARTESIAN_POINT('',(-5.827340760323,-2.659423072057));
#2755 = CARTESIAN_POINT('',(-5.82848769272,-2.749422607326));
#2756 = CARTESIAN_POINT('',(-5.829565814329,-2.842112367908));
#2757 = CARTESIAN_POINT('',(-5.830567120905,-2.937528423952));
#2758 = CARTESIAN_POINT('',(-5.83251592321,-3.146422340684));
#2759 = CARTESIAN_POINT('',(-5.833444559253,-3.261120141341));
#2760 = CARTESIAN_POINT('',(-5.83424841319,-3.379196163327));
#2761 = CARTESIAN_POINT('',(-5.834910679536,-3.500064907316));
#2762 = CARTESIAN_POINT('',(-5.835418180203,-3.623149402557));
#2763 = CARTESIAN_POINT('',(-5.835761334205,-3.747878478708));
#2764 = CARTESIAN_POINT('',(-5.835934134921,-3.873684276892));
#2765 = CARTESIAN_POINT('',(-5.835934134921,-4.));
#2766 = ( GEOMETRIC_REPRESENTATION_CONTEXT(2) 
PARAMETRIC_REPRESENTATION_CONTEXT() REPRESENTATION_CONTEXT('2D SPACE',''
  ) );
#2767 = PCURVE('',#1110,#2768);
#2768 = DEFINITIONAL_REPRESENTATION('',(#2769),#2807);
#2769 = B_SPLINE_CURVE_WITH_KNOTS('',8,(#2770,#2771,#2772,#2773,#2774,
    #2775,#2776,#2777,#2778,#2779,#2780,#2781,#2782,#2783,#2784,#2785,
    #2786,#2787,#2788,#2789,#2790,#2791,#2792,#2793,#2794,#2795,#2796,
    #2797,#2798,#2799,#2800,#2801,#2802,#2803,#2804,#2805,#2806),
  .UNSPECIFIED.,.F.,.F.,(9,7,7,7,7,9),(0.,0.230425556808,0.695495206526,
    0.792636265815,0.890088477255,1.),.UNSPECIFIED.);
#2770 = CARTESIAN_POINT('',(0.,21.533598938637));
#2771 = CARTESIAN_POINT('',(-4.020104516667E-02,21.77865107911));
#2772 = CARTESIAN_POINT('',(-8.000838239048E-02,22.02423718724));
#2773 = CARTESIAN_POINT('',(-0.119487274478,22.270136541831));
#2774 = CARTESIAN_POINT('',(-0.15870133238,22.516154530123));
#2775 = CARTESIAN_POINT('',(-0.197713151605,22.762110016902));
#2776 = CARTESIAN_POINT('',(-0.236584948632,23.007822713603));
#2777 = CARTESIAN_POINT('',(-0.275379197327,23.253100547422));
#2778 = CARTESIAN_POINT('',(-0.392429370921,23.991458517216));
#2779 = CARTESIAN_POINT('',(-0.469732821792,24.476802316212));
#2780 = CARTESIAN_POINT('',(-0.547288158704,24.956464070935));
#2781 = CARTESIAN_POINT('',(-0.626196982436,25.432261793056));
#2782 = CARTESIAN_POINT('',(-0.707455274467,25.903710376756));
#2783 = CARTESIAN_POINT('',(-0.791940004375,26.366610477551));
#2784 = CARTESIAN_POINT('',(-0.8804620916,26.81150219001));
#2785 = CARTESIAN_POINT('',(-0.993409181455,27.307985131771));
#2786 = CARTESIAN_POINT('',(-1.013189947755,27.392502499386));
#2787 = CARTESIAN_POINT('',(-1.033262526464,27.47566424734));
#2788 = CARTESIAN_POINT('',(-1.053651577222,27.557345373279));
#2789 = CARTESIAN_POINT('',(-1.074380382739,27.637384374804));
#2790 = CARTESIAN_POINT('',(-1.095471317171,27.715583112106));
#2791 = CARTESIAN_POINT('',(-1.116946314503,27.791706670595));
#2792 = CARTESIAN_POINT('',(-1.160778446368,27.939496089849));
#2793 = CARTESIAN_POINT('',(-1.183157359777,28.011211522837));
#2794 = CARTESIAN_POINT('',(-1.205980472926,28.080323322556));
#2795 = CARTESIAN_POINT('',(-1.229263623709,28.146489883611));
#2796 = CARTESIAN_POINT('',(-1.253022611087,28.209334267423));
#2797 = CARTESIAN_POINT('',(-1.277273714025,28.268444274507));
#2798 = CARTESIAN_POINT('',(-1.30203421044,28.323372516747));
#2799 = CARTESIAN_POINT('',(-1.355844752266,28.430326735299));
#2800 = CARTESIAN_POINT('',(-1.385159678714,28.481324617526));
#2801 = CARTESIAN_POINT('',(-1.415126741823,28.525495155629));
#2802 = CARTESIAN_POINT('',(-1.445622239378,28.561902444259));
#2803 = CARTESIAN_POINT('',(-1.476535691133,28.589810557862));
#2804 = CARTESIAN_POINT('',(-1.507765944585,28.608684055126));
#2805 = CARTESIAN_POINT('',(-1.539217396018,28.618188083454));
#2806 = CARTESIAN_POINT('',(-1.570796326795,28.618188083454));
#2807 = ( GEOMETRIC_REPRESENTATION_CONTEXT(2) 
PARAMETRIC_REPRESENTATION_CONTEXT() REPRESENTATION_CONTEXT('2D SPACE',''
  ) );
#2808 = ORIENTED_EDGE('',*,*,#1122,.F.);
#2809 = ORIENTED_EDGE('',*,*,#2810,.F.);
#2810 = EDGE_CURVE('',#1144,#1123,#2811,.T.);
#2811 = SURFACE_CURVE('',#2812,(#2817,#2824),.PCURVE_S1.);
#2812 = CIRCLE('',#2813,61.);
#2813 = AXIS2_PLACEMENT_3D('',#2814,#2815,#2816);
#2814 = CARTESIAN_POINT('',(226.,0.,154.));
#2815 = DIRECTION('',(-1.,0.,0.));
#2816 = DIRECTION('',(0.,0.901639344262,0.432488719943));
#2817 = PCURVE('',#741,#2818);
#2818 = DEFINITIONAL_REPRESENTATION('',(#2819),#2823);
#2819 = LINE('',#2820,#2821);
#2820 = CARTESIAN_POINT('',(-6.730436479438,-36.));
#2821 = VECTOR('',#2822,1.);
#2822 = DIRECTION('',(1.,-0.));
#2823 = ( GEOMETRIC_REPRESENTATION_CONTEXT(2) 
PARAMETRIC_REPRESENTATION_CONTEXT() REPRESENTATION_CONTEXT('2D SPACE',''
  ) );
#2824 = PCURVE('',#1158,#2825);
#2825 = DEFINITIONAL_REPRESENTATION('',(#2826),#2834);
#2826 = ( BOUNDED_CURVE() B_SPLINE_CURVE(2,(#2827,#2828,#2829,#2830,
#2831,#2832,#2833),.UNSPECIFIED.,.T.,.F.) B_SPLINE_CURVE_WITH_KNOTS((1,2
    ,2,2,2,1),(-2.094395102393,0.,2.094395102393,4.188790204786,
6.28318530718,8.377580409573),.UNSPECIFIED.) CURVE() 
GEOMETRIC_REPRESENTATION_ITEM() RATIONAL_B_SPLINE_CURVE((1.,0.5,1.,0.5,
1.,0.5,1.)) REPRESENTATION_ITEM('') );
#2827 = CARTESIAN_POINT('',(26.381811916546,-55.));
#2828 = CARTESIAN_POINT('',(-68.88098249974,-100.6946386351));
#2829 = CARTESIAN_POINT('',(-60.82230316641,4.652680682408));
#2830 = CARTESIAN_POINT('',(-52.76362383309,110.));
#2831 = CARTESIAN_POINT('',(34.440491249871,50.347319317592));
#2832 = CARTESIAN_POINT('',(121.64460633283,-9.305361364816));
#2833 = CARTESIAN_POINT('',(26.381811916546,-55.));
#2834 = ( GEOMETRIC_REPRESENTATION_CONTEXT(2) 
PARAMETRIC_REPRESENTATION_CONTEXT() REPRESENTATION_CONTEXT('2D SPACE',''
  ) );
#2835 = ORIENTED_EDGE('',*,*,#1169,.T.);
#2836 = ORIENTED_EDGE('',*,*,#657,.F.);
#2837 = ADVANCED_FACE('',(#2838,#3000,#3086,#3172,#3258,#3344,#3430,
    #3516,#3602),#646,.F.);
#2838 = FACE_BOUND('',#2839,.F.);
#2839 = EDGE_LOOP('',(#2840,#2870,#2889,#2890,#2909,#2910,#2911,#2912,
    #2913,#2934,#2960,#2981));
#2840 = ORIENTED_EDGE('',*,*,#2841,.F.);
#2841 = EDGE_CURVE('',#2842,#2844,#2846,.T.);
#2842 = VERTEX_POINT('',#2843);
#2843 = CARTESIAN_POINT('',(190.08081641154,51.8,102.2));
#2844 = VERTEX_POINT('',#2845);
#2845 = CARTESIAN_POINT('',(609.91918358845,51.8,102.2));
#2846 = SURFACE_CURVE('',#2847,(#2851,#2858),.PCURVE_S1.);
#2847 = LINE('',#2848,#2849);
#2848 = CARTESIAN_POINT('',(189.,51.8,102.2));
#2849 = VECTOR('',#2850,1.);
#2850 = DIRECTION('',(1.,0.,0.));
#2851 = PCURVE('',#646,#2852);
#2852 = DEFINITIONAL_REPRESENTATION('',(#2853),#2857);
#2853 = LINE('',#2854,#2855);
#2854 = CARTESIAN_POINT('',(0.,0.));
#2855 = VECTOR('',#2856,1.);
#2856 = DIRECTION('',(0.,1.));
#2857 = ( GEOMETRIC_REPRESENTATION_CONTEXT(2) 
PARAMETRIC_REPRESENTATION_CONTEXT() REPRESENTATION_CONTEXT('2D SPACE',''
  ) );
#2858 = PCURVE('',#2859,#2864);
#2859 = PLANE('',#2860);
#2860 = AXIS2_PLACEMENT_3D('',#2861,#2862,#2863);
#2861 = CARTESIAN_POINT('',(189.,-51.8,102.2));
#2862 = DIRECTION('',(0.,0.,1.));
#2863 = DIRECTION('',(1.,0.,0.));
#2864 = DEFINITIONAL_REPRESENTATION('',(#2865),#2869);
#2865 = LINE('',#2866,#2867);
#2866 = CARTESIAN_POINT('',(0.,103.6));
#2867 = VECTOR('',#2868,1.);
#2868 = DIRECTION('',(1.,0.));
#2869 = ( GEOMETRIC_REPRESENTATION_CONTEXT(2) 
PARAMETRIC_REPRESENTATION_CONTEXT() REPRESENTATION_CONTEXT('2D SPACE',''
  ) );
#2870 = ORIENTED_EDGE('',*,*,#2871,.T.);
#2871 = EDGE_CURVE('',#2842,#2666,#2872,.T.);
#2872 = SURFACE_CURVE('',#2873,(#2877,#2883),.PCURVE_S1.);
#2873 = LINE('',#2874,#2875);
#2874 = CARTESIAN_POINT('',(190.08081641154,51.8,99.));
#2875 = VECTOR('',#2876,1.);
#2876 = DIRECTION('',(0.,0.,1.));
#2877 = PCURVE('',#646,#2878);
#2878 = DEFINITIONAL_REPRESENTATION('',(#2879),#2882);
#2879 = B_SPLINE_CURVE_WITH_KNOTS('',1,(#2880,#2881),.UNSPECIFIED.,.F.,
  .F.,(2,2),(-6.000000070117E-07,28.618188683454),
  .PIECEWISE_BEZIER_KNOTS.);
#2880 = CARTESIAN_POINT('',(-3.2000006,1.080816411547));
#2881 = CARTESIAN_POINT('',(25.418188683454,1.080816411547));
#2882 = ( GEOMETRIC_REPRESENTATION_CONTEXT(2) 
PARAMETRIC_REPRESENTATION_CONTEXT() REPRESENTATION_CONTEXT('2D SPACE',''
  ) );
#2883 = PCURVE('',#1110,#2884);
#2884 = DEFINITIONAL_REPRESENTATION('',(#2885),#2888);
#2885 = B_SPLINE_CURVE_WITH_KNOTS('',1,(#2886,#2887),.UNSPECIFIED.,.F.,
  .F.,(2,2),(-6.000000070117E-07,28.618188683454),
  .PIECEWISE_BEZIER_KNOTS.);
#2886 = CARTESIAN_POINT('',(-0.20135792079,-6.000000070117E-07));
#2887 = CARTESIAN_POINT('',(-0.20135792079,28.618188683454));
#2888 = ( GEOMETRIC_REPRESENTATION_CONTEXT(2) 
PARAMETRIC_REPRESENTATION_CONTEXT() REPRESENTATION_CONTEXT('2D SPACE',''
  ) );
#2889 = ORIENTED_EDGE('',*,*,#2665,.T.);
#2890 = ORIENTED_EDGE('',*,*,#2891,.T.);
#2891 = EDGE_CURVE('',#2633,#2612,#2892,.T.);
#2892 = SURFACE_CURVE('',#2893,(#2897,#2903),.PCURVE_S1.);
#2893 = LINE('',#2894,#2895);
#2894 = CARTESIAN_POINT('',(190.,51.8,100.6));
#2895 = VECTOR('',#2896,1.);
#2896 = DIRECTION('',(0.,0.,1.));
#2897 = PCURVE('',#646,#2898);
#2898 = DEFINITIONAL_REPRESENTATION('',(#2899),#2902);
#2899 = B_SPLINE_CURVE_WITH_KNOTS('',1,(#2900,#2901),.UNSPECIFIED.,.F.,
  .F.,(2,2),(1.6,105.2),.PIECEWISE_BEZIER_KNOTS.);
#2900 = CARTESIAN_POINT('',(0.,1.));
#2901 = CARTESIAN_POINT('',(103.6,1.));
#2902 = ( GEOMETRIC_REPRESENTATION_CONTEXT(2) 
PARAMETRIC_REPRESENTATION_CONTEXT() REPRESENTATION_CONTEXT('2D SPACE',''
  ) );
#2903 = PCURVE('',#2649,#2904);
#2904 = DEFINITIONAL_REPRESENTATION('',(#2905),#2908);
#2905 = B_SPLINE_CURVE_WITH_KNOTS('',1,(#2906,#2907),.UNSPECIFIED.,.F.,
  .F.,(2,2),(1.6,105.2),.PIECEWISE_BEZIER_KNOTS.);
#2906 = CARTESIAN_POINT('',(3.2,-106.8));
#2907 = CARTESIAN_POINT('',(106.8,-106.8));
#2908 = ( GEOMETRIC_REPRESENTATION_CONTEXT(2) 
PARAMETRIC_REPRESENTATION_CONTEXT() REPRESENTATION_CONTEXT('2D SPACE',''
  ) );
#2909 = ORIENTED_EDGE('',*,*,#2611,.F.);
#2910 = ORIENTED_EDGE('',*,*,#631,.T.);
#2911 = ORIENTED_EDGE('',*,*,#812,.T.);
#2912 = ORIENTED_EDGE('',*,*,#2185,.F.);
#2913 = ORIENTED_EDGE('',*,*,#2914,.F.);
#2914 = EDGE_CURVE('',#2915,#2186,#2917,.T.);
#2915 = VERTEX_POINT('',#2916);
#2916 = CARTESIAN_POINT('',(610.,51.8,182.24464551025));
#2917 = SURFACE_CURVE('',#2918,(#2922,#2928),.PCURVE_S1.);
#2918 = LINE('',#2919,#2920);
#2919 = CARTESIAN_POINT('',(594.,51.8,182.24464551025));
#2920 = VECTOR('',#2921,1.);
#2921 = DIRECTION('',(-1.,-0.,-0.));
#2922 = PCURVE('',#646,#2923);
#2923 = DEFINITIONAL_REPRESENTATION('',(#2924),#2927);
#2924 = B_SPLINE_CURVE_WITH_KNOTS('',1,(#2925,#2926),.UNSPECIFIED.,.F.,
  .F.,(2,2),(-16.0000006,6.000000212225E-07),.PIECEWISE_BEZIER_KNOTS.);
#2925 = CARTESIAN_POINT('',(80.044645510256,421.0000006));
#2926 = CARTESIAN_POINT('',(80.044645510256,404.9999994));
#2927 = ( GEOMETRIC_REPRESENTATION_CONTEXT(2) 
PARAMETRIC_REPRESENTATION_CONTEXT() REPRESENTATION_CONTEXT('2D SPACE',''
  ) );
#2928 = PCURVE('',#1228,#2929);
#2929 = DEFINITIONAL_REPRESENTATION('',(#2930),#2933);
#2930 = B_SPLINE_CURVE_WITH_KNOTS('',1,(#2931,#2932),.UNSPECIFIED.,.F.,
  .F.,(2,2),(-16.0000006,6.000000212225E-07),.PIECEWISE_BEZIER_KNOTS.);
#2931 = CARTESIAN_POINT('',(-6.782384721787,-16.0000006));
#2932 = CARTESIAN_POINT('',(-6.782384721787,6.000000212225E-07));
#2933 = ( GEOMETRIC_REPRESENTATION_CONTEXT(2) 
PARAMETRIC_REPRESENTATION_CONTEXT() REPRESENTATION_CONTEXT('2D SPACE',''
  ) );
#2934 = ORIENTED_EDGE('',*,*,#2935,.F.);
#2935 = EDGE_CURVE('',#2936,#2915,#2938,.T.);
#2936 = VERTEX_POINT('',#2937);
#2937 = CARTESIAN_POINT('',(610.,51.8,125.75535448974));
#2938 = SURFACE_CURVE('',#2939,(#2943,#2949),.PCURVE_S1.);
#2939 = LINE('',#2940,#2941);
#2940 = CARTESIAN_POINT('',(610.,51.8,100.6));
#2941 = VECTOR('',#2942,1.);
#2942 = DIRECTION('',(0.,0.,1.));
#2943 = PCURVE('',#646,#2944);
#2944 = DEFINITIONAL_REPRESENTATION('',(#2945),#2948);
#2945 = B_SPLINE_CURVE_WITH_KNOTS('',1,(#2946,#2947),.UNSPECIFIED.,.F.,
  .F.,(2,2),(1.6,105.2),.PIECEWISE_BEZIER_KNOTS.);
#2946 = CARTESIAN_POINT('',(0.,421.));
#2947 = CARTESIAN_POINT('',(103.6,421.));
#2948 = ( GEOMETRIC_REPRESENTATION_CONTEXT(2) 
PARAMETRIC_REPRESENTATION_CONTEXT() REPRESENTATION_CONTEXT('2D SPACE',''
  ) );
#2949 = PCURVE('',#2950,#2955);
#2950 = PLANE('',#2951);
#2951 = AXIS2_PLACEMENT_3D('',#2952,#2953,#2954);
#2952 = CARTESIAN_POINT('',(610.,-55.,99.));
#2953 = DIRECTION('',(1.,0.,0.));
#2954 = DIRECTION('',(0.,0.,1.));
#2955 = DEFINITIONAL_REPRESENTATION('',(#2956),#2959);
#2956 = B_SPLINE_CURVE_WITH_KNOTS('',1,(#2957,#2958),.UNSPECIFIED.,.F.,
  .F.,(2,2),(1.6,105.2),.PIECEWISE_BEZIER_KNOTS.);
#2957 = CARTESIAN_POINT('',(3.2,-106.8));
#2958 = CARTESIAN_POINT('',(106.8,-106.8));
#2959 = ( GEOMETRIC_REPRESENTATION_CONTEXT(2) 
PARAMETRIC_REPRESENTATION_CONTEXT() REPRESENTATION_CONTEXT('2D SPACE',''
  ) );
#2960 = ORIENTED_EDGE('',*,*,#2961,.T.);
#2961 = EDGE_CURVE('',#2936,#2962,#2964,.T.);
#2962 = VERTEX_POINT('',#2963);
#2963 = CARTESIAN_POINT('',(609.91918358473,51.8,125.75535449051));
#2964 = SURFACE_CURVE('',#2965,(#2969,#2975),.PCURVE_S1.);
#2965 = LINE('',#2966,#2967);
#2966 = CARTESIAN_POINT('',(594.,51.8,125.75535448974));
#2967 = VECTOR('',#2968,1.);
#2968 = DIRECTION('',(-1.,-0.,-0.));
#2969 = PCURVE('',#646,#2970);
#2970 = DEFINITIONAL_REPRESENTATION('',(#2971),#2974);
#2971 = B_SPLINE_CURVE_WITH_KNOTS('',1,(#2972,#2973),.UNSPECIFIED.,.F.,
  .F.,(2,2),(-16.0000006,6.000000212225E-07),.PIECEWISE_BEZIER_KNOTS.);
#2972 = CARTESIAN_POINT('',(23.555354489744,421.0000006));
#2973 = CARTESIAN_POINT('',(23.555354489744,404.9999994));
#2974 = ( GEOMETRIC_REPRESENTATION_CONTEXT(2) 
PARAMETRIC_REPRESENTATION_CONTEXT() REPRESENTATION_CONTEXT('2D SPACE',''
  ) );
#2975 = PCURVE('',#1228,#2976);
#2976 = DEFINITIONAL_REPRESENTATION('',(#2977),#2980);
#2977 = B_SPLINE_CURVE_WITH_KNOTS('',1,(#2978,#2979),.UNSPECIFIED.,.F.,
  .F.,(2,2),(-16.0000006,6.000000212225E-07),.PIECEWISE_BEZIER_KNOTS.);
#2978 = CARTESIAN_POINT('',(-5.783985892572,-16.0000006));
#2979 = CARTESIAN_POINT('',(-5.783985892572,6.000000212225E-07));
#2980 = ( GEOMETRIC_REPRESENTATION_CONTEXT(2) 
PARAMETRIC_REPRESENTATION_CONTEXT() REPRESENTATION_CONTEXT('2D SPACE',''
  ) );
#2981 = ORIENTED_EDGE('',*,*,#2982,.F.);
#2982 = EDGE_CURVE('',#2844,#2962,#2983,.T.);
#2983 = SURFACE_CURVE('',#2984,(#2988,#2994),.PCURVE_S1.);
#2984 = LINE('',#2985,#2986);
#2985 = CARTESIAN_POINT('',(609.91918358845,51.8,99.));
#2986 = VECTOR('',#2987,1.);
#2987 = DIRECTION('',(0.,0.,1.));
#2988 = PCURVE('',#646,#2989);
#2989 = DEFINITIONAL_REPRESENTATION('',(#2990),#2993);
#2990 = B_SPLINE_CURVE_WITH_KNOTS('',1,(#2991,#2992),.UNSPECIFIED.,.F.,
  .F.,(2,2),(-6.000000070117E-07,33.645844095937),
  .PIECEWISE_BEZIER_KNOTS.);
#2991 = CARTESIAN_POINT('',(-3.2000006,420.91918358845));
#2992 = CARTESIAN_POINT('',(30.445844095937,420.91918358845));
#2993 = ( GEOMETRIC_REPRESENTATION_CONTEXT(2) 
PARAMETRIC_REPRESENTATION_CONTEXT() REPRESENTATION_CONTEXT('2D SPACE',''
  ) );
#2994 = PCURVE('',#1300,#2995);
#2995 = DEFINITIONAL_REPRESENTATION('',(#2996),#2999);
#2996 = B_SPLINE_CURVE_WITH_KNOTS('',1,(#2997,#2998),.UNSPECIFIED.,.F.,
  .F.,(2,2),(-6.000000070117E-07,33.645844095937),
  .PIECEWISE_BEZIER_KNOTS.);
#2997 = CARTESIAN_POINT('',(0.20135792079,-6.000000070117E-07));
#2998 = CARTESIAN_POINT('',(0.20135792079,33.645844095937));
#2999 = ( GEOMETRIC_REPRESENTATION_CONTEXT(2) 
PARAMETRIC_REPRESENTATION_CONTEXT() REPRESENTATION_CONTEXT('2D SPACE',''
  ) );
#3000 = FACE_BOUND('',#3001,.F.);
#3001 = EDGE_LOOP('',(#3002,#3025,#3046,#3067));
#3002 = ORIENTED_EDGE('',*,*,#3003,.T.);
#3003 = EDGE_CURVE('',#3004,#3006,#3008,.T.);
#3004 = VERTEX_POINT('',#3005);
#3005 = CARTESIAN_POINT('',(246.5,51.8,118.25));
#3006 = VERTEX_POINT('',#3007);
#3007 = CARTESIAN_POINT('',(246.5,51.8,189.75));
#3008 = SURFACE_CURVE('',#3009,(#3013,#3019),.PCURVE_S1.);
#3009 = LINE('',#3010,#3011);
#3010 = CARTESIAN_POINT('',(246.5,51.8,110.225));
#3011 = VECTOR('',#3012,1.);
#3012 = DIRECTION('',(0.,0.,1.));
#3013 = PCURVE('',#646,#3014);
#3014 = DEFINITIONAL_REPRESENTATION('',(#3015),#3018);
#3015 = B_SPLINE_CURVE_WITH_KNOTS('',1,(#3016,#3017),.UNSPECIFIED.,.F.,
  .F.,(2,2),(8.025,79.525),.PIECEWISE_BEZIER_KNOTS.);
#3016 = CARTESIAN_POINT('',(16.05,57.5));
#3017 = CARTESIAN_POINT('',(87.55,57.5));
#3018 = ( GEOMETRIC_REPRESENTATION_CONTEXT(2) 
PARAMETRIC_REPRESENTATION_CONTEXT() REPRESENTATION_CONTEXT('2D SPACE',''
  ) );
#3019 = PCURVE('',#1407,#3020);
#3020 = DEFINITIONAL_REPRESENTATION('',(#3021),#3024);
#3021 = B_SPLINE_CURVE_WITH_KNOTS('',1,(#3022,#3023),.UNSPECIFIED.,.F.,
  .F.,(2,2),(8.025,79.525),.PIECEWISE_BEZIER_KNOTS.);
#3022 = CARTESIAN_POINT('',(0.,-1.3));
#3023 = CARTESIAN_POINT('',(71.5,-1.3));
#3024 = ( GEOMETRIC_REPRESENTATION_CONTEXT(2) 
PARAMETRIC_REPRESENTATION_CONTEXT() REPRESENTATION_CONTEXT('2D SPACE',''
  ) );
#3025 = ORIENTED_EDGE('',*,*,#3026,.T.);
#3026 = EDGE_CURVE('',#3006,#3027,#3029,.T.);
#3027 = VERTEX_POINT('',#3028);
#3028 = CARTESIAN_POINT('',(238.5,51.8,189.75));
#3029 = SURFACE_CURVE('',#3030,(#3034,#3040),.PCURVE_S1.);
#3030 = LINE('',#3031,#3032);
#3031 = CARTESIAN_POINT('',(213.75,51.8,189.75));
#3032 = VECTOR('',#3033,1.);
#3033 = DIRECTION('',(-1.,0.,0.));
#3034 = PCURVE('',#646,#3035);
#3035 = DEFINITIONAL_REPRESENTATION('',(#3036),#3039);
#3036 = B_SPLINE_CURVE_WITH_KNOTS('',1,(#3037,#3038),.UNSPECIFIED.,.F.,
  .F.,(2,2),(-32.75,-24.75),.PIECEWISE_BEZIER_KNOTS.);
#3037 = CARTESIAN_POINT('',(87.55,57.5));
#3038 = CARTESIAN_POINT('',(87.55,49.5));
#3039 = ( GEOMETRIC_REPRESENTATION_CONTEXT(2) 
PARAMETRIC_REPRESENTATION_CONTEXT() REPRESENTATION_CONTEXT('2D SPACE',''
  ) );
#3040 = PCURVE('',#1331,#3041);
#3041 = DEFINITIONAL_REPRESENTATION('',(#3042),#3045);
#3042 = B_SPLINE_CURVE_WITH_KNOTS('',1,(#3043,#3044),.UNSPECIFIED.,.F.,
  .F.,(2,2),(-32.75,-24.75),.PIECEWISE_BEZIER_KNOTS.);
#3043 = CARTESIAN_POINT('',(8.,1.3));
#3044 = CARTESIAN_POINT('',(0.,1.3));
#3045 = ( GEOMETRIC_REPRESENTATION_CONTEXT(2) 
PARAMETRIC_REPRESENTATION_CONTEXT() REPRESENTATION_CONTEXT('2D SPACE',''
  ) );
#3046 = ORIENTED_EDGE('',*,*,#3047,.F.);
#3047 = EDGE_CURVE('',#3048,#3027,#3050,.T.);
#3048 = VERTEX_POINT('',#3049);
#3049 = CARTESIAN_POINT('',(238.5,51.8,118.25));
#3050 = SURFACE_CURVE('',#3051,(#3055,#3061),.PCURVE_S1.);
#3051 = LINE('',#3052,#3053);
#3052 = CARTESIAN_POINT('',(238.5,51.8,110.225));
#3053 = VECTOR('',#3054,1.);
#3054 = DIRECTION('',(0.,0.,1.));
#3055 = PCURVE('',#646,#3056);
#3056 = DEFINITIONAL_REPRESENTATION('',(#3057),#3060);
#3057 = B_SPLINE_CURVE_WITH_KNOTS('',1,(#3058,#3059),.UNSPECIFIED.,.F.,
  .F.,(2,2),(8.025,79.525),.PIECEWISE_BEZIER_KNOTS.);
#3058 = CARTESIAN_POINT('',(16.05,49.5));
#3059 = CARTESIAN_POINT('',(87.55,49.5));
#3060 = ( GEOMETRIC_REPRESENTATION_CONTEXT(2) 
PARAMETRIC_REPRESENTATION_CONTEXT() REPRESENTATION_CONTEXT('2D SPACE',''
  ) );
#3061 = PCURVE('',#1357,#3062);
#3062 = DEFINITIONAL_REPRESENTATION('',(#3063),#3066);
#3063 = B_SPLINE_CURVE_WITH_KNOTS('',1,(#3064,#3065),.UNSPECIFIED.,.F.,
  .F.,(2,2),(8.025,79.525),.PIECEWISE_BEZIER_KNOTS.);
#3064 = CARTESIAN_POINT('',(0.,-1.3));
#3065 = CARTESIAN_POINT('',(71.5,-1.3));
#3066 = ( GEOMETRIC_REPRESENTATION_CONTEXT(2) 
PARAMETRIC_REPRESENTATION_CONTEXT() REPRESENTATION_CONTEXT('2D SPACE',''
  ) );
#3067 = ORIENTED_EDGE('',*,*,#3068,.F.);
#3068 = EDGE_CURVE('',#3004,#3048,#3069,.T.);
#3069 = SURFACE_CURVE('',#3070,(#3074,#3080),.PCURVE_S1.);
#3070 = LINE('',#3071,#3072);
#3071 = CARTESIAN_POINT('',(213.75,51.8,118.25));
#3072 = VECTOR('',#3073,1.);
#3073 = DIRECTION('',(-1.,0.,0.));
#3074 = PCURVE('',#646,#3075);
#3075 = DEFINITIONAL_REPRESENTATION('',(#3076),#3079);
#3076 = B_SPLINE_CURVE_WITH_KNOTS('',1,(#3077,#3078),.UNSPECIFIED.,.F.,
  .F.,(2,2),(-32.75,-24.75),.PIECEWISE_BEZIER_KNOTS.);
#3077 = CARTESIAN_POINT('',(16.05,57.5));
#3078 = CARTESIAN_POINT('',(16.05,49.5));
#3079 = ( GEOMETRIC_REPRESENTATION_CONTEXT(2) 
PARAMETRIC_REPRESENTATION_CONTEXT() REPRESENTATION_CONTEXT('2D SPACE',''
  ) );
#3080 = PCURVE('',#1383,#3081);
#3081 = DEFINITIONAL_REPRESENTATION('',(#3082),#3085);
#3082 = B_SPLINE_CURVE_WITH_KNOTS('',1,(#3083,#3084),.UNSPECIFIED.,.F.,
  .F.,(2,2),(-32.75,-24.75),.PIECEWISE_BEZIER_KNOTS.);
#3083 = CARTESIAN_POINT('',(8.,1.3));
#3084 = CARTESIAN_POINT('',(0.,1.3));
#3085 = ( GEOMETRIC_REPRESENTATION_CONTEXT(2) 
PARAMETRIC_REPRESENTATION_CONTEXT() REPRESENTATION_CONTEXT('2D SPACE',''
  ) );
#3086 = FACE_BOUND('',#3087,.F.);
#3087 = EDGE_LOOP('',(#3088,#3111,#3132,#3153));
#3088 = ORIENTED_EDGE('',*,*,#3089,.T.);
#3089 = EDGE_CURVE('',#3090,#3092,#3094,.T.);
#3090 = VERTEX_POINT('',#3091);
#3091 = CARTESIAN_POINT('',(291.5,51.8,118.25));
#3092 = VERTEX_POINT('',#3093);
#3093 = CARTESIAN_POINT('',(291.5,51.8,189.75));
#3094 = SURFACE_CURVE('',#3095,(#3099,#3105),.PCURVE_S1.);
#3095 = LINE('',#3096,#3097);
#3096 = CARTESIAN_POINT('',(291.5,51.8,110.225));
#3097 = VECTOR('',#3098,1.);
#3098 = DIRECTION('',(0.,0.,1.));
#3099 = PCURVE('',#646,#3100);
#3100 = DEFINITIONAL_REPRESENTATION('',(#3101),#3104);
#3101 = B_SPLINE_CURVE_WITH_KNOTS('',1,(#3102,#3103),.UNSPECIFIED.,.F.,
  .F.,(2,2),(8.025,79.525),.PIECEWISE_BEZIER_KNOTS.);
#3102 = CARTESIAN_POINT('',(16.05,102.5));
#3103 = CARTESIAN_POINT('',(87.55,102.5));
#3104 = ( GEOMETRIC_REPRESENTATION_CONTEXT(2) 
PARAMETRIC_REPRESENTATION_CONTEXT() REPRESENTATION_CONTEXT('2D SPACE',''
  ) );
#3105 = PCURVE('',#1513,#3106);
#3106 = DEFINITIONAL_REPRESENTATION('',(#3107),#3110);
#3107 = B_SPLINE_CURVE_WITH_KNOTS('',1,(#3108,#3109),.UNSPECIFIED.,.F.,
  .F.,(2,2),(8.025,79.525),.PIECEWISE_BEZIER_KNOTS.);
#3108 = CARTESIAN_POINT('',(0.,-1.3));
#3109 = CARTESIAN_POINT('',(71.5,-1.3));
#3110 = ( GEOMETRIC_REPRESENTATION_CONTEXT(2) 
PARAMETRIC_REPRESENTATION_CONTEXT() REPRESENTATION_CONTEXT('2D SPACE',''
  ) );
#3111 = ORIENTED_EDGE('',*,*,#3112,.T.);
#3112 = EDGE_CURVE('',#3092,#3113,#3115,.T.);
#3113 = VERTEX_POINT('',#3114);
#3114 = CARTESIAN_POINT('',(283.5,51.8,189.75));
#3115 = SURFACE_CURVE('',#3116,(#3120,#3126),.PCURVE_S1.);
#3116 = LINE('',#3117,#3118);
#3117 = CARTESIAN_POINT('',(236.25,51.8,189.75));
#3118 = VECTOR('',#3119,1.);
#3119 = DIRECTION('',(-1.,0.,0.));
#3120 = PCURVE('',#646,#3121);
#3121 = DEFINITIONAL_REPRESENTATION('',(#3122),#3125);
#3122 = B_SPLINE_CURVE_WITH_KNOTS('',1,(#3123,#3124),.UNSPECIFIED.,.F.,
  .F.,(2,2),(-55.25,-47.25),.PIECEWISE_BEZIER_KNOTS.);
#3123 = CARTESIAN_POINT('',(87.55,102.5));
#3124 = CARTESIAN_POINT('',(87.55,94.5));
#3125 = ( GEOMETRIC_REPRESENTATION_CONTEXT(2) 
PARAMETRIC_REPRESENTATION_CONTEXT() REPRESENTATION_CONTEXT('2D SPACE',''
  ) );
#3126 = PCURVE('',#1437,#3127);
#3127 = DEFINITIONAL_REPRESENTATION('',(#3128),#3131);
#3128 = B_SPLINE_CURVE_WITH_KNOTS('',1,(#3129,#3130),.UNSPECIFIED.,.F.,
  .F.,(2,2),(-55.25,-47.25),.PIECEWISE_BEZIER_KNOTS.);
#3129 = CARTESIAN_POINT('',(8.,1.3));
#3130 = CARTESIAN_POINT('',(0.,1.3));
#3131 = ( GEOMETRIC_REPRESENTATION_CONTEXT(2) 
PARAMETRIC_REPRESENTATION_CONTEXT() REPRESENTATION_CONTEXT('2D SPACE',''
  ) );
#3132 = ORIENTED_EDGE('',*,*,#3133,.F.);
#3133 = EDGE_CURVE('',#3134,#3113,#3136,.T.);
#3134 = VERTEX_POINT('',#3135);
#3135 = CARTESIAN_POINT('',(283.5,51.8,118.25));
#3136 = SURFACE_CURVE('',#3137,(#3141,#3147),.PCURVE_S1.);
#3137 = LINE('',#3138,#3139);
#3138 = CARTESIAN_POINT('',(283.5,51.8,110.225));
#3139 = VECTOR('',#3140,1.);
#3140 = DIRECTION('',(0.,0.,1.));
#3141 = PCURVE('',#646,#3142);
#3142 = DEFINITIONAL_REPRESENTATION('',(#3143),#3146);
#3143 = B_SPLINE_CURVE_WITH_KNOTS('',1,(#3144,#3145),.UNSPECIFIED.,.F.,
  .F.,(2,2),(8.025,79.525),.PIECEWISE_BEZIER_KNOTS.);
#3144 = CARTESIAN_POINT('',(16.05,94.5));
#3145 = CARTESIAN_POINT('',(87.55,94.5));
#3146 = ( GEOMETRIC_REPRESENTATION_CONTEXT(2) 
PARAMETRIC_REPRESENTATION_CONTEXT() REPRESENTATION_CONTEXT('2D SPACE',''
  ) );
#3147 = PCURVE('',#1463,#3148);
#3148 = DEFINITIONAL_REPRESENTATION('',(#3149),#3152);
#3149 = B_SPLINE_CURVE_WITH_KNOTS('',1,(#3150,#3151),.UNSPECIFIED.,.F.,
  .F.,(2,2),(8.025,79.525),.PIECEWISE_BEZIER_KNOTS.);
#3150 = CARTESIAN_POINT('',(0.,-1.3));
#3151 = CARTESIAN_POINT('',(71.5,-1.3));
#3152 = ( GEOMETRIC_REPRESENTATION_CONTEXT(2) 
PARAMETRIC_REPRESENTATION_CONTEXT() REPRESENTATION_CONTEXT('2D SPACE',''
  ) );
#3153 = ORIENTED_EDGE('',*,*,#3154,.F.);
#3154 = EDGE_CURVE('',#3090,#3134,#3155,.T.);
#3155 = SURFACE_CURVE('',#3156,(#3160,#3166),.PCURVE_S1.);
#3156 = LINE('',#3157,#3158);
#3157 = CARTESIAN_POINT('',(236.25,51.8,118.25));
#3158 = VECTOR('',#3159,1.);
#3159 = DIRECTION('',(-1.,0.,0.));
#3160 = PCURVE('',#646,#3161);
#3161 = DEFINITIONAL_REPRESENTATION('',(#3162),#3165);
#3162 = B_SPLINE_CURVE_WITH_KNOTS('',1,(#3163,#3164),.UNSPECIFIED.,.F.,
  .F.,(2,2),(-55.25,-47.25),.PIECEWISE_BEZIER_KNOTS.);
#3163 = CARTESIAN_POINT('',(16.05,102.5));
#3164 = CARTESIAN_POINT('',(16.05,94.5));
#3165 = ( GEOMETRIC_REPRESENTATION_CONTEXT(2) 
PARAMETRIC_REPRESENTATION_CONTEXT() REPRESENTATION_CONTEXT('2D SPACE',''
  ) );
#3166 = PCURVE('',#1489,#3167);
#3167 = DEFINITIONAL_REPRESENTATION('',(#3168),#3171);
#3168 = B_SPLINE_CURVE_WITH_KNOTS('',1,(#3169,#3170),.UNSPECIFIED.,.F.,
  .F.,(2,2),(-55.25,-47.25),.PIECEWISE_BEZIER_KNOTS.);
#3169 = CARTESIAN_POINT('',(8.,1.3));
#3170 = CARTESIAN_POINT('',(0.,1.3));
#3171 = ( GEOMETRIC_REPRESENTATION_CONTEXT(2) 
PARAMETRIC_REPRESENTATION_CONTEXT() REPRESENTATION_CONTEXT('2D SPACE',''
  ) );
#3172 = FACE_BOUND('',#3173,.F.);
#3173 = EDGE_LOOP('',(#3174,#3197,#3218,#3239));
#3174 = ORIENTED_EDGE('',*,*,#3175,.T.);
#3175 = EDGE_CURVE('',#3176,#3178,#3180,.T.);
#3176 = VERTEX_POINT('',#3177);
#3177 = CARTESIAN_POINT('',(336.5,51.8,118.25));
#3178 = VERTEX_POINT('',#3179);
#3179 = CARTESIAN_POINT('',(336.5,51.8,189.75));
#3180 = SURFACE_CURVE('',#3181,(#3185,#3191),.PCURVE_S1.);
#3181 = LINE('',#3182,#3183);
#3182 = CARTESIAN_POINT('',(336.5,51.8,110.225));
#3183 = VECTOR('',#3184,1.);
#3184 = DIRECTION('',(0.,0.,1.));
#3185 = PCURVE('',#646,#3186);
#3186 = DEFINITIONAL_REPRESENTATION('',(#3187),#3190);
#3187 = B_SPLINE_CURVE_WITH_KNOTS('',1,(#3188,#3189),.UNSPECIFIED.,.F.,
  .F.,(2,2),(8.025,79.525),.PIECEWISE_BEZIER_KNOTS.);
#3188 = CARTESIAN_POINT('',(16.05,147.5));
#3189 = CARTESIAN_POINT('',(87.55,147.5));
#3190 = ( GEOMETRIC_REPRESENTATION_CONTEXT(2) 
PARAMETRIC_REPRESENTATION_CONTEXT() REPRESENTATION_CONTEXT('2D SPACE',''
  ) );
#3191 = PCURVE('',#1619,#3192);
#3192 = DEFINITIONAL_REPRESENTATION('',(#3193),#3196);
#3193 = B_SPLINE_CURVE_WITH_KNOTS('',1,(#3194,#3195),.UNSPECIFIED.,.F.,
  .F.,(2,2),(8.025,79.525),.PIECEWISE_BEZIER_KNOTS.);
#3194 = CARTESIAN_POINT('',(0.,-1.3));
#3195 = CARTESIAN_POINT('',(71.5,-1.3));
#3196 = ( GEOMETRIC_REPRESENTATION_CONTEXT(2) 
PARAMETRIC_REPRESENTATION_CONTEXT() REPRESENTATION_CONTEXT('2D SPACE',''
  ) );
#3197 = ORIENTED_EDGE('',*,*,#3198,.T.);
#3198 = EDGE_CURVE('',#3178,#3199,#3201,.T.);
#3199 = VERTEX_POINT('',#3200);
#3200 = CARTESIAN_POINT('',(328.5,51.8,189.75));
#3201 = SURFACE_CURVE('',#3202,(#3206,#3212),.PCURVE_S1.);
#3202 = LINE('',#3203,#3204);
#3203 = CARTESIAN_POINT('',(258.75,51.8,189.75));
#3204 = VECTOR('',#3205,1.);
#3205 = DIRECTION('',(-1.,0.,0.));
#3206 = PCURVE('',#646,#3207);
#3207 = DEFINITIONAL_REPRESENTATION('',(#3208),#3211);
#3208 = B_SPLINE_CURVE_WITH_KNOTS('',1,(#3209,#3210),.UNSPECIFIED.,.F.,
  .F.,(2,2),(-77.75,-69.75),.PIECEWISE_BEZIER_KNOTS.);
#3209 = CARTESIAN_POINT('',(87.55,147.5));
#3210 = CARTESIAN_POINT('',(87.55,139.5));
#3211 = ( GEOMETRIC_REPRESENTATION_CONTEXT(2) 
PARAMETRIC_REPRESENTATION_CONTEXT() REPRESENTATION_CONTEXT('2D SPACE',''
  ) );
#3212 = PCURVE('',#1543,#3213);
#3213 = DEFINITIONAL_REPRESENTATION('',(#3214),#3217);
#3214 = B_SPLINE_CURVE_WITH_KNOTS('',1,(#3215,#3216),.UNSPECIFIED.,.F.,
  .F.,(2,2),(-77.75,-69.75),.PIECEWISE_BEZIER_KNOTS.);
#3215 = CARTESIAN_POINT('',(8.,1.3));
#3216 = CARTESIAN_POINT('',(0.,1.3));
#3217 = ( GEOMETRIC_REPRESENTATION_CONTEXT(2) 
PARAMETRIC_REPRESENTATION_CONTEXT() REPRESENTATION_CONTEXT('2D SPACE',''
  ) );
#3218 = ORIENTED_EDGE('',*,*,#3219,.F.);
#3219 = EDGE_CURVE('',#3220,#3199,#3222,.T.);
#3220 = VERTEX_POINT('',#3221);
#3221 = CARTESIAN_POINT('',(328.5,51.8,118.25));
#3222 = SURFACE_CURVE('',#3223,(#3227,#3233),.PCURVE_S1.);
#3223 = LINE('',#3224,#3225);
#3224 = CARTESIAN_POINT('',(328.5,51.8,110.225));
#3225 = VECTOR('',#3226,1.);
#3226 = DIRECTION('',(0.,0.,1.));
#3227 = PCURVE('',#646,#3228);
#3228 = DEFINITIONAL_REPRESENTATION('',(#3229),#3232);
#3229 = B_SPLINE_CURVE_WITH_KNOTS('',1,(#3230,#3231),.UNSPECIFIED.,.F.,
  .F.,(2,2),(8.025,79.525),.PIECEWISE_BEZIER_KNOTS.);
#3230 = CARTESIAN_POINT('',(16.05,139.5));
#3231 = CARTESIAN_POINT('',(87.55,139.5));
#3232 = ( GEOMETRIC_REPRESENTATION_CONTEXT(2) 
PARAMETRIC_REPRESENTATION_CONTEXT() REPRESENTATION_CONTEXT('2D SPACE',''
  ) );
#3233 = PCURVE('',#1569,#3234);
#3234 = DEFINITIONAL_REPRESENTATION('',(#3235),#3238);
#3235 = B_SPLINE_CURVE_WITH_KNOTS('',1,(#3236,#3237),.UNSPECIFIED.,.F.,
  .F.,(2,2),(8.025,79.525),.PIECEWISE_BEZIER_KNOTS.);
#3236 = CARTESIAN_POINT('',(0.,-1.3));
#3237 = CARTESIAN_POINT('',(71.5,-1.3));
#3238 = ( GEOMETRIC_REPRESENTATION_CONTEXT(2) 
PARAMETRIC_REPRESENTATION_CONTEXT() REPRESENTATION_CONTEXT('2D SPACE',''
  ) );
#3239 = ORIENTED_EDGE('',*,*,#3240,.F.);
#3240 = EDGE_CURVE('',#3176,#3220,#3241,.T.);
#3241 = SURFACE_CURVE('',#3242,(#3246,#3252),.PCURVE_S1.);
#3242 = LINE('',#3243,#3244);
#3243 = CARTESIAN_POINT('',(258.75,51.8,118.25));
#3244 = VECTOR('',#3245,1.);
#3245 = DIRECTION('',(-1.,0.,0.));
#3246 = PCURVE('',#646,#3247);
#3247 = DEFINITIONAL_REPRESENTATION('',(#3248),#3251);
#3248 = B_SPLINE_CURVE_WITH_KNOTS('',1,(#3249,#3250),.UNSPECIFIED.,.F.,
  .F.,(2,2),(-77.75,-69.75),.PIECEWISE_BEZIER_KNOTS.);
#3249 = CARTESIAN_POINT('',(16.05,147.5));
#3250 = CARTESIAN_POINT('',(16.05,139.5));
#3251 = ( GEOMETRIC_REPRESENTATION_CONTEXT(2) 
PARAMETRIC_REPRESENTATION_CONTEXT() REPRESENTATION_CONTEXT('2D SPACE',''
  ) );
#3252 = PCURVE('',#1595,#3253);
#3253 = DEFINITIONAL_REPRESENTATION('',(#3254),#3257);
#3254 = B_SPLINE_CURVE_WITH_KNOTS('',1,(#3255,#3256),.UNSPECIFIED.,.F.,
  .F.,(2,2),(-77.75,-69.75),.PIECEWISE_BEZIER_KNOTS.);
#3255 = CARTESIAN_POINT('',(8.,1.3));
#3256 = CARTESIAN_POINT('',(0.,1.3));
#3257 = ( GEOMETRIC_REPRESENTATION_CONTEXT(2) 
PARAMETRIC_REPRESENTATION_CONTEXT() REPRESENTATION_CONTEXT('2D SPACE',''
  ) );
#3258 = FACE_BOUND('',#3259,.F.);
#3259 = EDGE_LOOP('',(#3260,#3283,#3304,#3325));
#3260 = ORIENTED_EDGE('',*,*,#3261,.T.);
#3261 = EDGE_CURVE('',#3262,#3264,#3266,.T.);
#3262 = VERTEX_POINT('',#3263);
#3263 = CARTESIAN_POINT('',(381.5,51.8,118.25));
#3264 = VERTEX_POINT('',#3265);
#3265 = CARTESIAN_POINT('',(381.5,51.8,189.75));
#3266 = SURFACE_CURVE('',#3267,(#3271,#3277),.PCURVE_S1.);
#3267 = LINE('',#3268,#3269);
#3268 = CARTESIAN_POINT('',(381.5,51.8,110.225));
#3269 = VECTOR('',#3270,1.);
#3270 = DIRECTION('',(0.,0.,1.));
#3271 = PCURVE('',#646,#3272);
#3272 = DEFINITIONAL_REPRESENTATION('',(#3273),#3276);
#3273 = B_SPLINE_CURVE_WITH_KNOTS('',1,(#3274,#3275),.UNSPECIFIED.,.F.,
  .F.,(2,2),(8.025,79.525),.PIECEWISE_BEZIER_KNOTS.);
#3274 = CARTESIAN_POINT('',(16.05,192.5));
#3275 = CARTESIAN_POINT('',(87.55,192.5));
#3276 = ( GEOMETRIC_REPRESENTATION_CONTEXT(2) 
PARAMETRIC_REPRESENTATION_CONTEXT() REPRESENTATION_CONTEXT('2D SPACE',''
  ) );
#3277 = PCURVE('',#1725,#3278);
#3278 = DEFINITIONAL_REPRESENTATION('',(#3279),#3282);
#3279 = B_SPLINE_CURVE_WITH_KNOTS('',1,(#3280,#3281),.UNSPECIFIED.,.F.,
  .F.,(2,2),(8.025,79.525),.PIECEWISE_BEZIER_KNOTS.);
#3280 = CARTESIAN_POINT('',(0.,-1.3));
#3281 = CARTESIAN_POINT('',(71.5,-1.3));
#3282 = ( GEOMETRIC_REPRESENTATION_CONTEXT(2) 
PARAMETRIC_REPRESENTATION_CONTEXT() REPRESENTATION_CONTEXT('2D SPACE',''
  ) );
#3283 = ORIENTED_EDGE('',*,*,#3284,.T.);
#3284 = EDGE_CURVE('',#3264,#3285,#3287,.T.);
#3285 = VERTEX_POINT('',#3286);
#3286 = CARTESIAN_POINT('',(373.5,51.8,189.75));
#3287 = SURFACE_CURVE('',#3288,(#3292,#3298),.PCURVE_S1.);
#3288 = LINE('',#3289,#3290);
#3289 = CARTESIAN_POINT('',(281.25,51.8,189.75));
#3290 = VECTOR('',#3291,1.);
#3291 = DIRECTION('',(-1.,0.,0.));
#3292 = PCURVE('',#646,#3293);
#3293 = DEFINITIONAL_REPRESENTATION('',(#3294),#3297);
#3294 = B_SPLINE_CURVE_WITH_KNOTS('',1,(#3295,#3296),.UNSPECIFIED.,.F.,
  .F.,(2,2),(-100.25,-92.25),.PIECEWISE_BEZIER_KNOTS.);
#3295 = CARTESIAN_POINT('',(87.55,192.5));
#3296 = CARTESIAN_POINT('',(87.55,184.5));
#3297 = ( GEOMETRIC_REPRESENTATION_CONTEXT(2) 
PARAMETRIC_REPRESENTATION_CONTEXT() REPRESENTATION_CONTEXT('2D SPACE',''
  ) );
#3298 = PCURVE('',#1649,#3299);
#3299 = DEFINITIONAL_REPRESENTATION('',(#3300),#3303);
#3300 = B_SPLINE_CURVE_WITH_KNOTS('',1,(#3301,#3302),.UNSPECIFIED.,.F.,
  .F.,(2,2),(-100.25,-92.25),.PIECEWISE_BEZIER_KNOTS.);
#3301 = CARTESIAN_POINT('',(8.,1.3));
#3302 = CARTESIAN_POINT('',(0.,1.3));
#3303 = ( GEOMETRIC_REPRESENTATION_CONTEXT(2) 
PARAMETRIC_REPRESENTATION_CONTEXT() REPRESENTATION_CONTEXT('2D SPACE',''
  ) );
#3304 = ORIENTED_EDGE('',*,*,#3305,.F.);
#3305 = EDGE_CURVE('',#3306,#3285,#3308,.T.);
#3306 = VERTEX_POINT('',#3307);
#3307 = CARTESIAN_POINT('',(373.5,51.8,118.25));
#3308 = SURFACE_CURVE('',#3309,(#3313,#3319),.PCURVE_S1.);
#3309 = LINE('',#3310,#3311);
#3310 = CARTESIAN_POINT('',(373.5,51.8,110.225));
#3311 = VECTOR('',#3312,1.);
#3312 = DIRECTION('',(0.,0.,1.));
#3313 = PCURVE('',#646,#3314);
#3314 = DEFINITIONAL_REPRESENTATION('',(#3315),#3318);
#3315 = B_SPLINE_CURVE_WITH_KNOTS('',1,(#3316,#3317),.UNSPECIFIED.,.F.,
  .F.,(2,2),(8.025,79.525),.PIECEWISE_BEZIER_KNOTS.);
#3316 = CARTESIAN_POINT('',(16.05,184.5));
#3317 = CARTESIAN_POINT('',(87.55,184.5));
#3318 = ( GEOMETRIC_REPRESENTATION_CONTEXT(2) 
PARAMETRIC_REPRESENTATION_CONTEXT() REPRESENTATION_CONTEXT('2D SPACE',''
  ) );
#3319 = PCURVE('',#1675,#3320);
#3320 = DEFINITIONAL_REPRESENTATION('',(#3321),#3324);
#3321 = B_SPLINE_CURVE_WITH_KNOTS('',1,(#3322,#3323),.UNSPECIFIED.,.F.,
  .F.,(2,2),(8.025,79.525),.PIECEWISE_BEZIER_KNOTS.);
#3322 = CARTESIAN_POINT('',(0.,-1.3));
#3323 = CARTESIAN_POINT('',(71.5,-1.3));
#3324 = ( GEOMETRIC_REPRESENTATION_CONTEXT(2) 
PARAMETRIC_REPRESENTATION_CONTEXT() REPRESENTATION_CONTEXT('2D SPACE',''
  ) );
#3325 = ORIENTED_EDGE('',*,*,#3326,.F.);
#3326 = EDGE_CURVE('',#3262,#3306,#3327,.T.);
#3327 = SURFACE_CURVE('',#3328,(#3332,#3338),.PCURVE_S1.);
#3328 = LINE('',#3329,#3330);
#3329 = CARTESIAN_POINT('',(281.25,51.8,118.25));
#3330 = VECTOR('',#3331,1.);
#3331 = DIRECTION('',(-1.,0.,0.));
#3332 = PCURVE('',#646,#3333);
#3333 = DEFINITIONAL_REPRESENTATION('',(#3334),#3337);
#3334 = B_SPLINE_CURVE_WITH_KNOTS('',1,(#3335,#3336),.UNSPECIFIED.,.F.,
  .F.,(2,2),(-100.25,-92.25),.PIECEWISE_BEZIER_KNOTS.);
#3335 = CARTESIAN_POINT('',(16.05,192.5));
#3336 = CARTESIAN_POINT('',(16.05,184.5));
#3337 = ( GEOMETRIC_REPRESENTATION_CONTEXT(2) 
PARAMETRIC_REPRESENTATION_CONTEXT() REPRESENTATION_CONTEXT('2D SPACE',''
  ) );
#3338 = PCURVE('',#1701,#3339);
#3339 = DEFINITIONAL_REPRESENTATION('',(#3340),#3343);
#3340 = B_SPLINE_CURVE_WITH_KNOTS('',1,(#3341,#3342),.UNSPECIFIED.,.F.,
  .F.,(2,2),(-100.25,-92.25),.PIECEWISE_BEZIER_KNOTS.);
#3341 = CARTESIAN_POINT('',(8.,1.3));
#3342 = CARTESIAN_POINT('',(0.,1.3));
#3343 = ( GEOMETRIC_REPRESENTATION_CONTEXT(2) 
PARAMETRIC_REPRESENTATION_CONTEXT() REPRESENTATION_CONTEXT('2D SPACE',''
  ) );
#3344 = FACE_BOUND('',#3345,.F.);
#3345 = EDGE_LOOP('',(#3346,#3369,#3390,#3411));
#3346 = ORIENTED_EDGE('',*,*,#3347,.T.);
#3347 = EDGE_CURVE('',#3348,#3350,#3352,.T.);
#3348 = VERTEX_POINT('',#3349);
#3349 = CARTESIAN_POINT('',(426.5,51.8,118.25));
#3350 = VERTEX_POINT('',#3351);
#3351 = CARTESIAN_POINT('',(426.5,51.8,189.75));
#3352 = SURFACE_CURVE('',#3353,(#3357,#3363),.PCURVE_S1.);
#3353 = LINE('',#3354,#3355);
#3354 = CARTESIAN_POINT('',(426.5,51.8,110.225));
#3355 = VECTOR('',#3356,1.);
#3356 = DIRECTION('',(0.,0.,1.));
#3357 = PCURVE('',#646,#3358);
#3358 = DEFINITIONAL_REPRESENTATION('',(#3359),#3362);
#3359 = B_SPLINE_CURVE_WITH_KNOTS('',1,(#3360,#3361),.UNSPECIFIED.,.F.,
  .F.,(2,2),(8.025,79.525),.PIECEWISE_BEZIER_KNOTS.);
#3360 = CARTESIAN_POINT('',(16.05,237.5));
#3361 = CARTESIAN_POINT('',(87.55,237.5));
#3362 = ( GEOMETRIC_REPRESENTATION_CONTEXT(2) 
PARAMETRIC_REPRESENTATION_CONTEXT() REPRESENTATION_CONTEXT('2D SPACE',''
  ) );
#3363 = PCURVE('',#1831,#3364);
#3364 = DEFINITIONAL_REPRESENTATION('',(#3365),#3368);
#3365 = B_SPLINE_CURVE_WITH_KNOTS('',1,(#3366,#3367),.UNSPECIFIED.,.F.,
  .F.,(2,2),(8.025,79.525),.PIECEWISE_BEZIER_KNOTS.);
#3366 = CARTESIAN_POINT('',(0.,-1.3));
#3367 = CARTESIAN_POINT('',(71.5,-1.3));
#3368 = ( GEOMETRIC_REPRESENTATION_CONTEXT(2) 
PARAMETRIC_REPRESENTATION_CONTEXT() REPRESENTATION_CONTEXT('2D SPACE',''
  ) );
#3369 = ORIENTED_EDGE('',*,*,#3370,.T.);
#3370 = EDGE_CURVE('',#3350,#3371,#3373,.T.);
#3371 = VERTEX_POINT('',#3372);
#3372 = CARTESIAN_POINT('',(418.5,51.8,189.75));
#3373 = SURFACE_CURVE('',#3374,(#3378,#3384),.PCURVE_S1.);
#3374 = LINE('',#3375,#3376);
#3375 = CARTESIAN_POINT('',(303.75,51.8,189.75));
#3376 = VECTOR('',#3377,1.);
#3377 = DIRECTION('',(-1.,0.,0.));
#3378 = PCURVE('',#646,#3379);
#3379 = DEFINITIONAL_REPRESENTATION('',(#3380),#3383);
#3380 = B_SPLINE_CURVE_WITH_KNOTS('',1,(#3381,#3382),.UNSPECIFIED.,.F.,
  .F.,(2,2),(-122.75,-114.75),.PIECEWISE_BEZIER_KNOTS.);
#3381 = CARTESIAN_POINT('',(87.55,237.5));
#3382 = CARTESIAN_POINT('',(87.55,229.5));
#3383 = ( GEOMETRIC_REPRESENTATION_CONTEXT(2) 
PARAMETRIC_REPRESENTATION_CONTEXT() REPRESENTATION_CONTEXT('2D SPACE',''
  ) );
#3384 = PCURVE('',#1755,#3385);
#3385 = DEFINITIONAL_REPRESENTATION('',(#3386),#3389);
#3386 = B_SPLINE_CURVE_WITH_KNOTS('',1,(#3387,#3388),.UNSPECIFIED.,.F.,
  .F.,(2,2),(-122.75,-114.75),.PIECEWISE_BEZIER_KNOTS.);
#3387 = CARTESIAN_POINT('',(8.,1.3));
#3388 = CARTESIAN_POINT('',(0.,1.3));
#3389 = ( GEOMETRIC_REPRESENTATION_CONTEXT(2) 
PARAMETRIC_REPRESENTATION_CONTEXT() REPRESENTATION_CONTEXT('2D SPACE',''
  ) );
#3390 = ORIENTED_EDGE('',*,*,#3391,.F.);
#3391 = EDGE_CURVE('',#3392,#3371,#3394,.T.);
#3392 = VERTEX_POINT('',#3393);
#3393 = CARTESIAN_POINT('',(418.5,51.8,118.25));
#3394 = SURFACE_CURVE('',#3395,(#3399,#3405),.PCURVE_S1.);
#3395 = LINE('',#3396,#3397);
#3396 = CARTESIAN_POINT('',(418.5,51.8,110.225));
#3397 = VECTOR('',#3398,1.);
#3398 = DIRECTION('',(0.,0.,1.));
#3399 = PCURVE('',#646,#3400);
#3400 = DEFINITIONAL_REPRESENTATION('',(#3401),#3404);
#3401 = B_SPLINE_CURVE_WITH_KNOTS('',1,(#3402,#3403),.UNSPECIFIED.,.F.,
  .F.,(2,2),(8.025,79.525),.PIECEWISE_BEZIER_KNOTS.);
#3402 = CARTESIAN_POINT('',(16.05,229.5));
#3403 = CARTESIAN_POINT('',(87.55,229.5));
#3404 = ( GEOMETRIC_REPRESENTATION_CONTEXT(2) 
PARAMETRIC_REPRESENTATION_CONTEXT() REPRESENTATION_CONTEXT('2D SPACE',''
  ) );
#3405 = PCURVE('',#1781,#3406);
#3406 = DEFINITIONAL_REPRESENTATION('',(#3407),#3410);
#3407 = B_SPLINE_CURVE_WITH_KNOTS('',1,(#3408,#3409),.UNSPECIFIED.,.F.,
  .F.,(2,2),(8.025,79.525),.PIECEWISE_BEZIER_KNOTS.);
#3408 = CARTESIAN_POINT('',(0.,-1.3));
#3409 = CARTESIAN_POINT('',(71.5,-1.3));
#3410 = ( GEOMETRIC_REPRESENTATION_CONTEXT(2) 
PARAMETRIC_REPRESENTATION_CONTEXT() REPRESENTATION_CONTEXT('2D SPACE',''
  ) );
#3411 = ORIENTED_EDGE('',*,*,#3412,.F.);
#3412 = EDGE_CURVE('',#3348,#3392,#3413,.T.);
#3413 = SURFACE_CURVE('',#3414,(#3418,#3424),.PCURVE_S1.);
#3414 = LINE('',#3415,#3416);
#3415 = CARTESIAN_POINT('',(303.75,51.8,118.25));
#3416 = VECTOR('',#3417,1.);
#3417 = DIRECTION('',(-1.,0.,0.));
#3418 = PCURVE('',#646,#3419);
#3419 = DEFINITIONAL_REPRESENTATION('',(#3420),#3423);
#3420 = B_SPLINE_CURVE_WITH_KNOTS('',1,(#3421,#3422),.UNSPECIFIED.,.F.,
  .F.,(2,2),(-122.75,-114.75),.PIECEWISE_BEZIER_KNOTS.);
#3421 = CARTESIAN_POINT('',(16.05,237.5));
#3422 = CARTESIAN_POINT('',(16.05,229.5));
#3423 = ( GEOMETRIC_REPRESENTATION_CONTEXT(2) 
PARAMETRIC_REPRESENTATION_CONTEXT() REPRESENTATION_CONTEXT('2D SPACE',''
  ) );
#3424 = PCURVE('',#1807,#3425);
#3425 = DEFINITIONAL_REPRESENTATION('',(#3426),#3429);
#3426 = B_SPLINE_CURVE_WITH_KNOTS('',1,(#3427,#3428),.UNSPECIFIED.,.F.,
  .F.,(2,2),(-122.75,-114.75),.PIECEWISE_BEZIER_KNOTS.);
#3427 = CARTESIAN_POINT('',(8.,1.3));
#3428 = CARTESIAN_POINT('',(0.,1.3));
#3429 = ( GEOMETRIC_REPRESENTATION_CONTEXT(2) 
PARAMETRIC_REPRESENTATION_CONTEXT() REPRESENTATION_CONTEXT('2D SPACE',''
  ) );
#3430 = FACE_BOUND('',#3431,.F.);
#3431 = EDGE_LOOP('',(#3432,#3455,#3476,#3497));
#3432 = ORIENTED_EDGE('',*,*,#3433,.T.);
#3433 = EDGE_CURVE('',#3434,#3436,#3438,.T.);
#3434 = VERTEX_POINT('',#3435);
#3435 = CARTESIAN_POINT('',(471.5,51.8,118.25));
#3436 = VERTEX_POINT('',#3437);
#3437 = CARTESIAN_POINT('',(471.5,51.8,189.75));
#3438 = SURFACE_CURVE('',#3439,(#3443,#3449),.PCURVE_S1.);
#3439 = LINE('',#3440,#3441);
#3440 = CARTESIAN_POINT('',(471.5,51.8,110.225));
#3441 = VECTOR('',#3442,1.);
#3442 = DIRECTION('',(0.,0.,1.));
#3443 = PCURVE('',#646,#3444);
#3444 = DEFINITIONAL_REPRESENTATION('',(#3445),#3448);
#3445 = B_SPLINE_CURVE_WITH_KNOTS('',1,(#3446,#3447),.UNSPECIFIED.,.F.,
  .F.,(2,2),(8.025,79.525),.PIECEWISE_BEZIER_KNOTS.);
#3446 = CARTESIAN_POINT('',(16.05,282.5));
#3447 = CARTESIAN_POINT('',(87.55,282.5));
#3448 = ( GEOMETRIC_REPRESENTATION_CONTEXT(2) 
PARAMETRIC_REPRESENTATION_CONTEXT() REPRESENTATION_CONTEXT('2D SPACE',''
  ) );
#3449 = PCURVE('',#1937,#3450);
#3450 = DEFINITIONAL_REPRESENTATION('',(#3451),#3454);
#3451 = B_SPLINE_CURVE_WITH_KNOTS('',1,(#3452,#3453),.UNSPECIFIED.,.F.,
  .F.,(2,2),(8.025,79.525),.PIECEWISE_BEZIER_KNOTS.);
#3452 = CARTESIAN_POINT('',(0.,-1.3));
#3453 = CARTESIAN_POINT('',(71.5,-1.3));
#3454 = ( GEOMETRIC_REPRESENTATION_CONTEXT(2) 
PARAMETRIC_REPRESENTATION_CONTEXT() REPRESENTATION_CONTEXT('2D SPACE',''
  ) );
#3455 = ORIENTED_EDGE('',*,*,#3456,.T.);
#3456 = EDGE_CURVE('',#3436,#3457,#3459,.T.);
#3457 = VERTEX_POINT('',#3458);
#3458 = CARTESIAN_POINT('',(463.5,51.8,189.75));
#3459 = SURFACE_CURVE('',#3460,(#3464,#3470),.PCURVE_S1.);
#3460 = LINE('',#3461,#3462);
#3461 = CARTESIAN_POINT('',(326.25,51.8,189.75));
#3462 = VECTOR('',#3463,1.);
#3463 = DIRECTION('',(-1.,0.,0.));
#3464 = PCURVE('',#646,#3465);
#3465 = DEFINITIONAL_REPRESENTATION('',(#3466),#3469);
#3466 = B_SPLINE_CURVE_WITH_KNOTS('',1,(#3467,#3468),.UNSPECIFIED.,.F.,
  .F.,(2,2),(-145.25,-137.25),.PIECEWISE_BEZIER_KNOTS.);
#3467 = CARTESIAN_POINT('',(87.55,282.5));
#3468 = CARTESIAN_POINT('',(87.55,274.5));
#3469 = ( GEOMETRIC_REPRESENTATION_CONTEXT(2) 
PARAMETRIC_REPRESENTATION_CONTEXT() REPRESENTATION_CONTEXT('2D SPACE',''
  ) );
#3470 = PCURVE('',#1861,#3471);
#3471 = DEFINITIONAL_REPRESENTATION('',(#3472),#3475);
#3472 = B_SPLINE_CURVE_WITH_KNOTS('',1,(#3473,#3474),.UNSPECIFIED.,.F.,
  .F.,(2,2),(-145.25,-137.25),.PIECEWISE_BEZIER_KNOTS.);
#3473 = CARTESIAN_POINT('',(8.,1.3));
#3474 = CARTESIAN_POINT('',(0.,1.3));
#3475 = ( GEOMETRIC_REPRESENTATION_CONTEXT(2) 
PARAMETRIC_REPRESENTATION_CONTEXT() REPRESENTATION_CONTEXT('2D SPACE',''
  ) );
#3476 = ORIENTED_EDGE('',*,*,#3477,.F.);
#3477 = EDGE_CURVE('',#3478,#3457,#3480,.T.);
#3478 = VERTEX_POINT('',#3479);
#3479 = CARTESIAN_POINT('',(463.5,51.8,118.25));
#3480 = SURFACE_CURVE('',#3481,(#3485,#3491),.PCURVE_S1.);
#3481 = LINE('',#3482,#3483);
#3482 = CARTESIAN_POINT('',(463.5,51.8,110.225));
#3483 = VECTOR('',#3484,1.);
#3484 = DIRECTION('',(0.,0.,1.));
#3485 = PCURVE('',#646,#3486);
#3486 = DEFINITIONAL_REPRESENTATION('',(#3487),#3490);
#3487 = B_SPLINE_CURVE_WITH_KNOTS('',1,(#3488,#3489),.UNSPECIFIED.,.F.,
  .F.,(2,2),(8.025,79.525),.PIECEWISE_BEZIER_KNOTS.);
#3488 = CARTESIAN_POINT('',(16.05,274.5));
#3489 = CARTESIAN_POINT('',(87.55,274.5));
#3490 = ( GEOMETRIC_REPRESENTATION_CONTEXT(2) 
PARAMETRIC_REPRESENTATION_CONTEXT() REPRESENTATION_CONTEXT('2D SPACE',''
  ) );
#3491 = PCURVE('',#1887,#3492);
#3492 = DEFINITIONAL_REPRESENTATION('',(#3493),#3496);
#3493 = B_SPLINE_CURVE_WITH_KNOTS('',1,(#3494,#3495),.UNSPECIFIED.,.F.,
  .F.,(2,2),(8.025,79.525),.PIECEWISE_BEZIER_KNOTS.);
#3494 = CARTESIAN_POINT('',(0.,-1.3));
#3495 = CARTESIAN_POINT('',(71.5,-1.3));
#3496 = ( GEOMETRIC_REPRESENTATION_CONTEXT(2) 
PARAMETRIC_REPRESENTATION_CONTEXT() REPRESENTATION_CONTEXT('2D SPACE',''
  ) );
#3497 = ORIENTED_EDGE('',*,*,#3498,.F.);
#3498 = EDGE_CURVE('',#3434,#3478,#3499,.T.);
#3499 = SURFACE_CURVE('',#3500,(#3504,#3510),.PCURVE_S1.);
#3500 = LINE('',#3501,#3502);
#3501 = CARTESIAN_POINT('',(326.25,51.8,118.25));
#3502 = VECTOR('',#3503,1.);
#3503 = DIRECTION('',(-1.,0.,0.));
#3504 = PCURVE('',#646,#3505);
#3505 = DEFINITIONAL_REPRESENTATION('',(#3506),#3509);
#3506 = B_SPLINE_CURVE_WITH_KNOTS('',1,(#3507,#3508),.UNSPECIFIED.,.F.,
  .F.,(2,2),(-145.25,-137.25),.PIECEWISE_BEZIER_KNOTS.);
#3507 = CARTESIAN_POINT('',(16.05,282.5));
#3508 = CARTESIAN_POINT('',(16.05,274.5));
#3509 = ( GEOMETRIC_REPRESENTATION_CONTEXT(2) 
PARAMETRIC_REPRESENTATION_CONTEXT() REPRESENTATION_CONTEXT('2D SPACE',''
  ) );
#3510 = PCURVE('',#1913,#3511);
#3511 = DEFINITIONAL_REPRESENTATION('',(#3512),#3515);
#3512 = B_SPLINE_CURVE_WITH_KNOTS('',1,(#3513,#3514),.UNSPECIFIED.,.F.,
  .F.,(2,2),(-145.25,-137.25),.PIECEWISE_BEZIER_KNOTS.);
#3513 = CARTESIAN_POINT('',(8.,1.3));
#3514 = CARTESIAN_POINT('',(0.,1.3));
#3515 = ( GEOMETRIC_REPRESENTATION_CONTEXT(2) 
PARAMETRIC_REPRESENTATION_CONTEXT() REPRESENTATION_CONTEXT('2D SPACE',''
  ) );
#3516 = FACE_BOUND('',#3517,.F.);
#3517 = EDGE_LOOP('',(#3518,#3541,#3562,#3583));
#3518 = ORIENTED_EDGE('',*,*,#3519,.T.);
#3519 = EDGE_CURVE('',#3520,#3522,#3524,.T.);
#3520 = VERTEX_POINT('',#3521);
#3521 = CARTESIAN_POINT('',(516.5,51.8,118.25));
#3522 = VERTEX_POINT('',#3523);
#3523 = CARTESIAN_POINT('',(516.5,51.8,189.75));
#3524 = SURFACE_CURVE('',#3525,(#3529,#3535),.PCURVE_S1.);
#3525 = LINE('',#3526,#3527);
#3526 = CARTESIAN_POINT('',(516.5,51.8,110.225));
#3527 = VECTOR('',#3528,1.);
#3528 = DIRECTION('',(0.,0.,1.));
#3529 = PCURVE('',#646,#3530);
#3530 = DEFINITIONAL_REPRESENTATION('',(#3531),#3534);
#3531 = B_SPLINE_CURVE_WITH_KNOTS('',1,(#3532,#3533),.UNSPECIFIED.,.F.,
  .F.,(2,2),(8.025,79.525),.PIECEWISE_BEZIER_KNOTS.);
#3532 = CARTESIAN_POINT('',(16.05,327.5));
#3533 = CARTESIAN_POINT('',(87.55,327.5));
#3534 = ( GEOMETRIC_REPRESENTATION_CONTEXT(2) 
PARAMETRIC_REPRESENTATION_CONTEXT() REPRESENTATION_CONTEXT('2D SPACE',''
  ) );
#3535 = PCURVE('',#2043,#3536);
#3536 = DEFINITIONAL_REPRESENTATION('',(#3537),#3540);
#3537 = B_SPLINE_CURVE_WITH_KNOTS('',1,(#3538,#3539),.UNSPECIFIED.,.F.,
  .F.,(2,2),(8.025,79.525),.PIECEWISE_BEZIER_KNOTS.);
#3538 = CARTESIAN_POINT('',(0.,-1.3));
#3539 = CARTESIAN_POINT('',(71.5,-1.3));
#3540 = ( GEOMETRIC_REPRESENTATION_CONTEXT(2) 
PARAMETRIC_REPRESENTATION_CONTEXT() REPRESENTATION_CONTEXT('2D SPACE',''
  ) );
#3541 = ORIENTED_EDGE('',*,*,#3542,.T.);
#3542 = EDGE_CURVE('',#3522,#3543,#3545,.T.);
#3543 = VERTEX_POINT('',#3544);
#3544 = CARTESIAN_POINT('',(508.5,51.8,189.75));
#3545 = SURFACE_CURVE('',#3546,(#3550,#3556),.PCURVE_S1.);
#3546 = LINE('',#3547,#3548);
#3547 = CARTESIAN_POINT('',(348.75,51.8,189.75));
#3548 = VECTOR('',#3549,1.);
#3549 = DIRECTION('',(-1.,0.,0.));
#3550 = PCURVE('',#646,#3551);
#3551 = DEFINITIONAL_REPRESENTATION('',(#3552),#3555);
#3552 = B_SPLINE_CURVE_WITH_KNOTS('',1,(#3553,#3554),.UNSPECIFIED.,.F.,
  .F.,(2,2),(-167.75,-159.75),.PIECEWISE_BEZIER_KNOTS.);
#3553 = CARTESIAN_POINT('',(87.55,327.5));
#3554 = CARTESIAN_POINT('',(87.55,319.5));
#3555 = ( GEOMETRIC_REPRESENTATION_CONTEXT(2) 
PARAMETRIC_REPRESENTATION_CONTEXT() REPRESENTATION_CONTEXT('2D SPACE',''
  ) );
#3556 = PCURVE('',#1967,#3557);
#3557 = DEFINITIONAL_REPRESENTATION('',(#3558),#3561);
#3558 = B_SPLINE_CURVE_WITH_KNOTS('',1,(#3559,#3560),.UNSPECIFIED.,.F.,
  .F.,(2,2),(-167.75,-159.75),.PIECEWISE_BEZIER_KNOTS.);
#3559 = CARTESIAN_POINT('',(8.,1.3));
#3560 = CARTESIAN_POINT('',(0.,1.3));
#3561 = ( GEOMETRIC_REPRESENTATION_CONTEXT(2) 
PARAMETRIC_REPRESENTATION_CONTEXT() REPRESENTATION_CONTEXT('2D SPACE',''
  ) );
#3562 = ORIENTED_EDGE('',*,*,#3563,.F.);
#3563 = EDGE_CURVE('',#3564,#3543,#3566,.T.);
#3564 = VERTEX_POINT('',#3565);
#3565 = CARTESIAN_POINT('',(508.5,51.8,118.25));
#3566 = SURFACE_CURVE('',#3567,(#3571,#3577),.PCURVE_S1.);
#3567 = LINE('',#3568,#3569);
#3568 = CARTESIAN_POINT('',(508.5,51.8,110.225));
#3569 = VECTOR('',#3570,1.);
#3570 = DIRECTION('',(0.,0.,1.));
#3571 = PCURVE('',#646,#3572);
#3572 = DEFINITIONAL_REPRESENTATION('',(#3573),#3576);
#3573 = B_SPLINE_CURVE_WITH_KNOTS('',1,(#3574,#3575),.UNSPECIFIED.,.F.,
  .F.,(2,2),(8.025,79.525),.PIECEWISE_BEZIER_KNOTS.);
#3574 = CARTESIAN_POINT('',(16.05,319.5));
#3575 = CARTESIAN_POINT('',(87.55,319.5));
#3576 = ( GEOMETRIC_REPRESENTATION_CONTEXT(2) 
PARAMETRIC_REPRESENTATION_CONTEXT() REPRESENTATION_CONTEXT('2D SPACE',''
  ) );
#3577 = PCURVE('',#1993,#3578);
#3578 = DEFINITIONAL_REPRESENTATION('',(#3579),#3582);
#3579 = B_SPLINE_CURVE_WITH_KNOTS('',1,(#3580,#3581),.UNSPECIFIED.,.F.,
  .F.,(2,2),(8.025,79.525),.PIECEWISE_BEZIER_KNOTS.);
#3580 = CARTESIAN_POINT('',(0.,-1.3));
#3581 = CARTESIAN_POINT('',(71.5,-1.3));
#3582 = ( GEOMETRIC_REPRESENTATION_CONTEXT(2) 
PARAMETRIC_REPRESENTATION_CONTEXT() REPRESENTATION_CONTEXT('2D SPACE',''
  ) );
#3583 = ORIENTED_EDGE('',*,*,#3584,.F.);
#3584 = EDGE_CURVE('',#3520,#3564,#3585,.T.);
#3585 = SURFACE_CURVE('',#3586,(#3590,#3596),.PCURVE_S1.);
#3586 = LINE('',#3587,#3588);
#3587 = CARTESIAN_POINT('',(348.75,51.8,118.25));
#3588 = VECTOR('',#3589,1.);
#3589 = DIRECTION('',(-1.,0.,0.));
#3590 = PCURVE('',#646,#3591);
#3591 = DEFINITIONAL_REPRESENTATION('',(#3592),#3595);
#3592 = B_SPLINE_CURVE_WITH_KNOTS('',1,(#3593,#3594),.UNSPECIFIED.,.F.,
  .F.,(2,2),(-167.75,-159.75),.PIECEWISE_BEZIER_KNOTS.);
#3593 = CARTESIAN_POINT('',(16.05,327.5));
#3594 = CARTESIAN_POINT('',(16.05,319.5));
#3595 = ( GEOMETRIC_REPRESENTATION_CONTEXT(2) 
PARAMETRIC_REPRESENTATION_CONTEXT() REPRESENTATION_CONTEXT('2D SPACE',''
  ) );
#3596 = PCURVE('',#2019,#3597);
#3597 = DEFINITIONAL_REPRESENTATION('',(#3598),#3601);
#3598 = B_SPLINE_CURVE_WITH_KNOTS('',1,(#3599,#3600),.UNSPECIFIED.,.F.,
  .F.,(2,2),(-167.75,-159.75),.PIECEWISE_BEZIER_KNOTS.);
#3599 = CARTESIAN_POINT('',(8.,1.3));
#3600 = CARTESIAN_POINT('',(0.,1.3));
#3601 = ( GEOMETRIC_REPRESENTATION_CONTEXT(2) 
PARAMETRIC_REPRESENTATION_CONTEXT() REPRESENTATION_CONTEXT('2D SPACE',''
  ) );
#3602 = FACE_BOUND('',#3603,.F.);
#3603 = EDGE_LOOP('',(#3604,#3627,#3648,#3669));
#3604 = ORIENTED_EDGE('',*,*,#3605,.T.);
#3605 = EDGE_CURVE('',#3606,#3608,#3610,.T.);
#3606 = VERTEX_POINT('',#3607);
#3607 = CARTESIAN_POINT('',(561.5,51.8,118.25));
#3608 = VERTEX_POINT('',#3609);
#3609 = CARTESIAN_POINT('',(561.5,51.8,189.75));
#3610 = SURFACE_CURVE('',#3611,(#3615,#3621),.PCURVE_S1.);
#3611 = LINE('',#3612,#3613);
#3612 = CARTESIAN_POINT('',(561.5,51.8,110.225));
#3613 = VECTOR('',#3614,1.);
#3614 = DIRECTION('',(0.,0.,1.));
#3615 = PCURVE('',#646,#3616);
#3616 = DEFINITIONAL_REPRESENTATION('',(#3617),#3620);
#3617 = B_SPLINE_CURVE_WITH_KNOTS('',1,(#3618,#3619),.UNSPECIFIED.,.F.,
  .F.,(2,2),(8.025,79.525),.PIECEWISE_BEZIER_KNOTS.);
#3618 = CARTESIAN_POINT('',(16.05,372.5));
#3619 = CARTESIAN_POINT('',(87.55,372.5));
#3620 = ( GEOMETRIC_REPRESENTATION_CONTEXT(2) 
PARAMETRIC_REPRESENTATION_CONTEXT() REPRESENTATION_CONTEXT('2D SPACE',''
  ) );
#3621 = PCURVE('',#2149,#3622);
#3622 = DEFINITIONAL_REPRESENTATION('',(#3623),#3626);
#3623 = B_SPLINE_CURVE_WITH_KNOTS('',1,(#3624,#3625),.UNSPECIFIED.,.F.,
  .F.,(2,2),(8.025,79.525),.PIECEWISE_BEZIER_KNOTS.);
#3624 = CARTESIAN_POINT('',(0.,-1.3));
#3625 = CARTESIAN_POINT('',(71.5,-1.3));
#3626 = ( GEOMETRIC_REPRESENTATION_CONTEXT(2) 
PARAMETRIC_REPRESENTATION_CONTEXT() REPRESENTATION_CONTEXT('2D SPACE',''
  ) );
#3627 = ORIENTED_EDGE('',*,*,#3628,.T.);
#3628 = EDGE_CURVE('',#3608,#3629,#3631,.T.);
#3629 = VERTEX_POINT('',#3630);
#3630 = CARTESIAN_POINT('',(553.5,51.8,189.75));
#3631 = SURFACE_CURVE('',#3632,(#3636,#3642),.PCURVE_S1.);
#3632 = LINE('',#3633,#3634);
#3633 = CARTESIAN_POINT('',(371.25,51.8,189.75));
#3634 = VECTOR('',#3635,1.);
#3635 = DIRECTION('',(-1.,0.,0.));
#3636 = PCURVE('',#646,#3637);
#3637 = DEFINITIONAL_REPRESENTATION('',(#3638),#3641);
#3638 = B_SPLINE_CURVE_WITH_KNOTS('',1,(#3639,#3640),.UNSPECIFIED.,.F.,
  .F.,(2,2),(-190.25,-182.25),.PIECEWISE_BEZIER_KNOTS.);
#3639 = CARTESIAN_POINT('',(87.55,372.5));
#3640 = CARTESIAN_POINT('',(87.55,364.5));
#3641 = ( GEOMETRIC_REPRESENTATION_CONTEXT(2) 
PARAMETRIC_REPRESENTATION_CONTEXT() REPRESENTATION_CONTEXT('2D SPACE',''
  ) );
#3642 = PCURVE('',#2073,#3643);
#3643 = DEFINITIONAL_REPRESENTATION('',(#3644),#3647);
#3644 = B_SPLINE_CURVE_WITH_KNOTS('',1,(#3645,#3646),.UNSPECIFIED.,.F.,
  .F.,(2,2),(-190.25,-182.25),.PIECEWISE_BEZIER_KNOTS.);
#3645 = CARTESIAN_POINT('',(8.,1.3));
#3646 = CARTESIAN_POINT('',(0.,1.3));
#3647 = ( GEOMETRIC_REPRESENTATION_CONTEXT(2) 
PARAMETRIC_REPRESENTATION_CONTEXT() REPRESENTATION_CONTEXT('2D SPACE',''
  ) );
#3648 = ORIENTED_EDGE('',*,*,#3649,.F.);
#3649 = EDGE_CURVE('',#3650,#3629,#3652,.T.);
#3650 = VERTEX_POINT('',#3651);
#3651 = CARTESIAN_POINT('',(553.5,51.8,118.25));
#3652 = SURFACE_CURVE('',#3653,(#3657,#3663),.PCURVE_S1.);
#3653 = LINE('',#3654,#3655);
#3654 = CARTESIAN_POINT('',(553.5,51.8,110.225));
#3655 = VECTOR('',#3656,1.);
#3656 = DIRECTION('',(0.,0.,1.));
#3657 = PCURVE('',#646,#3658);
#3658 = DEFINITIONAL_REPRESENTATION('',(#3659),#3662);
#3659 = B_SPLINE_CURVE_WITH_KNOTS('',1,(#3660,#3661),.UNSPECIFIED.,.F.,
  .F.,(2,2),(8.025,79.525),.PIECEWISE_BEZIER_KNOTS.);
#3660 = CARTESIAN_POINT('',(16.05,364.5));
#3661 = CARTESIAN_POINT('',(87.55,364.5));
#3662 = ( GEOMETRIC_REPRESENTATION_CONTEXT(2) 
PARAMETRIC_REPRESENTATION_CONTEXT() REPRESENTATION_CONTEXT('2D SPACE',''
  ) );
#3663 = PCURVE('',#2099,#3664);
#3664 = DEFINITIONAL_REPRESENTATION('',(#3665),#3668);
#3665 = B_SPLINE_CURVE_WITH_KNOTS('',1,(#3666,#3667),.UNSPECIFIED.,.F.,
  .F.,(2,2),(8.025,79.525),.PIECEWISE_BEZIER_KNOTS.);
#3666 = CARTESIAN_POINT('',(0.,-1.3));
#3667 = CARTESIAN_POINT('',(71.5,-1.3));
#3668 = ( GEOMETRIC_REPRESENTATION_CONTEXT(2) 
PARAMETRIC_REPRESENTATION_CONTEXT() REPRESENTATION_CONTEXT('2D SPACE',''
  ) );
#3669 = ORIENTED_EDGE('',*,*,#3670,.F.);
#3670 = EDGE_CURVE('',#3606,#3650,#3671,.T.);
#3671 = SURFACE_CURVE('',#3672,(#3676,#3682),.PCURVE_S1.);
#3672 = LINE('',#3673,#3674);
#3673 = CARTESIAN_POINT('',(371.25,51.8,118.25));
#3674 = VECTOR('',#3675,1.);
#3675 = DIRECTION('',(-1.,0.,0.));
#3676 = PCURVE('',#646,#3677);
#3677 = DEFINITIONAL_REPRESENTATION('',(#3678),#3681);
#3678 = B_SPLINE_CURVE_WITH_KNOTS('',1,(#3679,#3680),.UNSPECIFIED.,.F.,
  .F.,(2,2),(-190.25,-182.25),.PIECEWISE_BEZIER_KNOTS.);
#3679 = CARTESIAN_POINT('',(16.05,372.5));
#3680 = CARTESIAN_POINT('',(16.05,364.5));
#3681 = ( GEOMETRIC_REPRESENTATION_CONTEXT(2) 
PARAMETRIC_REPRESENTATION_CONTEXT() REPRESENTATION_CONTEXT('2D SPACE',''
  ) );
#3682 = PCURVE('',#2125,#3683);
#3683 = DEFINITIONAL_REPRESENTATION('',(#3684),#3687);
#3684 = B_SPLINE_CURVE_WITH_KNOTS('',1,(#3685,#3686),.UNSPECIFIED.,.F.,
  .F.,(2,2),(-190.25,-182.25),.PIECEWISE_BEZIER_KNOTS.);
#3685 = CARTESIAN_POINT('',(8.,1.3));
#3686 = CARTESIAN_POINT('',(0.,1.3));
#3687 = ( GEOMETRIC_REPRESENTATION_CONTEXT(2) 
PARAMETRIC_REPRESENTATION_CONTEXT() REPRESENTATION_CONTEXT('2D SPACE',''
  ) );
#3688 = ADVANCED_FACE('',(#3689),#963,.T.);
#3689 = FACE_BOUND('',#3690,.T.);
#3690 = EDGE_LOOP('',(#3691,#3692,#3693,#3694,#3695,#3696));
#3691 = ORIENTED_EDGE('',*,*,#2584,.F.);
#3692 = ORIENTED_EDGE('',*,*,#948,.F.);
#3693 = ORIENTED_EDGE('',*,*,#2382,.T.);
#3694 = ORIENTED_EDGE('',*,*,#2456,.T.);
#3695 = ORIENTED_EDGE('',*,*,#2505,.F.);
#3696 = ORIENTED_EDGE('',*,*,#2555,.F.);
#3697 = ADVANCED_FACE('',(#3698),#1082,.F.);
#3698 = FACE_BOUND('',#3699,.F.);
#3699 = EDGE_LOOP('',(#3700,#3728,#3754,#3780,#3809,#3835,#3864,#3890,
    #3911,#3937,#3963,#3991,#4013,#4014,#4042,#4070));
#3700 = ORIENTED_EDGE('',*,*,#3701,.F.);
#3701 = EDGE_CURVE('',#3702,#3704,#3706,.T.);
#3702 = VERTEX_POINT('',#3703);
#3703 = CARTESIAN_POINT('',(226.,9.999999999999E-02,99.));
#3704 = VERTEX_POINT('',#3705);
#3705 = CARTESIAN_POINT('',(226.,26.381811916546,99.));
#3706 = SURFACE_CURVE('',#3707,(#3711,#3717),.PCURVE_S1.);
#3707 = LINE('',#3708,#3709);
#3708 = CARTESIAN_POINT('',(226.,-27.5,99.));
#3709 = VECTOR('',#3710,1.);
#3710 = DIRECTION('',(0.,1.,0.));
#3711 = PCURVE('',#1082,#3712);
#3712 = DEFINITIONAL_REPRESENTATION('',(#3713),#3716);
#3713 = B_SPLINE_CURVE_WITH_KNOTS('',1,(#3714,#3715),.UNSPECIFIED.,.F.,
  .F.,(2,2),(-27.5,82.5),.PIECEWISE_BEZIER_KNOTS.);
#3714 = CARTESIAN_POINT('',(36.,0.));
#3715 = CARTESIAN_POINT('',(36.,110.));
#3716 = ( GEOMETRIC_REPRESENTATION_CONTEXT(2) 
PARAMETRIC_REPRESENTATION_CONTEXT() REPRESENTATION_CONTEXT('2D SPACE',''
  ) );
#3717 = PCURVE('',#3718,#3723);
#3718 = PLANE('',#3719);
#3719 = AXIS2_PLACEMENT_3D('',#3720,#3721,#3722);
#3720 = CARTESIAN_POINT('',(226.,-5.738765146395E-15,154.));
#3721 = DIRECTION('',(1.,0.,0.));
#3722 = DIRECTION('',(-0.,0.,1.));
#3723 = DEFINITIONAL_REPRESENTATION('',(#3724),#3727);
#3724 = B_SPLINE_CURVE_WITH_KNOTS('',1,(#3725,#3726),.UNSPECIFIED.,.F.,
  .F.,(2,2),(-27.5,82.5),.PIECEWISE_BEZIER_KNOTS.);
#3725 = CARTESIAN_POINT('',(-55.,55.));
#3726 = CARTESIAN_POINT('',(-55.,-55.));
#3727 = ( GEOMETRIC_REPRESENTATION_CONTEXT(2) 
PARAMETRIC_REPRESENTATION_CONTEXT() REPRESENTATION_CONTEXT('2D SPACE',''
  ) );
#3728 = ORIENTED_EDGE('',*,*,#3729,.F.);
#3729 = EDGE_CURVE('',#3730,#3702,#3732,.T.);
#3730 = VERTEX_POINT('',#3731);
#3731 = CARTESIAN_POINT('',(274.,9.999999999999E-02,99.));
#3732 = SURFACE_CURVE('',#3733,(#3737,#3743),.PCURVE_S1.);
#3733 = LINE('',#3734,#3735);
#3734 = CARTESIAN_POINT('',(187.49999995,9.999999999999E-02,99.));
#3735 = VECTOR('',#3736,1.);
#3736 = DIRECTION('',(-1.,0.,0.));
#3737 = PCURVE('',#1082,#3738);
#3738 = DEFINITIONAL_REPRESENTATION('',(#3739),#3742);
#3739 = B_SPLINE_CURVE_WITH_KNOTS('',1,(#3740,#3741),.UNSPECIFIED.,.F.,
  .F.,(2,2),(-422.50000005,-2.50000005),.PIECEWISE_BEZIER_KNOTS.);
#3740 = CARTESIAN_POINT('',(420.,55.1));
#3741 = CARTESIAN_POINT('',(0.,55.1));
#3742 = ( GEOMETRIC_REPRESENTATION_CONTEXT(2) 
PARAMETRIC_REPRESENTATION_CONTEXT() REPRESENTATION_CONTEXT('2D SPACE',''
  ) );
#3743 = PCURVE('',#3744,#3749);
#3744 = PLANE('',#3745);
#3745 = AXIS2_PLACEMENT_3D('',#3746,#3747,#3748);
#3746 = CARTESIAN_POINT('',(184.9999999,9.999999999999E-02,76.));
#3747 = DIRECTION('',(0.,1.,0.));
#3748 = DIRECTION('',(0.,0.,1.));
#3749 = DEFINITIONAL_REPRESENTATION('',(#3750),#3753);
#3750 = B_SPLINE_CURVE_WITH_KNOTS('',1,(#3751,#3752),.UNSPECIFIED.,.F.,
  .F.,(2,2),(-422.50000005,-2.50000005),.PIECEWISE_BEZIER_KNOTS.);
#3751 = CARTESIAN_POINT('',(23.,425.0000001));
#3752 = CARTESIAN_POINT('',(23.,5.0000001));
#3753 = ( GEOMETRIC_REPRESENTATION_CONTEXT(2) 
PARAMETRIC_REPRESENTATION_CONTEXT() REPRESENTATION_CONTEXT('2D SPACE',''
  ) );
#3754 = ORIENTED_EDGE('',*,*,#3755,.T.);
#3755 = EDGE_CURVE('',#3730,#3756,#3758,.T.);
#3756 = VERTEX_POINT('',#3757);
#3757 = CARTESIAN_POINT('',(274.,16.,99.));
#3758 = SURFACE_CURVE('',#3759,(#3763,#3769),.PCURVE_S1.);
#3759 = LINE('',#3760,#3761);
#3760 = CARTESIAN_POINT('',(274.,-36.5,99.));
#3761 = VECTOR('',#3762,1.);
#3762 = DIRECTION('',(0.,1.,0.));
#3763 = PCURVE('',#1082,#3764);
#3764 = DEFINITIONAL_REPRESENTATION('',(#3765),#3768);
#3765 = B_SPLINE_CURVE_WITH_KNOTS('',1,(#3766,#3767),.UNSPECIFIED.,.F.,
  .F.,(2,2),(20.5,52.5),.PIECEWISE_BEZIER_KNOTS.);
#3766 = CARTESIAN_POINT('',(84.,39.));
#3767 = CARTESIAN_POINT('',(84.,71.));
#3768 = ( GEOMETRIC_REPRESENTATION_CONTEXT(2) 
PARAMETRIC_REPRESENTATION_CONTEXT() REPRESENTATION_CONTEXT('2D SPACE',''
  ) );
#3769 = PCURVE('',#3770,#3775);
#3770 = PLANE('',#3771);
#3771 = AXIS2_PLACEMENT_3D('',#3772,#3773,#3774);
#3772 = CARTESIAN_POINT('',(274.,-18.,81.));
#3773 = DIRECTION('',(1.,0.,0.));
#3774 = DIRECTION('',(0.,0.,1.));
#3775 = DEFINITIONAL_REPRESENTATION('',(#3776),#3779);
#3776 = B_SPLINE_CURVE_WITH_KNOTS('',1,(#3777,#3778),.UNSPECIFIED.,.F.,
  .F.,(2,2),(20.5,52.5),.PIECEWISE_BEZIER_KNOTS.);
#3777 = CARTESIAN_POINT('',(18.,-2.));
#3778 = CARTESIAN_POINT('',(18.,-34.));
#3779 = ( GEOMETRIC_REPRESENTATION_CONTEXT(2) 
PARAMETRIC_REPRESENTATION_CONTEXT() REPRESENTATION_CONTEXT('2D SPACE',''
  ) );
#3780 = ORIENTED_EDGE('',*,*,#3781,.F.);
#3781 = EDGE_CURVE('',#3782,#3756,#3784,.T.);
#3782 = VERTEX_POINT('',#3783);
#3783 = CARTESIAN_POINT('',(276.,18.,99.));
#3784 = SURFACE_CURVE('',#3785,(#3790,#3797),.PCURVE_S1.);
#3785 = CIRCLE('',#3786,2.);
#3786 = AXIS2_PLACEMENT_3D('',#3787,#3788,#3789);
#3787 = CARTESIAN_POINT('',(276.,16.,99.));
#3788 = DIRECTION('',(0.,0.,1.));
#3789 = DIRECTION('',(-1.,-0.,0.));
#3790 = PCURVE('',#1082,#3791);
#3791 = DEFINITIONAL_REPRESENTATION('',(#3792),#3796);
#3792 = CIRCLE('',#3793,2.);
#3793 = AXIS2_PLACEMENT_2D('',#3794,#3795);
#3794 = CARTESIAN_POINT('',(86.,71.));
#3795 = DIRECTION('',(-1.,0.));
#3796 = ( GEOMETRIC_REPRESENTATION_CONTEXT(2) 
PARAMETRIC_REPRESENTATION_CONTEXT() REPRESENTATION_CONTEXT('2D SPACE',''
  ) );
#3797 = PCURVE('',#3798,#3803);
#3798 = CYLINDRICAL_SURFACE('',#3799,2.);
#3799 = AXIS2_PLACEMENT_3D('',#3800,#3801,#3802);
#3800 = CARTESIAN_POINT('',(276.,16.,81.));
#3801 = DIRECTION('',(0.,0.,1.));
#3802 = DIRECTION('',(-1.,-0.,0.));
#3803 = DEFINITIONAL_REPRESENTATION('',(#3804),#3808);
#3804 = LINE('',#3805,#3806);
#3805 = CARTESIAN_POINT('',(-6.28318530718,18.));
#3806 = VECTOR('',#3807,1.);
#3807 = DIRECTION('',(1.,-0.));
#3808 = ( GEOMETRIC_REPRESENTATION_CONTEXT(2) 
PARAMETRIC_REPRESENTATION_CONTEXT() REPRESENTATION_CONTEXT('2D SPACE',''
  ) );
#3809 = ORIENTED_EDGE('',*,*,#3810,.F.);
#3810 = EDGE_CURVE('',#3811,#3782,#3813,.T.);
#3811 = VERTEX_POINT('',#3812);
#3812 = CARTESIAN_POINT('',(566.,18.,99.));
#3813 = SURFACE_CURVE('',#3814,(#3818,#3824),.PCURVE_S1.);
#3814 = LINE('',#3815,#3816);
#3815 = CARTESIAN_POINT('',(232.,18.,99.));
#3816 = VECTOR('',#3817,1.);
#3817 = DIRECTION('',(-1.,0.,0.));
#3818 = PCURVE('',#1082,#3819);
#3819 = DEFINITIONAL_REPRESENTATION('',(#3820),#3823);
#3820 = B_SPLINE_CURVE_WITH_KNOTS('',1,(#3821,#3822),.UNSPECIFIED.,.F.,
  .F.,(2,2),(-334.,-44.),.PIECEWISE_BEZIER_KNOTS.);
#3821 = CARTESIAN_POINT('',(376.,73.));
#3822 = CARTESIAN_POINT('',(86.,73.));
#3823 = ( GEOMETRIC_REPRESENTATION_CONTEXT(2) 
PARAMETRIC_REPRESENTATION_CONTEXT() REPRESENTATION_CONTEXT('2D SPACE',''
  ) );
#3824 = PCURVE('',#3825,#3830);
#3825 = PLANE('',#3826);
#3826 = AXIS2_PLACEMENT_3D('',#3827,#3828,#3829);
#3827 = CARTESIAN_POINT('',(274.,18.,81.));
#3828 = DIRECTION('',(0.,1.,0.));
#3829 = DIRECTION('',(0.,0.,1.));
#3830 = DEFINITIONAL_REPRESENTATION('',(#3831),#3834);
#3831 = B_SPLINE_CURVE_WITH_KNOTS('',1,(#3832,#3833),.UNSPECIFIED.,.F.,
  .F.,(2,2),(-334.,-44.),.PIECEWISE_BEZIER_KNOTS.);
#3832 = CARTESIAN_POINT('',(18.,292.));
#3833 = CARTESIAN_POINT('',(18.,2.));
#3834 = ( GEOMETRIC_REPRESENTATION_CONTEXT(2) 
PARAMETRIC_REPRESENTATION_CONTEXT() REPRESENTATION_CONTEXT('2D SPACE',''
  ) );
#3835 = ORIENTED_EDGE('',*,*,#3836,.F.);
#3836 = EDGE_CURVE('',#3837,#3811,#3839,.T.);
#3837 = VERTEX_POINT('',#3838);
#3838 = CARTESIAN_POINT('',(568.,16.,99.));
#3839 = SURFACE_CURVE('',#3840,(#3845,#3852),.PCURVE_S1.);
#3840 = CIRCLE('',#3841,2.);
#3841 = AXIS2_PLACEMENT_3D('',#3842,#3843,#3844);
#3842 = CARTESIAN_POINT('',(566.,16.,99.));
#3843 = DIRECTION('',(0.,0.,1.));
#3844 = DIRECTION('',(1.,0.,-0.));
#3845 = PCURVE('',#1082,#3846);
#3846 = DEFINITIONAL_REPRESENTATION('',(#3847),#3851);
#3847 = CIRCLE('',#3848,2.);
#3848 = AXIS2_PLACEMENT_2D('',#3849,#3850);
#3849 = CARTESIAN_POINT('',(376.,71.));
#3850 = DIRECTION('',(1.,0.));
#3851 = ( GEOMETRIC_REPRESENTATION_CONTEXT(2) 
PARAMETRIC_REPRESENTATION_CONTEXT() REPRESENTATION_CONTEXT('2D SPACE',''
  ) );
#3852 = PCURVE('',#3853,#3858);
#3853 = CYLINDRICAL_SURFACE('',#3854,2.);
#3854 = AXIS2_PLACEMENT_3D('',#3855,#3856,#3857);
#3855 = CARTESIAN_POINT('',(566.,16.,81.));
#3856 = DIRECTION('',(0.,0.,1.));
#3857 = DIRECTION('',(1.,0.,-0.));
#3858 = DEFINITIONAL_REPRESENTATION('',(#3859),#3863);
#3859 = LINE('',#3860,#3861);
#3860 = CARTESIAN_POINT('',(0.,18.));
#3861 = VECTOR('',#3862,1.);
#3862 = DIRECTION('',(1.,0.));
#3863 = ( GEOMETRIC_REPRESENTATION_CONTEXT(2) 
PARAMETRIC_REPRESENTATION_CONTEXT() REPRESENTATION_CONTEXT('2D SPACE',''
  ) );
#3864 = ORIENTED_EDGE('',*,*,#3865,.F.);
#3865 = EDGE_CURVE('',#3866,#3837,#3868,.T.);
#3866 = VERTEX_POINT('',#3867);
#3867 = CARTESIAN_POINT('',(568.,9.999999999999E-02,99.));
#3868 = SURFACE_CURVE('',#3869,(#3873,#3879),.PCURVE_S1.);
#3869 = LINE('',#3870,#3871);
#3870 = CARTESIAN_POINT('',(568.,-36.5,99.));
#3871 = VECTOR('',#3872,1.);
#3872 = DIRECTION('',(0.,1.,0.));
#3873 = PCURVE('',#1082,#3874);
#3874 = DEFINITIONAL_REPRESENTATION('',(#3875),#3878);
#3875 = B_SPLINE_CURVE_WITH_KNOTS('',1,(#3876,#3877),.UNSPECIFIED.,.F.,
  .F.,(2,2),(20.5,52.5),.PIECEWISE_BEZIER_KNOTS.);
#3876 = CARTESIAN_POINT('',(378.,39.));
#3877 = CARTESIAN_POINT('',(378.,71.));
#3878 = ( GEOMETRIC_REPRESENTATION_CONTEXT(2) 
PARAMETRIC_REPRESENTATION_CONTEXT() REPRESENTATION_CONTEXT('2D SPACE',''
  ) );
#3879 = PCURVE('',#3880,#3885);
#3880 = PLANE('',#3881);
#3881 = AXIS2_PLACEMENT_3D('',#3882,#3883,#3884);
#3882 = CARTESIAN_POINT('',(568.,-18.,81.));
#3883 = DIRECTION('',(1.,0.,0.));
#3884 = DIRECTION('',(0.,0.,1.));
#3885 = DEFINITIONAL_REPRESENTATION('',(#3886),#3889);
#3886 = B_SPLINE_CURVE_WITH_KNOTS('',1,(#3887,#3888),.UNSPECIFIED.,.F.,
  .F.,(2,2),(20.5,52.5),.PIECEWISE_BEZIER_KNOTS.);
#3887 = CARTESIAN_POINT('',(18.,-2.));
#3888 = CARTESIAN_POINT('',(18.,-34.));
#3889 = ( GEOMETRIC_REPRESENTATION_CONTEXT(2) 
PARAMETRIC_REPRESENTATION_CONTEXT() REPRESENTATION_CONTEXT('2D SPACE',''
  ) );
#3890 = ORIENTED_EDGE('',*,*,#3891,.F.);
#3891 = EDGE_CURVE('',#3892,#3866,#3894,.T.);
#3892 = VERTEX_POINT('',#3893);
#3893 = CARTESIAN_POINT('',(594.,9.999999999999E-02,99.));
#3894 = SURFACE_CURVE('',#3895,(#3899,#3905),.PCURVE_S1.);
#3895 = LINE('',#3896,#3897);
#3896 = CARTESIAN_POINT('',(187.49999995,9.999999999999E-02,99.));
#3897 = VECTOR('',#3898,1.);
#3898 = DIRECTION('',(-1.,0.,0.));
#3899 = PCURVE('',#1082,#3900);
#3900 = DEFINITIONAL_REPRESENTATION('',(#3901),#3904);
#3901 = B_SPLINE_CURVE_WITH_KNOTS('',1,(#3902,#3903),.UNSPECIFIED.,.F.,
  .F.,(2,2),(-422.50000005,-2.50000005),.PIECEWISE_BEZIER_KNOTS.);
#3902 = CARTESIAN_POINT('',(420.,55.1));
#3903 = CARTESIAN_POINT('',(0.,55.1));
#3904 = ( GEOMETRIC_REPRESENTATION_CONTEXT(2) 
PARAMETRIC_REPRESENTATION_CONTEXT() REPRESENTATION_CONTEXT('2D SPACE',''
  ) );
#3905 = PCURVE('',#3744,#3906);
#3906 = DEFINITIONAL_REPRESENTATION('',(#3907),#3910);
#3907 = B_SPLINE_CURVE_WITH_KNOTS('',1,(#3908,#3909),.UNSPECIFIED.,.F.,
  .F.,(2,2),(-422.50000005,-2.50000005),.PIECEWISE_BEZIER_KNOTS.);
#3908 = CARTESIAN_POINT('',(23.,425.0000001));
#3909 = CARTESIAN_POINT('',(23.,5.0000001));
#3910 = ( GEOMETRIC_REPRESENTATION_CONTEXT(2) 
PARAMETRIC_REPRESENTATION_CONTEXT() REPRESENTATION_CONTEXT('2D SPACE',''
  ) );
#3911 = ORIENTED_EDGE('',*,*,#3912,.T.);
#3912 = EDGE_CURVE('',#3892,#3913,#3915,.T.);
#3913 = VERTEX_POINT('',#3914);
#3914 = CARTESIAN_POINT('',(594.,21.354156504063,99.));
#3915 = SURFACE_CURVE('',#3916,(#3920,#3926),.PCURVE_S1.);
#3916 = LINE('',#3917,#3918);
#3917 = CARTESIAN_POINT('',(594.,-27.5,99.));
#3918 = VECTOR('',#3919,1.);
#3919 = DIRECTION('',(0.,1.,0.));
#3920 = PCURVE('',#1082,#3921);
#3921 = DEFINITIONAL_REPRESENTATION('',(#3922),#3925);
#3922 = B_SPLINE_CURVE_WITH_KNOTS('',1,(#3923,#3924),.UNSPECIFIED.,.F.,
  .F.,(2,2),(-27.5,82.5),.PIECEWISE_BEZIER_KNOTS.);
#3923 = CARTESIAN_POINT('',(404.,0.));
#3924 = CARTESIAN_POINT('',(404.,110.));
#3925 = ( GEOMETRIC_REPRESENTATION_CONTEXT(2) 
PARAMETRIC_REPRESENTATION_CONTEXT() REPRESENTATION_CONTEXT('2D SPACE',''
  ) );
#3926 = PCURVE('',#3927,#3932);
#3927 = PLANE('',#3928);
#3928 = AXIS2_PLACEMENT_3D('',#3929,#3930,#3931);
#3929 = CARTESIAN_POINT('',(594.,-5.933299558137E-15,154.));
#3930 = DIRECTION('',(1.,0.,0.));
#3931 = DIRECTION('',(-0.,0.,1.));
#3932 = DEFINITIONAL_REPRESENTATION('',(#3933),#3936);
#3933 = B_SPLINE_CURVE_WITH_KNOTS('',1,(#3934,#3935),.UNSPECIFIED.,.F.,
  .F.,(2,2),(-27.5,82.5),.PIECEWISE_BEZIER_KNOTS.);
#3934 = CARTESIAN_POINT('',(-55.,55.));
#3935 = CARTESIAN_POINT('',(-55.,-55.));
#3936 = ( GEOMETRIC_REPRESENTATION_CONTEXT(2) 
PARAMETRIC_REPRESENTATION_CONTEXT() REPRESENTATION_CONTEXT('2D SPACE',''
  ) );
#3937 = ORIENTED_EDGE('',*,*,#3938,.F.);
#3938 = EDGE_CURVE('',#3939,#3913,#3941,.T.);
#3939 = VERTEX_POINT('',#3940);
#3940 = CARTESIAN_POINT('',(610.,21.354156504062,99.));
#3941 = SURFACE_CURVE('',#3942,(#3946,#3952),.PCURVE_S1.);
#3942 = LINE('',#3943,#3944);
#3943 = CARTESIAN_POINT('',(594.,21.354156504063,99.));
#3944 = VECTOR('',#3945,1.);
#3945 = DIRECTION('',(-1.,-0.,-0.));
#3946 = PCURVE('',#1082,#3947);
#3947 = DEFINITIONAL_REPRESENTATION('',(#3948),#3951);
#3948 = B_SPLINE_CURVE_WITH_KNOTS('',1,(#3949,#3950),.UNSPECIFIED.,.F.,
  .F.,(2,2),(-16.0000006,6.000000212225E-07),.PIECEWISE_BEZIER_KNOTS.);
#3949 = CARTESIAN_POINT('',(420.0000006,76.354156504063));
#3950 = CARTESIAN_POINT('',(403.9999994,76.354156504063));
#3951 = ( GEOMETRIC_REPRESENTATION_CONTEXT(2) 
PARAMETRIC_REPRESENTATION_CONTEXT() REPRESENTATION_CONTEXT('2D SPACE',''
  ) );
#3952 = PCURVE('',#3953,#3958);
#3953 = CYLINDRICAL_SURFACE('',#3954,59.);
#3954 = AXIS2_PLACEMENT_3D('',#3955,#3956,#3957);
#3955 = CARTESIAN_POINT('',(594.,0.,154.));
#3956 = DIRECTION('',(-1.,-0.,-0.));
#3957 = DIRECTION('',(0.,1.,0.));
#3958 = DEFINITIONAL_REPRESENTATION('',(#3959),#3962);
#3959 = B_SPLINE_CURVE_WITH_KNOTS('',1,(#3960,#3961),.UNSPECIFIED.,.F.,
  .F.,(2,2),(-16.0000006,6.000000212225E-07),.PIECEWISE_BEZIER_KNOTS.);
#3960 = CARTESIAN_POINT('',(-5.082731612476,-16.0000006));
#3961 = CARTESIAN_POINT('',(-5.082731612476,6.000000212225E-07));
#3962 = ( GEOMETRIC_REPRESENTATION_CONTEXT(2) 
PARAMETRIC_REPRESENTATION_CONTEXT() REPRESENTATION_CONTEXT('2D SPACE',''
  ) );
#3963 = ORIENTED_EDGE('',*,*,#3964,.T.);
#3964 = EDGE_CURVE('',#3939,#3965,#3967,.T.);
#3965 = VERTEX_POINT('',#3966);
#3966 = CARTESIAN_POINT('',(610.,51.,99.));
#3967 = SURFACE_CURVE('',#3968,(#3972,#3979),.PCURVE_S1.);
#3968 = LINE('',#3969,#3970);
#3969 = CARTESIAN_POINT('',(610.,-55.,99.));
#3970 = VECTOR('',#3971,1.);
#3971 = DIRECTION('',(0.,1.,0.));
#3972 = PCURVE('',#1082,#3973);
#3973 = DEFINITIONAL_REPRESENTATION('',(#3974),#3978);
#3974 = LINE('',#3975,#3976);
#3975 = CARTESIAN_POINT('',(420.,0.));
#3976 = VECTOR('',#3977,1.);
#3977 = DIRECTION('',(0.,1.));
#3978 = ( GEOMETRIC_REPRESENTATION_CONTEXT(2) 
PARAMETRIC_REPRESENTATION_CONTEXT() REPRESENTATION_CONTEXT('2D SPACE',''
  ) );
#3979 = PCURVE('',#3980,#3985);
#3980 = PLANE('',#3981);
#3981 = AXIS2_PLACEMENT_3D('',#3982,#3983,#3984);
#3982 = CARTESIAN_POINT('',(610.,-55.,99.));
#3983 = DIRECTION('',(1.,0.,0.));
#3984 = DIRECTION('',(0.,0.,1.));
#3985 = DEFINITIONAL_REPRESENTATION('',(#3986),#3990);
#3986 = LINE('',#3987,#3988);
#3987 = CARTESIAN_POINT('',(0.,0.));
#3988 = VECTOR('',#3989,1.);
#3989 = DIRECTION('',(0.,-1.));
#3990 = ( GEOMETRIC_REPRESENTATION_CONTEXT(2) 
PARAMETRIC_REPRESENTATION_CONTEXT() REPRESENTATION_CONTEXT('2D SPACE',''
  ) );
#3991 = ORIENTED_EDGE('',*,*,#3992,.T.);
#3992 = EDGE_CURVE('',#3965,#1067,#3993,.T.);
#3993 = SURFACE_CURVE('',#3994,(#3999,#4006),.PCURVE_S1.);
#3994 = CIRCLE('',#3995,4.);
#3995 = AXIS2_PLACEMENT_3D('',#3996,#3997,#3998);
#3996 = CARTESIAN_POINT('',(606.,51.,99.));
#3997 = DIRECTION('',(0.,0.,1.));
#3998 = DIRECTION('',(0.,-1.,0.));
#3999 = PCURVE('',#1082,#4000);
#4000 = DEFINITIONAL_REPRESENTATION('',(#4001),#4005);
#4001 = CIRCLE('',#4002,4.);
#4002 = AXIS2_PLACEMENT_2D('',#4003,#4004);
#4003 = CARTESIAN_POINT('',(416.,106.));
#4004 = DIRECTION('',(0.,-1.));
#4005 = ( GEOMETRIC_REPRESENTATION_CONTEXT(2) 
PARAMETRIC_REPRESENTATION_CONTEXT() REPRESENTATION_CONTEXT('2D SPACE',''
  ) );
#4006 = PCURVE('',#1300,#4007);
#4007 = DEFINITIONAL_REPRESENTATION('',(#4008),#4012);
#4008 = LINE('',#4009,#4010);
#4009 = CARTESIAN_POINT('',(-1.570796326795,0.));
#4010 = VECTOR('',#4011,1.);
#4011 = DIRECTION('',(1.,0.));
#4012 = ( GEOMETRIC_REPRESENTATION_CONTEXT(2) 
PARAMETRIC_REPRESENTATION_CONTEXT() REPRESENTATION_CONTEXT('2D SPACE',''
  ) );
#4013 = ORIENTED_EDGE('',*,*,#1064,.F.);
#4014 = ORIENTED_EDGE('',*,*,#4015,.F.);
#4015 = EDGE_CURVE('',#4016,#1065,#4018,.T.);
#4016 = VERTEX_POINT('',#4017);
#4017 = CARTESIAN_POINT('',(190.,51.,99.));
#4018 = SURFACE_CURVE('',#4019,(#4024,#4035),.PCURVE_S1.);
#4019 = CIRCLE('',#4020,4.);
#4020 = AXIS2_PLACEMENT_3D('',#4021,#4022,#4023);
#4021 = CARTESIAN_POINT('',(194.,51.,99.));
#4022 = DIRECTION('',(-0.,-0.,-1.));
#4023 = DIRECTION('',(0.,-1.,0.));
#4024 = PCURVE('',#1082,#4025);
#4025 = DEFINITIONAL_REPRESENTATION('',(#4026),#4034);
#4026 = ( BOUNDED_CURVE() B_SPLINE_CURVE(2,(#4027,#4028,#4029,#4030,
#4031,#4032,#4033),.UNSPECIFIED.,.T.,.F.) B_SPLINE_CURVE_WITH_KNOTS((1,2
    ,2,2,2,1),(-2.094395102393,0.,2.094395102393,4.188790204786,
6.28318530718,8.377580409573),.UNSPECIFIED.) CURVE() 
GEOMETRIC_REPRESENTATION_ITEM() RATIONAL_B_SPLINE_CURVE((1.,0.5,1.,0.5,
1.,0.5,1.)) REPRESENTATION_ITEM('') );
#4027 = CARTESIAN_POINT('',(4.,102.));
#4028 = CARTESIAN_POINT('',(-2.928203230276,102.));
#4029 = CARTESIAN_POINT('',(0.535898384862,108.));
#4030 = CARTESIAN_POINT('',(4.,114.));
#4031 = CARTESIAN_POINT('',(7.464101615138,108.));
#4032 = CARTESIAN_POINT('',(10.928203230276,102.));
#4033 = CARTESIAN_POINT('',(4.,102.));
#4034 = ( GEOMETRIC_REPRESENTATION_CONTEXT(2) 
PARAMETRIC_REPRESENTATION_CONTEXT() REPRESENTATION_CONTEXT('2D SPACE',''
  ) );
#4035 = PCURVE('',#1110,#4036);
#4036 = DEFINITIONAL_REPRESENTATION('',(#4037),#4041);
#4037 = LINE('',#4038,#4039);
#4038 = CARTESIAN_POINT('',(1.570796326795,-0.));
#4039 = VECTOR('',#4040,1.);
#4040 = DIRECTION('',(-1.,0.));
#4041 = ( GEOMETRIC_REPRESENTATION_CONTEXT(2) 
PARAMETRIC_REPRESENTATION_CONTEXT() REPRESENTATION_CONTEXT('2D SPACE',''
  ) );
#4042 = ORIENTED_EDGE('',*,*,#4043,.F.);
#4043 = EDGE_CURVE('',#4044,#4016,#4046,.T.);
#4044 = VERTEX_POINT('',#4045);
#4045 = CARTESIAN_POINT('',(190.,26.381811916543,98.999999999999));
#4046 = SURFACE_CURVE('',#4047,(#4051,#4058),.PCURVE_S1.);
#4047 = LINE('',#4048,#4049);
#4048 = CARTESIAN_POINT('',(190.,-55.,99.));
#4049 = VECTOR('',#4050,1.);
#4050 = DIRECTION('',(0.,1.,0.));
#4051 = PCURVE('',#1082,#4052);
#4052 = DEFINITIONAL_REPRESENTATION('',(#4053),#4057);
#4053 = LINE('',#4054,#4055);
#4054 = CARTESIAN_POINT('',(0.,0.));
#4055 = VECTOR('',#4056,1.);
#4056 = DIRECTION('',(0.,1.));
#4057 = ( GEOMETRIC_REPRESENTATION_CONTEXT(2) 
PARAMETRIC_REPRESENTATION_CONTEXT() REPRESENTATION_CONTEXT('2D SPACE',''
  ) );
#4058 = PCURVE('',#4059,#4064);
#4059 = PLANE('',#4060);
#4060 = AXIS2_PLACEMENT_3D('',#4061,#4062,#4063);
#4061 = CARTESIAN_POINT('',(190.,-55.,99.));
#4062 = DIRECTION('',(1.,0.,0.));
#4063 = DIRECTION('',(0.,0.,1.));
#4064 = DEFINITIONAL_REPRESENTATION('',(#4065),#4069);
#4065 = LINE('',#4066,#4067);
#4066 = CARTESIAN_POINT('',(0.,0.));
#4067 = VECTOR('',#4068,1.);
#4068 = DIRECTION('',(0.,-1.));
#4069 = ( GEOMETRIC_REPRESENTATION_CONTEXT(2) 
PARAMETRIC_REPRESENTATION_CONTEXT() REPRESENTATION_CONTEXT('2D SPACE',''
  ) );
#4070 = ORIENTED_EDGE('',*,*,#4071,.F.);
#4071 = EDGE_CURVE('',#3704,#4044,#4072,.T.);
#4072 = SURFACE_CURVE('',#4073,(#4077,#4083),.PCURVE_S1.);
#4073 = LINE('',#4074,#4075);
#4074 = CARTESIAN_POINT('',(190.,26.381811916546,99.));
#4075 = VECTOR('',#4076,1.);
#4076 = DIRECTION('',(-1.,-0.,-0.));
#4077 = PCURVE('',#1082,#4078);
#4078 = DEFINITIONAL_REPRESENTATION('',(#4079),#4082);
#4079 = B_SPLINE_CURVE_WITH_KNOTS('',1,(#4080,#4081),.UNSPECIFIED.,.F.,
  .F.,(2,2),(-36.0000006,5.999999928008E-07),.PIECEWISE_BEZIER_KNOTS.);
#4080 = CARTESIAN_POINT('',(36.0000006,81.381811916546));
#4081 = CARTESIAN_POINT('',(-5.999999928008E-07,81.381811916546));
#4082 = ( GEOMETRIC_REPRESENTATION_CONTEXT(2) 
PARAMETRIC_REPRESENTATION_CONTEXT() REPRESENTATION_CONTEXT('2D SPACE',''
  ) );
#4083 = PCURVE('',#4084,#4089);
#4084 = CYLINDRICAL_SURFACE('',#4085,61.);
#4085 = AXIS2_PLACEMENT_3D('',#4086,#4087,#4088);
#4086 = CARTESIAN_POINT('',(190.,0.,154.));
#4087 = DIRECTION('',(-1.,-0.,-0.));
#4088 = DIRECTION('',(0.,1.,0.));
#4089 = DEFINITIONAL_REPRESENTATION('',(#4090),#4093);
#4090 = B_SPLINE_CURVE_WITH_KNOTS('',1,(#4091,#4092),.UNSPECIFIED.,.F.,
  .F.,(2,2),(-36.0000006,5.999999928008E-07),.PIECEWISE_BEZIER_KNOTS.);
#4091 = CARTESIAN_POINT('',(-5.159640152643,-36.0000006));
#4092 = CARTESIAN_POINT('',(-5.159640152643,5.999999928008E-07));
#4093 = ( GEOMETRIC_REPRESENTATION_CONTEXT(2) 
PARAMETRIC_REPRESENTATION_CONTEXT() REPRESENTATION_CONTEXT('2D SPACE',''
  ) );
#4094 = ADVANCED_FACE('',(#4095),#1110,.T.);
#4095 = FACE_BOUND('',#4096,.F.);
#4096 = EDGE_LOOP('',(#4097,#4120,#4121,#4122,#4123,#4124));
#4097 = ORIENTED_EDGE('',*,*,#4098,.F.);
#4098 = EDGE_CURVE('',#4016,#4099,#4101,.T.);
#4099 = VERTEX_POINT('',#4100);
#4100 = CARTESIAN_POINT('',(190.,51.,102.2));
#4101 = SURFACE_CURVE('',#4102,(#4106,#4113),.PCURVE_S1.);
#4102 = LINE('',#4103,#4104);
#4103 = CARTESIAN_POINT('',(190.,51.,99.));
#4104 = VECTOR('',#4105,1.);
#4105 = DIRECTION('',(0.,0.,1.));
#4106 = PCURVE('',#1110,#4107);
#4107 = DEFINITIONAL_REPRESENTATION('',(#4108),#4112);
#4108 = LINE('',#4109,#4110);
#4109 = CARTESIAN_POINT('',(-0.,0.));
#4110 = VECTOR('',#4111,1.);
#4111 = DIRECTION('',(-0.,1.));
#4112 = ( GEOMETRIC_REPRESENTATION_CONTEXT(2) 
PARAMETRIC_REPRESENTATION_CONTEXT() REPRESENTATION_CONTEXT('2D SPACE',''
  ) );
#4113 = PCURVE('',#4059,#4114);
#4114 = DEFINITIONAL_REPRESENTATION('',(#4115),#4119);
#4115 = LINE('',#4116,#4117);
#4116 = CARTESIAN_POINT('',(0.,-106.));
#4117 = VECTOR('',#4118,1.);
#4118 = DIRECTION('',(1.,0.));
#4119 = ( GEOMETRIC_REPRESENTATION_CONTEXT(2) 
PARAMETRIC_REPRESENTATION_CONTEXT() REPRESENTATION_CONTEXT('2D SPACE',''
  ) );
#4120 = ORIENTED_EDGE('',*,*,#4015,.T.);
#4121 = ORIENTED_EDGE('',*,*,#1094,.T.);
#4122 = ORIENTED_EDGE('',*,*,#2686,.F.);
#4123 = ORIENTED_EDGE('',*,*,#2871,.F.);
#4124 = ORIENTED_EDGE('',*,*,#4125,.T.);
#4125 = EDGE_CURVE('',#2842,#4099,#4126,.T.);
#4126 = SURFACE_CURVE('',#4127,(#4132,#4139),.PCURVE_S1.);
#4127 = CIRCLE('',#4128,4.);
#4128 = AXIS2_PLACEMENT_3D('',#4129,#4130,#4131);
#4129 = CARTESIAN_POINT('',(194.,51.,102.2));
#4130 = DIRECTION('',(0.,0.,1.));
#4131 = DIRECTION('',(-1.,-0.,0.));
#4132 = PCURVE('',#1110,#4133);
#4133 = DEFINITIONAL_REPRESENTATION('',(#4134),#4138);
#4134 = LINE('',#4135,#4136);
#4135 = CARTESIAN_POINT('',(-6.28318530718,3.2));
#4136 = VECTOR('',#4137,1.);
#4137 = DIRECTION('',(1.,-0.));
#4138 = ( GEOMETRIC_REPRESENTATION_CONTEXT(2) 
PARAMETRIC_REPRESENTATION_CONTEXT() REPRESENTATION_CONTEXT('2D SPACE',''
  ) );
#4139 = PCURVE('',#2859,#4140);
#4140 = DEFINITIONAL_REPRESENTATION('',(#4141),#4145);
#4141 = CIRCLE('',#4142,4.);
#4142 = AXIS2_PLACEMENT_2D('',#4143,#4144);
#4143 = CARTESIAN_POINT('',(5.,102.8));
#4144 = DIRECTION('',(-1.,0.));
#4145 = ( GEOMETRIC_REPRESENTATION_CONTEXT(2) 
PARAMETRIC_REPRESENTATION_CONTEXT() REPRESENTATION_CONTEXT('2D SPACE',''
  ) );
#4146 = ADVANCED_FACE('',(#4147),#1300,.T.);
#4147 = FACE_BOUND('',#4148,.T.);
#4148 = EDGE_LOOP('',(#4149,#4172,#4173,#4174,#4282,#4283));
#4149 = ORIENTED_EDGE('',*,*,#4150,.F.);
#4150 = EDGE_CURVE('',#3965,#4151,#4153,.T.);
#4151 = VERTEX_POINT('',#4152);
#4152 = CARTESIAN_POINT('',(610.,51.,102.2));
#4153 = SURFACE_CURVE('',#4154,(#4158,#4165),.PCURVE_S1.);
#4154 = LINE('',#4155,#4156);
#4155 = CARTESIAN_POINT('',(610.,51.,99.));
#4156 = VECTOR('',#4157,1.);
#4157 = DIRECTION('',(0.,0.,1.));
#4158 = PCURVE('',#1300,#4159);
#4159 = DEFINITIONAL_REPRESENTATION('',(#4160),#4164);
#4160 = LINE('',#4161,#4162);
#4161 = CARTESIAN_POINT('',(0.,0.));
#4162 = VECTOR('',#4163,1.);
#4163 = DIRECTION('',(0.,1.));
#4164 = ( GEOMETRIC_REPRESENTATION_CONTEXT(2) 
PARAMETRIC_REPRESENTATION_CONTEXT() REPRESENTATION_CONTEXT('2D SPACE',''
  ) );
#4165 = PCURVE('',#3980,#4166);
#4166 = DEFINITIONAL_REPRESENTATION('',(#4167),#4171);
#4167 = LINE('',#4168,#4169);
#4168 = CARTESIAN_POINT('',(0.,-106.));
#4169 = VECTOR('',#4170,1.);
#4170 = DIRECTION('',(1.,0.));
#4171 = ( GEOMETRIC_REPRESENTATION_CONTEXT(2) 
PARAMETRIC_REPRESENTATION_CONTEXT() REPRESENTATION_CONTEXT('2D SPACE',''
  ) );
#4172 = ORIENTED_EDGE('',*,*,#3992,.T.);
#4173 = ORIENTED_EDGE('',*,*,#1286,.T.);
#4174 = ORIENTED_EDGE('',*,*,#4175,.F.);
#4175 = EDGE_CURVE('',#2962,#1266,#4176,.T.);
#4176 = SURFACE_CURVE('',#4177,(#4210,#4246),.PCURVE_S1.);
#4177 = B_SPLINE_CURVE_WITH_KNOTS('',7,(#4178,#4179,#4180,#4181,#4182,
    #4183,#4184,#4185,#4186,#4187,#4188,#4189,#4190,#4191,#4192,#4193,
    #4194,#4195,#4196,#4197,#4198,#4199,#4200,#4201,#4202,#4203,#4204,
    #4205,#4206,#4207,#4208,#4209),.UNSPECIFIED.,.F.,.F.,(8,6,6,6,6,8),(
    0.,0.271240928466,0.545214169793,0.784352727938,0.904309203245,1.),
  .UNSPECIFIED.);
#4178 = CARTESIAN_POINT('',(610.,51.,124.33520605161));
#4179 = CARTESIAN_POINT('',(610.,51.215904347456,124.70639088908));
#4180 = CARTESIAN_POINT('',(609.98640394743,51.42823900755,
    125.07869056833));
#4181 = CARTESIAN_POINT('',(609.96002162833,51.636694420973,
    125.45152225466));
#4182 = CARTESIAN_POINT('',(609.92146689231,51.841086143416,
    125.82445470413));
#4183 = CARTESIAN_POINT('',(609.87116932862,52.041286483079,
    126.1971232145));
#4184 = CARTESIAN_POINT('',(609.80938338314,52.237171355512,
    126.56913959976));
#4185 = CARTESIAN_POINT('',(609.66226919427,52.621921511746,
    127.31459056638));
#4186 = CARTESIAN_POINT('',(609.5768509066,52.810326710419,
    127.68728598582));
#4187 = CARTESIAN_POINT('',(609.47996290716,52.994049254885,
    128.05831101887));
#4188 = CARTESIAN_POINT('',(609.37132139658,53.173208633249,
    128.42768188195));
#4189 = CARTESIAN_POINT('',(609.25041528659,53.347680193486,
    128.79493158643));
#4190 = CARTESIAN_POINT('',(609.11658107003,53.517017765224,
    129.15882751084));
#4191 = CARTESIAN_POINT('',(608.84032040295,53.823029817845,
    129.82977900471));
#4192 = CARTESIAN_POINT('',(608.702147729,53.960014402652,
    130.13575508308));
#4193 = CARTESIAN_POINT('',(608.55278711155,54.092680811904,
    130.43739582973));
#4194 = CARTESIAN_POINT('',(608.39011032303,54.221381725173,
    130.7352533617));
#4195 = CARTESIAN_POINT('',(608.21197400569,54.345379768423,
    131.02743736297));
#4196 = CARTESIAN_POINT('',(608.01644890048,54.462897198018,
    131.30916707707));
#4197 = CARTESIAN_POINT('',(607.69435645424,54.625421439175,
    131.70462533276));
#4198 = CARTESIAN_POINT('',(607.58162116484,54.677561346772,
    131.83255491652));
#4199 = CARTESIAN_POINT('',(607.46304060115,54.727392754258,
    131.95580233565));
#4200 = CARTESIAN_POINT('',(607.3379695455,54.774541251265,
    132.07331691216));
#4201 = CARTESIAN_POINT('',(607.20583439462,54.818430045685,
    132.18349254128));
#4202 = CARTESIAN_POINT('',(607.0661440231,54.858283160794,
    132.28415788763));
#4203 = CARTESIAN_POINT('',(606.80072311415,54.920903734248,
    132.44309671561));
#4204 = CARTESIAN_POINT('',(606.67670796224,54.945774450787,
    132.50653142576));
#4205 = CARTESIAN_POINT('',(606.54757586213,54.96675791199,
    132.56029802079));
#4206 = CARTESIAN_POINT('',(606.41436735128,54.983115740761,
    132.60235572212));
#4207 = CARTESIAN_POINT('',(606.27806797637,54.994313236517,
    132.63119681142));
#4208 = CARTESIAN_POINT('',(606.13963137597,55.,132.64584349593));
#4209 = CARTESIAN_POINT('',(606.,55.,132.64584349593));
#4210 = PCURVE('',#1300,#4211);
#4211 = DEFINITIONAL_REPRESENTATION('',(#4212),#4245);
#4212 = B_SPLINE_CURVE_WITH_KNOTS('',7,(#4213,#4214,#4215,#4216,#4217,
    #4218,#4219,#4220,#4221,#4222,#4223,#4224,#4225,#4226,#4227,#4228,
    #4229,#4230,#4231,#4232,#4233,#4234,#4235,#4236,#4237,#4238,#4239,
    #4240,#4241,#4242,#4243,#4244),.UNSPECIFIED.,.F.,.F.,(8,6,6,6,6,8),(
    0.,0.271240928466,0.545214169793,0.784352727938,0.904309203245,1.),
  .UNSPECIFIED.);
#4213 = CARTESIAN_POINT('',(0.,25.335206051617));
#4214 = CARTESIAN_POINT('',(5.397608686409E-02,25.706390889086));
#4215 = CARTESIAN_POINT('',(0.107059791571,26.078690568337));
#4216 = CARTESIAN_POINT('',(0.159430356114,26.451522254663));
#4217 = CARTESIAN_POINT('',(0.211260810468,26.824454704136));
#4218 = CARTESIAN_POINT('',(0.262720430898,27.197123214505));
#4219 = CARTESIAN_POINT('',(0.313978611073,27.569139599769));
#4220 = CARTESIAN_POINT('',(0.41695775559,28.314590566384));
#4221 = CARTESIAN_POINT('',(0.46857940951,28.68728598582));
#4222 = CARTESIAN_POINT('',(0.52035779556,29.058311018878));
#4223 = CARTESIAN_POINT('',(0.572568155348,29.427681881958));
#4224 = CARTESIAN_POINT('',(0.62547129031,29.794931586438));
#4225 = CARTESIAN_POINT('',(0.679315475739,30.158827510842));
#4226 = CARTESIAN_POINT('',(0.782381999318,30.829779004711));
#4227 = CARTESIAN_POINT('',(0.830949290753,31.135755083087));
#4228 = CARTESIAN_POINT('',(0.880770627284,31.437395829735));
#4229 = CARTESIAN_POINT('',(0.932466874556,31.735253361706));
#4230 = CARTESIAN_POINT('',(0.986544896932,32.027437362972));
#4231 = CARTESIAN_POINT('',(1.04342030158,32.309167077077));
#4232 = CARTESIAN_POINT('',(1.133613730141,32.704625332768));
#4233 = CARTESIAN_POINT('',(1.164647877887,32.832554916522));
#4234 = CARTESIAN_POINT('',(1.196771243677,32.955802335657));
#4235 = CARTESIAN_POINT('',(1.230142714539,33.073316912168));
#4236 = CARTESIAN_POINT('',(1.264902305452,33.183492541281));
#4237 = CARTESIAN_POINT('',(1.301179579812,33.284157887631));
#4238 = CARTESIAN_POINT('',(1.369356553165,33.443096715613));
#4239 = CARTESIAN_POINT('',(1.40095963371,33.506531425764));
#4240 = CARTESIAN_POINT('',(1.433629811155,33.560298020799));
#4241 = CARTESIAN_POINT('',(1.467135024467,33.602355722125));
#4242 = CARTESIAN_POINT('',(1.501279324909,33.631196811423));
#4243 = CARTESIAN_POINT('',(1.535888482801,33.645843495937));
#4244 = CARTESIAN_POINT('',(1.570796326795,33.645843495937));
#4245 = ( GEOMETRIC_REPRESENTATION_CONTEXT(2) 
PARAMETRIC_REPRESENTATION_CONTEXT() REPRESENTATION_CONTEXT('2D SPACE',''
  ) );
#4246 = PCURVE('',#1228,#4247);
#4247 = DEFINITIONAL_REPRESENTATION('',(#4248),#4281);
#4248 = B_SPLINE_CURVE_WITH_KNOTS('',7,(#4249,#4250,#4251,#4252,#4253,
    #4254,#4255,#4256,#4257,#4258,#4259,#4260,#4261,#4262,#4263,#4264,
    #4265,#4266,#4267,#4268,#4269,#4270,#4271,#4272,#4273,#4274,#4275,
    #4276,#4277,#4278,#4279,#4280),.UNSPECIFIED.,.F.,.F.,(8,6,6,6,6,8),(
    0.,0.271240928466,0.545214169793,0.784352727938,0.904309203245,1.),
  .UNSPECIFIED.);
#4249 = CARTESIAN_POINT('',(-5.756358302969,-16.));
#4250 = CARTESIAN_POINT('',(-5.763636437037,-16.));
#4251 = CARTESIAN_POINT('',(-5.770900483818,-15.98640394743));
#4252 = CARTESIAN_POINT('',(-5.778139897059,-15.96002162833));
#4253 = CARTESIAN_POINT('',(-5.785347402729,-15.92146689231));
#4254 = CARTESIAN_POINT('',(-5.792517158082,-15.87116932862));
#4255 = CARTESIAN_POINT('',(-5.799642965648,-15.80938338314));
#4256 = CARTESIAN_POINT('',(-5.813861373492,-15.66226919427));
#4257 = CARTESIAN_POINT('',(-5.82093926385,-15.5768509066));
#4258 = CARTESIAN_POINT('',(-5.827956192252,-15.47996290716));
#4259 = CARTESIAN_POINT('',(-5.834913871846,-15.37132139658));
#4260 = CARTESIAN_POINT('',(-5.841804817982,-15.25041528659));
#4261 = CARTESIAN_POINT('',(-5.848607449395,-15.11658107003));
#4262 = CARTESIAN_POINT('',(-5.861106450027,-14.84032040295));
#4263 = CARTESIAN_POINT('',(-5.866788352868,-14.702147729));
#4264 = CARTESIAN_POINT('',(-5.872373353842,-14.55278711155));
#4265 = CARTESIAN_POINT('',(-5.877872693773,-14.39011032303));
#4266 = CARTESIAN_POINT('',(-5.883252300188,-14.21197400569));
#4267 = CARTESIAN_POINT('',(-5.888426080433,-14.01644890048));
#4268 = CARTESIAN_POINT('',(-5.89567273735,-13.69435645424));
#4269 = CARTESIAN_POINT('',(-5.898014199256,-13.58162116484));
#4270 = CARTESIAN_POINT('',(-5.90026740906,-13.46304060115));
#4271 = CARTESIAN_POINT('',(-5.902413500596,-13.3379695455));
#4272 = CARTESIAN_POINT('',(-5.904423586305,-13.20583439462));
#4273 = CARTESIAN_POINT('',(-5.90625862087,-13.0661440231));
#4274 = CARTESIAN_POINT('',(-5.909154044518,-12.80072311415));
#4275 = CARTESIAN_POINT('',(-5.910308890359,-12.67670796224));
#4276 = CARTESIAN_POINT('',(-5.911287128587,-12.54757586213));
#4277 = CARTESIAN_POINT('',(-5.912051989295,-12.41436735128));
#4278 = CARTESIAN_POINT('',(-5.912576371309,-12.27806797637));
#4279 = CARTESIAN_POINT('',(-5.912842675088,-12.13963137597));
#4280 = CARTESIAN_POINT('',(-5.912842675088,-12.));
#4281 = ( GEOMETRIC_REPRESENTATION_CONTEXT(2) 
PARAMETRIC_REPRESENTATION_CONTEXT() REPRESENTATION_CONTEXT('2D SPACE',''
  ) );
#4282 = ORIENTED_EDGE('',*,*,#2982,.F.);
#4283 = ORIENTED_EDGE('',*,*,#4284,.F.);
#4284 = EDGE_CURVE('',#4151,#2844,#4285,.T.);
#4285 = SURFACE_CURVE('',#4286,(#4291,#4298),.PCURVE_S1.);
#4286 = CIRCLE('',#4287,4.);
#4287 = AXIS2_PLACEMENT_3D('',#4288,#4289,#4290);
#4288 = CARTESIAN_POINT('',(606.,51.,102.2));
#4289 = DIRECTION('',(0.,0.,1.));
#4290 = DIRECTION('',(1.,0.,-0.));
#4291 = PCURVE('',#1300,#4292);
#4292 = DEFINITIONAL_REPRESENTATION('',(#4293),#4297);
#4293 = LINE('',#4294,#4295);
#4294 = CARTESIAN_POINT('',(0.,3.2));
#4295 = VECTOR('',#4296,1.);
#4296 = DIRECTION('',(1.,0.));
#4297 = ( GEOMETRIC_REPRESENTATION_CONTEXT(2) 
PARAMETRIC_REPRESENTATION_CONTEXT() REPRESENTATION_CONTEXT('2D SPACE',''
  ) );
#4298 = PCURVE('',#2859,#4299);
#4299 = DEFINITIONAL_REPRESENTATION('',(#4300),#4304);
#4300 = CIRCLE('',#4301,4.);
#4301 = AXIS2_PLACEMENT_2D('',#4302,#4303);
#4302 = CARTESIAN_POINT('',(417.,102.8));
#4303 = DIRECTION('',(1.,0.));
#4304 = ( GEOMETRIC_REPRESENTATION_CONTEXT(2) 
PARAMETRIC_REPRESENTATION_CONTEXT() REPRESENTATION_CONTEXT('2D SPACE',''
  ) );
#4305 = ADVANCED_FACE('',(#4306),#1228,.T.);
#4306 = FACE_BOUND('',#4307,.F.);
#4307 = EDGE_LOOP('',(#4308,#4309,#4331,#4332,#4333,#4334,#4356,#4357));
#4308 = ORIENTED_EDGE('',*,*,#2961,.F.);
#4309 = ORIENTED_EDGE('',*,*,#4310,.T.);
#4310 = EDGE_CURVE('',#2936,#2915,#4311,.T.);
#4311 = SURFACE_CURVE('',#4312,(#4317,#4324),.PCURVE_S1.);
#4312 = CIRCLE('',#4313,59.);
#4313 = AXIS2_PLACEMENT_3D('',#4314,#4315,#4316);
#4314 = CARTESIAN_POINT('',(610.,0.,154.));
#4315 = DIRECTION('',(1.,0.,0.));
#4316 = DIRECTION('',(0.,0.864406779661,-0.502793117769));
#4317 = PCURVE('',#1228,#4318);
#4318 = DEFINITIONAL_REPRESENTATION('',(#4319),#4323);
#4319 = LINE('',#4320,#4321);
#4320 = CARTESIAN_POINT('',(-5.756358302969,-16.));
#4321 = VECTOR('',#4322,1.);
#4322 = DIRECTION('',(-1.,0.));
#4323 = ( GEOMETRIC_REPRESENTATION_CONTEXT(2) 
PARAMETRIC_REPRESENTATION_CONTEXT() REPRESENTATION_CONTEXT('2D SPACE',''
  ) );
#4324 = PCURVE('',#2950,#4325);
#4325 = DEFINITIONAL_REPRESENTATION('',(#4326),#4330);
#4326 = CIRCLE('',#4327,59.);
#4327 = AXIS2_PLACEMENT_2D('',#4328,#4329);
#4328 = CARTESIAN_POINT('',(55.,-55.));
#4329 = DIRECTION('',(-0.502793117769,-0.864406779661));
#4330 = ( GEOMETRIC_REPRESENTATION_CONTEXT(2) 
PARAMETRIC_REPRESENTATION_CONTEXT() REPRESENTATION_CONTEXT('2D SPACE',''
  ) );
#4331 = ORIENTED_EDGE('',*,*,#2914,.T.);
#4332 = ORIENTED_EDGE('',*,*,#2206,.T.);
#4333 = ORIENTED_EDGE('',*,*,#1213,.T.);
#4334 = ORIENTED_EDGE('',*,*,#4335,.F.);
#4335 = EDGE_CURVE('',#1240,#1214,#4336,.T.);
#4336 = SURFACE_CURVE('',#4337,(#4342,#4349),.PCURVE_S1.);
#4337 = CIRCLE('',#4338,59.);
#4338 = AXIS2_PLACEMENT_3D('',#4339,#4340,#4341);
#4339 = CARTESIAN_POINT('',(594.,0.,154.));
#4340 = DIRECTION('',(1.,0.,0.));
#4341 = DIRECTION('',(0.,0.932203389831,-0.361934856001));
#4342 = PCURVE('',#1228,#4343);
#4343 = DEFINITIONAL_REPRESENTATION('',(#4344),#4348);
#4344 = LINE('',#4345,#4346);
#4345 = CARTESIAN_POINT('',(-5.912842675088,0.));
#4346 = VECTOR('',#4347,1.);
#4347 = DIRECTION('',(-1.,0.));
#4348 = ( GEOMETRIC_REPRESENTATION_CONTEXT(2) 
PARAMETRIC_REPRESENTATION_CONTEXT() REPRESENTATION_CONTEXT('2D SPACE',''
  ) );
#4349 = PCURVE('',#1254,#4350);
#4350 = DEFINITIONAL_REPRESENTATION('',(#4351),#4355);
#4351 = CIRCLE('',#4352,59.);
#4352 = AXIS2_PLACEMENT_2D('',#4353,#4354);
#4353 = CARTESIAN_POINT('',(0.,-5.933299558137E-15));
#4354 = DIRECTION('',(-0.361934856001,-0.932203389831));
#4355 = ( GEOMETRIC_REPRESENTATION_CONTEXT(2) 
PARAMETRIC_REPRESENTATION_CONTEXT() REPRESENTATION_CONTEXT('2D SPACE',''
  ) );
#4356 = ORIENTED_EDGE('',*,*,#1265,.F.);
#4357 = ORIENTED_EDGE('',*,*,#4175,.F.);
#4358 = ADVANCED_FACE('',(#4359),#1158,.T.);
#4359 = FACE_BOUND('',#4360,.T.);
#4360 = EDGE_LOOP('',(#4361,#4362));
#4361 = ORIENTED_EDGE('',*,*,#1143,.T.);
#4362 = ORIENTED_EDGE('',*,*,#2810,.F.);
#4363 = ADVANCED_FACE('',(#4364),#1254,.F.);
#4364 = FACE_BOUND('',#4365,.F.);
#4365 = EDGE_LOOP('',(#4366,#4367));
#4366 = ORIENTED_EDGE('',*,*,#4335,.T.);
#4367 = ORIENTED_EDGE('',*,*,#1239,.T.);
#4368 = ADVANCED_FACE('',(#4369),#1331,.F.);
#4369 = FACE_BOUND('',#4370,.F.);
#4370 = EDGE_LOOP('',(#4371,#4392,#4393,#4414));
#4371 = ORIENTED_EDGE('',*,*,#4372,.F.);
#4372 = EDGE_CURVE('',#3027,#1315,#4373,.T.);
#4373 = SURFACE_CURVE('',#4374,(#4378,#4385),.PCURVE_S1.);
#4374 = LINE('',#4375,#4376);
#4375 = CARTESIAN_POINT('',(238.5,50.5,189.75));
#4376 = VECTOR('',#4377,1.);
#4377 = DIRECTION('',(0.,1.,0.));
#4378 = PCURVE('',#1331,#4379);
#4379 = DEFINITIONAL_REPRESENTATION('',(#4380),#4384);
#4380 = LINE('',#4381,#4382);
#4381 = CARTESIAN_POINT('',(0.,0.));
#4382 = VECTOR('',#4383,1.);
#4383 = DIRECTION('',(0.,1.));
#4384 = ( GEOMETRIC_REPRESENTATION_CONTEXT(2) 
PARAMETRIC_REPRESENTATION_CONTEXT() REPRESENTATION_CONTEXT('2D SPACE',''
  ) );
#4385 = PCURVE('',#1357,#4386);
#4386 = DEFINITIONAL_REPRESENTATION('',(#4387),#4391);
#4387 = LINE('',#4388,#4389);
#4388 = CARTESIAN_POINT('',(71.5,0.));
#4389 = VECTOR('',#4390,1.);
#4390 = DIRECTION('',(0.,-1.));
#4391 = ( GEOMETRIC_REPRESENTATION_CONTEXT(2) 
PARAMETRIC_REPRESENTATION_CONTEXT() REPRESENTATION_CONTEXT('2D SPACE',''
  ) );
#4392 = ORIENTED_EDGE('',*,*,#3026,.F.);
#4393 = ORIENTED_EDGE('',*,*,#4394,.T.);
#4394 = EDGE_CURVE('',#3006,#1317,#4395,.T.);
#4395 = SURFACE_CURVE('',#4396,(#4400,#4407),.PCURVE_S1.);
#4396 = LINE('',#4397,#4398);
#4397 = CARTESIAN_POINT('',(246.5,50.5,189.75));
#4398 = VECTOR('',#4399,1.);
#4399 = DIRECTION('',(0.,1.,0.));
#4400 = PCURVE('',#1331,#4401);
#4401 = DEFINITIONAL_REPRESENTATION('',(#4402),#4406);
#4402 = LINE('',#4403,#4404);
#4403 = CARTESIAN_POINT('',(8.,0.));
#4404 = VECTOR('',#4405,1.);
#4405 = DIRECTION('',(0.,1.));
#4406 = ( GEOMETRIC_REPRESENTATION_CONTEXT(2) 
PARAMETRIC_REPRESENTATION_CONTEXT() REPRESENTATION_CONTEXT('2D SPACE',''
  ) );
#4407 = PCURVE('',#1407,#4408);
#4408 = DEFINITIONAL_REPRESENTATION('',(#4409),#4413);
#4409 = LINE('',#4410,#4411);
#4410 = CARTESIAN_POINT('',(71.5,0.));
#4411 = VECTOR('',#4412,1.);
#4412 = DIRECTION('',(0.,-1.));
#4413 = ( GEOMETRIC_REPRESENTATION_CONTEXT(2) 
PARAMETRIC_REPRESENTATION_CONTEXT() REPRESENTATION_CONTEXT('2D SPACE',''
  ) );
#4414 = ORIENTED_EDGE('',*,*,#1314,.F.);
#4415 = ADVANCED_FACE('',(#4416),#1357,.T.);
#4416 = FACE_BOUND('',#4417,.T.);
#4417 = EDGE_LOOP('',(#4418,#4419,#4420,#4441));
#4418 = ORIENTED_EDGE('',*,*,#4372,.F.);
#4419 = ORIENTED_EDGE('',*,*,#3047,.F.);
#4420 = ORIENTED_EDGE('',*,*,#4421,.T.);
#4421 = EDGE_CURVE('',#3048,#1343,#4422,.T.);
#4422 = SURFACE_CURVE('',#4423,(#4427,#4434),.PCURVE_S1.);
#4423 = LINE('',#4424,#4425);
#4424 = CARTESIAN_POINT('',(238.5,50.5,118.25));
#4425 = VECTOR('',#4426,1.);
#4426 = DIRECTION('',(0.,1.,0.));
#4427 = PCURVE('',#1357,#4428);
#4428 = DEFINITIONAL_REPRESENTATION('',(#4429),#4433);
#4429 = LINE('',#4430,#4431);
#4430 = CARTESIAN_POINT('',(0.,0.));
#4431 = VECTOR('',#4432,1.);
#4432 = DIRECTION('',(0.,-1.));
#4433 = ( GEOMETRIC_REPRESENTATION_CONTEXT(2) 
PARAMETRIC_REPRESENTATION_CONTEXT() REPRESENTATION_CONTEXT('2D SPACE',''
  ) );
#4434 = PCURVE('',#1383,#4435);
#4435 = DEFINITIONAL_REPRESENTATION('',(#4436),#4440);
#4436 = LINE('',#4437,#4438);
#4437 = CARTESIAN_POINT('',(0.,0.));
#4438 = VECTOR('',#4439,1.);
#4439 = DIRECTION('',(0.,1.));
#4440 = ( GEOMETRIC_REPRESENTATION_CONTEXT(2) 
PARAMETRIC_REPRESENTATION_CONTEXT() REPRESENTATION_CONTEXT('2D SPACE',''
  ) );
#4441 = ORIENTED_EDGE('',*,*,#1342,.F.);
#4442 = ADVANCED_FACE('',(#4443),#1407,.F.);
#4443 = FACE_BOUND('',#4444,.F.);
#4444 = EDGE_LOOP('',(#4445,#4446,#4447,#4468));
#4445 = ORIENTED_EDGE('',*,*,#4394,.F.);
#4446 = ORIENTED_EDGE('',*,*,#3003,.F.);
#4447 = ORIENTED_EDGE('',*,*,#4448,.T.);
#4448 = EDGE_CURVE('',#3004,#1369,#4449,.T.);
#4449 = SURFACE_CURVE('',#4450,(#4454,#4461),.PCURVE_S1.);
#4450 = LINE('',#4451,#4452);
#4451 = CARTESIAN_POINT('',(246.5,50.5,118.25));
#4452 = VECTOR('',#4453,1.);
#4453 = DIRECTION('',(0.,1.,0.));
#4454 = PCURVE('',#1407,#4455);
#4455 = DEFINITIONAL_REPRESENTATION('',(#4456),#4460);
#4456 = LINE('',#4457,#4458);
#4457 = CARTESIAN_POINT('',(0.,0.));
#4458 = VECTOR('',#4459,1.);
#4459 = DIRECTION('',(0.,-1.));
#4460 = ( GEOMETRIC_REPRESENTATION_CONTEXT(2) 
PARAMETRIC_REPRESENTATION_CONTEXT() REPRESENTATION_CONTEXT('2D SPACE',''
  ) );
#4461 = PCURVE('',#1383,#4462);
#4462 = DEFINITIONAL_REPRESENTATION('',(#4463),#4467);
#4463 = LINE('',#4464,#4465);
#4464 = CARTESIAN_POINT('',(8.,0.));
#4465 = VECTOR('',#4466,1.);
#4466 = DIRECTION('',(0.,1.));
#4467 = ( GEOMETRIC_REPRESENTATION_CONTEXT(2) 
PARAMETRIC_REPRESENTATION_CONTEXT() REPRESENTATION_CONTEXT('2D SPACE',''
  ) );
#4468 = ORIENTED_EDGE('',*,*,#1394,.F.);
#4469 = ADVANCED_FACE('',(#4470),#1383,.T.);
#4470 = FACE_BOUND('',#4471,.T.);
#4471 = EDGE_LOOP('',(#4472,#4473,#4474,#4475));
#4472 = ORIENTED_EDGE('',*,*,#4421,.F.);
#4473 = ORIENTED_EDGE('',*,*,#3068,.F.);
#4474 = ORIENTED_EDGE('',*,*,#4448,.T.);
#4475 = ORIENTED_EDGE('',*,*,#1368,.F.);
#4476 = ADVANCED_FACE('',(#4477),#1437,.F.);
#4477 = FACE_BOUND('',#4478,.F.);
#4478 = EDGE_LOOP('',(#4479,#4500,#4501,#4522));
#4479 = ORIENTED_EDGE('',*,*,#4480,.F.);
#4480 = EDGE_CURVE('',#3113,#1421,#4481,.T.);
#4481 = SURFACE_CURVE('',#4482,(#4486,#4493),.PCURVE_S1.);
#4482 = LINE('',#4483,#4484);
#4483 = CARTESIAN_POINT('',(283.5,50.5,189.75));
#4484 = VECTOR('',#4485,1.);
#4485 = DIRECTION('',(0.,1.,0.));
#4486 = PCURVE('',#1437,#4487);
#4487 = DEFINITIONAL_REPRESENTATION('',(#4488),#4492);
#4488 = LINE('',#4489,#4490);
#4489 = CARTESIAN_POINT('',(0.,0.));
#4490 = VECTOR('',#4491,1.);
#4491 = DIRECTION('',(0.,1.));
#4492 = ( GEOMETRIC_REPRESENTATION_CONTEXT(2) 
PARAMETRIC_REPRESENTATION_CONTEXT() REPRESENTATION_CONTEXT('2D SPACE',''
  ) );
#4493 = PCURVE('',#1463,#4494);
#4494 = DEFINITIONAL_REPRESENTATION('',(#4495),#4499);
#4495 = LINE('',#4496,#4497);
#4496 = CARTESIAN_POINT('',(71.5,0.));
#4497 = VECTOR('',#4498,1.);
#4498 = DIRECTION('',(0.,-1.));
#4499 = ( GEOMETRIC_REPRESENTATION_CONTEXT(2) 
PARAMETRIC_REPRESENTATION_CONTEXT() REPRESENTATION_CONTEXT('2D SPACE',''
  ) );
#4500 = ORIENTED_EDGE('',*,*,#3112,.F.);
#4501 = ORIENTED_EDGE('',*,*,#4502,.T.);
#4502 = EDGE_CURVE('',#3092,#1423,#4503,.T.);
#4503 = SURFACE_CURVE('',#4504,(#4508,#4515),.PCURVE_S1.);
#4504 = LINE('',#4505,#4506);
#4505 = CARTESIAN_POINT('',(291.5,50.5,189.75));
#4506 = VECTOR('',#4507,1.);
#4507 = DIRECTION('',(0.,1.,0.));
#4508 = PCURVE('',#1437,#4509);
#4509 = DEFINITIONAL_REPRESENTATION('',(#4510),#4514);
#4510 = LINE('',#4511,#4512);
#4511 = CARTESIAN_POINT('',(8.,0.));
#4512 = VECTOR('',#4513,1.);
#4513 = DIRECTION('',(0.,1.));
#4514 = ( GEOMETRIC_REPRESENTATION_CONTEXT(2) 
PARAMETRIC_REPRESENTATION_CONTEXT() REPRESENTATION_CONTEXT('2D SPACE',''
  ) );
#4515 = PCURVE('',#1513,#4516);
#4516 = DEFINITIONAL_REPRESENTATION('',(#4517),#4521);
#4517 = LINE('',#4518,#4519);
#4518 = CARTESIAN_POINT('',(71.5,0.));
#4519 = VECTOR('',#4520,1.);
#4520 = DIRECTION('',(0.,-1.));
#4521 = ( GEOMETRIC_REPRESENTATION_CONTEXT(2) 
PARAMETRIC_REPRESENTATION_CONTEXT() REPRESENTATION_CONTEXT('2D SPACE',''
  ) );
#4522 = ORIENTED_EDGE('',*,*,#1420,.F.);
#4523 = ADVANCED_FACE('',(#4524),#1463,.T.);
#4524 = FACE_BOUND('',#4525,.T.);
#4525 = EDGE_LOOP('',(#4526,#4527,#4528,#4549));
#4526 = ORIENTED_EDGE('',*,*,#4480,.F.);
#4527 = ORIENTED_EDGE('',*,*,#3133,.F.);
#4528 = ORIENTED_EDGE('',*,*,#4529,.T.);
#4529 = EDGE_CURVE('',#3134,#1449,#4530,.T.);
#4530 = SURFACE_CURVE('',#4531,(#4535,#4542),.PCURVE_S1.);
#4531 = LINE('',#4532,#4533);
#4532 = CARTESIAN_POINT('',(283.5,50.5,118.25));
#4533 = VECTOR('',#4534,1.);
#4534 = DIRECTION('',(0.,1.,0.));
#4535 = PCURVE('',#1463,#4536);
#4536 = DEFINITIONAL_REPRESENTATION('',(#4537),#4541);
#4537 = LINE('',#4538,#4539);
#4538 = CARTESIAN_POINT('',(0.,0.));
#4539 = VECTOR('',#4540,1.);
#4540 = DIRECTION('',(0.,-1.));
#4541 = ( GEOMETRIC_REPRESENTATION_CONTEXT(2) 
PARAMETRIC_REPRESENTATION_CONTEXT() REPRESENTATION_CONTEXT('2D SPACE',''
  ) );
#4542 = PCURVE('',#1489,#4543);
#4543 = DEFINITIONAL_REPRESENTATION('',(#4544),#4548);
#4544 = LINE('',#4545,#4546);
#4545 = CARTESIAN_POINT('',(0.,0.));
#4546 = VECTOR('',#4547,1.);
#4547 = DIRECTION('',(0.,1.));
#4548 = ( GEOMETRIC_REPRESENTATION_CONTEXT(2) 
PARAMETRIC_REPRESENTATION_CONTEXT() REPRESENTATION_CONTEXT('2D SPACE',''
  ) );
#4549 = ORIENTED_EDGE('',*,*,#1448,.F.);
#4550 = ADVANCED_FACE('',(#4551),#1513,.F.);
#4551 = FACE_BOUND('',#4552,.F.);
#4552 = EDGE_LOOP('',(#4553,#4554,#4555,#4576));
#4553 = ORIENTED_EDGE('',*,*,#4502,.F.);
#4554 = ORIENTED_EDGE('',*,*,#3089,.F.);
#4555 = ORIENTED_EDGE('',*,*,#4556,.T.);
#4556 = EDGE_CURVE('',#3090,#1475,#4557,.T.);
#4557 = SURFACE_CURVE('',#4558,(#4562,#4569),.PCURVE_S1.);
#4558 = LINE('',#4559,#4560);
#4559 = CARTESIAN_POINT('',(291.5,50.5,118.25));
#4560 = VECTOR('',#4561,1.);
#4561 = DIRECTION('',(0.,1.,0.));
#4562 = PCURVE('',#1513,#4563);
#4563 = DEFINITIONAL_REPRESENTATION('',(#4564),#4568);
#4564 = LINE('',#4565,#4566);
#4565 = CARTESIAN_POINT('',(0.,0.));
#4566 = VECTOR('',#4567,1.);
#4567 = DIRECTION('',(0.,-1.));
#4568 = ( GEOMETRIC_REPRESENTATION_CONTEXT(2) 
PARAMETRIC_REPRESENTATION_CONTEXT() REPRESENTATION_CONTEXT('2D SPACE',''
  ) );
#4569 = PCURVE('',#1489,#4570);
#4570 = DEFINITIONAL_REPRESENTATION('',(#4571),#4575);
#4571 = LINE('',#4572,#4573);
#4572 = CARTESIAN_POINT('',(8.,0.));
#4573 = VECTOR('',#4574,1.);
#4574 = DIRECTION('',(0.,1.));
#4575 = ( GEOMETRIC_REPRESENTATION_CONTEXT(2) 
PARAMETRIC_REPRESENTATION_CONTEXT() REPRESENTATION_CONTEXT('2D SPACE',''
  ) );
#4576 = ORIENTED_EDGE('',*,*,#1500,.F.);
#4577 = ADVANCED_FACE('',(#4578),#1489,.T.);
#4578 = FACE_BOUND('',#4579,.T.);
#4579 = EDGE_LOOP('',(#4580,#4581,#4582,#4583));
#4580 = ORIENTED_EDGE('',*,*,#4529,.F.);
#4581 = ORIENTED_EDGE('',*,*,#3154,.F.);
#4582 = ORIENTED_EDGE('',*,*,#4556,.T.);
#4583 = ORIENTED_EDGE('',*,*,#1474,.F.);
#4584 = ADVANCED_FACE('',(#4585),#1543,.F.);
#4585 = FACE_BOUND('',#4586,.F.);
#4586 = EDGE_LOOP('',(#4587,#4608,#4609,#4630));
#4587 = ORIENTED_EDGE('',*,*,#4588,.F.);
#4588 = EDGE_CURVE('',#3199,#1527,#4589,.T.);
#4589 = SURFACE_CURVE('',#4590,(#4594,#4601),.PCURVE_S1.);
#4590 = LINE('',#4591,#4592);
#4591 = CARTESIAN_POINT('',(328.5,50.5,189.75));
#4592 = VECTOR('',#4593,1.);
#4593 = DIRECTION('',(0.,1.,0.));
#4594 = PCURVE('',#1543,#4595);
#4595 = DEFINITIONAL_REPRESENTATION('',(#4596),#4600);
#4596 = LINE('',#4597,#4598);
#4597 = CARTESIAN_POINT('',(0.,0.));
#4598 = VECTOR('',#4599,1.);
#4599 = DIRECTION('',(0.,1.));
#4600 = ( GEOMETRIC_REPRESENTATION_CONTEXT(2) 
PARAMETRIC_REPRESENTATION_CONTEXT() REPRESENTATION_CONTEXT('2D SPACE',''
  ) );
#4601 = PCURVE('',#1569,#4602);
#4602 = DEFINITIONAL_REPRESENTATION('',(#4603),#4607);
#4603 = LINE('',#4604,#4605);
#4604 = CARTESIAN_POINT('',(71.5,0.));
#4605 = VECTOR('',#4606,1.);
#4606 = DIRECTION('',(0.,-1.));
#4607 = ( GEOMETRIC_REPRESENTATION_CONTEXT(2) 
PARAMETRIC_REPRESENTATION_CONTEXT() REPRESENTATION_CONTEXT('2D SPACE',''
  ) );
#4608 = ORIENTED_EDGE('',*,*,#3198,.F.);
#4609 = ORIENTED_EDGE('',*,*,#4610,.T.);
#4610 = EDGE_CURVE('',#3178,#1529,#4611,.T.);
#4611 = SURFACE_CURVE('',#4612,(#4616,#4623),.PCURVE_S1.);
#4612 = LINE('',#4613,#4614);
#4613 = CARTESIAN_POINT('',(336.5,50.5,189.75));
#4614 = VECTOR('',#4615,1.);
#4615 = DIRECTION('',(0.,1.,0.));
#4616 = PCURVE('',#1543,#4617);
#4617 = DEFINITIONAL_REPRESENTATION('',(#4618),#4622);
#4618 = LINE('',#4619,#4620);
#4619 = CARTESIAN_POINT('',(8.,0.));
#4620 = VECTOR('',#4621,1.);
#4621 = DIRECTION('',(0.,1.));
#4622 = ( GEOMETRIC_REPRESENTATION_CONTEXT(2) 
PARAMETRIC_REPRESENTATION_CONTEXT() REPRESENTATION_CONTEXT('2D SPACE',''
  ) );
#4623 = PCURVE('',#1619,#4624);
#4624 = DEFINITIONAL_REPRESENTATION('',(#4625),#4629);
#4625 = LINE('',#4626,#4627);
#4626 = CARTESIAN_POINT('',(71.5,0.));
#4627 = VECTOR('',#4628,1.);
#4628 = DIRECTION('',(0.,-1.));
#4629 = ( GEOMETRIC_REPRESENTATION_CONTEXT(2) 
PARAMETRIC_REPRESENTATION_CONTEXT() REPRESENTATION_CONTEXT('2D SPACE',''
  ) );
#4630 = ORIENTED_EDGE('',*,*,#1526,.F.);
#4631 = ADVANCED_FACE('',(#4632),#1569,.T.);
#4632 = FACE_BOUND('',#4633,.T.);
#4633 = EDGE_LOOP('',(#4634,#4635,#4636,#4657));
#4634 = ORIENTED_EDGE('',*,*,#4588,.F.);
#4635 = ORIENTED_EDGE('',*,*,#3219,.F.);
#4636 = ORIENTED_EDGE('',*,*,#4637,.T.);
#4637 = EDGE_CURVE('',#3220,#1555,#4638,.T.);
#4638 = SURFACE_CURVE('',#4639,(#4643,#4650),.PCURVE_S1.);
#4639 = LINE('',#4640,#4641);
#4640 = CARTESIAN_POINT('',(328.5,50.5,118.25));
#4641 = VECTOR('',#4642,1.);
#4642 = DIRECTION('',(0.,1.,0.));
#4643 = PCURVE('',#1569,#4644);
#4644 = DEFINITIONAL_REPRESENTATION('',(#4645),#4649);
#4645 = LINE('',#4646,#4647);
#4646 = CARTESIAN_POINT('',(0.,0.));
#4647 = VECTOR('',#4648,1.);
#4648 = DIRECTION('',(0.,-1.));
#4649 = ( GEOMETRIC_REPRESENTATION_CONTEXT(2) 
PARAMETRIC_REPRESENTATION_CONTEXT() REPRESENTATION_CONTEXT('2D SPACE',''
  ) );
#4650 = PCURVE('',#1595,#4651);
#4651 = DEFINITIONAL_REPRESENTATION('',(#4652),#4656);
#4652 = LINE('',#4653,#4654);
#4653 = CARTESIAN_POINT('',(0.,0.));
#4654 = VECTOR('',#4655,1.);
#4655 = DIRECTION('',(0.,1.));
#4656 = ( GEOMETRIC_REPRESENTATION_CONTEXT(2) 
PARAMETRIC_REPRESENTATION_CONTEXT() REPRESENTATION_CONTEXT('2D SPACE',''
  ) );
#4657 = ORIENTED_EDGE('',*,*,#1554,.F.);
#4658 = ADVANCED_FACE('',(#4659),#1619,.F.);
#4659 = FACE_BOUND('',#4660,.F.);
#4660 = EDGE_LOOP('',(#4661,#4662,#4663,#4684));
#4661 = ORIENTED_EDGE('',*,*,#4610,.F.);
#4662 = ORIENTED_EDGE('',*,*,#3175,.F.);
#4663 = ORIENTED_EDGE('',*,*,#4664,.T.);
#4664 = EDGE_CURVE('',#3176,#1581,#4665,.T.);
#4665 = SURFACE_CURVE('',#4666,(#4670,#4677),.PCURVE_S1.);
#4666 = LINE('',#4667,#4668);
#4667 = CARTESIAN_POINT('',(336.5,50.5,118.25));
#4668 = VECTOR('',#4669,1.);
#4669 = DIRECTION('',(0.,1.,0.));
#4670 = PCURVE('',#1619,#4671);
#4671 = DEFINITIONAL_REPRESENTATION('',(#4672),#4676);
#4672 = LINE('',#4673,#4674);
#4673 = CARTESIAN_POINT('',(0.,0.));
#4674 = VECTOR('',#4675,1.);
#4675 = DIRECTION('',(0.,-1.));
#4676 = ( GEOMETRIC_REPRESENTATION_CONTEXT(2) 
PARAMETRIC_REPRESENTATION_CONTEXT() REPRESENTATION_CONTEXT('2D SPACE',''
  ) );
#4677 = PCURVE('',#1595,#4678);
#4678 = DEFINITIONAL_REPRESENTATION('',(#4679),#4683);
#4679 = LINE('',#4680,#4681);
#4680 = CARTESIAN_POINT('',(8.,0.));
#4681 = VECTOR('',#4682,1.);
#4682 = DIRECTION('',(0.,1.));
#4683 = ( GEOMETRIC_REPRESENTATION_CONTEXT(2) 
PARAMETRIC_REPRESENTATION_CONTEXT() REPRESENTATION_CONTEXT('2D SPACE',''
  ) );
#4684 = ORIENTED_EDGE('',*,*,#1606,.F.);
#4685 = ADVANCED_FACE('',(#4686),#1595,.T.);
#4686 = FACE_BOUND('',#4687,.T.);
#4687 = EDGE_LOOP('',(#4688,#4689,#4690,#4691));
#4688 = ORIENTED_EDGE('',*,*,#4637,.F.);
#4689 = ORIENTED_EDGE('',*,*,#3240,.F.);
#4690 = ORIENTED_EDGE('',*,*,#4664,.T.);
#4691 = ORIENTED_EDGE('',*,*,#1580,.F.);
#4692 = ADVANCED_FACE('',(#4693),#1649,.F.);
#4693 = FACE_BOUND('',#4694,.F.);
#4694 = EDGE_LOOP('',(#4695,#4716,#4717,#4738));
#4695 = ORIENTED_EDGE('',*,*,#4696,.F.);
#4696 = EDGE_CURVE('',#3285,#1633,#4697,.T.);
#4697 = SURFACE_CURVE('',#4698,(#4702,#4709),.PCURVE_S1.);
#4698 = LINE('',#4699,#4700);
#4699 = CARTESIAN_POINT('',(373.5,50.5,189.75));
#4700 = VECTOR('',#4701,1.);
#4701 = DIRECTION('',(0.,1.,0.));
#4702 = PCURVE('',#1649,#4703);
#4703 = DEFINITIONAL_REPRESENTATION('',(#4704),#4708);
#4704 = LINE('',#4705,#4706);
#4705 = CARTESIAN_POINT('',(0.,0.));
#4706 = VECTOR('',#4707,1.);
#4707 = DIRECTION('',(0.,1.));
#4708 = ( GEOMETRIC_REPRESENTATION_CONTEXT(2) 
PARAMETRIC_REPRESENTATION_CONTEXT() REPRESENTATION_CONTEXT('2D SPACE',''
  ) );
#4709 = PCURVE('',#1675,#4710);
#4710 = DEFINITIONAL_REPRESENTATION('',(#4711),#4715);
#4711 = LINE('',#4712,#4713);
#4712 = CARTESIAN_POINT('',(71.5,0.));
#4713 = VECTOR('',#4714,1.);
#4714 = DIRECTION('',(0.,-1.));
#4715 = ( GEOMETRIC_REPRESENTATION_CONTEXT(2) 
PARAMETRIC_REPRESENTATION_CONTEXT() REPRESENTATION_CONTEXT('2D SPACE',''
  ) );
#4716 = ORIENTED_EDGE('',*,*,#3284,.F.);
#4717 = ORIENTED_EDGE('',*,*,#4718,.T.);
#4718 = EDGE_CURVE('',#3264,#1635,#4719,.T.);
#4719 = SURFACE_CURVE('',#4720,(#4724,#4731),.PCURVE_S1.);
#4720 = LINE('',#4721,#4722);
#4721 = CARTESIAN_POINT('',(381.5,50.5,189.75));
#4722 = VECTOR('',#4723,1.);
#4723 = DIRECTION('',(0.,1.,0.));
#4724 = PCURVE('',#1649,#4725);
#4725 = DEFINITIONAL_REPRESENTATION('',(#4726),#4730);
#4726 = LINE('',#4727,#4728);
#4727 = CARTESIAN_POINT('',(8.,0.));
#4728 = VECTOR('',#4729,1.);
#4729 = DIRECTION('',(0.,1.));
#4730 = ( GEOMETRIC_REPRESENTATION_CONTEXT(2) 
PARAMETRIC_REPRESENTATION_CONTEXT() REPRESENTATION_CONTEXT('2D SPACE',''
  ) );
#4731 = PCURVE('',#1725,#4732);
#4732 = DEFINITIONAL_REPRESENTATION('',(#4733),#4737);
#4733 = LINE('',#4734,#4735);
#4734 = CARTESIAN_POINT('',(71.5,0.));
#4735 = VECTOR('',#4736,1.);
#4736 = DIRECTION('',(0.,-1.));
#4737 = ( GEOMETRIC_REPRESENTATION_CONTEXT(2) 
PARAMETRIC_REPRESENTATION_CONTEXT() REPRESENTATION_CONTEXT('2D SPACE',''
  ) );
#4738 = ORIENTED_EDGE('',*,*,#1632,.F.);
#4739 = ADVANCED_FACE('',(#4740),#1675,.T.);
#4740 = FACE_BOUND('',#4741,.T.);
#4741 = EDGE_LOOP('',(#4742,#4743,#4744,#4765));
#4742 = ORIENTED_EDGE('',*,*,#4696,.F.);
#4743 = ORIENTED_EDGE('',*,*,#3305,.F.);
#4744 = ORIENTED_EDGE('',*,*,#4745,.T.);
#4745 = EDGE_CURVE('',#3306,#1661,#4746,.T.);
#4746 = SURFACE_CURVE('',#4747,(#4751,#4758),.PCURVE_S1.);
#4747 = LINE('',#4748,#4749);
#4748 = CARTESIAN_POINT('',(373.5,50.5,118.25));
#4749 = VECTOR('',#4750,1.);
#4750 = DIRECTION('',(0.,1.,0.));
#4751 = PCURVE('',#1675,#4752);
#4752 = DEFINITIONAL_REPRESENTATION('',(#4753),#4757);
#4753 = LINE('',#4754,#4755);
#4754 = CARTESIAN_POINT('',(0.,0.));
#4755 = VECTOR('',#4756,1.);
#4756 = DIRECTION('',(0.,-1.));
#4757 = ( GEOMETRIC_REPRESENTATION_CONTEXT(2) 
PARAMETRIC_REPRESENTATION_CONTEXT() REPRESENTATION_CONTEXT('2D SPACE',''
  ) );
#4758 = PCURVE('',#1701,#4759);
#4759 = DEFINITIONAL_REPRESENTATION('',(#4760),#4764);
#4760 = LINE('',#4761,#4762);
#4761 = CARTESIAN_POINT('',(0.,0.));
#4762 = VECTOR('',#4763,1.);
#4763 = DIRECTION('',(0.,1.));
#4764 = ( GEOMETRIC_REPRESENTATION_CONTEXT(2) 
PARAMETRIC_REPRESENTATION_CONTEXT() REPRESENTATION_CONTEXT('2D SPACE',''
  ) );
#4765 = ORIENTED_EDGE('',*,*,#1660,.F.);
#4766 = ADVANCED_FACE('',(#4767),#1725,.F.);
#4767 = FACE_BOUND('',#4768,.F.);
#4768 = EDGE_LOOP('',(#4769,#4770,#4771,#4792));
#4769 = ORIENTED_EDGE('',*,*,#4718,.F.);
#4770 = ORIENTED_EDGE('',*,*,#3261,.F.);
#4771 = ORIENTED_EDGE('',*,*,#4772,.T.);
#4772 = EDGE_CURVE('',#3262,#1687,#4773,.T.);
#4773 = SURFACE_CURVE('',#4774,(#4778,#4785),.PCURVE_S1.);
#4774 = LINE('',#4775,#4776);
#4775 = CARTESIAN_POINT('',(381.5,50.5,118.25));
#4776 = VECTOR('',#4777,1.);
#4777 = DIRECTION('',(0.,1.,0.));
#4778 = PCURVE('',#1725,#4779);
#4779 = DEFINITIONAL_REPRESENTATION('',(#4780),#4784);
#4780 = LINE('',#4781,#4782);
#4781 = CARTESIAN_POINT('',(0.,0.));
#4782 = VECTOR('',#4783,1.);
#4783 = DIRECTION('',(0.,-1.));
#4784 = ( GEOMETRIC_REPRESENTATION_CONTEXT(2) 
PARAMETRIC_REPRESENTATION_CONTEXT() REPRESENTATION_CONTEXT('2D SPACE',''
  ) );
#4785 = PCURVE('',#1701,#4786);
#4786 = DEFINITIONAL_REPRESENTATION('',(#4787),#4791);
#4787 = LINE('',#4788,#4789);
#4788 = CARTESIAN_POINT('',(8.,0.));
#4789 = VECTOR('',#4790,1.);
#4790 = DIRECTION('',(0.,1.));
#4791 = ( GEOMETRIC_REPRESENTATION_CONTEXT(2) 
PARAMETRIC_REPRESENTATION_CONTEXT() REPRESENTATION_CONTEXT('2D SPACE',''
  ) );
#4792 = ORIENTED_EDGE('',*,*,#1712,.F.);
#4793 = ADVANCED_FACE('',(#4794),#1701,.T.);
#4794 = FACE_BOUND('',#4795,.T.);
#4795 = EDGE_LOOP('',(#4796,#4797,#4798,#4799));
#4796 = ORIENTED_EDGE('',*,*,#4745,.F.);
#4797 = ORIENTED_EDGE('',*,*,#3326,.F.);
#4798 = ORIENTED_EDGE('',*,*,#4772,.T.);
#4799 = ORIENTED_EDGE('',*,*,#1686,.F.);
#4800 = ADVANCED_FACE('',(#4801),#1755,.F.);
#4801 = FACE_BOUND('',#4802,.F.);
#4802 = EDGE_LOOP('',(#4803,#4824,#4825,#4846));
#4803 = ORIENTED_EDGE('',*,*,#4804,.F.);
#4804 = EDGE_CURVE('',#3371,#1739,#4805,.T.);
#4805 = SURFACE_CURVE('',#4806,(#4810,#4817),.PCURVE_S1.);
#4806 = LINE('',#4807,#4808);
#4807 = CARTESIAN_POINT('',(418.5,50.5,189.75));
#4808 = VECTOR('',#4809,1.);
#4809 = DIRECTION('',(0.,1.,0.));
#4810 = PCURVE('',#1755,#4811);
#4811 = DEFINITIONAL_REPRESENTATION('',(#4812),#4816);
#4812 = LINE('',#4813,#4814);
#4813 = CARTESIAN_POINT('',(0.,0.));
#4814 = VECTOR('',#4815,1.);
#4815 = DIRECTION('',(0.,1.));
#4816 = ( GEOMETRIC_REPRESENTATION_CONTEXT(2) 
PARAMETRIC_REPRESENTATION_CONTEXT() REPRESENTATION_CONTEXT('2D SPACE',''
  ) );
#4817 = PCURVE('',#1781,#4818);
#4818 = DEFINITIONAL_REPRESENTATION('',(#4819),#4823);
#4819 = LINE('',#4820,#4821);
#4820 = CARTESIAN_POINT('',(71.5,0.));
#4821 = VECTOR('',#4822,1.);
#4822 = DIRECTION('',(0.,-1.));
#4823 = ( GEOMETRIC_REPRESENTATION_CONTEXT(2) 
PARAMETRIC_REPRESENTATION_CONTEXT() REPRESENTATION_CONTEXT('2D SPACE',''
  ) );
#4824 = ORIENTED_EDGE('',*,*,#3370,.F.);
#4825 = ORIENTED_EDGE('',*,*,#4826,.T.);
#4826 = EDGE_CURVE('',#3350,#1741,#4827,.T.);
#4827 = SURFACE_CURVE('',#4828,(#4832,#4839),.PCURVE_S1.);
#4828 = LINE('',#4829,#4830);
#4829 = CARTESIAN_POINT('',(426.5,50.5,189.75));
#4830 = VECTOR('',#4831,1.);
#4831 = DIRECTION('',(0.,1.,0.));
#4832 = PCURVE('',#1755,#4833);
#4833 = DEFINITIONAL_REPRESENTATION('',(#4834),#4838);
#4834 = LINE('',#4835,#4836);
#4835 = CARTESIAN_POINT('',(8.,0.));
#4836 = VECTOR('',#4837,1.);
#4837 = DIRECTION('',(0.,1.));
#4838 = ( GEOMETRIC_REPRESENTATION_CONTEXT(2) 
PARAMETRIC_REPRESENTATION_CONTEXT() REPRESENTATION_CONTEXT('2D SPACE',''
  ) );
#4839 = PCURVE('',#1831,#4840);
#4840 = DEFINITIONAL_REPRESENTATION('',(#4841),#4845);
#4841 = LINE('',#4842,#4843);
#4842 = CARTESIAN_POINT('',(71.5,0.));
#4843 = VECTOR('',#4844,1.);
#4844 = DIRECTION('',(0.,-1.));
#4845 = ( GEOMETRIC_REPRESENTATION_CONTEXT(2) 
PARAMETRIC_REPRESENTATION_CONTEXT() REPRESENTATION_CONTEXT('2D SPACE',''
  ) );
#4846 = ORIENTED_EDGE('',*,*,#1738,.F.);
#4847 = ADVANCED_FACE('',(#4848),#1781,.T.);
#4848 = FACE_BOUND('',#4849,.T.);
#4849 = EDGE_LOOP('',(#4850,#4851,#4852,#4873));
#4850 = ORIENTED_EDGE('',*,*,#4804,.F.);
#4851 = ORIENTED_EDGE('',*,*,#3391,.F.);
#4852 = ORIENTED_EDGE('',*,*,#4853,.T.);
#4853 = EDGE_CURVE('',#3392,#1767,#4854,.T.);
#4854 = SURFACE_CURVE('',#4855,(#4859,#4866),.PCURVE_S1.);
#4855 = LINE('',#4856,#4857);
#4856 = CARTESIAN_POINT('',(418.5,50.5,118.25));
#4857 = VECTOR('',#4858,1.);
#4858 = DIRECTION('',(0.,1.,0.));
#4859 = PCURVE('',#1781,#4860);
#4860 = DEFINITIONAL_REPRESENTATION('',(#4861),#4865);
#4861 = LINE('',#4862,#4863);
#4862 = CARTESIAN_POINT('',(0.,0.));
#4863 = VECTOR('',#4864,1.);
#4864 = DIRECTION('',(0.,-1.));
#4865 = ( GEOMETRIC_REPRESENTATION_CONTEXT(2) 
PARAMETRIC_REPRESENTATION_CONTEXT() REPRESENTATION_CONTEXT('2D SPACE',''
  ) );
#4866 = PCURVE('',#1807,#4867);
#4867 = DEFINITIONAL_REPRESENTATION('',(#4868),#4872);
#4868 = LINE('',#4869,#4870);
#4869 = CARTESIAN_POINT('',(0.,0.));
#4870 = VECTOR('',#4871,1.);
#4871 = DIRECTION('',(0.,1.));
#4872 = ( GEOMETRIC_REPRESENTATION_CONTEXT(2) 
PARAMETRIC_REPRESENTATION_CONTEXT() REPRESENTATION_CONTEXT('2D SPACE',''
  ) );
#4873 = ORIENTED_EDGE('',*,*,#1766,.F.);
#4874 = ADVANCED_FACE('',(#4875),#1831,.F.);
#4875 = FACE_BOUND('',#4876,.F.);
#4876 = EDGE_LOOP('',(#4877,#4878,#4879,#4900));
#4877 = ORIENTED_EDGE('',*,*,#4826,.F.);
#4878 = ORIENTED_EDGE('',*,*,#3347,.F.);
#4879 = ORIENTED_EDGE('',*,*,#4880,.T.);
#4880 = EDGE_CURVE('',#3348,#1793,#4881,.T.);
#4881 = SURFACE_CURVE('',#4882,(#4886,#4893),.PCURVE_S1.);
#4882 = LINE('',#4883,#4884);
#4883 = CARTESIAN_POINT('',(426.5,50.5,118.25));
#4884 = VECTOR('',#4885,1.);
#4885 = DIRECTION('',(0.,1.,0.));
#4886 = PCURVE('',#1831,#4887);
#4887 = DEFINITIONAL_REPRESENTATION('',(#4888),#4892);
#4888 = LINE('',#4889,#4890);
#4889 = CARTESIAN_POINT('',(0.,0.));
#4890 = VECTOR('',#4891,1.);
#4891 = DIRECTION('',(0.,-1.));
#4892 = ( GEOMETRIC_REPRESENTATION_CONTEXT(2) 
PARAMETRIC_REPRESENTATION_CONTEXT() REPRESENTATION_CONTEXT('2D SPACE',''
  ) );
#4893 = PCURVE('',#1807,#4894);
#4894 = DEFINITIONAL_REPRESENTATION('',(#4895),#4899);
#4895 = LINE('',#4896,#4897);
#4896 = CARTESIAN_POINT('',(8.,0.));
#4897 = VECTOR('',#4898,1.);
#4898 = DIRECTION('',(0.,1.));
#4899 = ( GEOMETRIC_REPRESENTATION_CONTEXT(2) 
PARAMETRIC_REPRESENTATION_CONTEXT() REPRESENTATION_CONTEXT('2D SPACE',''
  ) );
#4900 = ORIENTED_EDGE('',*,*,#1818,.F.);
#4901 = ADVANCED_FACE('',(#4902),#1807,.T.);
#4902 = FACE_BOUND('',#4903,.T.);
#4903 = EDGE_LOOP('',(#4904,#4905,#4906,#4907));
#4904 = ORIENTED_EDGE('',*,*,#4853,.F.);
#4905 = ORIENTED_EDGE('',*,*,#3412,.F.);
#4906 = ORIENTED_EDGE('',*,*,#4880,.T.);
#4907 = ORIENTED_EDGE('',*,*,#1792,.F.);
#4908 = ADVANCED_FACE('',(#4909),#1861,.F.);
#4909 = FACE_BOUND('',#4910,.F.);
#4910 = EDGE_LOOP('',(#4911,#4932,#4933,#4954));
#4911 = ORIENTED_EDGE('',*,*,#4912,.F.);
#4912 = EDGE_CURVE('',#3457,#1845,#4913,.T.);
#4913 = SURFACE_CURVE('',#4914,(#4918,#4925),.PCURVE_S1.);
#4914 = LINE('',#4915,#4916);
#4915 = CARTESIAN_POINT('',(463.5,50.5,189.75));
#4916 = VECTOR('',#4917,1.);
#4917 = DIRECTION('',(0.,1.,0.));
#4918 = PCURVE('',#1861,#4919);
#4919 = DEFINITIONAL_REPRESENTATION('',(#4920),#4924);
#4920 = LINE('',#4921,#4922);
#4921 = CARTESIAN_POINT('',(0.,0.));
#4922 = VECTOR('',#4923,1.);
#4923 = DIRECTION('',(0.,1.));
#4924 = ( GEOMETRIC_REPRESENTATION_CONTEXT(2) 
PARAMETRIC_REPRESENTATION_CONTEXT() REPRESENTATION_CONTEXT('2D SPACE',''
  ) );
#4925 = PCURVE('',#1887,#4926);
#4926 = DEFINITIONAL_REPRESENTATION('',(#4927),#4931);
#4927 = LINE('',#4928,#4929);
#4928 = CARTESIAN_POINT('',(71.5,0.));
#4929 = VECTOR('',#4930,1.);
#4930 = DIRECTION('',(0.,-1.));
#4931 = ( GEOMETRIC_REPRESENTATION_CONTEXT(2) 
PARAMETRIC_REPRESENTATION_CONTEXT() REPRESENTATION_CONTEXT('2D SPACE',''
  ) );
#4932 = ORIENTED_EDGE('',*,*,#3456,.F.);
#4933 = ORIENTED_EDGE('',*,*,#4934,.T.);
#4934 = EDGE_CURVE('',#3436,#1847,#4935,.T.);
#4935 = SURFACE_CURVE('',#4936,(#4940,#4947),.PCURVE_S1.);
#4936 = LINE('',#4937,#4938);
#4937 = CARTESIAN_POINT('',(471.5,50.5,189.75));
#4938 = VECTOR('',#4939,1.);
#4939 = DIRECTION('',(0.,1.,0.));
#4940 = PCURVE('',#1861,#4941);
#4941 = DEFINITIONAL_REPRESENTATION('',(#4942),#4946);
#4942 = LINE('',#4943,#4944);
#4943 = CARTESIAN_POINT('',(8.,0.));
#4944 = VECTOR('',#4945,1.);
#4945 = DIRECTION('',(0.,1.));
#4946 = ( GEOMETRIC_REPRESENTATION_CONTEXT(2) 
PARAMETRIC_REPRESENTATION_CONTEXT() REPRESENTATION_CONTEXT('2D SPACE',''
  ) );
#4947 = PCURVE('',#1937,#4948);
#4948 = DEFINITIONAL_REPRESENTATION('',(#4949),#4953);
#4949 = LINE('',#4950,#4951);
#4950 = CARTESIAN_POINT('',(71.5,0.));
#4951 = VECTOR('',#4952,1.);
#4952 = DIRECTION('',(0.,-1.));
#4953 = ( GEOMETRIC_REPRESENTATION_CONTEXT(2) 
PARAMETRIC_REPRESENTATION_CONTEXT() REPRESENTATION_CONTEXT('2D SPACE',''
  ) );
#4954 = ORIENTED_EDGE('',*,*,#1844,.F.);
#4955 = ADVANCED_FACE('',(#4956),#1887,.T.);
#4956 = FACE_BOUND('',#4957,.T.);
#4957 = EDGE_LOOP('',(#4958,#4959,#4960,#4981));
#4958 = ORIENTED_EDGE('',*,*,#4912,.F.);
#4959 = ORIENTED_EDGE('',*,*,#3477,.F.);
#4960 = ORIENTED_EDGE('',*,*,#4961,.T.);
#4961 = EDGE_CURVE('',#3478,#1873,#4962,.T.);
#4962 = SURFACE_CURVE('',#4963,(#4967,#4974),.PCURVE_S1.);
#4963 = LINE('',#4964,#4965);
#4964 = CARTESIAN_POINT('',(463.5,50.5,118.25));
#4965 = VECTOR('',#4966,1.);
#4966 = DIRECTION('',(0.,1.,0.));
#4967 = PCURVE('',#1887,#4968);
#4968 = DEFINITIONAL_REPRESENTATION('',(#4969),#4973);
#4969 = LINE('',#4970,#4971);
#4970 = CARTESIAN_POINT('',(0.,0.));
#4971 = VECTOR('',#4972,1.);
#4972 = DIRECTION('',(0.,-1.));
#4973 = ( GEOMETRIC_REPRESENTATION_CONTEXT(2) 
PARAMETRIC_REPRESENTATION_CONTEXT() REPRESENTATION_CONTEXT('2D SPACE',''
  ) );
#4974 = PCURVE('',#1913,#4975);
#4975 = DEFINITIONAL_REPRESENTATION('',(#4976),#4980);
#4976 = LINE('',#4977,#4978);
#4977 = CARTESIAN_POINT('',(0.,0.));
#4978 = VECTOR('',#4979,1.);
#4979 = DIRECTION('',(0.,1.));
#4980 = ( GEOMETRIC_REPRESENTATION_CONTEXT(2) 
PARAMETRIC_REPRESENTATION_CONTEXT() REPRESENTATION_CONTEXT('2D SPACE',''
  ) );
#4981 = ORIENTED_EDGE('',*,*,#1872,.F.);
#4982 = ADVANCED_FACE('',(#4983),#1937,.F.);
#4983 = FACE_BOUND('',#4984,.F.);
#4984 = EDGE_LOOP('',(#4985,#4986,#4987,#5008));
#4985 = ORIENTED_EDGE('',*,*,#4934,.F.);
#4986 = ORIENTED_EDGE('',*,*,#3433,.F.);
#4987 = ORIENTED_EDGE('',*,*,#4988,.T.);
#4988 = EDGE_CURVE('',#3434,#1899,#4989,.T.);
#4989 = SURFACE_CURVE('',#4990,(#4994,#5001),.PCURVE_S1.);
#4990 = LINE('',#4991,#4992);
#4991 = CARTESIAN_POINT('',(471.5,50.5,118.25));
#4992 = VECTOR('',#4993,1.);
#4993 = DIRECTION('',(0.,1.,0.));
#4994 = PCURVE('',#1937,#4995);
#4995 = DEFINITIONAL_REPRESENTATION('',(#4996),#5000);
#4996 = LINE('',#4997,#4998);
#4997 = CARTESIAN_POINT('',(0.,0.));
#4998 = VECTOR('',#4999,1.);
#4999 = DIRECTION('',(0.,-1.));
#5000 = ( GEOMETRIC_REPRESENTATION_CONTEXT(2) 
PARAMETRIC_REPRESENTATION_CONTEXT() REPRESENTATION_CONTEXT('2D SPACE',''
  ) );
#5001 = PCURVE('',#1913,#5002);
#5002 = DEFINITIONAL_REPRESENTATION('',(#5003),#5007);
#5003 = LINE('',#5004,#5005);
#5004 = CARTESIAN_POINT('',(8.,0.));
#5005 = VECTOR('',#5006,1.);
#5006 = DIRECTION('',(0.,1.));
#5007 = ( GEOMETRIC_REPRESENTATION_CONTEXT(2) 
PARAMETRIC_REPRESENTATION_CONTEXT() REPRESENTATION_CONTEXT('2D SPACE',''
  ) );
#5008 = ORIENTED_EDGE('',*,*,#1924,.F.);
#5009 = ADVANCED_FACE('',(#5010),#1913,.T.);
#5010 = FACE_BOUND('',#5011,.T.);
#5011 = EDGE_LOOP('',(#5012,#5013,#5014,#5015));
#5012 = ORIENTED_EDGE('',*,*,#4961,.F.);
#5013 = ORIENTED_EDGE('',*,*,#3498,.F.);
#5014 = ORIENTED_EDGE('',*,*,#4988,.T.);
#5015 = ORIENTED_EDGE('',*,*,#1898,.F.);
#5016 = ADVANCED_FACE('',(#5017),#1967,.F.);
#5017 = FACE_BOUND('',#5018,.F.);
#5018 = EDGE_LOOP('',(#5019,#5040,#5041,#5062));
#5019 = ORIENTED_EDGE('',*,*,#5020,.F.);
#5020 = EDGE_CURVE('',#3543,#1951,#5021,.T.);
#5021 = SURFACE_CURVE('',#5022,(#5026,#5033),.PCURVE_S1.);
#5022 = LINE('',#5023,#5024);
#5023 = CARTESIAN_POINT('',(508.5,50.5,189.75));
#5024 = VECTOR('',#5025,1.);
#5025 = DIRECTION('',(0.,1.,0.));
#5026 = PCURVE('',#1967,#5027);
#5027 = DEFINITIONAL_REPRESENTATION('',(#5028),#5032);
#5028 = LINE('',#5029,#5030);
#5029 = CARTESIAN_POINT('',(0.,0.));
#5030 = VECTOR('',#5031,1.);
#5031 = DIRECTION('',(0.,1.));
#5032 = ( GEOMETRIC_REPRESENTATION_CONTEXT(2) 
PARAMETRIC_REPRESENTATION_CONTEXT() REPRESENTATION_CONTEXT('2D SPACE',''
  ) );
#5033 = PCURVE('',#1993,#5034);
#5034 = DEFINITIONAL_REPRESENTATION('',(#5035),#5039);
#5035 = LINE('',#5036,#5037);
#5036 = CARTESIAN_POINT('',(71.5,0.));
#5037 = VECTOR('',#5038,1.);
#5038 = DIRECTION('',(0.,-1.));
#5039 = ( GEOMETRIC_REPRESENTATION_CONTEXT(2) 
PARAMETRIC_REPRESENTATION_CONTEXT() REPRESENTATION_CONTEXT('2D SPACE',''
  ) );
#5040 = ORIENTED_EDGE('',*,*,#3542,.F.);
#5041 = ORIENTED_EDGE('',*,*,#5042,.T.);
#5042 = EDGE_CURVE('',#3522,#1953,#5043,.T.);
#5043 = SURFACE_CURVE('',#5044,(#5048,#5055),.PCURVE_S1.);
#5044 = LINE('',#5045,#5046);
#5045 = CARTESIAN_POINT('',(516.5,50.5,189.75));
#5046 = VECTOR('',#5047,1.);
#5047 = DIRECTION('',(0.,1.,0.));
#5048 = PCURVE('',#1967,#5049);
#5049 = DEFINITIONAL_REPRESENTATION('',(#5050),#5054);
#5050 = LINE('',#5051,#5052);
#5051 = CARTESIAN_POINT('',(8.,0.));
#5052 = VECTOR('',#5053,1.);
#5053 = DIRECTION('',(0.,1.));
#5054 = ( GEOMETRIC_REPRESENTATION_CONTEXT(2) 
PARAMETRIC_REPRESENTATION_CONTEXT() REPRESENTATION_CONTEXT('2D SPACE',''
  ) );
#5055 = PCURVE('',#2043,#5056);
#5056 = DEFINITIONAL_REPRESENTATION('',(#5057),#5061);
#5057 = LINE('',#5058,#5059);
#5058 = CARTESIAN_POINT('',(71.5,0.));
#5059 = VECTOR('',#5060,1.);
#5060 = DIRECTION('',(0.,-1.));
#5061 = ( GEOMETRIC_REPRESENTATION_CONTEXT(2) 
PARAMETRIC_REPRESENTATION_CONTEXT() REPRESENTATION_CONTEXT('2D SPACE',''
  ) );
#5062 = ORIENTED_EDGE('',*,*,#1950,.F.);
#5063 = ADVANCED_FACE('',(#5064),#1993,.T.);
#5064 = FACE_BOUND('',#5065,.T.);
#5065 = EDGE_LOOP('',(#5066,#5067,#5068,#5089));
#5066 = ORIENTED_EDGE('',*,*,#5020,.F.);
#5067 = ORIENTED_EDGE('',*,*,#3563,.F.);
#5068 = ORIENTED_EDGE('',*,*,#5069,.T.);
#5069 = EDGE_CURVE('',#3564,#1979,#5070,.T.);
#5070 = SURFACE_CURVE('',#5071,(#5075,#5082),.PCURVE_S1.);
#5071 = LINE('',#5072,#5073);
#5072 = CARTESIAN_POINT('',(508.5,50.5,118.25));
#5073 = VECTOR('',#5074,1.);
#5074 = DIRECTION('',(0.,1.,0.));
#5075 = PCURVE('',#1993,#5076);
#5076 = DEFINITIONAL_REPRESENTATION('',(#5077),#5081);
#5077 = LINE('',#5078,#5079);
#5078 = CARTESIAN_POINT('',(0.,0.));
#5079 = VECTOR('',#5080,1.);
#5080 = DIRECTION('',(0.,-1.));
#5081 = ( GEOMETRIC_REPRESENTATION_CONTEXT(2) 
PARAMETRIC_REPRESENTATION_CONTEXT() REPRESENTATION_CONTEXT('2D SPACE',''
  ) );
#5082 = PCURVE('',#2019,#5083);
#5083 = DEFINITIONAL_REPRESENTATION('',(#5084),#5088);
#5084 = LINE('',#5085,#5086);
#5085 = CARTESIAN_POINT('',(0.,0.));
#5086 = VECTOR('',#5087,1.);
#5087 = DIRECTION('',(0.,1.));
#5088 = ( GEOMETRIC_REPRESENTATION_CONTEXT(2) 
PARAMETRIC_REPRESENTATION_CONTEXT() REPRESENTATION_CONTEXT('2D SPACE',''
  ) );
#5089 = ORIENTED_EDGE('',*,*,#1978,.F.);
#5090 = ADVANCED_FACE('',(#5091),#2043,.F.);
#5091 = FACE_BOUND('',#5092,.F.);
#5092 = EDGE_LOOP('',(#5093,#5094,#5095,#5116));
#5093 = ORIENTED_EDGE('',*,*,#5042,.F.);
#5094 = ORIENTED_EDGE('',*,*,#3519,.F.);
#5095 = ORIENTED_EDGE('',*,*,#5096,.T.);
#5096 = EDGE_CURVE('',#3520,#2005,#5097,.T.);
#5097 = SURFACE_CURVE('',#5098,(#5102,#5109),.PCURVE_S1.);
#5098 = LINE('',#5099,#5100);
#5099 = CARTESIAN_POINT('',(516.5,50.5,118.25));
#5100 = VECTOR('',#5101,1.);
#5101 = DIRECTION('',(0.,1.,0.));
#5102 = PCURVE('',#2043,#5103);
#5103 = DEFINITIONAL_REPRESENTATION('',(#5104),#5108);
#5104 = LINE('',#5105,#5106);
#5105 = CARTESIAN_POINT('',(0.,0.));
#5106 = VECTOR('',#5107,1.);
#5107 = DIRECTION('',(0.,-1.));
#5108 = ( GEOMETRIC_REPRESENTATION_CONTEXT(2) 
PARAMETRIC_REPRESENTATION_CONTEXT() REPRESENTATION_CONTEXT('2D SPACE',''
  ) );
#5109 = PCURVE('',#2019,#5110);
#5110 = DEFINITIONAL_REPRESENTATION('',(#5111),#5115);
#5111 = LINE('',#5112,#5113);
#5112 = CARTESIAN_POINT('',(8.,0.));
#5113 = VECTOR('',#5114,1.);
#5114 = DIRECTION('',(0.,1.));
#5115 = ( GEOMETRIC_REPRESENTATION_CONTEXT(2) 
PARAMETRIC_REPRESENTATION_CONTEXT() REPRESENTATION_CONTEXT('2D SPACE',''
  ) );
#5116 = ORIENTED_EDGE('',*,*,#2030,.F.);
#5117 = ADVANCED_FACE('',(#5118),#2019,.T.);
#5118 = FACE_BOUND('',#5119,.T.);
#5119 = EDGE_LOOP('',(#5120,#5121,#5122,#5123));
#5120 = ORIENTED_EDGE('',*,*,#5069,.F.);
#5121 = ORIENTED_EDGE('',*,*,#3584,.F.);
#5122 = ORIENTED_EDGE('',*,*,#5096,.T.);
#5123 = ORIENTED_EDGE('',*,*,#2004,.F.);
#5124 = ADVANCED_FACE('',(#5125),#2073,.F.);
#5125 = FACE_BOUND('',#5126,.F.);
#5126 = EDGE_LOOP('',(#5127,#5148,#5149,#5170));
#5127 = ORIENTED_EDGE('',*,*,#5128,.F.);
#5128 = EDGE_CURVE('',#3629,#2057,#5129,.T.);
#5129 = SURFACE_CURVE('',#5130,(#5134,#5141),.PCURVE_S1.);
#5130 = LINE('',#5131,#5132);
#5131 = CARTESIAN_POINT('',(553.5,50.5,189.75));
#5132 = VECTOR('',#5133,1.);
#5133 = DIRECTION('',(0.,1.,0.));
#5134 = PCURVE('',#2073,#5135);
#5135 = DEFINITIONAL_REPRESENTATION('',(#5136),#5140);
#5136 = LINE('',#5137,#5138);
#5137 = CARTESIAN_POINT('',(0.,0.));
#5138 = VECTOR('',#5139,1.);
#5139 = DIRECTION('',(0.,1.));
#5140 = ( GEOMETRIC_REPRESENTATION_CONTEXT(2) 
PARAMETRIC_REPRESENTATION_CONTEXT() REPRESENTATION_CONTEXT('2D SPACE',''
  ) );
#5141 = PCURVE('',#2099,#5142);
#5142 = DEFINITIONAL_REPRESENTATION('',(#5143),#5147);
#5143 = LINE('',#5144,#5145);
#5144 = CARTESIAN_POINT('',(71.5,0.));
#5145 = VECTOR('',#5146,1.);
#5146 = DIRECTION('',(0.,-1.));
#5147 = ( GEOMETRIC_REPRESENTATION_CONTEXT(2) 
PARAMETRIC_REPRESENTATION_CONTEXT() REPRESENTATION_CONTEXT('2D SPACE',''
  ) );
#5148 = ORIENTED_EDGE('',*,*,#3628,.F.);
#5149 = ORIENTED_EDGE('',*,*,#5150,.T.);
#5150 = EDGE_CURVE('',#3608,#2059,#5151,.T.);
#5151 = SURFACE_CURVE('',#5152,(#5156,#5163),.PCURVE_S1.);
#5152 = LINE('',#5153,#5154);
#5153 = CARTESIAN_POINT('',(561.5,50.5,189.75));
#5154 = VECTOR('',#5155,1.);
#5155 = DIRECTION('',(0.,1.,0.));
#5156 = PCURVE('',#2073,#5157);
#5157 = DEFINITIONAL_REPRESENTATION('',(#5158),#5162);
#5158 = LINE('',#5159,#5160);
#5159 = CARTESIAN_POINT('',(8.,0.));
#5160 = VECTOR('',#5161,1.);
#5161 = DIRECTION('',(0.,1.));
#5162 = ( GEOMETRIC_REPRESENTATION_CONTEXT(2) 
PARAMETRIC_REPRESENTATION_CONTEXT() REPRESENTATION_CONTEXT('2D SPACE',''
  ) );
#5163 = PCURVE('',#2149,#5164);
#5164 = DEFINITIONAL_REPRESENTATION('',(#5165),#5169);
#5165 = LINE('',#5166,#5167);
#5166 = CARTESIAN_POINT('',(71.5,0.));
#5167 = VECTOR('',#5168,1.);
#5168 = DIRECTION('',(0.,-1.));
#5169 = ( GEOMETRIC_REPRESENTATION_CONTEXT(2) 
PARAMETRIC_REPRESENTATION_CONTEXT() REPRESENTATION_CONTEXT('2D SPACE',''
  ) );
#5170 = ORIENTED_EDGE('',*,*,#2056,.F.);
#5171 = ADVANCED_FACE('',(#5172),#2149,.F.);
#5172 = FACE_BOUND('',#5173,.F.);
#5173 = EDGE_LOOP('',(#5174,#5175,#5176,#5197));
#5174 = ORIENTED_EDGE('',*,*,#5150,.F.);
#5175 = ORIENTED_EDGE('',*,*,#3605,.F.);
#5176 = ORIENTED_EDGE('',*,*,#5177,.T.);
#5177 = EDGE_CURVE('',#3606,#2111,#5178,.T.);
#5178 = SURFACE_CURVE('',#5179,(#5183,#5190),.PCURVE_S1.);
#5179 = LINE('',#5180,#5181);
#5180 = CARTESIAN_POINT('',(561.5,50.5,118.25));
#5181 = VECTOR('',#5182,1.);
#5182 = DIRECTION('',(0.,1.,0.));
#5183 = PCURVE('',#2149,#5184);
#5184 = DEFINITIONAL_REPRESENTATION('',(#5185),#5189);
#5185 = LINE('',#5186,#5187);
#5186 = CARTESIAN_POINT('',(0.,0.));
#5187 = VECTOR('',#5188,1.);
#5188 = DIRECTION('',(0.,-1.));
#5189 = ( GEOMETRIC_REPRESENTATION_CONTEXT(2) 
PARAMETRIC_REPRESENTATION_CONTEXT() REPRESENTATION_CONTEXT('2D SPACE',''
  ) );
#5190 = PCURVE('',#2125,#5191);
#5191 = DEFINITIONAL_REPRESENTATION('',(#5192),#5196);
#5192 = LINE('',#5193,#5194);
#5193 = CARTESIAN_POINT('',(8.,0.));
#5194 = VECTOR('',#5195,1.);
#5195 = DIRECTION('',(0.,1.));
#5196 = ( GEOMETRIC_REPRESENTATION_CONTEXT(2) 
PARAMETRIC_REPRESENTATION_CONTEXT() REPRESENTATION_CONTEXT('2D SPACE',''
  ) );
#5197 = ORIENTED_EDGE('',*,*,#2136,.F.);
#5198 = ADVANCED_FACE('',(#5199),#2125,.T.);
#5199 = FACE_BOUND('',#5200,.T.);
#5200 = EDGE_LOOP('',(#5201,#5222,#5223,#5224));
#5201 = ORIENTED_EDGE('',*,*,#5202,.F.);
#5202 = EDGE_CURVE('',#3650,#2085,#5203,.T.);
#5203 = SURFACE_CURVE('',#5204,(#5208,#5215),.PCURVE_S1.);
#5204 = LINE('',#5205,#5206);
#5205 = CARTESIAN_POINT('',(553.5,50.5,118.25));
#5206 = VECTOR('',#5207,1.);
#5207 = DIRECTION('',(0.,1.,0.));
#5208 = PCURVE('',#2125,#5209);
#5209 = DEFINITIONAL_REPRESENTATION('',(#5210),#5214);
#5210 = LINE('',#5211,#5212);
#5211 = CARTESIAN_POINT('',(0.,0.));
#5212 = VECTOR('',#5213,1.);
#5213 = DIRECTION('',(0.,1.));
#5214 = ( GEOMETRIC_REPRESENTATION_CONTEXT(2) 
PARAMETRIC_REPRESENTATION_CONTEXT() REPRESENTATION_CONTEXT('2D SPACE',''
  ) );
#5215 = PCURVE('',#2099,#5216);
#5216 = DEFINITIONAL_REPRESENTATION('',(#5217),#5221);
#5217 = LINE('',#5218,#5219);
#5218 = CARTESIAN_POINT('',(0.,0.));
#5219 = VECTOR('',#5220,1.);
#5220 = DIRECTION('',(0.,-1.));
#5221 = ( GEOMETRIC_REPRESENTATION_CONTEXT(2) 
PARAMETRIC_REPRESENTATION_CONTEXT() REPRESENTATION_CONTEXT('2D SPACE',''
  ) );
#5222 = ORIENTED_EDGE('',*,*,#3670,.F.);
#5223 = ORIENTED_EDGE('',*,*,#5177,.T.);
#5224 = ORIENTED_EDGE('',*,*,#2110,.F.);
#5225 = ADVANCED_FACE('',(#5226),#2099,.T.);
#5226 = FACE_BOUND('',#5227,.T.);
#5227 = EDGE_LOOP('',(#5228,#5229,#5230,#5231));
#5228 = ORIENTED_EDGE('',*,*,#5128,.F.);
#5229 = ORIENTED_EDGE('',*,*,#3649,.F.);
#5230 = ORIENTED_EDGE('',*,*,#5202,.T.);
#5231 = ORIENTED_EDGE('',*,*,#2084,.F.);
#5232 = ADVANCED_FACE('',(#5233),#2649,.F.);
#5233 = FACE_BOUND('',#5234,.F.);
#5234 = EDGE_LOOP('',(#5235,#5236));
#5235 = ORIENTED_EDGE('',*,*,#2632,.F.);
#5236 = ORIENTED_EDGE('',*,*,#2891,.F.);
#5237 = ADVANCED_FACE('',(#5238),#2859,.T.);
#5238 = FACE_BOUND('',#5239,.T.);
#5239 = EDGE_LOOP('',(#5240,#5241,#5242,#5263,#5284,#5303));
#5240 = ORIENTED_EDGE('',*,*,#2841,.F.);
#5241 = ORIENTED_EDGE('',*,*,#4125,.T.);
#5242 = ORIENTED_EDGE('',*,*,#5243,.T.);
#5243 = EDGE_CURVE('',#4099,#5244,#5246,.T.);
#5244 = VERTEX_POINT('',#5245);
#5245 = CARTESIAN_POINT('',(190.,9.999999999999E-02,102.2));
#5246 = SURFACE_CURVE('',#5247,(#5251,#5257),.PCURVE_S1.);
#5247 = LINE('',#5248,#5249);
#5248 = CARTESIAN_POINT('',(190.,-53.4,102.2));
#5249 = VECTOR('',#5250,1.);
#5250 = DIRECTION('',(0.,-1.,0.));
#5251 = PCURVE('',#2859,#5252);
#5252 = DEFINITIONAL_REPRESENTATION('',(#5253),#5256);
#5253 = B_SPLINE_CURVE_WITH_KNOTS('',1,(#5254,#5255),.UNSPECIFIED.,.F.,
  .F.,(2,2),(-105.2,-1.6),.PIECEWISE_BEZIER_KNOTS.);
#5254 = CARTESIAN_POINT('',(1.,103.6));
#5255 = CARTESIAN_POINT('',(1.,0.));
#5256 = ( GEOMETRIC_REPRESENTATION_CONTEXT(2) 
PARAMETRIC_REPRESENTATION_CONTEXT() REPRESENTATION_CONTEXT('2D SPACE',''
  ) );
#5257 = PCURVE('',#4059,#5258);
#5258 = DEFINITIONAL_REPRESENTATION('',(#5259),#5262);
#5259 = B_SPLINE_CURVE_WITH_KNOTS('',1,(#5260,#5261),.UNSPECIFIED.,.F.,
  .F.,(2,2),(-105.2,-1.6),.PIECEWISE_BEZIER_KNOTS.);
#5260 = CARTESIAN_POINT('',(3.2,-106.8));
#5261 = CARTESIAN_POINT('',(3.2,-3.2));
#5262 = ( GEOMETRIC_REPRESENTATION_CONTEXT(2) 
PARAMETRIC_REPRESENTATION_CONTEXT() REPRESENTATION_CONTEXT('2D SPACE',''
  ) );
#5263 = ORIENTED_EDGE('',*,*,#5264,.F.);
#5264 = EDGE_CURVE('',#5265,#5244,#5267,.T.);
#5265 = VERTEX_POINT('',#5266);
#5266 = CARTESIAN_POINT('',(610.,9.999999999999E-02,102.2));
#5267 = SURFACE_CURVE('',#5268,(#5272,#5278),.PCURVE_S1.);
#5268 = LINE('',#5269,#5270);
#5269 = CARTESIAN_POINT('',(186.99999995,9.999999999999E-02,102.2));
#5270 = VECTOR('',#5271,1.);
#5271 = DIRECTION('',(-1.,0.,0.));
#5272 = PCURVE('',#2859,#5273);
#5273 = DEFINITIONAL_REPRESENTATION('',(#5274),#5277);
#5274 = B_SPLINE_CURVE_WITH_KNOTS('',1,(#5275,#5276),.UNSPECIFIED.,.F.,
  .F.,(2,2),(-423.00000005,-3.00000005),.PIECEWISE_BEZIER_KNOTS.);
#5275 = CARTESIAN_POINT('',(421.,51.9));
#5276 = CARTESIAN_POINT('',(1.,51.9));
#5277 = ( GEOMETRIC_REPRESENTATION_CONTEXT(2) 
PARAMETRIC_REPRESENTATION_CONTEXT() REPRESENTATION_CONTEXT('2D SPACE',''
  ) );
#5278 = PCURVE('',#3744,#5279);
#5279 = DEFINITIONAL_REPRESENTATION('',(#5280),#5283);
#5280 = B_SPLINE_CURVE_WITH_KNOTS('',1,(#5281,#5282),.UNSPECIFIED.,.F.,
  .F.,(2,2),(-423.00000005,-3.00000005),.PIECEWISE_BEZIER_KNOTS.);
#5281 = CARTESIAN_POINT('',(26.2,425.0000001));
#5282 = CARTESIAN_POINT('',(26.2,5.0000001));
#5283 = ( GEOMETRIC_REPRESENTATION_CONTEXT(2) 
PARAMETRIC_REPRESENTATION_CONTEXT() REPRESENTATION_CONTEXT('2D SPACE',''
  ) );
#5284 = ORIENTED_EDGE('',*,*,#5285,.F.);
#5285 = EDGE_CURVE('',#4151,#5265,#5286,.T.);
#5286 = SURFACE_CURVE('',#5287,(#5291,#5297),.PCURVE_S1.);
#5287 = LINE('',#5288,#5289);
#5288 = CARTESIAN_POINT('',(610.,-53.4,102.2));
#5289 = VECTOR('',#5290,1.);
#5290 = DIRECTION('',(0.,-1.,0.));
#5291 = PCURVE('',#2859,#5292);
#5292 = DEFINITIONAL_REPRESENTATION('',(#5293),#5296);
#5293 = B_SPLINE_CURVE_WITH_KNOTS('',1,(#5294,#5295),.UNSPECIFIED.,.F.,
  .F.,(2,2),(-105.2,-1.6),.PIECEWISE_BEZIER_KNOTS.);
#5294 = CARTESIAN_POINT('',(421.,103.6));
#5295 = CARTESIAN_POINT('',(421.,0.));
#5296 = ( GEOMETRIC_REPRESENTATION_CONTEXT(2) 
PARAMETRIC_REPRESENTATION_CONTEXT() REPRESENTATION_CONTEXT('2D SPACE',''
  ) );
#5297 = PCURVE('',#3980,#5298);
#5298 = DEFINITIONAL_REPRESENTATION('',(#5299),#5302);
#5299 = B_SPLINE_CURVE_WITH_KNOTS('',1,(#5300,#5301),.UNSPECIFIED.,.F.,
  .F.,(2,2),(-105.2,-1.6),.PIECEWISE_BEZIER_KNOTS.);
#5300 = CARTESIAN_POINT('',(3.2,-106.8));
#5301 = CARTESIAN_POINT('',(3.2,-3.2));
#5302 = ( GEOMETRIC_REPRESENTATION_CONTEXT(2) 
PARAMETRIC_REPRESENTATION_CONTEXT() REPRESENTATION_CONTEXT('2D SPACE',''
  ) );
#5303 = ORIENTED_EDGE('',*,*,#4284,.T.);
#5304 = ADVANCED_FACE('',(#5305),#2950,.T.);
#5305 = FACE_BOUND('',#5306,.T.);
#5306 = EDGE_LOOP('',(#5307,#5308));
#5307 = ORIENTED_EDGE('',*,*,#4310,.T.);
#5308 = ORIENTED_EDGE('',*,*,#2935,.F.);
#5309 = ADVANCED_FACE('',(#5310),#3718,.T.);
#5310 = FACE_BOUND('',#5311,.T.);
#5311 = EDGE_LOOP('',(#5312,#5333,#5355));
#5312 = ORIENTED_EDGE('',*,*,#5313,.F.);
#5313 = EDGE_CURVE('',#5314,#3702,#5316,.T.);
#5314 = VERTEX_POINT('',#5315);
#5315 = CARTESIAN_POINT('',(226.,9.999999999998E-02,93.000081967268));
#5316 = SURFACE_CURVE('',#5317,(#5321,#5327),.PCURVE_S1.);
#5317 = LINE('',#5318,#5319);
#5318 = CARTESIAN_POINT('',(226.,9.999999999999E-02,115.));
#5319 = VECTOR('',#5320,1.);
#5320 = DIRECTION('',(0.,0.,1.));
#5321 = PCURVE('',#3718,#5322);
#5322 = DEFINITIONAL_REPRESENTATION('',(#5323),#5326);
#5323 = B_SPLINE_CURVE_WITH_KNOTS('',1,(#5324,#5325),.UNSPECIFIED.,.F.,
  .F.,(2,2),(-22.,-16.),.PIECEWISE_BEZIER_KNOTS.);
#5324 = CARTESIAN_POINT('',(-61.,-0.1));
#5325 = CARTESIAN_POINT('',(-55.,-0.1));
#5326 = ( GEOMETRIC_REPRESENTATION_CONTEXT(2) 
PARAMETRIC_REPRESENTATION_CONTEXT() REPRESENTATION_CONTEXT('2D SPACE',''
  ) );
#5327 = PCURVE('',#3744,#5328);
#5328 = DEFINITIONAL_REPRESENTATION('',(#5329),#5332);
#5329 = B_SPLINE_CURVE_WITH_KNOTS('',1,(#5330,#5331),.UNSPECIFIED.,.F.,
  .F.,(2,2),(-22.,-16.),.PIECEWISE_BEZIER_KNOTS.);
#5330 = CARTESIAN_POINT('',(17.,41.0000001));
#5331 = CARTESIAN_POINT('',(23.,41.0000001));
#5332 = ( GEOMETRIC_REPRESENTATION_CONTEXT(2) 
PARAMETRIC_REPRESENTATION_CONTEXT() REPRESENTATION_CONTEXT('2D SPACE',''
  ) );
#5333 = ORIENTED_EDGE('',*,*,#5334,.T.);
#5334 = EDGE_CURVE('',#5314,#3704,#5335,.T.);
#5335 = SURFACE_CURVE('',#5336,(#5341,#5348),.PCURVE_S1.);
#5336 = CIRCLE('',#5337,61.);
#5337 = AXIS2_PLACEMENT_3D('',#5338,#5339,#5340);
#5338 = CARTESIAN_POINT('',(226.,0.,154.));
#5339 = DIRECTION('',(1.,0.,0.));
#5340 = DIRECTION('',(0.,1.,0.));
#5341 = PCURVE('',#3718,#5342);
#5342 = DEFINITIONAL_REPRESENTATION('',(#5343),#5347);
#5343 = CIRCLE('',#5344,61.);
#5344 = AXIS2_PLACEMENT_2D('',#5345,#5346);
#5345 = CARTESIAN_POINT('',(0.,-5.738765146395E-15));
#5346 = DIRECTION('',(0.,-1.));
#5347 = ( GEOMETRIC_REPRESENTATION_CONTEXT(2) 
PARAMETRIC_REPRESENTATION_CONTEXT() REPRESENTATION_CONTEXT('2D SPACE',''
  ) );
#5348 = PCURVE('',#4084,#5349);
#5349 = DEFINITIONAL_REPRESENTATION('',(#5350),#5354);
#5350 = LINE('',#5351,#5352);
#5351 = CARTESIAN_POINT('',(-0.,-36.));
#5352 = VECTOR('',#5353,1.);
#5353 = DIRECTION('',(-1.,0.));
#5354 = ( GEOMETRIC_REPRESENTATION_CONTEXT(2) 
PARAMETRIC_REPRESENTATION_CONTEXT() REPRESENTATION_CONTEXT('2D SPACE',''
  ) );
#5355 = ORIENTED_EDGE('',*,*,#3701,.F.);
#5356 = ADVANCED_FACE('',(#5357),#4084,.T.);
#5357 = FACE_BOUND('',#5358,.F.);
#5358 = EDGE_LOOP('',(#5359,#5360,#5361,#5385));
#5359 = ORIENTED_EDGE('',*,*,#5334,.T.);
#5360 = ORIENTED_EDGE('',*,*,#4071,.T.);
#5361 = ORIENTED_EDGE('',*,*,#5362,.F.);
#5362 = EDGE_CURVE('',#5363,#4044,#5365,.T.);
#5363 = VERTEX_POINT('',#5364);
#5364 = CARTESIAN_POINT('',(190.,9.999999999998E-02,93.000081967268));
#5365 = SURFACE_CURVE('',#5366,(#5371,#5378),.PCURVE_S1.);
#5366 = CIRCLE('',#5367,61.);
#5367 = AXIS2_PLACEMENT_3D('',#5368,#5369,#5370);
#5368 = CARTESIAN_POINT('',(190.,0.,154.));
#5369 = DIRECTION('',(1.,0.,0.));
#5370 = DIRECTION('',(0.,1.,0.));
#5371 = PCURVE('',#4084,#5372);
#5372 = DEFINITIONAL_REPRESENTATION('',(#5373),#5377);
#5373 = LINE('',#5374,#5375);
#5374 = CARTESIAN_POINT('',(-0.,0.));
#5375 = VECTOR('',#5376,1.);
#5376 = DIRECTION('',(-1.,0.));
#5377 = ( GEOMETRIC_REPRESENTATION_CONTEXT(2) 
PARAMETRIC_REPRESENTATION_CONTEXT() REPRESENTATION_CONTEXT('2D SPACE',''
  ) );
#5378 = PCURVE('',#4059,#5379);
#5379 = DEFINITIONAL_REPRESENTATION('',(#5380),#5384);
#5380 = CIRCLE('',#5381,61.);
#5381 = AXIS2_PLACEMENT_2D('',#5382,#5383);
#5382 = CARTESIAN_POINT('',(55.,-55.));
#5383 = DIRECTION('',(0.,-1.));
#5384 = ( GEOMETRIC_REPRESENTATION_CONTEXT(2) 
PARAMETRIC_REPRESENTATION_CONTEXT() REPRESENTATION_CONTEXT('2D SPACE',''
  ) );
#5385 = ORIENTED_EDGE('',*,*,#5386,.F.);
#5386 = EDGE_CURVE('',#5314,#5363,#5387,.T.);
#5387 = SURFACE_CURVE('',#5388,(#5392,#5398),.PCURVE_S1.);
#5388 = LINE('',#5389,#5390);
#5389 = CARTESIAN_POINT('',(190.,9.999999999999E-02,93.000081967268));
#5390 = VECTOR('',#5391,1.);
#5391 = DIRECTION('',(-1.,-0.,-0.));
#5392 = PCURVE('',#4084,#5393);
#5393 = DEFINITIONAL_REPRESENTATION('',(#5394),#5397);
#5394 = B_SPLINE_CURVE_WITH_KNOTS('',1,(#5395,#5396),.UNSPECIFIED.,.F.,
  .F.,(2,2),(-36.0000006,5.999999928008E-07),.PIECEWISE_BEZIER_KNOTS.);
#5395 = CARTESIAN_POINT('',(-4.714028325381,-36.0000006));
#5396 = CARTESIAN_POINT('',(-4.714028325381,5.999999928008E-07));
#5397 = ( GEOMETRIC_REPRESENTATION_CONTEXT(2) 
PARAMETRIC_REPRESENTATION_CONTEXT() REPRESENTATION_CONTEXT('2D SPACE',''
  ) );
#5398 = PCURVE('',#3744,#5399);
#5399 = DEFINITIONAL_REPRESENTATION('',(#5400),#5403);
#5400 = B_SPLINE_CURVE_WITH_KNOTS('',1,(#5401,#5402),.UNSPECIFIED.,.F.,
  .F.,(2,2),(-36.0000006,5.999999928008E-07),.PIECEWISE_BEZIER_KNOTS.);
#5401 = CARTESIAN_POINT('',(17.000081967268,41.0000007));
#5402 = CARTESIAN_POINT('',(17.000081967268,4.9999995));
#5403 = ( GEOMETRIC_REPRESENTATION_CONTEXT(2) 
PARAMETRIC_REPRESENTATION_CONTEXT() REPRESENTATION_CONTEXT('2D SPACE',''
  ) );
#5404 = ADVANCED_FACE('',(#5405),#4059,.F.);
#5405 = FACE_BOUND('',#5406,.F.);
#5406 = EDGE_LOOP('',(#5407,#5408,#5409,#5428,#5429));
#5407 = ORIENTED_EDGE('',*,*,#4098,.T.);
#5408 = ORIENTED_EDGE('',*,*,#5243,.T.);
#5409 = ORIENTED_EDGE('',*,*,#5410,.F.);
#5410 = EDGE_CURVE('',#5363,#5244,#5411,.T.);
#5411 = SURFACE_CURVE('',#5412,(#5416,#5422),.PCURVE_S1.);
#5412 = LINE('',#5413,#5414);
#5413 = CARTESIAN_POINT('',(190.,9.999999999999E-02,87.5));
#5414 = VECTOR('',#5415,1.);
#5415 = DIRECTION('',(0.,0.,1.));
#5416 = PCURVE('',#4059,#5417);
#5417 = DEFINITIONAL_REPRESENTATION('',(#5418),#5421);
#5418 = B_SPLINE_CURVE_WITH_KNOTS('',1,(#5419,#5420),.UNSPECIFIED.,.F.,
  .F.,(2,2),(5.5,14.7),.PIECEWISE_BEZIER_KNOTS.);
#5419 = CARTESIAN_POINT('',(-6.,-55.1));
#5420 = CARTESIAN_POINT('',(3.2,-55.1));
#5421 = ( GEOMETRIC_REPRESENTATION_CONTEXT(2) 
PARAMETRIC_REPRESENTATION_CONTEXT() REPRESENTATION_CONTEXT('2D SPACE',''
  ) );
#5422 = PCURVE('',#3744,#5423);
#5423 = DEFINITIONAL_REPRESENTATION('',(#5424),#5427);
#5424 = B_SPLINE_CURVE_WITH_KNOTS('',1,(#5425,#5426),.UNSPECIFIED.,.F.,
  .F.,(2,2),(5.5,14.7),.PIECEWISE_BEZIER_KNOTS.);
#5425 = CARTESIAN_POINT('',(17.,5.0000001));
#5426 = CARTESIAN_POINT('',(26.2,5.0000001));
#5427 = ( GEOMETRIC_REPRESENTATION_CONTEXT(2) 
PARAMETRIC_REPRESENTATION_CONTEXT() REPRESENTATION_CONTEXT('2D SPACE',''
  ) );
#5428 = ORIENTED_EDGE('',*,*,#5362,.T.);
#5429 = ORIENTED_EDGE('',*,*,#4043,.T.);
#5430 = ADVANCED_FACE('',(#5431),#3980,.T.);
#5431 = FACE_BOUND('',#5432,.T.);
#5432 = EDGE_LOOP('',(#5433,#5434,#5435,#5436,#5457));
#5433 = ORIENTED_EDGE('',*,*,#3964,.T.);
#5434 = ORIENTED_EDGE('',*,*,#4150,.T.);
#5435 = ORIENTED_EDGE('',*,*,#5285,.T.);
#5436 = ORIENTED_EDGE('',*,*,#5437,.F.);
#5437 = EDGE_CURVE('',#5438,#5265,#5440,.T.);
#5438 = VERTEX_POINT('',#5439);
#5439 = CARTESIAN_POINT('',(610.,0.1,95.000084745824));
#5440 = SURFACE_CURVE('',#5441,(#5445,#5451),.PCURVE_S1.);
#5441 = LINE('',#5442,#5443);
#5442 = CARTESIAN_POINT('',(610.,9.999999999999E-02,87.5));
#5443 = VECTOR('',#5444,1.);
#5444 = DIRECTION('',(0.,0.,1.));
#5445 = PCURVE('',#3980,#5446);
#5446 = DEFINITIONAL_REPRESENTATION('',(#5447),#5450);
#5447 = B_SPLINE_CURVE_WITH_KNOTS('',1,(#5448,#5449),.UNSPECIFIED.,.F.,
  .F.,(2,2),(7.5,14.7),.PIECEWISE_BEZIER_KNOTS.);
#5448 = CARTESIAN_POINT('',(-4.,-55.1));
#5449 = CARTESIAN_POINT('',(3.2,-55.1));
#5450 = ( GEOMETRIC_REPRESENTATION_CONTEXT(2) 
PARAMETRIC_REPRESENTATION_CONTEXT() REPRESENTATION_CONTEXT('2D SPACE',''
  ) );
#5451 = PCURVE('',#3744,#5452);
#5452 = DEFINITIONAL_REPRESENTATION('',(#5453),#5456);
#5453 = B_SPLINE_CURVE_WITH_KNOTS('',1,(#5454,#5455),.UNSPECIFIED.,.F.,
  .F.,(2,2),(7.5,14.7),.PIECEWISE_BEZIER_KNOTS.);
#5454 = CARTESIAN_POINT('',(19.,425.0000001));
#5455 = CARTESIAN_POINT('',(26.2,425.0000001));
#5456 = ( GEOMETRIC_REPRESENTATION_CONTEXT(2) 
PARAMETRIC_REPRESENTATION_CONTEXT() REPRESENTATION_CONTEXT('2D SPACE',''
  ) );
#5457 = ORIENTED_EDGE('',*,*,#5458,.T.);
#5458 = EDGE_CURVE('',#5438,#3939,#5459,.T.);
#5459 = SURFACE_CURVE('',#5460,(#5465,#5472),.PCURVE_S1.);
#5460 = CIRCLE('',#5461,59.);
#5461 = AXIS2_PLACEMENT_3D('',#5462,#5463,#5464);
#5462 = CARTESIAN_POINT('',(610.,0.,154.));
#5463 = DIRECTION('',(1.,0.,0.));
#5464 = DIRECTION('',(0.,1.,0.));
#5465 = PCURVE('',#3980,#5466);
#5466 = DEFINITIONAL_REPRESENTATION('',(#5467),#5471);
#5467 = CIRCLE('',#5468,59.);
#5468 = AXIS2_PLACEMENT_2D('',#5469,#5470);
#5469 = CARTESIAN_POINT('',(55.,-55.));
#5470 = DIRECTION('',(0.,-1.));
#5471 = ( GEOMETRIC_REPRESENTATION_CONTEXT(2) 
PARAMETRIC_REPRESENTATION_CONTEXT() REPRESENTATION_CONTEXT('2D SPACE',''
  ) );
#5472 = PCURVE('',#3953,#5473);
#5473 = DEFINITIONAL_REPRESENTATION('',(#5474),#5478);
#5474 = LINE('',#5475,#5476);
#5475 = CARTESIAN_POINT('',(-0.,-16.));
#5476 = VECTOR('',#5477,1.);
#5477 = DIRECTION('',(-1.,0.));
#5478 = ( GEOMETRIC_REPRESENTATION_CONTEXT(2) 
PARAMETRIC_REPRESENTATION_CONTEXT() REPRESENTATION_CONTEXT('2D SPACE',''
  ) );
#5479 = ADVANCED_FACE('',(#5480),#3953,.T.);
#5480 = FACE_BOUND('',#5481,.F.);
#5481 = EDGE_LOOP('',(#5482,#5483,#5484,#5508));
#5482 = ORIENTED_EDGE('',*,*,#5458,.T.);
#5483 = ORIENTED_EDGE('',*,*,#3938,.T.);
#5484 = ORIENTED_EDGE('',*,*,#5485,.F.);
#5485 = EDGE_CURVE('',#5486,#3913,#5488,.T.);
#5486 = VERTEX_POINT('',#5487);
#5487 = CARTESIAN_POINT('',(594.,0.1,95.000084745824));
#5488 = SURFACE_CURVE('',#5489,(#5494,#5501),.PCURVE_S1.);
#5489 = CIRCLE('',#5490,59.);
#5490 = AXIS2_PLACEMENT_3D('',#5491,#5492,#5493);
#5491 = CARTESIAN_POINT('',(594.,0.,154.));
#5492 = DIRECTION('',(1.,0.,0.));
#5493 = DIRECTION('',(0.,1.,0.));
#5494 = PCURVE('',#3953,#5495);
#5495 = DEFINITIONAL_REPRESENTATION('',(#5496),#5500);
#5496 = LINE('',#5497,#5498);
#5497 = CARTESIAN_POINT('',(-0.,0.));
#5498 = VECTOR('',#5499,1.);
#5499 = DIRECTION('',(-1.,0.));
#5500 = ( GEOMETRIC_REPRESENTATION_CONTEXT(2) 
PARAMETRIC_REPRESENTATION_CONTEXT() REPRESENTATION_CONTEXT('2D SPACE',''
  ) );
#5501 = PCURVE('',#3927,#5502);
#5502 = DEFINITIONAL_REPRESENTATION('',(#5503),#5507);
#5503 = CIRCLE('',#5504,59.);
#5504 = AXIS2_PLACEMENT_2D('',#5505,#5506);
#5505 = CARTESIAN_POINT('',(0.,-5.933299558137E-15));
#5506 = DIRECTION('',(0.,-1.));
#5507 = ( GEOMETRIC_REPRESENTATION_CONTEXT(2) 
PARAMETRIC_REPRESENTATION_CONTEXT() REPRESENTATION_CONTEXT('2D SPACE',''
  ) );
#5508 = ORIENTED_EDGE('',*,*,#5509,.F.);
#5509 = EDGE_CURVE('',#5438,#5486,#5510,.T.);
#5510 = SURFACE_CURVE('',#5511,(#5515,#5521),.PCURVE_S1.);
#5511 = LINE('',#5512,#5513);
#5512 = CARTESIAN_POINT('',(594.,9.999999999999E-02,95.000084745824));
#5513 = VECTOR('',#5514,1.);
#5514 = DIRECTION('',(-1.,-0.,-0.));
#5515 = PCURVE('',#3953,#5516);
#5516 = DEFINITIONAL_REPRESENTATION('',(#5517),#5520);
#5517 = B_SPLINE_CURVE_WITH_KNOTS('',1,(#5518,#5519),.UNSPECIFIED.,.F.,
  .F.,(2,2),(-16.0000006,6.000000212225E-07),.PIECEWISE_BEZIER_KNOTS.);
#5518 = CARTESIAN_POINT('',(-4.71408389645,-16.0000006));
#5519 = CARTESIAN_POINT('',(-4.71408389645,6.000000212225E-07));
#5520 = ( GEOMETRIC_REPRESENTATION_CONTEXT(2) 
PARAMETRIC_REPRESENTATION_CONTEXT() REPRESENTATION_CONTEXT('2D SPACE',''
  ) );
#5521 = PCURVE('',#3744,#5522);
#5522 = DEFINITIONAL_REPRESENTATION('',(#5523),#5526);
#5523 = B_SPLINE_CURVE_WITH_KNOTS('',1,(#5524,#5525),.UNSPECIFIED.,.F.,
  .F.,(2,2),(-16.0000006,6.000000212225E-07),.PIECEWISE_BEZIER_KNOTS.);
#5524 = CARTESIAN_POINT('',(19.000084745824,425.0000007));
#5525 = CARTESIAN_POINT('',(19.000084745824,408.9999995));
#5526 = ( GEOMETRIC_REPRESENTATION_CONTEXT(2) 
PARAMETRIC_REPRESENTATION_CONTEXT() REPRESENTATION_CONTEXT('2D SPACE',''
  ) );
#5527 = ADVANCED_FACE('',(#5528),#3927,.F.);
#5528 = FACE_BOUND('',#5529,.F.);
#5529 = EDGE_LOOP('',(#5530,#5549,#5550));
#5530 = ORIENTED_EDGE('',*,*,#5531,.F.);
#5531 = EDGE_CURVE('',#5486,#3892,#5532,.T.);
#5532 = SURFACE_CURVE('',#5533,(#5537,#5543),.PCURVE_S1.);
#5533 = LINE('',#5534,#5535);
#5534 = CARTESIAN_POINT('',(594.,9.999999999999E-02,115.));
#5535 = VECTOR('',#5536,1.);
#5536 = DIRECTION('',(0.,0.,1.));
#5537 = PCURVE('',#3927,#5538);
#5538 = DEFINITIONAL_REPRESENTATION('',(#5539),#5542);
#5539 = B_SPLINE_CURVE_WITH_KNOTS('',1,(#5540,#5541),.UNSPECIFIED.,.F.,
  .F.,(2,2),(-20.,-16.),.PIECEWISE_BEZIER_KNOTS.);
#5540 = CARTESIAN_POINT('',(-59.,-0.1));
#5541 = CARTESIAN_POINT('',(-55.,-0.1));
#5542 = ( GEOMETRIC_REPRESENTATION_CONTEXT(2) 
PARAMETRIC_REPRESENTATION_CONTEXT() REPRESENTATION_CONTEXT('2D SPACE',''
  ) );
#5543 = PCURVE('',#3744,#5544);
#5544 = DEFINITIONAL_REPRESENTATION('',(#5545),#5548);
#5545 = B_SPLINE_CURVE_WITH_KNOTS('',1,(#5546,#5547),.UNSPECIFIED.,.F.,
  .F.,(2,2),(-20.,-16.),.PIECEWISE_BEZIER_KNOTS.);
#5546 = CARTESIAN_POINT('',(19.,409.0000001));
#5547 = CARTESIAN_POINT('',(23.,409.0000001));
#5548 = ( GEOMETRIC_REPRESENTATION_CONTEXT(2) 
PARAMETRIC_REPRESENTATION_CONTEXT() REPRESENTATION_CONTEXT('2D SPACE',''
  ) );
#5549 = ORIENTED_EDGE('',*,*,#5485,.T.);
#5550 = ORIENTED_EDGE('',*,*,#3912,.F.);
#5551 = ADVANCED_FACE('',(#5552),#3744,.F.);
#5552 = FACE_BOUND('',#5553,.F.);
#5553 = EDGE_LOOP('',(#5554,#5555,#5556,#5577,#5603,#5622,#5623,#5624,
    #5625,#5626,#5627,#5628));
#5554 = ORIENTED_EDGE('',*,*,#5531,.T.);
#5555 = ORIENTED_EDGE('',*,*,#3891,.T.);
#5556 = ORIENTED_EDGE('',*,*,#5557,.F.);
#5557 = EDGE_CURVE('',#5558,#3866,#5560,.T.);
#5558 = VERTEX_POINT('',#5559);
#5559 = CARTESIAN_POINT('',(568.,9.999999999999E-02,81.));
#5560 = SURFACE_CURVE('',#5561,(#5565,#5571),.PCURVE_S1.);
#5561 = LINE('',#5562,#5563);
#5562 = CARTESIAN_POINT('',(568.,9.999999999999E-02,78.5));
#5563 = VECTOR('',#5564,1.);
#5564 = DIRECTION('',(0.,0.,1.));
#5565 = PCURVE('',#3744,#5566);
#5566 = DEFINITIONAL_REPRESENTATION('',(#5567),#5570);
#5567 = B_SPLINE_CURVE_WITH_KNOTS('',1,(#5568,#5569),.UNSPECIFIED.,.F.,
  .F.,(2,2),(2.5,20.5),.PIECEWISE_BEZIER_KNOTS.);
#5568 = CARTESIAN_POINT('',(5.,383.0000001));
#5569 = CARTESIAN_POINT('',(23.,383.0000001));
#5570 = ( GEOMETRIC_REPRESENTATION_CONTEXT(2) 
PARAMETRIC_REPRESENTATION_CONTEXT() REPRESENTATION_CONTEXT('2D SPACE',''
  ) );
#5571 = PCURVE('',#3880,#5572);
#5572 = DEFINITIONAL_REPRESENTATION('',(#5573),#5576);
#5573 = B_SPLINE_CURVE_WITH_KNOTS('',1,(#5574,#5575),.UNSPECIFIED.,.F.,
  .F.,(2,2),(2.5,20.5),.PIECEWISE_BEZIER_KNOTS.);
#5574 = CARTESIAN_POINT('',(0.,-18.1));
#5575 = CARTESIAN_POINT('',(18.,-18.1));
#5576 = ( GEOMETRIC_REPRESENTATION_CONTEXT(2) 
PARAMETRIC_REPRESENTATION_CONTEXT() REPRESENTATION_CONTEXT('2D SPACE',''
  ) );
#5577 = ORIENTED_EDGE('',*,*,#5578,.T.);
#5578 = EDGE_CURVE('',#5558,#5579,#5581,.T.);
#5579 = VERTEX_POINT('',#5580);
#5580 = CARTESIAN_POINT('',(274.,9.999999999999E-02,81.));
#5581 = SURFACE_CURVE('',#5582,(#5586,#5592),.PCURVE_S1.);
#5582 = LINE('',#5583,#5584);
#5583 = CARTESIAN_POINT('',(229.49999995,9.999999999999E-02,81.));
#5584 = VECTOR('',#5585,1.);
#5585 = DIRECTION('',(-1.,0.,0.));
#5586 = PCURVE('',#3744,#5587);
#5587 = DEFINITIONAL_REPRESENTATION('',(#5588),#5591);
#5588 = B_SPLINE_CURVE_WITH_KNOTS('',1,(#5589,#5590),.UNSPECIFIED.,.F.,
  .F.,(2,2),(-338.50000005,-44.50000005),.PIECEWISE_BEZIER_KNOTS.);
#5589 = CARTESIAN_POINT('',(5.,383.0000001));
#5590 = CARTESIAN_POINT('',(5.,89.0000001));
#5591 = ( GEOMETRIC_REPRESENTATION_CONTEXT(2) 
PARAMETRIC_REPRESENTATION_CONTEXT() REPRESENTATION_CONTEXT('2D SPACE',''
  ) );
#5592 = PCURVE('',#5593,#5598);
#5593 = PLANE('',#5594);
#5594 = AXIS2_PLACEMENT_3D('',#5595,#5596,#5597);
#5595 = CARTESIAN_POINT('',(274.,-18.,81.));
#5596 = DIRECTION('',(0.,0.,1.));
#5597 = DIRECTION('',(1.,0.,0.));
#5598 = DEFINITIONAL_REPRESENTATION('',(#5599),#5602);
#5599 = B_SPLINE_CURVE_WITH_KNOTS('',1,(#5600,#5601),.UNSPECIFIED.,.F.,
  .F.,(2,2),(-338.50000005,-44.50000005),.PIECEWISE_BEZIER_KNOTS.);
#5600 = CARTESIAN_POINT('',(294.,18.1));
#5601 = CARTESIAN_POINT('',(0.,18.1));
#5602 = ( GEOMETRIC_REPRESENTATION_CONTEXT(2) 
PARAMETRIC_REPRESENTATION_CONTEXT() REPRESENTATION_CONTEXT('2D SPACE',''
  ) );
#5603 = ORIENTED_EDGE('',*,*,#5604,.T.);
#5604 = EDGE_CURVE('',#5579,#3730,#5605,.T.);
#5605 = SURFACE_CURVE('',#5606,(#5610,#5616),.PCURVE_S1.);
#5606 = LINE('',#5607,#5608);
#5607 = CARTESIAN_POINT('',(274.,9.999999999999E-02,78.5));
#5608 = VECTOR('',#5609,1.);
#5609 = DIRECTION('',(0.,0.,1.));
#5610 = PCURVE('',#3744,#5611);
#5611 = DEFINITIONAL_REPRESENTATION('',(#5612),#5615);
#5612 = B_SPLINE_CURVE_WITH_KNOTS('',1,(#5613,#5614),.UNSPECIFIED.,.F.,
  .F.,(2,2),(2.5,20.5),.PIECEWISE_BEZIER_KNOTS.);
#5613 = CARTESIAN_POINT('',(5.,89.0000001));
#5614 = CARTESIAN_POINT('',(23.,89.0000001));
#5615 = ( GEOMETRIC_REPRESENTATION_CONTEXT(2) 
PARAMETRIC_REPRESENTATION_CONTEXT() REPRESENTATION_CONTEXT('2D SPACE',''
  ) );
#5616 = PCURVE('',#3770,#5617);
#5617 = DEFINITIONAL_REPRESENTATION('',(#5618),#5621);
#5618 = B_SPLINE_CURVE_WITH_KNOTS('',1,(#5619,#5620),.UNSPECIFIED.,.F.,
  .F.,(2,2),(2.5,20.5),.PIECEWISE_BEZIER_KNOTS.);
#5619 = CARTESIAN_POINT('',(0.,-18.1));
#5620 = CARTESIAN_POINT('',(18.,-18.1));
#5621 = ( GEOMETRIC_REPRESENTATION_CONTEXT(2) 
PARAMETRIC_REPRESENTATION_CONTEXT() REPRESENTATION_CONTEXT('2D SPACE',''
  ) );
#5622 = ORIENTED_EDGE('',*,*,#3729,.T.);
#5623 = ORIENTED_EDGE('',*,*,#5313,.F.);
#5624 = ORIENTED_EDGE('',*,*,#5386,.T.);
#5625 = ORIENTED_EDGE('',*,*,#5410,.T.);
#5626 = ORIENTED_EDGE('',*,*,#5264,.F.);
#5627 = ORIENTED_EDGE('',*,*,#5437,.F.);
#5628 = ORIENTED_EDGE('',*,*,#5509,.T.);
#5629 = ADVANCED_FACE('',(#5630),#3880,.T.);
#5630 = FACE_BOUND('',#5631,.T.);
#5631 = EDGE_LOOP('',(#5632,#5633,#5634,#5657));
#5632 = ORIENTED_EDGE('',*,*,#3865,.F.);
#5633 = ORIENTED_EDGE('',*,*,#5557,.F.);
#5634 = ORIENTED_EDGE('',*,*,#5635,.T.);
#5635 = EDGE_CURVE('',#5558,#5636,#5638,.T.);
#5636 = VERTEX_POINT('',#5637);
#5637 = CARTESIAN_POINT('',(568.,16.,81.));
#5638 = SURFACE_CURVE('',#5639,(#5643,#5650),.PCURVE_S1.);
#5639 = LINE('',#5640,#5641);
#5640 = CARTESIAN_POINT('',(568.,-18.,81.));
#5641 = VECTOR('',#5642,1.);
#5642 = DIRECTION('',(0.,1.,0.));
#5643 = PCURVE('',#3880,#5644);
#5644 = DEFINITIONAL_REPRESENTATION('',(#5645),#5649);
#5645 = LINE('',#5646,#5647);
#5646 = CARTESIAN_POINT('',(0.,0.));
#5647 = VECTOR('',#5648,1.);
#5648 = DIRECTION('',(0.,-1.));
#5649 = ( GEOMETRIC_REPRESENTATION_CONTEXT(2) 
PARAMETRIC_REPRESENTATION_CONTEXT() REPRESENTATION_CONTEXT('2D SPACE',''
  ) );
#5650 = PCURVE('',#5593,#5651);
#5651 = DEFINITIONAL_REPRESENTATION('',(#5652),#5656);
#5652 = LINE('',#5653,#5654);
#5653 = CARTESIAN_POINT('',(294.,0.));
#5654 = VECTOR('',#5655,1.);
#5655 = DIRECTION('',(0.,1.));
#5656 = ( GEOMETRIC_REPRESENTATION_CONTEXT(2) 
PARAMETRIC_REPRESENTATION_CONTEXT() REPRESENTATION_CONTEXT('2D SPACE',''
  ) );
#5657 = ORIENTED_EDGE('',*,*,#5658,.T.);
#5658 = EDGE_CURVE('',#5636,#3837,#5659,.T.);
#5659 = SURFACE_CURVE('',#5660,(#5664,#5671),.PCURVE_S1.);
#5660 = LINE('',#5661,#5662);
#5661 = CARTESIAN_POINT('',(568.,16.,81.));
#5662 = VECTOR('',#5663,1.);
#5663 = DIRECTION('',(0.,0.,1.));
#5664 = PCURVE('',#3880,#5665);
#5665 = DEFINITIONAL_REPRESENTATION('',(#5666),#5670);
#5666 = LINE('',#5667,#5668);
#5667 = CARTESIAN_POINT('',(0.,-34.));
#5668 = VECTOR('',#5669,1.);
#5669 = DIRECTION('',(1.,0.));
#5670 = ( GEOMETRIC_REPRESENTATION_CONTEXT(2) 
PARAMETRIC_REPRESENTATION_CONTEXT() REPRESENTATION_CONTEXT('2D SPACE',''
  ) );
#5671 = PCURVE('',#3853,#5672);
#5672 = DEFINITIONAL_REPRESENTATION('',(#5673),#5677);
#5673 = LINE('',#5674,#5675);
#5674 = CARTESIAN_POINT('',(0.,0.));
#5675 = VECTOR('',#5676,1.);
#5676 = DIRECTION('',(0.,1.));
#5677 = ( GEOMETRIC_REPRESENTATION_CONTEXT(2) 
PARAMETRIC_REPRESENTATION_CONTEXT() REPRESENTATION_CONTEXT('2D SPACE',''
  ) );
#5678 = ADVANCED_FACE('',(#5679),#3853,.T.);
#5679 = FACE_BOUND('',#5680,.T.);
#5680 = EDGE_LOOP('',(#5681,#5682,#5706,#5727));
#5681 = ORIENTED_EDGE('',*,*,#5658,.F.);
#5682 = ORIENTED_EDGE('',*,*,#5683,.T.);
#5683 = EDGE_CURVE('',#5636,#5684,#5686,.T.);
#5684 = VERTEX_POINT('',#5685);
#5685 = CARTESIAN_POINT('',(566.,18.,81.));
#5686 = SURFACE_CURVE('',#5687,(#5692,#5699),.PCURVE_S1.);
#5687 = CIRCLE('',#5688,2.);
#5688 = AXIS2_PLACEMENT_3D('',#5689,#5690,#5691);
#5689 = CARTESIAN_POINT('',(566.,16.,81.));
#5690 = DIRECTION('',(0.,0.,1.));
#5691 = DIRECTION('',(0.,-1.,0.));
#5692 = PCURVE('',#3853,#5693);
#5693 = DEFINITIONAL_REPRESENTATION('',(#5694),#5698);
#5694 = LINE('',#5695,#5696);
#5695 = CARTESIAN_POINT('',(-1.570796326795,0.));
#5696 = VECTOR('',#5697,1.);
#5697 = DIRECTION('',(1.,0.));
#5698 = ( GEOMETRIC_REPRESENTATION_CONTEXT(2) 
PARAMETRIC_REPRESENTATION_CONTEXT() REPRESENTATION_CONTEXT('2D SPACE',''
  ) );
#5699 = PCURVE('',#5593,#5700);
#5700 = DEFINITIONAL_REPRESENTATION('',(#5701),#5705);
#5701 = CIRCLE('',#5702,2.);
#5702 = AXIS2_PLACEMENT_2D('',#5703,#5704);
#5703 = CARTESIAN_POINT('',(292.,34.));
#5704 = DIRECTION('',(0.,-1.));
#5705 = ( GEOMETRIC_REPRESENTATION_CONTEXT(2) 
PARAMETRIC_REPRESENTATION_CONTEXT() REPRESENTATION_CONTEXT('2D SPACE',''
  ) );
#5706 = ORIENTED_EDGE('',*,*,#5707,.T.);
#5707 = EDGE_CURVE('',#5684,#3811,#5708,.T.);
#5708 = SURFACE_CURVE('',#5709,(#5713,#5720),.PCURVE_S1.);
#5709 = LINE('',#5710,#5711);
#5710 = CARTESIAN_POINT('',(566.,18.,81.));
#5711 = VECTOR('',#5712,1.);
#5712 = DIRECTION('',(0.,0.,1.));
#5713 = PCURVE('',#3853,#5714);
#5714 = DEFINITIONAL_REPRESENTATION('',(#5715),#5719);
#5715 = LINE('',#5716,#5717);
#5716 = CARTESIAN_POINT('',(1.570796326795,0.));
#5717 = VECTOR('',#5718,1.);
#5718 = DIRECTION('',(0.,1.));
#5719 = ( GEOMETRIC_REPRESENTATION_CONTEXT(2) 
PARAMETRIC_REPRESENTATION_CONTEXT() REPRESENTATION_CONTEXT('2D SPACE',''
  ) );
#5720 = PCURVE('',#3825,#5721);
#5721 = DEFINITIONAL_REPRESENTATION('',(#5722),#5726);
#5722 = LINE('',#5723,#5724);
#5723 = CARTESIAN_POINT('',(0.,292.));
#5724 = VECTOR('',#5725,1.);
#5725 = DIRECTION('',(1.,0.));
#5726 = ( GEOMETRIC_REPRESENTATION_CONTEXT(2) 
PARAMETRIC_REPRESENTATION_CONTEXT() REPRESENTATION_CONTEXT('2D SPACE',''
  ) );
#5727 = ORIENTED_EDGE('',*,*,#3836,.F.);
#5728 = ADVANCED_FACE('',(#5729),#3825,.T.);
#5729 = FACE_BOUND('',#5730,.T.);
#5730 = EDGE_LOOP('',(#5731,#5754,#5775,#5776));
#5731 = ORIENTED_EDGE('',*,*,#5732,.F.);
#5732 = EDGE_CURVE('',#5733,#5684,#5735,.T.);
#5733 = VERTEX_POINT('',#5734);
#5734 = CARTESIAN_POINT('',(276.,18.,81.));
#5735 = SURFACE_CURVE('',#5736,(#5740,#5747),.PCURVE_S1.);
#5736 = LINE('',#5737,#5738);
#5737 = CARTESIAN_POINT('',(274.,18.,81.));
#5738 = VECTOR('',#5739,1.);
#5739 = DIRECTION('',(1.,0.,0.));
#5740 = PCURVE('',#3825,#5741);
#5741 = DEFINITIONAL_REPRESENTATION('',(#5742),#5746);
#5742 = LINE('',#5743,#5744);
#5743 = CARTESIAN_POINT('',(0.,0.));
#5744 = VECTOR('',#5745,1.);
#5745 = DIRECTION('',(0.,1.));
#5746 = ( GEOMETRIC_REPRESENTATION_CONTEXT(2) 
PARAMETRIC_REPRESENTATION_CONTEXT() REPRESENTATION_CONTEXT('2D SPACE',''
  ) );
#5747 = PCURVE('',#5593,#5748);
#5748 = DEFINITIONAL_REPRESENTATION('',(#5749),#5753);
#5749 = LINE('',#5750,#5751);
#5750 = CARTESIAN_POINT('',(0.,36.));
#5751 = VECTOR('',#5752,1.);
#5752 = DIRECTION('',(1.,0.));
#5753 = ( GEOMETRIC_REPRESENTATION_CONTEXT(2) 
PARAMETRIC_REPRESENTATION_CONTEXT() REPRESENTATION_CONTEXT('2D SPACE',''
  ) );
#5754 = ORIENTED_EDGE('',*,*,#5755,.T.);
#5755 = EDGE_CURVE('',#5733,#3782,#5756,.T.);
#5756 = SURFACE_CURVE('',#5757,(#5761,#5768),.PCURVE_S1.);
#5757 = LINE('',#5758,#5759);
#5758 = CARTESIAN_POINT('',(276.,18.,81.));
#5759 = VECTOR('',#5760,1.);
#5760 = DIRECTION('',(0.,0.,1.));
#5761 = PCURVE('',#3825,#5762);
#5762 = DEFINITIONAL_REPRESENTATION('',(#5763),#5767);
#5763 = LINE('',#5764,#5765);
#5764 = CARTESIAN_POINT('',(0.,2.));
#5765 = VECTOR('',#5766,1.);
#5766 = DIRECTION('',(1.,0.));
#5767 = ( GEOMETRIC_REPRESENTATION_CONTEXT(2) 
PARAMETRIC_REPRESENTATION_CONTEXT() REPRESENTATION_CONTEXT('2D SPACE',''
  ) );
#5768 = PCURVE('',#3798,#5769);
#5769 = DEFINITIONAL_REPRESENTATION('',(#5770),#5774);
#5770 = LINE('',#5771,#5772);
#5771 = CARTESIAN_POINT('',(-1.570796326795,0.));
#5772 = VECTOR('',#5773,1.);
#5773 = DIRECTION('',(-0.,1.));
#5774 = ( GEOMETRIC_REPRESENTATION_CONTEXT(2) 
PARAMETRIC_REPRESENTATION_CONTEXT() REPRESENTATION_CONTEXT('2D SPACE',''
  ) );
#5775 = ORIENTED_EDGE('',*,*,#3810,.F.);
#5776 = ORIENTED_EDGE('',*,*,#5707,.F.);
#5777 = ADVANCED_FACE('',(#5778),#3798,.T.);
#5778 = FACE_BOUND('',#5779,.F.);
#5779 = EDGE_LOOP('',(#5780,#5803,#5829,#5830));
#5780 = ORIENTED_EDGE('',*,*,#5781,.F.);
#5781 = EDGE_CURVE('',#5782,#3756,#5784,.T.);
#5782 = VERTEX_POINT('',#5783);
#5783 = CARTESIAN_POINT('',(274.,16.,81.));
#5784 = SURFACE_CURVE('',#5785,(#5789,#5796),.PCURVE_S1.);
#5785 = LINE('',#5786,#5787);
#5786 = CARTESIAN_POINT('',(274.,16.,81.));
#5787 = VECTOR('',#5788,1.);
#5788 = DIRECTION('',(0.,0.,1.));
#5789 = PCURVE('',#3798,#5790);
#5790 = DEFINITIONAL_REPRESENTATION('',(#5791),#5795);
#5791 = LINE('',#5792,#5793);
#5792 = CARTESIAN_POINT('',(-0.,0.));
#5793 = VECTOR('',#5794,1.);
#5794 = DIRECTION('',(-0.,1.));
#5795 = ( GEOMETRIC_REPRESENTATION_CONTEXT(2) 
PARAMETRIC_REPRESENTATION_CONTEXT() REPRESENTATION_CONTEXT('2D SPACE',''
  ) );
#5796 = PCURVE('',#3770,#5797);
#5797 = DEFINITIONAL_REPRESENTATION('',(#5798),#5802);
#5798 = LINE('',#5799,#5800);
#5799 = CARTESIAN_POINT('',(0.,-34.));
#5800 = VECTOR('',#5801,1.);
#5801 = DIRECTION('',(1.,0.));
#5802 = ( GEOMETRIC_REPRESENTATION_CONTEXT(2) 
PARAMETRIC_REPRESENTATION_CONTEXT() REPRESENTATION_CONTEXT('2D SPACE',''
  ) );
#5803 = ORIENTED_EDGE('',*,*,#5804,.T.);
#5804 = EDGE_CURVE('',#5782,#5733,#5805,.T.);
#5805 = SURFACE_CURVE('',#5806,(#5811,#5818),.PCURVE_S1.);
#5806 = CIRCLE('',#5807,2.);
#5807 = AXIS2_PLACEMENT_3D('',#5808,#5809,#5810);
#5808 = CARTESIAN_POINT('',(276.,16.,81.));
#5809 = DIRECTION('',(-0.,-0.,-1.));
#5810 = DIRECTION('',(0.,-1.,0.));
#5811 = PCURVE('',#3798,#5812);
#5812 = DEFINITIONAL_REPRESENTATION('',(#5813),#5817);
#5813 = LINE('',#5814,#5815);
#5814 = CARTESIAN_POINT('',(1.570796326795,-0.));
#5815 = VECTOR('',#5816,1.);
#5816 = DIRECTION('',(-1.,0.));
#5817 = ( GEOMETRIC_REPRESENTATION_CONTEXT(2) 
PARAMETRIC_REPRESENTATION_CONTEXT() REPRESENTATION_CONTEXT('2D SPACE',''
  ) );
#5818 = PCURVE('',#5593,#5819);
#5819 = DEFINITIONAL_REPRESENTATION('',(#5820),#5828);
#5820 = ( BOUNDED_CURVE() B_SPLINE_CURVE(2,(#5821,#5822,#5823,#5824,
#5825,#5826,#5827),.UNSPECIFIED.,.T.,.F.) B_SPLINE_CURVE_WITH_KNOTS((1,2
    ,2,2,2,1),(-2.094395102393,0.,2.094395102393,4.188790204786,
6.28318530718,8.377580409573),.UNSPECIFIED.) CURVE() 
GEOMETRIC_REPRESENTATION_ITEM() RATIONAL_B_SPLINE_CURVE((1.,0.5,1.,0.5,
1.,0.5,1.)) REPRESENTATION_ITEM('') );
#5821 = CARTESIAN_POINT('',(2.,32.));
#5822 = CARTESIAN_POINT('',(-1.464101615138,32.));
#5823 = CARTESIAN_POINT('',(0.267949192431,35.));
#5824 = CARTESIAN_POINT('',(2.,38.));
#5825 = CARTESIAN_POINT('',(3.732050807569,35.));
#5826 = CARTESIAN_POINT('',(5.464101615138,32.));
#5827 = CARTESIAN_POINT('',(2.,32.));
#5828 = ( GEOMETRIC_REPRESENTATION_CONTEXT(2) 
PARAMETRIC_REPRESENTATION_CONTEXT() REPRESENTATION_CONTEXT('2D SPACE',''
  ) );
#5829 = ORIENTED_EDGE('',*,*,#5755,.T.);
#5830 = ORIENTED_EDGE('',*,*,#3781,.T.);
#5831 = ADVANCED_FACE('',(#5832),#3770,.F.);
#5832 = FACE_BOUND('',#5833,.F.);
#5833 = EDGE_LOOP('',(#5834,#5835,#5836,#5857));
#5834 = ORIENTED_EDGE('',*,*,#3755,.F.);
#5835 = ORIENTED_EDGE('',*,*,#5604,.F.);
#5836 = ORIENTED_EDGE('',*,*,#5837,.T.);
#5837 = EDGE_CURVE('',#5579,#5782,#5838,.T.);
#5838 = SURFACE_CURVE('',#5839,(#5843,#5850),.PCURVE_S1.);
#5839 = LINE('',#5840,#5841);
#5840 = CARTESIAN_POINT('',(274.,-18.,81.));
#5841 = VECTOR('',#5842,1.);
#5842 = DIRECTION('',(0.,1.,0.));
#5843 = PCURVE('',#3770,#5844);
#5844 = DEFINITIONAL_REPRESENTATION('',(#5845),#5849);
#5845 = LINE('',#5846,#5847);
#5846 = CARTESIAN_POINT('',(0.,0.));
#5847 = VECTOR('',#5848,1.);
#5848 = DIRECTION('',(0.,-1.));
#5849 = ( GEOMETRIC_REPRESENTATION_CONTEXT(2) 
PARAMETRIC_REPRESENTATION_CONTEXT() REPRESENTATION_CONTEXT('2D SPACE',''
  ) );
#5850 = PCURVE('',#5593,#5851);
#5851 = DEFINITIONAL_REPRESENTATION('',(#5852),#5856);
#5852 = LINE('',#5853,#5854);
#5853 = CARTESIAN_POINT('',(0.,0.));
#5854 = VECTOR('',#5855,1.);
#5855 = DIRECTION('',(0.,1.));
#5856 = ( GEOMETRIC_REPRESENTATION_CONTEXT(2) 
PARAMETRIC_REPRESENTATION_CONTEXT() REPRESENTATION_CONTEXT('2D SPACE',''
  ) );
#5857 = ORIENTED_EDGE('',*,*,#5781,.T.);
#5858 = ADVANCED_FACE('',(#5859),#5593,.F.);
#5859 = FACE_BOUND('',#5860,.F.);
#5860 = EDGE_LOOP('',(#5861,#5862,#5863,#5864,#5865,#5866));
#5861 = ORIENTED_EDGE('',*,*,#5837,.F.);
#5862 = ORIENTED_EDGE('',*,*,#5578,.F.);
#5863 = ORIENTED_EDGE('',*,*,#5635,.T.);
#5864 = ORIENTED_EDGE('',*,*,#5683,.T.);
#5865 = ORIENTED_EDGE('',*,*,#5732,.F.);
#5866 = ORIENTED_EDGE('',*,*,#5804,.F.);
#5867 = ( GEOMETRIC_REPRESENTATION_CONTEXT(3) 
GLOBAL_UNCERTAINTY_ASSIGNED_CONTEXT((#5871)) 
GLOBAL_UNIT_ASSIGNED_CONTEXT((#5868,#5869,#5870)) REPRESENTATION_CONTEXT
('Context #1','3D Context with UNIT and UNCERTAINTY') );
#5868 = ( LENGTH_UNIT() NAMED_UNIT(*) SI_UNIT(.MILLI.,.METRE.) );
#5869 = ( NAMED_UNIT(*) PLANE_ANGLE_UNIT() SI_UNIT($,.RADIAN.) );
#5870 = ( NAMED_UNIT(*) SI_UNIT($,.STERADIAN.) SOLID_ANGLE_UNIT() );
#5871 = UNCERTAINTY_MEASURE_WITH_UNIT(LENGTH_MEASURE(1.E-07),#5868,
  'distance_accuracy_value','confusion accuracy');
#5872 = PRODUCT_RELATED_PRODUCT_CATEGORY('part',$,(#7));
ENDSEC;
END-ISO-10303-21;
