ISO-10303-21;
HEADER;
FILE_DESCRIPTION(('Open CASCADE Model'),'2;1');
FILE_NAME('Open CASCADE Shape Model','2026-08-03T16:44:09',('Author'),(
    'Open CASCADE'),'Open CASCADE STEP processor 7.9','Open CASCADE 7.9'
  ,'Unknown');
FILE_SCHEMA(('AUTOMOTIVE_DESIGN { 1 0 10303 214 1 1 1 1 }'));
ENDSEC;
DATA;
#1 = APPLICATION_PROTOCOL_DEFINITION('international standard',
  'automotive_design',2000,#2);
#2 = APPLICATION_CONTEXT(
  'core data for automotive mechanical design processes');
#3 = SHAPE_DEFINITION_REPRESENTATION(#4,#10);
#4 = PRODUCT_DEFINITION_SHAPE('','',#5);
#5 = PRODUCT_DEFINITION('design','',#6,#9);
#6 = PRODUCT_DEFINITION_FORMATION('','',#7);
#7 = PRODUCT('Open CASCADE STEP translator 7.9 2',
  'Open CASCADE STEP translator 7.9 2','',(#8));
#8 = PRODUCT_CONTEXT('',#2,'mechanical');
#9 = PRODUCT_DEFINITION_CONTEXT('part definition',#2,'design');
#10 = ADVANCED_BREP_SHAPE_REPRESENTATION('',(#11,#15),#3897);
#11 = AXIS2_PLACEMENT_3D('',#12,#13,#14);
#12 = CARTESIAN_POINT('',(0.,0.,0.));
#13 = DIRECTION('',(0.,0.,1.));
#14 = DIRECTION('',(1.,0.,-0.));
#15 = MANIFOLD_SOLID_BREP('',#16);
#16 = CLOSED_SHELL('',(#17,#187,#676,#704,#913,#1060,#1241,#1391,#1396,
    #1527,#1554,#1673,#1796,#1873,#1922,#1976,#2025,#2075,#2124,#2178,
    #2205,#2438,#2507,#2623,#2801,#3225,#3230,#3282,#3307,#3359,#3364,
    #3393,#3404,#3409,#3414,#3444,#3472,#3477,#3554,#3603,#3657,#3706,
    #3756,#3805,#3859,#3886));
#17 = ADVANCED_FACE('',(#18),#32,.F.);
#18 = FACE_BOUND('',#19,.F.);
#19 = EDGE_LOOP('',(#20,#55,#83,#109,#137,#160));
#20 = ORIENTED_EDGE('',*,*,#21,.F.);
#21 = EDGE_CURVE('',#22,#24,#26,.T.);
#22 = VERTEX_POINT('',#23);
#23 = CARTESIAN_POINT('',(190.,-51.,204.));
#24 = VERTEX_POINT('',#25);
#25 = CARTESIAN_POINT('',(190.,-25.21904042583,204.));
#26 = SURFACE_CURVE('',#27,(#31,#43),.PCURVE_S1.);
#27 = LINE('',#28,#29);
#28 = CARTESIAN_POINT('',(190.,-55.,204.));
#29 = VECTOR('',#30,1.);
#30 = DIRECTION('',(0.,1.,0.));
#31 = PCURVE('',#32,#37);
#32 = PLANE('',#33);
#33 = AXIS2_PLACEMENT_3D('',#34,#35,#36);
#34 = CARTESIAN_POINT('',(190.,-55.,104.));
#35 = DIRECTION('',(1.,0.,0.));
#36 = DIRECTION('',(0.,0.,1.));
#37 = DEFINITIONAL_REPRESENTATION('',(#38),#42);
#38 = LINE('',#39,#40);
#39 = CARTESIAN_POINT('',(100.,0.));
#40 = VECTOR('',#41,1.);
#41 = DIRECTION('',(0.,-1.));
#42 = ( GEOMETRIC_REPRESENTATION_CONTEXT(2) 
PARAMETRIC_REPRESENTATION_CONTEXT() REPRESENTATION_CONTEXT('2D SPACE',''
  ) );
#43 = PCURVE('',#44,#49);
#44 = PLANE('',#45);
#45 = AXIS2_PLACEMENT_3D('',#46,#47,#48);
#46 = CARTESIAN_POINT('',(190.,-55.,204.));
#47 = DIRECTION('',(0.,0.,1.));
#48 = DIRECTION('',(1.,0.,0.));
#49 = DEFINITIONAL_REPRESENTATION('',(#50),#54);
#50 = LINE('',#51,#52);
#51 = CARTESIAN_POINT('',(0.,0.));
#52 = VECTOR('',#53,1.);
#53 = DIRECTION('',(0.,1.));
#54 = ( GEOMETRIC_REPRESENTATION_CONTEXT(2) 
PARAMETRIC_REPRESENTATION_CONTEXT() REPRESENTATION_CONTEXT('2D SPACE',''
  ) );
#55 = ORIENTED_EDGE('',*,*,#56,.F.);
#56 = EDGE_CURVE('',#57,#22,#59,.T.);
#57 = VERTEX_POINT('',#58);
#58 = CARTESIAN_POINT('',(190.,-51.,201.));
#59 = SURFACE_CURVE('',#60,(#64,#71),.PCURVE_S1.);
#60 = LINE('',#61,#62);
#61 = CARTESIAN_POINT('',(190.,-51.,104.));
#62 = VECTOR('',#63,1.);
#63 = DIRECTION('',(0.,0.,1.));
#64 = PCURVE('',#32,#65);
#65 = DEFINITIONAL_REPRESENTATION('',(#66),#70);
#66 = LINE('',#67,#68);
#67 = CARTESIAN_POINT('',(0.,-4.));
#68 = VECTOR('',#69,1.);
#69 = DIRECTION('',(1.,0.));
#70 = ( GEOMETRIC_REPRESENTATION_CONTEXT(2) 
PARAMETRIC_REPRESENTATION_CONTEXT() REPRESENTATION_CONTEXT('2D SPACE',''
  ) );
#71 = PCURVE('',#72,#77);
#72 = CYLINDRICAL_SURFACE('',#73,4.);
#73 = AXIS2_PLACEMENT_3D('',#74,#75,#76);
#74 = CARTESIAN_POINT('',(194.,-51.,104.));
#75 = DIRECTION('',(0.,0.,1.));
#76 = DIRECTION('',(-1.,-0.,0.));
#77 = DEFINITIONAL_REPRESENTATION('',(#78),#82);
#78 = LINE('',#79,#80);
#79 = CARTESIAN_POINT('',(0.,0.));
#80 = VECTOR('',#81,1.);
#81 = DIRECTION('',(0.,1.));
#82 = ( GEOMETRIC_REPRESENTATION_CONTEXT(2) 
PARAMETRIC_REPRESENTATION_CONTEXT() REPRESENTATION_CONTEXT('2D SPACE',''
  ) );
#83 = ORIENTED_EDGE('',*,*,#84,.F.);
#84 = EDGE_CURVE('',#85,#57,#87,.T.);
#85 = VERTEX_POINT('',#86);
#86 = CARTESIAN_POINT('',(190.,51.,201.));
#87 = SURFACE_CURVE('',#88,(#92,#98),.PCURVE_S1.);
#88 = LINE('',#89,#90);
#89 = CARTESIAN_POINT('',(190.,-53.5,201.));
#90 = VECTOR('',#91,1.);
#91 = DIRECTION('',(0.,-1.,0.));
#92 = PCURVE('',#32,#93);
#93 = DEFINITIONAL_REPRESENTATION('',(#94),#97);
#94 = B_SPLINE_CURVE_WITH_KNOTS('',1,(#95,#96),.UNSPECIFIED.,.F.,.F.,(2,
    2),(-105.5,-1.5),.PIECEWISE_BEZIER_KNOTS.);
#95 = CARTESIAN_POINT('',(97.,-107.));
#96 = CARTESIAN_POINT('',(97.,-3.));
#97 = ( GEOMETRIC_REPRESENTATION_CONTEXT(2) 
PARAMETRIC_REPRESENTATION_CONTEXT() REPRESENTATION_CONTEXT('2D SPACE',''
  ) );
#98 = PCURVE('',#99,#104);
#99 = PLANE('',#100);
#100 = AXIS2_PLACEMENT_3D('',#101,#102,#103);
#101 = CARTESIAN_POINT('',(189.,-52.,201.));
#102 = DIRECTION('',(0.,0.,1.));
#103 = DIRECTION('',(1.,0.,0.));
#104 = DEFINITIONAL_REPRESENTATION('',(#105),#108);
#105 = B_SPLINE_CURVE_WITH_KNOTS('',1,(#106,#107),.UNSPECIFIED.,.F.,.F.,
  (2,2),(-105.5,-1.5),.PIECEWISE_BEZIER_KNOTS.);
#106 = CARTESIAN_POINT('',(1.,104.));
#107 = CARTESIAN_POINT('',(1.,0.));
#108 = ( GEOMETRIC_REPRESENTATION_CONTEXT(2) 
PARAMETRIC_REPRESENTATION_CONTEXT() REPRESENTATION_CONTEXT('2D SPACE',''
  ) );
#109 = ORIENTED_EDGE('',*,*,#110,.T.);
#110 = EDGE_CURVE('',#85,#111,#113,.T.);
#111 = VERTEX_POINT('',#112);
#112 = CARTESIAN_POINT('',(190.,51.,204.));
#113 = SURFACE_CURVE('',#114,(#118,#125),.PCURVE_S1.);
#114 = LINE('',#115,#116);
#115 = CARTESIAN_POINT('',(190.,51.,104.));
#116 = VECTOR('',#117,1.);
#117 = DIRECTION('',(0.,0.,1.));
#118 = PCURVE('',#32,#119);
#119 = DEFINITIONAL_REPRESENTATION('',(#120),#124);
#120 = LINE('',#121,#122);
#121 = CARTESIAN_POINT('',(0.,-106.));
#122 = VECTOR('',#123,1.);
#123 = DIRECTION('',(1.,0.));
#124 = ( GEOMETRIC_REPRESENTATION_CONTEXT(2) 
PARAMETRIC_REPRESENTATION_CONTEXT() REPRESENTATION_CONTEXT('2D SPACE',''
  ) );
#125 = PCURVE('',#126,#131);
#126 = CYLINDRICAL_SURFACE('',#127,4.);
#127 = AXIS2_PLACEMENT_3D('',#128,#129,#130);
#128 = CARTESIAN_POINT('',(194.,51.,104.));
#129 = DIRECTION('',(0.,0.,1.));
#130 = DIRECTION('',(-1.,-0.,0.));
#131 = DEFINITIONAL_REPRESENTATION('',(#132),#136);
#132 = LINE('',#133,#134);
#133 = CARTESIAN_POINT('',(-0.,0.));
#134 = VECTOR('',#135,1.);
#135 = DIRECTION('',(-0.,1.));
#136 = ( GEOMETRIC_REPRESENTATION_CONTEXT(2) 
PARAMETRIC_REPRESENTATION_CONTEXT() REPRESENTATION_CONTEXT('2D SPACE',''
  ) );
#137 = ORIENTED_EDGE('',*,*,#138,.F.);
#138 = EDGE_CURVE('',#139,#111,#141,.T.);
#139 = VERTEX_POINT('',#140);
#140 = CARTESIAN_POINT('',(190.,25.219040425841,203.99999999999));
#141 = SURFACE_CURVE('',#142,(#146,#153),.PCURVE_S1.);
#142 = LINE('',#143,#144);
#143 = CARTESIAN_POINT('',(190.,-55.,204.));
#144 = VECTOR('',#145,1.);
#145 = DIRECTION('',(0.,1.,0.));
#146 = PCURVE('',#32,#147);
#147 = DEFINITIONAL_REPRESENTATION('',(#148),#152);
#148 = LINE('',#149,#150);
#149 = CARTESIAN_POINT('',(100.,0.));
#150 = VECTOR('',#151,1.);
#151 = DIRECTION('',(0.,-1.));
#152 = ( GEOMETRIC_REPRESENTATION_CONTEXT(2) 
PARAMETRIC_REPRESENTATION_CONTEXT() REPRESENTATION_CONTEXT('2D SPACE',''
  ) );
#153 = PCURVE('',#44,#154);
#154 = DEFINITIONAL_REPRESENTATION('',(#155),#159);
#155 = LINE('',#156,#157);
#156 = CARTESIAN_POINT('',(0.,0.));
#157 = VECTOR('',#158,1.);
#158 = DIRECTION('',(0.,1.));
#159 = ( GEOMETRIC_REPRESENTATION_CONTEXT(2) 
PARAMETRIC_REPRESENTATION_CONTEXT() REPRESENTATION_CONTEXT('2D SPACE',''
  ) );
#160 = ORIENTED_EDGE('',*,*,#161,.T.);
#161 = EDGE_CURVE('',#139,#24,#162,.T.);
#162 = SURFACE_CURVE('',#163,(#168,#175),.PCURVE_S1.);
#163 = CIRCLE('',#164,56.);
#164 = AXIS2_PLACEMENT_3D('',#165,#166,#167);
#165 = CARTESIAN_POINT('',(190.,0.,154.));
#166 = DIRECTION('',(1.,0.,0.));
#167 = DIRECTION('',(0.,1.,0.));
#168 = PCURVE('',#32,#169);
#169 = DEFINITIONAL_REPRESENTATION('',(#170),#174);
#170 = CIRCLE('',#171,56.);
#171 = AXIS2_PLACEMENT_2D('',#172,#173);
#172 = CARTESIAN_POINT('',(50.,-55.));
#173 = DIRECTION('',(0.,-1.));
#174 = ( GEOMETRIC_REPRESENTATION_CONTEXT(2) 
PARAMETRIC_REPRESENTATION_CONTEXT() REPRESENTATION_CONTEXT('2D SPACE',''
  ) );
#175 = PCURVE('',#176,#181);
#176 = CYLINDRICAL_SURFACE('',#177,56.);
#177 = AXIS2_PLACEMENT_3D('',#178,#179,#180);
#178 = CARTESIAN_POINT('',(190.,0.,154.));
#179 = DIRECTION('',(-1.,-0.,-0.));
#180 = DIRECTION('',(0.,1.,0.));
#181 = DEFINITIONAL_REPRESENTATION('',(#182),#186);
#182 = LINE('',#183,#184);
#183 = CARTESIAN_POINT('',(-0.,0.));
#184 = VECTOR('',#185,1.);
#185 = DIRECTION('',(-1.,0.));
#186 = ( GEOMETRIC_REPRESENTATION_CONTEXT(2) 
PARAMETRIC_REPRESENTATION_CONTEXT() REPRESENTATION_CONTEXT('2D SPACE',''
  ) );
#187 = ADVANCED_FACE('',(#188,#454),#44,.T.);
#188 = FACE_BOUND('',#189,.T.);
#189 = EDGE_LOOP('',(#190,#191,#215,#243,#276,#304,#333,#361,#387,#388,
    #409,#435));
#190 = ORIENTED_EDGE('',*,*,#21,.F.);
#191 = ORIENTED_EDGE('',*,*,#192,.T.);
#192 = EDGE_CURVE('',#22,#193,#195,.T.);
#193 = VERTEX_POINT('',#194);
#194 = CARTESIAN_POINT('',(194.,-55.,204.));
#195 = SURFACE_CURVE('',#196,(#201,#208),.PCURVE_S1.);
#196 = CIRCLE('',#197,4.);
#197 = AXIS2_PLACEMENT_3D('',#198,#199,#200);
#198 = CARTESIAN_POINT('',(194.,-51.,204.));
#199 = DIRECTION('',(0.,0.,1.));
#200 = DIRECTION('',(0.,-1.,0.));
#201 = PCURVE('',#44,#202);
#202 = DEFINITIONAL_REPRESENTATION('',(#203),#207);
#203 = CIRCLE('',#204,4.);
#204 = AXIS2_PLACEMENT_2D('',#205,#206);
#205 = CARTESIAN_POINT('',(4.,4.));
#206 = DIRECTION('',(0.,-1.));
#207 = ( GEOMETRIC_REPRESENTATION_CONTEXT(2) 
PARAMETRIC_REPRESENTATION_CONTEXT() REPRESENTATION_CONTEXT('2D SPACE',''
  ) );
#208 = PCURVE('',#72,#209);
#209 = DEFINITIONAL_REPRESENTATION('',(#210),#214);
#210 = LINE('',#211,#212);
#211 = CARTESIAN_POINT('',(-4.712388980385,100.));
#212 = VECTOR('',#213,1.);
#213 = DIRECTION('',(1.,0.));
#214 = ( GEOMETRIC_REPRESENTATION_CONTEXT(2) 
PARAMETRIC_REPRESENTATION_CONTEXT() REPRESENTATION_CONTEXT('2D SPACE',''
  ) );
#215 = ORIENTED_EDGE('',*,*,#216,.T.);
#216 = EDGE_CURVE('',#193,#217,#219,.T.);
#217 = VERTEX_POINT('',#218);
#218 = CARTESIAN_POINT('',(606.,-55.,204.));
#219 = SURFACE_CURVE('',#220,(#224,#231),.PCURVE_S1.);
#220 = LINE('',#221,#222);
#221 = CARTESIAN_POINT('',(190.,-55.,204.));
#222 = VECTOR('',#223,1.);
#223 = DIRECTION('',(1.,0.,0.));
#224 = PCURVE('',#44,#225);
#225 = DEFINITIONAL_REPRESENTATION('',(#226),#230);
#226 = LINE('',#227,#228);
#227 = CARTESIAN_POINT('',(0.,0.));
#228 = VECTOR('',#229,1.);
#229 = DIRECTION('',(1.,0.));
#230 = ( GEOMETRIC_REPRESENTATION_CONTEXT(2) 
PARAMETRIC_REPRESENTATION_CONTEXT() REPRESENTATION_CONTEXT('2D SPACE',''
  ) );
#231 = PCURVE('',#232,#237);
#232 = PLANE('',#233);
#233 = AXIS2_PLACEMENT_3D('',#234,#235,#236);
#234 = CARTESIAN_POINT('',(190.,-55.,104.));
#235 = DIRECTION('',(0.,1.,0.));
#236 = DIRECTION('',(0.,0.,1.));
#237 = DEFINITIONAL_REPRESENTATION('',(#238),#242);
#238 = LINE('',#239,#240);
#239 = CARTESIAN_POINT('',(100.,0.));
#240 = VECTOR('',#241,1.);
#241 = DIRECTION('',(0.,1.));
#242 = ( GEOMETRIC_REPRESENTATION_CONTEXT(2) 
PARAMETRIC_REPRESENTATION_CONTEXT() REPRESENTATION_CONTEXT('2D SPACE',''
  ) );
#243 = ORIENTED_EDGE('',*,*,#244,.F.);
#244 = EDGE_CURVE('',#245,#217,#247,.T.);
#245 = VERTEX_POINT('',#246);
#246 = CARTESIAN_POINT('',(610.,-51.,204.));
#247 = SURFACE_CURVE('',#248,(#253,#264),.PCURVE_S1.);
#248 = CIRCLE('',#249,4.);
#249 = AXIS2_PLACEMENT_3D('',#250,#251,#252);
#250 = CARTESIAN_POINT('',(606.,-51.,204.));
#251 = DIRECTION('',(-0.,-0.,-1.));
#252 = DIRECTION('',(0.,-1.,0.));
#253 = PCURVE('',#44,#254);
#254 = DEFINITIONAL_REPRESENTATION('',(#255),#263);
#255 = ( BOUNDED_CURVE() B_SPLINE_CURVE(2,(#256,#257,#258,#259,#260,#261
,#262),.UNSPECIFIED.,.T.,.F.) B_SPLINE_CURVE_WITH_KNOTS((1,2,2,2,2,1),(
    -2.094395102393,0.,2.094395102393,4.188790204786,6.28318530718,
8.377580409573),.UNSPECIFIED.) CURVE() GEOMETRIC_REPRESENTATION_ITEM() 
RATIONAL_B_SPLINE_CURVE((1.,0.5,1.,0.5,1.,0.5,1.)) REPRESENTATION_ITEM(
  '') );
#256 = CARTESIAN_POINT('',(416.,0.));
#257 = CARTESIAN_POINT('',(409.07179676972,0.));
#258 = CARTESIAN_POINT('',(412.53589838486,6.));
#259 = CARTESIAN_POINT('',(416.,12.));
#260 = CARTESIAN_POINT('',(419.46410161513,6.));
#261 = CARTESIAN_POINT('',(422.92820323027,6.217248937901E-15));
#262 = CARTESIAN_POINT('',(416.,0.));
#263 = ( GEOMETRIC_REPRESENTATION_CONTEXT(2) 
PARAMETRIC_REPRESENTATION_CONTEXT() REPRESENTATION_CONTEXT('2D SPACE',''
  ) );
#264 = PCURVE('',#265,#270);
#265 = CYLINDRICAL_SURFACE('',#266,4.);
#266 = AXIS2_PLACEMENT_3D('',#267,#268,#269);
#267 = CARTESIAN_POINT('',(606.,-51.,104.));
#268 = DIRECTION('',(0.,0.,1.));
#269 = DIRECTION('',(1.,0.,-0.));
#270 = DEFINITIONAL_REPRESENTATION('',(#271),#275);
#271 = LINE('',#272,#273);
#272 = CARTESIAN_POINT('',(4.712388980385,100.));
#273 = VECTOR('',#274,1.);
#274 = DIRECTION('',(-1.,0.));
#275 = ( GEOMETRIC_REPRESENTATION_CONTEXT(2) 
PARAMETRIC_REPRESENTATION_CONTEXT() REPRESENTATION_CONTEXT('2D SPACE',''
  ) );
#276 = ORIENTED_EDGE('',*,*,#277,.T.);
#277 = EDGE_CURVE('',#245,#278,#280,.T.);
#278 = VERTEX_POINT('',#279);
#279 = CARTESIAN_POINT('',(610.,51.,204.));
#280 = SURFACE_CURVE('',#281,(#285,#292),.PCURVE_S1.);
#281 = LINE('',#282,#283);
#282 = CARTESIAN_POINT('',(610.,-55.,204.));
#283 = VECTOR('',#284,1.);
#284 = DIRECTION('',(0.,1.,0.));
#285 = PCURVE('',#44,#286);
#286 = DEFINITIONAL_REPRESENTATION('',(#287),#291);
#287 = LINE('',#288,#289);
#288 = CARTESIAN_POINT('',(420.,0.));
#289 = VECTOR('',#290,1.);
#290 = DIRECTION('',(0.,1.));
#291 = ( GEOMETRIC_REPRESENTATION_CONTEXT(2) 
PARAMETRIC_REPRESENTATION_CONTEXT() REPRESENTATION_CONTEXT('2D SPACE',''
  ) );
#292 = PCURVE('',#293,#298);
#293 = PLANE('',#294);
#294 = AXIS2_PLACEMENT_3D('',#295,#296,#297);
#295 = CARTESIAN_POINT('',(610.,-55.,104.));
#296 = DIRECTION('',(1.,0.,0.));
#297 = DIRECTION('',(0.,0.,1.));
#298 = DEFINITIONAL_REPRESENTATION('',(#299),#303);
#299 = LINE('',#300,#301);
#300 = CARTESIAN_POINT('',(100.,0.));
#301 = VECTOR('',#302,1.);
#302 = DIRECTION('',(0.,-1.));
#303 = ( GEOMETRIC_REPRESENTATION_CONTEXT(2) 
PARAMETRIC_REPRESENTATION_CONTEXT() REPRESENTATION_CONTEXT('2D SPACE',''
  ) );
#304 = ORIENTED_EDGE('',*,*,#305,.T.);
#305 = EDGE_CURVE('',#278,#306,#308,.T.);
#306 = VERTEX_POINT('',#307);
#307 = CARTESIAN_POINT('',(606.,55.,204.));
#308 = SURFACE_CURVE('',#309,(#314,#321),.PCURVE_S1.);
#309 = CIRCLE('',#310,4.);
#310 = AXIS2_PLACEMENT_3D('',#311,#312,#313);
#311 = CARTESIAN_POINT('',(606.,51.,204.));
#312 = DIRECTION('',(0.,0.,1.));
#313 = DIRECTION('',(0.,-1.,0.));
#314 = PCURVE('',#44,#315);
#315 = DEFINITIONAL_REPRESENTATION('',(#316),#320);
#316 = CIRCLE('',#317,4.);
#317 = AXIS2_PLACEMENT_2D('',#318,#319);
#318 = CARTESIAN_POINT('',(416.,106.));
#319 = DIRECTION('',(0.,-1.));
#320 = ( GEOMETRIC_REPRESENTATION_CONTEXT(2) 
PARAMETRIC_REPRESENTATION_CONTEXT() REPRESENTATION_CONTEXT('2D SPACE',''
  ) );
#321 = PCURVE('',#322,#327);
#322 = CYLINDRICAL_SURFACE('',#323,4.);
#323 = AXIS2_PLACEMENT_3D('',#324,#325,#326);
#324 = CARTESIAN_POINT('',(606.,51.,104.));
#325 = DIRECTION('',(0.,0.,1.));
#326 = DIRECTION('',(1.,0.,-0.));
#327 = DEFINITIONAL_REPRESENTATION('',(#328),#332);
#328 = LINE('',#329,#330);
#329 = CARTESIAN_POINT('',(-1.570796326795,100.));
#330 = VECTOR('',#331,1.);
#331 = DIRECTION('',(1.,0.));
#332 = ( GEOMETRIC_REPRESENTATION_CONTEXT(2) 
PARAMETRIC_REPRESENTATION_CONTEXT() REPRESENTATION_CONTEXT('2D SPACE',''
  ) );
#333 = ORIENTED_EDGE('',*,*,#334,.F.);
#334 = EDGE_CURVE('',#335,#306,#337,.T.);
#335 = VERTEX_POINT('',#336);
#336 = CARTESIAN_POINT('',(194.,55.,204.));
#337 = SURFACE_CURVE('',#338,(#342,#349),.PCURVE_S1.);
#338 = LINE('',#339,#340);
#339 = CARTESIAN_POINT('',(190.,55.,204.));
#340 = VECTOR('',#341,1.);
#341 = DIRECTION('',(1.,0.,0.));
#342 = PCURVE('',#44,#343);
#343 = DEFINITIONAL_REPRESENTATION('',(#344),#348);
#344 = LINE('',#345,#346);
#345 = CARTESIAN_POINT('',(0.,110.));
#346 = VECTOR('',#347,1.);
#347 = DIRECTION('',(1.,0.));
#348 = ( GEOMETRIC_REPRESENTATION_CONTEXT(2) 
PARAMETRIC_REPRESENTATION_CONTEXT() REPRESENTATION_CONTEXT('2D SPACE',''
  ) );
#349 = PCURVE('',#350,#355);
#350 = PLANE('',#351);
#351 = AXIS2_PLACEMENT_3D('',#352,#353,#354);
#352 = CARTESIAN_POINT('',(190.,55.,104.));
#353 = DIRECTION('',(0.,1.,0.));
#354 = DIRECTION('',(0.,0.,1.));
#355 = DEFINITIONAL_REPRESENTATION('',(#356),#360);
#356 = LINE('',#357,#358);
#357 = CARTESIAN_POINT('',(100.,0.));
#358 = VECTOR('',#359,1.);
#359 = DIRECTION('',(0.,1.));
#360 = ( GEOMETRIC_REPRESENTATION_CONTEXT(2) 
PARAMETRIC_REPRESENTATION_CONTEXT() REPRESENTATION_CONTEXT('2D SPACE',''
  ) );
#361 = ORIENTED_EDGE('',*,*,#362,.F.);
#362 = EDGE_CURVE('',#111,#335,#363,.T.);
#363 = SURFACE_CURVE('',#364,(#369,#380),.PCURVE_S1.);
#364 = CIRCLE('',#365,4.);
#365 = AXIS2_PLACEMENT_3D('',#366,#367,#368);
#366 = CARTESIAN_POINT('',(194.,51.,204.));
#367 = DIRECTION('',(-0.,-0.,-1.));
#368 = DIRECTION('',(0.,-1.,0.));
#369 = PCURVE('',#44,#370);
#370 = DEFINITIONAL_REPRESENTATION('',(#371),#379);
#371 = ( BOUNDED_CURVE() B_SPLINE_CURVE(2,(#372,#373,#374,#375,#376,#377
,#378),.UNSPECIFIED.,.T.,.F.) B_SPLINE_CURVE_WITH_KNOTS((1,2,2,2,2,1),(
    -2.094395102393,0.,2.094395102393,4.188790204786,6.28318530718,
8.377580409573),.UNSPECIFIED.) CURVE() GEOMETRIC_REPRESENTATION_ITEM() 
RATIONAL_B_SPLINE_CURVE((1.,0.5,1.,0.5,1.,0.5,1.)) REPRESENTATION_ITEM(
  '') );
#372 = CARTESIAN_POINT('',(4.,102.));
#373 = CARTESIAN_POINT('',(-2.928203230276,102.));
#374 = CARTESIAN_POINT('',(0.535898384862,108.));
#375 = CARTESIAN_POINT('',(4.,114.));
#376 = CARTESIAN_POINT('',(7.464101615138,108.));
#377 = CARTESIAN_POINT('',(10.928203230276,102.));
#378 = CARTESIAN_POINT('',(4.,102.));
#379 = ( GEOMETRIC_REPRESENTATION_CONTEXT(2) 
PARAMETRIC_REPRESENTATION_CONTEXT() REPRESENTATION_CONTEXT('2D SPACE',''
  ) );
#380 = PCURVE('',#126,#381);
#381 = DEFINITIONAL_REPRESENTATION('',(#382),#386);
#382 = LINE('',#383,#384);
#383 = CARTESIAN_POINT('',(1.570796326795,100.));
#384 = VECTOR('',#385,1.);
#385 = DIRECTION('',(-1.,0.));
#386 = ( GEOMETRIC_REPRESENTATION_CONTEXT(2) 
PARAMETRIC_REPRESENTATION_CONTEXT() REPRESENTATION_CONTEXT('2D SPACE',''
  ) );
#387 = ORIENTED_EDGE('',*,*,#138,.F.);
#388 = ORIENTED_EDGE('',*,*,#389,.F.);
#389 = EDGE_CURVE('',#390,#139,#392,.T.);
#390 = VERTEX_POINT('',#391);
#391 = CARTESIAN_POINT('',(226.,25.219040425837,204.));
#392 = SURFACE_CURVE('',#393,(#397,#403),.PCURVE_S1.);
#393 = LINE('',#394,#395);
#394 = CARTESIAN_POINT('',(190.,25.219040425837,204.));
#395 = VECTOR('',#396,1.);
#396 = DIRECTION('',(-1.,-0.,-0.));
#397 = PCURVE('',#44,#398);
#398 = DEFINITIONAL_REPRESENTATION('',(#399),#402);
#399 = B_SPLINE_CURVE_WITH_KNOTS('',1,(#400,#401),.UNSPECIFIED.,.F.,.F.,
  (2,2),(-36.0000006,5.999999928008E-07),.PIECEWISE_BEZIER_KNOTS.);
#400 = CARTESIAN_POINT('',(36.0000006,80.219040425837));
#401 = CARTESIAN_POINT('',(-5.999999928008E-07,80.219040425837));
#402 = ( GEOMETRIC_REPRESENTATION_CONTEXT(2) 
PARAMETRIC_REPRESENTATION_CONTEXT() REPRESENTATION_CONTEXT('2D SPACE',''
  ) );
#403 = PCURVE('',#176,#404);
#404 = DEFINITIONAL_REPRESENTATION('',(#405),#408);
#405 = B_SPLINE_CURVE_WITH_KNOTS('',1,(#406,#407),.UNSPECIFIED.,.F.,.F.,
  (2,2),(-36.0000006,5.999999928008E-07),.PIECEWISE_BEZIER_KNOTS.);
#406 = CARTESIAN_POINT('',(-1.103650215786,-36.0000006));
#407 = CARTESIAN_POINT('',(-1.103650215786,5.999999928008E-07));
#408 = ( GEOMETRIC_REPRESENTATION_CONTEXT(2) 
PARAMETRIC_REPRESENTATION_CONTEXT() REPRESENTATION_CONTEXT('2D SPACE',''
  ) );
#409 = ORIENTED_EDGE('',*,*,#410,.F.);
#410 = EDGE_CURVE('',#411,#390,#413,.T.);
#411 = VERTEX_POINT('',#412);
#412 = CARTESIAN_POINT('',(226.,-25.21904042583,204.));
#413 = SURFACE_CURVE('',#414,(#418,#424),.PCURVE_S1.);
#414 = LINE('',#415,#416);
#415 = CARTESIAN_POINT('',(226.,-27.5,204.));
#416 = VECTOR('',#417,1.);
#417 = DIRECTION('',(0.,1.,0.));
#418 = PCURVE('',#44,#419);
#419 = DEFINITIONAL_REPRESENTATION('',(#420),#423);
#420 = B_SPLINE_CURVE_WITH_KNOTS('',1,(#421,#422),.UNSPECIFIED.,.F.,.F.,
  (2,2),(-27.5,82.5),.PIECEWISE_BEZIER_KNOTS.);
#421 = CARTESIAN_POINT('',(36.,0.));
#422 = CARTESIAN_POINT('',(36.,110.));
#423 = ( GEOMETRIC_REPRESENTATION_CONTEXT(2) 
PARAMETRIC_REPRESENTATION_CONTEXT() REPRESENTATION_CONTEXT('2D SPACE',''
  ) );
#424 = PCURVE('',#425,#430);
#425 = PLANE('',#426);
#426 = AXIS2_PLACEMENT_3D('',#427,#428,#429);
#427 = CARTESIAN_POINT('',(226.,-6.251154891609E-15,154.));
#428 = DIRECTION('',(1.,0.,0.));
#429 = DIRECTION('',(-0.,0.,1.));
#430 = DEFINITIONAL_REPRESENTATION('',(#431),#434);
#431 = B_SPLINE_CURVE_WITH_KNOTS('',1,(#432,#433),.UNSPECIFIED.,.F.,.F.,
  (2,2),(-27.5,82.5),.PIECEWISE_BEZIER_KNOTS.);
#432 = CARTESIAN_POINT('',(50.,55.));
#433 = CARTESIAN_POINT('',(50.,-55.));
#434 = ( GEOMETRIC_REPRESENTATION_CONTEXT(2) 
PARAMETRIC_REPRESENTATION_CONTEXT() REPRESENTATION_CONTEXT('2D SPACE',''
  ) );
#435 = ORIENTED_EDGE('',*,*,#436,.T.);
#436 = EDGE_CURVE('',#411,#24,#437,.T.);
#437 = SURFACE_CURVE('',#438,(#442,#448),.PCURVE_S1.);
#438 = LINE('',#439,#440);
#439 = CARTESIAN_POINT('',(190.,-25.21904042583,204.));
#440 = VECTOR('',#441,1.);
#441 = DIRECTION('',(-1.,-0.,-0.));
#442 = PCURVE('',#44,#443);
#443 = DEFINITIONAL_REPRESENTATION('',(#444),#447);
#444 = B_SPLINE_CURVE_WITH_KNOTS('',1,(#445,#446),.UNSPECIFIED.,.F.,.F.,
  (2,2),(-36.0000006,5.999999928008E-07),.PIECEWISE_BEZIER_KNOTS.);
#445 = CARTESIAN_POINT('',(36.0000006,29.780959574163));
#446 = CARTESIAN_POINT('',(-5.999999928008E-07,29.780959574163));
#447 = ( GEOMETRIC_REPRESENTATION_CONTEXT(2) 
PARAMETRIC_REPRESENTATION_CONTEXT() REPRESENTATION_CONTEXT('2D SPACE',''
  ) );
#448 = PCURVE('',#176,#449);
#449 = DEFINITIONAL_REPRESENTATION('',(#450),#453);
#450 = B_SPLINE_CURVE_WITH_KNOTS('',1,(#451,#452),.UNSPECIFIED.,.F.,.F.,
  (2,2),(-36.0000006,5.999999928008E-07),.PIECEWISE_BEZIER_KNOTS.);
#451 = CARTESIAN_POINT('',(-2.037942437804,-36.0000006));
#452 = CARTESIAN_POINT('',(-2.037942437804,5.999999928008E-07));
#453 = ( GEOMETRIC_REPRESENTATION_CONTEXT(2) 
PARAMETRIC_REPRESENTATION_CONTEXT() REPRESENTATION_CONTEXT('2D SPACE',''
  ) );
#454 = FACE_BOUND('',#455,.T.);
#455 = EDGE_LOOP('',(#456,#487,#513,#542,#568,#597,#623,#652));
#456 = ORIENTED_EDGE('',*,*,#457,.F.);
#457 = EDGE_CURVE('',#458,#460,#462,.T.);
#458 = VERTEX_POINT('',#459);
#459 = CARTESIAN_POINT('',(232.,-9.,204.));
#460 = VERTEX_POINT('',#461);
#461 = CARTESIAN_POINT('',(234.,-11.,204.));
#462 = SURFACE_CURVE('',#463,(#468,#475),.PCURVE_S1.);
#463 = CIRCLE('',#464,2.);
#464 = AXIS2_PLACEMENT_3D('',#465,#466,#467);
#465 = CARTESIAN_POINT('',(234.,-9.,204.));
#466 = DIRECTION('',(0.,0.,1.));
#467 = DIRECTION('',(-1.,-0.,0.));
#468 = PCURVE('',#44,#469);
#469 = DEFINITIONAL_REPRESENTATION('',(#470),#474);
#470 = CIRCLE('',#471,2.);
#471 = AXIS2_PLACEMENT_2D('',#472,#473);
#472 = CARTESIAN_POINT('',(44.,46.));
#473 = DIRECTION('',(-1.,0.));
#474 = ( GEOMETRIC_REPRESENTATION_CONTEXT(2) 
PARAMETRIC_REPRESENTATION_CONTEXT() REPRESENTATION_CONTEXT('2D SPACE',''
  ) );
#475 = PCURVE('',#476,#481);
#476 = CYLINDRICAL_SURFACE('',#477,2.);
#477 = AXIS2_PLACEMENT_3D('',#478,#479,#480);
#478 = CARTESIAN_POINT('',(234.,-9.,198.));
#479 = DIRECTION('',(0.,0.,1.));
#480 = DIRECTION('',(-1.,-0.,0.));
#481 = DEFINITIONAL_REPRESENTATION('',(#482),#486);
#482 = LINE('',#483,#484);
#483 = CARTESIAN_POINT('',(0.,6.));
#484 = VECTOR('',#485,1.);
#485 = DIRECTION('',(1.,0.));
#486 = ( GEOMETRIC_REPRESENTATION_CONTEXT(2) 
PARAMETRIC_REPRESENTATION_CONTEXT() REPRESENTATION_CONTEXT('2D SPACE',''
  ) );
#487 = ORIENTED_EDGE('',*,*,#488,.T.);
#488 = EDGE_CURVE('',#458,#489,#491,.T.);
#489 = VERTEX_POINT('',#490);
#490 = CARTESIAN_POINT('',(232.,9.,204.));
#491 = SURFACE_CURVE('',#492,(#496,#502),.PCURVE_S1.);
#492 = LINE('',#493,#494);
#493 = CARTESIAN_POINT('',(232.,-33.,204.));
#494 = VECTOR('',#495,1.);
#495 = DIRECTION('',(0.,1.,0.));
#496 = PCURVE('',#44,#497);
#497 = DEFINITIONAL_REPRESENTATION('',(#498),#501);
#498 = B_SPLINE_CURVE_WITH_KNOTS('',1,(#499,#500),.UNSPECIFIED.,.F.,.F.,
  (2,2),(24.,42.),.PIECEWISE_BEZIER_KNOTS.);
#499 = CARTESIAN_POINT('',(42.,46.));
#500 = CARTESIAN_POINT('',(42.,64.));
#501 = ( GEOMETRIC_REPRESENTATION_CONTEXT(2) 
PARAMETRIC_REPRESENTATION_CONTEXT() REPRESENTATION_CONTEXT('2D SPACE',''
  ) );
#502 = PCURVE('',#503,#508);
#503 = PLANE('',#504);
#504 = AXIS2_PLACEMENT_3D('',#505,#506,#507);
#505 = CARTESIAN_POINT('',(232.,-11.,198.));
#506 = DIRECTION('',(1.,0.,0.));
#507 = DIRECTION('',(0.,0.,1.));
#508 = DEFINITIONAL_REPRESENTATION('',(#509),#512);
#509 = B_SPLINE_CURVE_WITH_KNOTS('',1,(#510,#511),.UNSPECIFIED.,.F.,.F.,
  (2,2),(24.,42.),.PIECEWISE_BEZIER_KNOTS.);
#510 = CARTESIAN_POINT('',(6.,-2.));
#511 = CARTESIAN_POINT('',(6.,-20.));
#512 = ( GEOMETRIC_REPRESENTATION_CONTEXT(2) 
PARAMETRIC_REPRESENTATION_CONTEXT() REPRESENTATION_CONTEXT('2D SPACE',''
  ) );
#513 = ORIENTED_EDGE('',*,*,#514,.F.);
#514 = EDGE_CURVE('',#515,#489,#517,.T.);
#515 = VERTEX_POINT('',#516);
#516 = CARTESIAN_POINT('',(234.,11.,204.));
#517 = SURFACE_CURVE('',#518,(#523,#530),.PCURVE_S1.);
#518 = CIRCLE('',#519,2.);
#519 = AXIS2_PLACEMENT_3D('',#520,#521,#522);
#520 = CARTESIAN_POINT('',(234.,9.,204.));
#521 = DIRECTION('',(0.,0.,1.));
#522 = DIRECTION('',(-1.,-0.,0.));
#523 = PCURVE('',#44,#524);
#524 = DEFINITIONAL_REPRESENTATION('',(#525),#529);
#525 = CIRCLE('',#526,2.);
#526 = AXIS2_PLACEMENT_2D('',#527,#528);
#527 = CARTESIAN_POINT('',(44.,64.));
#528 = DIRECTION('',(-1.,0.));
#529 = ( GEOMETRIC_REPRESENTATION_CONTEXT(2) 
PARAMETRIC_REPRESENTATION_CONTEXT() REPRESENTATION_CONTEXT('2D SPACE',''
  ) );
#530 = PCURVE('',#531,#536);
#531 = CYLINDRICAL_SURFACE('',#532,2.);
#532 = AXIS2_PLACEMENT_3D('',#533,#534,#535);
#533 = CARTESIAN_POINT('',(234.,9.,198.));
#534 = DIRECTION('',(0.,0.,1.));
#535 = DIRECTION('',(-1.,-0.,0.));
#536 = DEFINITIONAL_REPRESENTATION('',(#537),#541);
#537 = LINE('',#538,#539);
#538 = CARTESIAN_POINT('',(-6.28318530718,6.));
#539 = VECTOR('',#540,1.);
#540 = DIRECTION('',(1.,-0.));
#541 = ( GEOMETRIC_REPRESENTATION_CONTEXT(2) 
PARAMETRIC_REPRESENTATION_CONTEXT() REPRESENTATION_CONTEXT('2D SPACE',''
  ) );
#542 = ORIENTED_EDGE('',*,*,#543,.F.);
#543 = EDGE_CURVE('',#544,#515,#546,.T.);
#544 = VERTEX_POINT('',#545);
#545 = CARTESIAN_POINT('',(566.,11.,204.));
#546 = SURFACE_CURVE('',#547,(#551,#557),.PCURVE_S1.);
#547 = LINE('',#548,#549);
#548 = CARTESIAN_POINT('',(211.,11.,204.));
#549 = VECTOR('',#550,1.);
#550 = DIRECTION('',(-1.,0.,0.));
#551 = PCURVE('',#44,#552);
#552 = DEFINITIONAL_REPRESENTATION('',(#553),#556);
#553 = B_SPLINE_CURVE_WITH_KNOTS('',1,(#554,#555),.UNSPECIFIED.,.F.,.F.,
  (2,2),(-355.,-23.),.PIECEWISE_BEZIER_KNOTS.);
#554 = CARTESIAN_POINT('',(376.,66.));
#555 = CARTESIAN_POINT('',(44.,66.));
#556 = ( GEOMETRIC_REPRESENTATION_CONTEXT(2) 
PARAMETRIC_REPRESENTATION_CONTEXT() REPRESENTATION_CONTEXT('2D SPACE',''
  ) );
#557 = PCURVE('',#558,#563);
#558 = PLANE('',#559);
#559 = AXIS2_PLACEMENT_3D('',#560,#561,#562);
#560 = CARTESIAN_POINT('',(232.,11.,198.));
#561 = DIRECTION('',(0.,1.,0.));
#562 = DIRECTION('',(0.,0.,1.));
#563 = DEFINITIONAL_REPRESENTATION('',(#564),#567);
#564 = B_SPLINE_CURVE_WITH_KNOTS('',1,(#565,#566),.UNSPECIFIED.,.F.,.F.,
  (2,2),(-355.,-23.),.PIECEWISE_BEZIER_KNOTS.);
#565 = CARTESIAN_POINT('',(6.,334.));
#566 = CARTESIAN_POINT('',(6.,2.));
#567 = ( GEOMETRIC_REPRESENTATION_CONTEXT(2) 
PARAMETRIC_REPRESENTATION_CONTEXT() REPRESENTATION_CONTEXT('2D SPACE',''
  ) );
#568 = ORIENTED_EDGE('',*,*,#569,.F.);
#569 = EDGE_CURVE('',#570,#544,#572,.T.);
#570 = VERTEX_POINT('',#571);
#571 = CARTESIAN_POINT('',(568.,9.,204.));
#572 = SURFACE_CURVE('',#573,(#578,#585),.PCURVE_S1.);
#573 = CIRCLE('',#574,2.);
#574 = AXIS2_PLACEMENT_3D('',#575,#576,#577);
#575 = CARTESIAN_POINT('',(566.,9.,204.));
#576 = DIRECTION('',(0.,0.,1.));
#577 = DIRECTION('',(1.,0.,-0.));
#578 = PCURVE('',#44,#579);
#579 = DEFINITIONAL_REPRESENTATION('',(#580),#584);
#580 = CIRCLE('',#581,2.);
#581 = AXIS2_PLACEMENT_2D('',#582,#583);
#582 = CARTESIAN_POINT('',(376.,64.));
#583 = DIRECTION('',(1.,0.));
#584 = ( GEOMETRIC_REPRESENTATION_CONTEXT(2) 
PARAMETRIC_REPRESENTATION_CONTEXT() REPRESENTATION_CONTEXT('2D SPACE',''
  ) );
#585 = PCURVE('',#586,#591);
#586 = CYLINDRICAL_SURFACE('',#587,2.);
#587 = AXIS2_PLACEMENT_3D('',#588,#589,#590);
#588 = CARTESIAN_POINT('',(566.,9.,198.));
#589 = DIRECTION('',(0.,0.,1.));
#590 = DIRECTION('',(1.,0.,-0.));
#591 = DEFINITIONAL_REPRESENTATION('',(#592),#596);
#592 = LINE('',#593,#594);
#593 = CARTESIAN_POINT('',(0.,6.));
#594 = VECTOR('',#595,1.);
#595 = DIRECTION('',(1.,0.));
#596 = ( GEOMETRIC_REPRESENTATION_CONTEXT(2) 
PARAMETRIC_REPRESENTATION_CONTEXT() REPRESENTATION_CONTEXT('2D SPACE',''
  ) );
#597 = ORIENTED_EDGE('',*,*,#598,.F.);
#598 = EDGE_CURVE('',#599,#570,#601,.T.);
#599 = VERTEX_POINT('',#600);
#600 = CARTESIAN_POINT('',(568.,-9.,204.));
#601 = SURFACE_CURVE('',#602,(#606,#612),.PCURVE_S1.);
#602 = LINE('',#603,#604);
#603 = CARTESIAN_POINT('',(568.,-33.,204.));
#604 = VECTOR('',#605,1.);
#605 = DIRECTION('',(0.,1.,0.));
#606 = PCURVE('',#44,#607);
#607 = DEFINITIONAL_REPRESENTATION('',(#608),#611);
#608 = B_SPLINE_CURVE_WITH_KNOTS('',1,(#609,#610),.UNSPECIFIED.,.F.,.F.,
  (2,2),(24.,42.),.PIECEWISE_BEZIER_KNOTS.);
#609 = CARTESIAN_POINT('',(378.,46.));
#610 = CARTESIAN_POINT('',(378.,64.));
#611 = ( GEOMETRIC_REPRESENTATION_CONTEXT(2) 
PARAMETRIC_REPRESENTATION_CONTEXT() REPRESENTATION_CONTEXT('2D SPACE',''
  ) );
#612 = PCURVE('',#613,#618);
#613 = PLANE('',#614);
#614 = AXIS2_PLACEMENT_3D('',#615,#616,#617);
#615 = CARTESIAN_POINT('',(568.,-11.,198.));
#616 = DIRECTION('',(1.,0.,0.));
#617 = DIRECTION('',(0.,0.,1.));
#618 = DEFINITIONAL_REPRESENTATION('',(#619),#622);
#619 = B_SPLINE_CURVE_WITH_KNOTS('',1,(#620,#621),.UNSPECIFIED.,.F.,.F.,
  (2,2),(24.,42.),.PIECEWISE_BEZIER_KNOTS.);
#620 = CARTESIAN_POINT('',(6.,-2.));
#621 = CARTESIAN_POINT('',(6.,-20.));
#622 = ( GEOMETRIC_REPRESENTATION_CONTEXT(2) 
PARAMETRIC_REPRESENTATION_CONTEXT() REPRESENTATION_CONTEXT('2D SPACE',''
  ) );
#623 = ORIENTED_EDGE('',*,*,#624,.F.);
#624 = EDGE_CURVE('',#625,#599,#627,.T.);
#625 = VERTEX_POINT('',#626);
#626 = CARTESIAN_POINT('',(566.,-11.,204.));
#627 = SURFACE_CURVE('',#628,(#633,#640),.PCURVE_S1.);
#628 = CIRCLE('',#629,2.);
#629 = AXIS2_PLACEMENT_3D('',#630,#631,#632);
#630 = CARTESIAN_POINT('',(566.,-9.,204.));
#631 = DIRECTION('',(0.,0.,1.));
#632 = DIRECTION('',(1.,0.,-0.));
#633 = PCURVE('',#44,#634);
#634 = DEFINITIONAL_REPRESENTATION('',(#635),#639);
#635 = CIRCLE('',#636,2.);
#636 = AXIS2_PLACEMENT_2D('',#637,#638);
#637 = CARTESIAN_POINT('',(376.,46.));
#638 = DIRECTION('',(1.,0.));
#639 = ( GEOMETRIC_REPRESENTATION_CONTEXT(2) 
PARAMETRIC_REPRESENTATION_CONTEXT() REPRESENTATION_CONTEXT('2D SPACE',''
  ) );
#640 = PCURVE('',#641,#646);
#641 = CYLINDRICAL_SURFACE('',#642,2.);
#642 = AXIS2_PLACEMENT_3D('',#643,#644,#645);
#643 = CARTESIAN_POINT('',(566.,-9.,198.));
#644 = DIRECTION('',(0.,0.,1.));
#645 = DIRECTION('',(1.,0.,-0.));
#646 = DEFINITIONAL_REPRESENTATION('',(#647),#651);
#647 = LINE('',#648,#649);
#648 = CARTESIAN_POINT('',(-6.28318530718,6.));
#649 = VECTOR('',#650,1.);
#650 = DIRECTION('',(1.,-0.));
#651 = ( GEOMETRIC_REPRESENTATION_CONTEXT(2) 
PARAMETRIC_REPRESENTATION_CONTEXT() REPRESENTATION_CONTEXT('2D SPACE',''
  ) );
#652 = ORIENTED_EDGE('',*,*,#653,.T.);
#653 = EDGE_CURVE('',#625,#460,#654,.T.);
#654 = SURFACE_CURVE('',#655,(#659,#665),.PCURVE_S1.);
#655 = LINE('',#656,#657);
#656 = CARTESIAN_POINT('',(211.,-11.,204.));
#657 = VECTOR('',#658,1.);
#658 = DIRECTION('',(-1.,0.,0.));
#659 = PCURVE('',#44,#660);
#660 = DEFINITIONAL_REPRESENTATION('',(#661),#664);
#661 = B_SPLINE_CURVE_WITH_KNOTS('',1,(#662,#663),.UNSPECIFIED.,.F.,.F.,
  (2,2),(-355.,-23.),.PIECEWISE_BEZIER_KNOTS.);
#662 = CARTESIAN_POINT('',(376.,44.));
#663 = CARTESIAN_POINT('',(44.,44.));
#664 = ( GEOMETRIC_REPRESENTATION_CONTEXT(2) 
PARAMETRIC_REPRESENTATION_CONTEXT() REPRESENTATION_CONTEXT('2D SPACE',''
  ) );
#665 = PCURVE('',#666,#671);
#666 = PLANE('',#667);
#667 = AXIS2_PLACEMENT_3D('',#668,#669,#670);
#668 = CARTESIAN_POINT('',(232.,-11.,198.));
#669 = DIRECTION('',(0.,1.,0.));
#670 = DIRECTION('',(0.,0.,1.));
#671 = DEFINITIONAL_REPRESENTATION('',(#672),#675);
#672 = B_SPLINE_CURVE_WITH_KNOTS('',1,(#673,#674),.UNSPECIFIED.,.F.,.F.,
  (2,2),(-355.,-23.),.PIECEWISE_BEZIER_KNOTS.);
#673 = CARTESIAN_POINT('',(6.,334.));
#674 = CARTESIAN_POINT('',(6.,2.));
#675 = ( GEOMETRIC_REPRESENTATION_CONTEXT(2) 
PARAMETRIC_REPRESENTATION_CONTEXT() REPRESENTATION_CONTEXT('2D SPACE',''
  ) );
#676 = ADVANCED_FACE('',(#677),#176,.T.);
#677 = FACE_BOUND('',#678,.F.);
#678 = EDGE_LOOP('',(#679,#680,#681,#703));
#679 = ORIENTED_EDGE('',*,*,#161,.F.);
#680 = ORIENTED_EDGE('',*,*,#389,.F.);
#681 = ORIENTED_EDGE('',*,*,#682,.T.);
#682 = EDGE_CURVE('',#390,#411,#683,.T.);
#683 = SURFACE_CURVE('',#684,(#689,#696),.PCURVE_S1.);
#684 = CIRCLE('',#685,56.);
#685 = AXIS2_PLACEMENT_3D('',#686,#687,#688);
#686 = CARTESIAN_POINT('',(226.,0.,154.));
#687 = DIRECTION('',(1.,0.,0.));
#688 = DIRECTION('',(0.,1.,0.));
#689 = PCURVE('',#176,#690);
#690 = DEFINITIONAL_REPRESENTATION('',(#691),#695);
#691 = LINE('',#692,#693);
#692 = CARTESIAN_POINT('',(-0.,-36.));
#693 = VECTOR('',#694,1.);
#694 = DIRECTION('',(-1.,0.));
#695 = ( GEOMETRIC_REPRESENTATION_CONTEXT(2) 
PARAMETRIC_REPRESENTATION_CONTEXT() REPRESENTATION_CONTEXT('2D SPACE',''
  ) );
#696 = PCURVE('',#425,#697);
#697 = DEFINITIONAL_REPRESENTATION('',(#698),#702);
#698 = CIRCLE('',#699,56.);
#699 = AXIS2_PLACEMENT_2D('',#700,#701);
#700 = CARTESIAN_POINT('',(-2.84217094304E-14,-6.251154891609E-15));
#701 = DIRECTION('',(0.,-1.));
#702 = ( GEOMETRIC_REPRESENTATION_CONTEXT(2) 
PARAMETRIC_REPRESENTATION_CONTEXT() REPRESENTATION_CONTEXT('2D SPACE',''
  ) );
#703 = ORIENTED_EDGE('',*,*,#436,.T.);
#704 = ADVANCED_FACE('',(#705),#126,.T.);
#705 = FACE_BOUND('',#706,.F.);
#706 = EDGE_LOOP('',(#707,#708,#732,#758,#891,#912));
#707 = ORIENTED_EDGE('',*,*,#110,.F.);
#708 = ORIENTED_EDGE('',*,*,#709,.F.);
#709 = EDGE_CURVE('',#710,#85,#712,.T.);
#710 = VERTEX_POINT('',#711);
#711 = CARTESIAN_POINT('',(190.12701665379,52.,201.));
#712 = SURFACE_CURVE('',#713,(#718,#725),.PCURVE_S1.);
#713 = CIRCLE('',#714,4.);
#714 = AXIS2_PLACEMENT_3D('',#715,#716,#717);
#715 = CARTESIAN_POINT('',(194.,51.,201.));
#716 = DIRECTION('',(0.,0.,1.));
#717 = DIRECTION('',(-1.,-0.,0.));
#718 = PCURVE('',#126,#719);
#719 = DEFINITIONAL_REPRESENTATION('',(#720),#724);
#720 = LINE('',#721,#722);
#721 = CARTESIAN_POINT('',(-6.28318530718,97.));
#722 = VECTOR('',#723,1.);
#723 = DIRECTION('',(1.,-0.));
#724 = ( GEOMETRIC_REPRESENTATION_CONTEXT(2) 
PARAMETRIC_REPRESENTATION_CONTEXT() REPRESENTATION_CONTEXT('2D SPACE',''
  ) );
#725 = PCURVE('',#99,#726);
#726 = DEFINITIONAL_REPRESENTATION('',(#727),#731);
#727 = CIRCLE('',#728,4.);
#728 = AXIS2_PLACEMENT_2D('',#729,#730);
#729 = CARTESIAN_POINT('',(5.,103.));
#730 = DIRECTION('',(-1.,0.));
#731 = ( GEOMETRIC_REPRESENTATION_CONTEXT(2) 
PARAMETRIC_REPRESENTATION_CONTEXT() REPRESENTATION_CONTEXT('2D SPACE',''
  ) );
#732 = ORIENTED_EDGE('',*,*,#733,.F.);
#733 = EDGE_CURVE('',#734,#710,#736,.T.);
#734 = VERTEX_POINT('',#735);
#735 = CARTESIAN_POINT('',(190.12701664223,52.,174.78460969221));
#736 = SURFACE_CURVE('',#737,(#741,#747),.PCURVE_S1.);
#737 = LINE('',#738,#739);
#738 = CARTESIAN_POINT('',(190.12701665379,52.,104.));
#739 = VECTOR('',#740,1.);
#740 = DIRECTION('',(0.,0.,1.));
#741 = PCURVE('',#126,#742);
#742 = DEFINITIONAL_REPRESENTATION('',(#743),#746);
#743 = B_SPLINE_CURVE_WITH_KNOTS('',1,(#744,#745),.UNSPECIFIED.,.F.,.F.,
  (2,2),(60.535653152853,100.0000006),.PIECEWISE_BEZIER_KNOTS.);
#744 = CARTESIAN_POINT('',(-0.252680255142,60.535653152853));
#745 = CARTESIAN_POINT('',(-0.252680255142,100.0000006));
#746 = ( GEOMETRIC_REPRESENTATION_CONTEXT(2) 
PARAMETRIC_REPRESENTATION_CONTEXT() REPRESENTATION_CONTEXT('2D SPACE',''
  ) );
#747 = PCURVE('',#748,#753);
#748 = PLANE('',#749);
#749 = AXIS2_PLACEMENT_3D('',#750,#751,#752);
#750 = CARTESIAN_POINT('',(189.,52.,107.));
#751 = DIRECTION('',(0.,1.,0.));
#752 = DIRECTION('',(0.,0.,1.));
#753 = DEFINITIONAL_REPRESENTATION('',(#754),#757);
#754 = B_SPLINE_CURVE_WITH_KNOTS('',1,(#755,#756),.UNSPECIFIED.,.F.,.F.,
  (2,2),(60.535653152853,100.0000006),.PIECEWISE_BEZIER_KNOTS.);
#755 = CARTESIAN_POINT('',(57.535653152853,1.127016653793));
#756 = CARTESIAN_POINT('',(97.0000006,1.127016653793));
#757 = ( GEOMETRIC_REPRESENTATION_CONTEXT(2) 
PARAMETRIC_REPRESENTATION_CONTEXT() REPRESENTATION_CONTEXT('2D SPACE',''
  ) );
#758 = ORIENTED_EDGE('',*,*,#759,.T.);
#759 = EDGE_CURVE('',#734,#760,#762,.T.);
#760 = VERTEX_POINT('',#761);
#761 = CARTESIAN_POINT('',(194.,55.,164.53565375285));
#762 = SURFACE_CURVE('',#763,(#802,#844),.PCURVE_S1.);
#763 = B_SPLINE_CURVE_WITH_KNOTS('',7,(#764,#765,#766,#767,#768,#769,
    #770,#771,#772,#773,#774,#775,#776,#777,#778,#779,#780,#781,#782,
    #783,#784,#785,#786,#787,#788,#789,#790,#791,#792,#793,#794,#795,
    #796,#797,#798,#799,#800,#801),.UNSPECIFIED.,.F.,.F.,(8,6,6,6,6,6,8)
  ,(0.,0.422884383508,0.630632196499,0.817616875426,0.913298372705,
    0.963268130495,1.),.UNSPECIFIED.);
#764 = CARTESIAN_POINT('',(190.,51.,177.13006701244));
#765 = CARTESIAN_POINT('',(190.,51.368161510975,176.31829949574));
#766 = CARTESIAN_POINT('',(190.03953199897,51.72052366675,
    175.50129383867));
#767 = CARTESIAN_POINT('',(190.11249869108,52.055460672063,
    174.68291818337));
#768 = CARTESIAN_POINT('',(190.21456023911,52.37273076031,
    173.86504872264));
#769 = CARTESIAN_POINT('',(190.34293719498,52.672781019047,
    173.04800457291));
#770 = CARTESIAN_POINT('',(190.49618860114,52.955985454277,
    172.23174716629));
#771 = CARTESIAN_POINT('',(190.76153357778,53.353102275405,
    171.01832482885));
#772 = CARTESIAN_POINT('',(190.85472448729,53.479575904193,
    170.62002544991));
#773 = CARTESIAN_POINT('',(190.95379177848,53.601969906746,
    170.22261857836));
#774 = CARTESIAN_POINT('',(191.0589638356,53.720456197516,
    169.82574469238));
#775 = CARTESIAN_POINT('',(191.17054045268,53.835054201416,
    169.42946432412));
#776 = CARTESIAN_POINT('',(191.28884271478,53.94560870714,
    169.03450185992));
#777 = CARTESIAN_POINT('',(191.52697583073,54.147381707207,
    168.28967026623));
#778 = CARTESIAN_POINT('',(191.64416678534,54.23832220153,
    167.94332364637));
#779 = CARTESIAN_POINT('',(191.76749175419,54.326031870533,
    167.59903525926));
#780 = CARTESIAN_POINT('',(191.89878826653,54.411153952574,
    167.25439459839));
#781 = CARTESIAN_POINT('',(192.03961651214,54.49347338672,
    166.90996748257));
#782 = CARTESIAN_POINT('',(192.1911005461,54.572087115452,
    166.56982253935));
#783 = CARTESIAN_POINT('',(192.43727007846,54.683236921267,
    166.07365820789));
#784 = CARTESIAN_POINT('',(192.5230222553,54.719280271395,
    165.90993920048));
#785 = CARTESIAN_POINT('',(192.61280516186,54.754304939451,
    165.74821285734));
#786 = CARTESIAN_POINT('',(192.70800954158,54.788461419019,
    165.5878240048));
#787 = CARTESIAN_POINT('',(192.8097237421,54.821529198505,165.4298474316
    ));
#788 = CARTESIAN_POINT('',(192.91874652475,54.852974560091,
    165.27707997519));
#789 = CARTESIAN_POINT('',(193.09677869917,54.89719798204,
    165.05909024666));
#790 = CARTESIAN_POINT('',(193.16020917586,54.911763851087,
    164.98668055221));
#791 = CARTESIAN_POINT('',(193.22656659894,54.92572094752,
    164.91673292709));
#792 = CARTESIAN_POINT('',(193.29633474535,54.938971282292,
    164.8497990943));
#793 = CARTESIAN_POINT('',(193.36991900188,54.951332893881,
    164.78688759089));
#794 = CARTESIAN_POINT('',(193.44766039566,54.962545998551,
    164.72945196222));
#795 = CARTESIAN_POINT('',(193.59026681042,54.979424580016,164.642569185
    ));
#796 = CARTESIAN_POINT('',(193.65383263614,54.985860908385,
    164.60928365674));
#797 = CARTESIAN_POINT('',(193.71993524701,54.991314804536,
    164.58095669887));
#798 = CARTESIAN_POINT('',(193.78804904109,54.995580519732,
    164.55872615684));
#799 = CARTESIAN_POINT('',(193.85771130818,54.998508613126,
    164.54343827823));
#800 = CARTESIAN_POINT('',(193.92849808328,55.,164.53565375285));
#801 = CARTESIAN_POINT('',(194.,55.,164.53565375285));
#802 = PCURVE('',#126,#803);
#803 = DEFINITIONAL_REPRESENTATION('',(#804),#843);
#804 = B_SPLINE_CURVE_WITH_KNOTS('',7,(#805,#806,#807,#808,#809,#810,
    #811,#812,#813,#814,#815,#816,#817,#818,#819,#820,#821,#822,#823,
    #824,#825,#826,#827,#828,#829,#830,#831,#832,#833,#834,#835,#836,
    #837,#838,#839,#840,#841,#842),.UNSPECIFIED.,.F.,.F.,(8,6,6,6,6,6,8)
  ,(0.,0.422884383508,0.630632196499,0.817616875426,0.913298372705,
    0.963268130495,1.),.UNSPECIFIED.);
#805 = CARTESIAN_POINT('',(0.,73.130067012441));
#806 = CARTESIAN_POINT('',(-9.204037774381E-02,72.318299495743));
#807 = CARTESIAN_POINT('',(-0.180130957446,71.50129383867));
#808 = CARTESIAN_POINT('',(-0.265138396305,70.682918183377));
#809 = CARTESIAN_POINT('',(-0.347786344563,69.865048722644));
#810 = CARTESIAN_POINT('',(-0.428826586237,69.048004572912));
#811 = CARTESIAN_POINT('',(-0.508980910553,68.23174716629));
#812 = CARTESIAN_POINT('',(-0.628382995504,67.018324828851));
#813 = CARTESIAN_POINT('',(-0.667616264212,66.620025449914));
#814 = CARTESIAN_POINT('',(-0.706917101713,66.222618578362));
#815 = CARTESIAN_POINT('',(-0.746450039477,65.825744692382));
#816 = CARTESIAN_POINT('',(-0.78636572181,65.429464324127));
#817 = CARTESIAN_POINT('',(-0.826797586335,65.034501859926));
#818 = CARTESIAN_POINT('',(-0.904827918765,64.289670266232));
#819 = CARTESIAN_POINT('',(-0.941877923342,63.943323646372));
#820 = CARTESIAN_POINT('',(-0.979658231623,63.599035259265));
#821 = CARTESIAN_POINT('',(-1.018707635743,63.254394598399));
#822 = CARTESIAN_POINT('',(-1.059409953311,62.909967482578));
#823 = CARTESIAN_POINT('',(-1.102013380764,62.569822539353));
#824 = CARTESIAN_POINT('',(-1.169538245626,62.073658207899));
#825 = CARTESIAN_POINT('',(-1.192785063333,61.909939200486));
#826 = CARTESIAN_POINT('',(-1.216864877296,61.748212857349));
#827 = CARTESIAN_POINT('',(-1.242132883956,61.587824004805));
#828 = CARTESIAN_POINT('',(-1.268849026326,61.429847431603));
#829 = CARTESIAN_POINT('',(-1.29719604096,61.277079975191));
#830 = CARTESIAN_POINT('',(-1.343056676436,61.059090246661));
#831 = CARTESIAN_POINT('',(-1.359324469877,60.986680552212));
#832 = CARTESIAN_POINT('',(-1.376272070314,60.916732927095));
#833 = CARTESIAN_POINT('',(-1.394019311403,60.849799094302));
#834 = CARTESIAN_POINT('',(-1.412665553083,60.786887590899));
#835 = CARTESIAN_POINT('',(-1.432295678631,60.72945196222));
#836 = CARTESIAN_POINT('',(-1.468196127831,60.642569185008));
#837 = CARTESIAN_POINT('',(-1.484166569607,60.609283656746));
#838 = CARTESIAN_POINT('',(-1.500743658127,60.580956698871));
#839 = CARTESIAN_POINT('',(-1.517799258035,60.558726156843));
#840 = CARTESIAN_POINT('',(-1.535224155834,60.543438278235));
#841 = CARTESIAN_POINT('',(-1.552920847616,60.535653752853));
#842 = CARTESIAN_POINT('',(-1.570796326795,60.535653752853));
#843 = ( GEOMETRIC_REPRESENTATION_CONTEXT(2) 
PARAMETRIC_REPRESENTATION_CONTEXT() REPRESENTATION_CONTEXT('2D SPACE',''
  ) );
#844 = PCURVE('',#845,#850);
#845 = CYLINDRICAL_SURFACE('',#846,56.);
#846 = AXIS2_PLACEMENT_3D('',#847,#848,#849);
#847 = CARTESIAN_POINT('',(190.,0.,154.));
#848 = DIRECTION('',(-1.,-0.,-0.));
#849 = DIRECTION('',(0.,1.,0.));
#850 = DEFINITIONAL_REPRESENTATION('',(#851),#890);
#851 = B_SPLINE_CURVE_WITH_KNOTS('',7,(#852,#853,#854,#855,#856,#857,
    #858,#859,#860,#861,#862,#863,#864,#865,#866,#867,#868,#869,#870,
    #871,#872,#873,#874,#875,#876,#877,#878,#879,#880,#881,#882,#883,
    #884,#885,#886,#887,#888,#889),.UNSPECIFIED.,.F.,.F.,(8,6,6,6,6,6,8)
  ,(0.,0.422884383508,0.630632196499,0.817616875426,0.913298372705,
    0.963268130495,1.),.UNSPECIFIED.);
#852 = CARTESIAN_POINT('',(-6.708971505033,0.));
#853 = CARTESIAN_POINT('',(-6.693054494901,0.));
#854 = CARTESIAN_POINT('',(-6.677168828036,-3.95319989705E-02));
#855 = CARTESIAN_POINT('',(-6.661382821867,-0.112498691083));
#856 = CARTESIAN_POINT('',(-6.645722278853,-0.21456023912));
#857 = CARTESIAN_POINT('',(-6.630183514736,-0.342937194982));
#858 = CARTESIAN_POINT('',(-6.614757510186,-0.496188601148));
#859 = CARTESIAN_POINT('',(-6.591958368244,-0.761533577785));
#860 = CARTESIAN_POINT('',(-6.584496210979,-0.854724487292));
#861 = CARTESIAN_POINT('',(-6.57707116579,-0.953791778486));
#862 = CARTESIAN_POINT('',(-6.569675530836,-1.0589638356));
#863 = CARTESIAN_POINT('',(-6.562309578035,-1.170540452684));
#864 = CARTESIAN_POINT('',(-6.554985845461,-1.288842714786));
#865 = CARTESIAN_POINT('',(-6.541205886835,-1.526975830732));
#866 = CARTESIAN_POINT('',(-6.534811673175,-1.644166785344));
#867 = CARTESIAN_POINT('',(-6.528467564604,-1.767491754195));
#868 = CARTESIAN_POINT('',(-6.522128644846,-1.898788266537));
#869 = CARTESIAN_POINT('',(-6.515805220302,-2.03961651214));
#870 = CARTESIAN_POINT('',(-6.509571231778,-2.191100546108));
#871 = CARTESIAN_POINT('',(-6.500491558164,-2.437270078467));
#872 = CARTESIAN_POINT('',(-6.497498013935,-2.523022255301));
#873 = CARTESIAN_POINT('',(-6.494543122283,-2.612805161869));
#874 = CARTESIAN_POINT('',(-6.491614840728,-2.708009541581));
#875 = CARTESIAN_POINT('',(-6.488732718215,-2.809723742103));
#876 = CARTESIAN_POINT('',(-6.485947547056,-2.91874652475));
#877 = CARTESIAN_POINT('',(-6.481975577637,-3.096778699179));
#878 = CARTESIAN_POINT('',(-6.480656647341,-3.160209175864));
#879 = CARTESIAN_POINT('',(-6.479382962173,-3.226566598941));
#880 = CARTESIAN_POINT('',(-6.478164522312,-3.296334745358));
#881 = CARTESIAN_POINT('',(-6.477019622324,-3.369919001888));
#882 = CARTESIAN_POINT('',(-6.475974623552,-3.447660395665));
#883 = CARTESIAN_POINT('',(-6.474394139953,-3.590266810427));
#884 = CARTESIAN_POINT('',(-6.473788745476,-3.653832636141));
#885 = CARTESIAN_POINT('',(-6.473273616892,-3.719935247016));
#886 = CARTESIAN_POINT('',(-6.47286940077,-3.788049041096));
#887 = CARTESIAN_POINT('',(-6.47259144073,-3.857711308187));
#888 = CARTESIAN_POINT('',(-6.472449903208,-3.928498083285));
#889 = CARTESIAN_POINT('',(-6.472449903208,-4.));
#890 = ( GEOMETRIC_REPRESENTATION_CONTEXT(2) 
PARAMETRIC_REPRESENTATION_CONTEXT() REPRESENTATION_CONTEXT('2D SPACE',''
  ) );
#891 = ORIENTED_EDGE('',*,*,#892,.T.);
#892 = EDGE_CURVE('',#760,#335,#893,.T.);
#893 = SURFACE_CURVE('',#894,(#898,#905),.PCURVE_S1.);
#894 = LINE('',#895,#896);
#895 = CARTESIAN_POINT('',(194.,55.,104.));
#896 = VECTOR('',#897,1.);
#897 = DIRECTION('',(0.,0.,1.));
#898 = PCURVE('',#126,#899);
#899 = DEFINITIONAL_REPRESENTATION('',(#900),#904);
#900 = LINE('',#901,#902);
#901 = CARTESIAN_POINT('',(-1.570796326795,0.));
#902 = VECTOR('',#903,1.);
#903 = DIRECTION('',(-0.,1.));
#904 = ( GEOMETRIC_REPRESENTATION_CONTEXT(2) 
PARAMETRIC_REPRESENTATION_CONTEXT() REPRESENTATION_CONTEXT('2D SPACE',''
  ) );
#905 = PCURVE('',#350,#906);
#906 = DEFINITIONAL_REPRESENTATION('',(#907),#911);
#907 = LINE('',#908,#909);
#908 = CARTESIAN_POINT('',(0.,4.));
#909 = VECTOR('',#910,1.);
#910 = DIRECTION('',(1.,0.));
#911 = ( GEOMETRIC_REPRESENTATION_CONTEXT(2) 
PARAMETRIC_REPRESENTATION_CONTEXT() REPRESENTATION_CONTEXT('2D SPACE',''
  ) );
#912 = ORIENTED_EDGE('',*,*,#362,.F.);
#913 = ADVANCED_FACE('',(#914),#99,.F.);
#914 = FACE_BOUND('',#915,.F.);
#915 = EDGE_LOOP('',(#916,#939,#940,#941,#965,#993,#1017,#1038));
#916 = ORIENTED_EDGE('',*,*,#917,.F.);
#917 = EDGE_CURVE('',#710,#918,#920,.T.);
#918 = VERTEX_POINT('',#919);
#919 = CARTESIAN_POINT('',(609.8729833462,52.,201.));
#920 = SURFACE_CURVE('',#921,(#925,#932),.PCURVE_S1.);
#921 = LINE('',#922,#923);
#922 = CARTESIAN_POINT('',(189.,52.,201.));
#923 = VECTOR('',#924,1.);
#924 = DIRECTION('',(1.,0.,0.));
#925 = PCURVE('',#99,#926);
#926 = DEFINITIONAL_REPRESENTATION('',(#927),#931);
#927 = LINE('',#928,#929);
#928 = CARTESIAN_POINT('',(0.,104.));
#929 = VECTOR('',#930,1.);
#930 = DIRECTION('',(1.,0.));
#931 = ( GEOMETRIC_REPRESENTATION_CONTEXT(2) 
PARAMETRIC_REPRESENTATION_CONTEXT() REPRESENTATION_CONTEXT('2D SPACE',''
  ) );
#932 = PCURVE('',#748,#933);
#933 = DEFINITIONAL_REPRESENTATION('',(#934),#938);
#934 = LINE('',#935,#936);
#935 = CARTESIAN_POINT('',(94.,0.));
#936 = VECTOR('',#937,1.);
#937 = DIRECTION('',(0.,1.));
#938 = ( GEOMETRIC_REPRESENTATION_CONTEXT(2) 
PARAMETRIC_REPRESENTATION_CONTEXT() REPRESENTATION_CONTEXT('2D SPACE',''
  ) );
#939 = ORIENTED_EDGE('',*,*,#709,.T.);
#940 = ORIENTED_EDGE('',*,*,#84,.T.);
#941 = ORIENTED_EDGE('',*,*,#942,.T.);
#942 = EDGE_CURVE('',#57,#943,#945,.T.);
#943 = VERTEX_POINT('',#944);
#944 = CARTESIAN_POINT('',(190.12701665379,-52.,201.));
#945 = SURFACE_CURVE('',#946,(#951,#958),.PCURVE_S1.);
#946 = CIRCLE('',#947,4.);
#947 = AXIS2_PLACEMENT_3D('',#948,#949,#950);
#948 = CARTESIAN_POINT('',(194.,-51.,201.));
#949 = DIRECTION('',(0.,0.,1.));
#950 = DIRECTION('',(-1.,-0.,0.));
#951 = PCURVE('',#99,#952);
#952 = DEFINITIONAL_REPRESENTATION('',(#953),#957);
#953 = CIRCLE('',#954,4.);
#954 = AXIS2_PLACEMENT_2D('',#955,#956);
#955 = CARTESIAN_POINT('',(5.,1.));
#956 = DIRECTION('',(-1.,0.));
#957 = ( GEOMETRIC_REPRESENTATION_CONTEXT(2) 
PARAMETRIC_REPRESENTATION_CONTEXT() REPRESENTATION_CONTEXT('2D SPACE',''
  ) );
#958 = PCURVE('',#72,#959);
#959 = DEFINITIONAL_REPRESENTATION('',(#960),#964);
#960 = LINE('',#961,#962);
#961 = CARTESIAN_POINT('',(0.,97.));
#962 = VECTOR('',#963,1.);
#963 = DIRECTION('',(1.,0.));
#964 = ( GEOMETRIC_REPRESENTATION_CONTEXT(2) 
PARAMETRIC_REPRESENTATION_CONTEXT() REPRESENTATION_CONTEXT('2D SPACE',''
  ) );
#965 = ORIENTED_EDGE('',*,*,#966,.T.);
#966 = EDGE_CURVE('',#943,#967,#969,.T.);
#967 = VERTEX_POINT('',#968);
#968 = CARTESIAN_POINT('',(609.8729833462,-52.,201.));
#969 = SURFACE_CURVE('',#970,(#974,#981),.PCURVE_S1.);
#970 = LINE('',#971,#972);
#971 = CARTESIAN_POINT('',(189.,-52.,201.));
#972 = VECTOR('',#973,1.);
#973 = DIRECTION('',(1.,0.,0.));
#974 = PCURVE('',#99,#975);
#975 = DEFINITIONAL_REPRESENTATION('',(#976),#980);
#976 = LINE('',#977,#978);
#977 = CARTESIAN_POINT('',(0.,0.));
#978 = VECTOR('',#979,1.);
#979 = DIRECTION('',(1.,0.));
#980 = ( GEOMETRIC_REPRESENTATION_CONTEXT(2) 
PARAMETRIC_REPRESENTATION_CONTEXT() REPRESENTATION_CONTEXT('2D SPACE',''
  ) );
#981 = PCURVE('',#982,#987);
#982 = PLANE('',#983);
#983 = AXIS2_PLACEMENT_3D('',#984,#985,#986);
#984 = CARTESIAN_POINT('',(189.,-52.,107.));
#985 = DIRECTION('',(0.,1.,0.));
#986 = DIRECTION('',(0.,0.,1.));
#987 = DEFINITIONAL_REPRESENTATION('',(#988),#992);
#988 = LINE('',#989,#990);
#989 = CARTESIAN_POINT('',(94.,0.));
#990 = VECTOR('',#991,1.);
#991 = DIRECTION('',(0.,1.));
#992 = ( GEOMETRIC_REPRESENTATION_CONTEXT(2) 
PARAMETRIC_REPRESENTATION_CONTEXT() REPRESENTATION_CONTEXT('2D SPACE',''
  ) );
#993 = ORIENTED_EDGE('',*,*,#994,.T.);
#994 = EDGE_CURVE('',#967,#995,#997,.T.);
#995 = VERTEX_POINT('',#996);
#996 = CARTESIAN_POINT('',(610.,-51.,201.));
#997 = SURFACE_CURVE('',#998,(#1003,#1010),.PCURVE_S1.);
#998 = CIRCLE('',#999,4.);
#999 = AXIS2_PLACEMENT_3D('',#1000,#1001,#1002);
#1000 = CARTESIAN_POINT('',(606.,-51.,201.));
#1001 = DIRECTION('',(0.,0.,1.));
#1002 = DIRECTION('',(1.,0.,-0.));
#1003 = PCURVE('',#99,#1004);
#1004 = DEFINITIONAL_REPRESENTATION('',(#1005),#1009);
#1005 = CIRCLE('',#1006,4.);
#1006 = AXIS2_PLACEMENT_2D('',#1007,#1008);
#1007 = CARTESIAN_POINT('',(417.,1.));
#1008 = DIRECTION('',(1.,0.));
#1009 = ( GEOMETRIC_REPRESENTATION_CONTEXT(2) 
PARAMETRIC_REPRESENTATION_CONTEXT() REPRESENTATION_CONTEXT('2D SPACE',''
  ) );
#1010 = PCURVE('',#265,#1011);
#1011 = DEFINITIONAL_REPRESENTATION('',(#1012),#1016);
#1012 = LINE('',#1013,#1014);
#1013 = CARTESIAN_POINT('',(-6.28318530718,97.));
#1014 = VECTOR('',#1015,1.);
#1015 = DIRECTION('',(1.,-0.));
#1016 = ( GEOMETRIC_REPRESENTATION_CONTEXT(2) 
PARAMETRIC_REPRESENTATION_CONTEXT() REPRESENTATION_CONTEXT('2D SPACE',''
  ) );
#1017 = ORIENTED_EDGE('',*,*,#1018,.F.);
#1018 = EDGE_CURVE('',#1019,#995,#1021,.T.);
#1019 = VERTEX_POINT('',#1020);
#1020 = CARTESIAN_POINT('',(610.,51.,201.));
#1021 = SURFACE_CURVE('',#1022,(#1026,#1032),.PCURVE_S1.);
#1022 = LINE('',#1023,#1024);
#1023 = CARTESIAN_POINT('',(610.,-53.5,201.));
#1024 = VECTOR('',#1025,1.);
#1025 = DIRECTION('',(0.,-1.,0.));
#1026 = PCURVE('',#99,#1027);
#1027 = DEFINITIONAL_REPRESENTATION('',(#1028),#1031);
#1028 = B_SPLINE_CURVE_WITH_KNOTS('',1,(#1029,#1030),.UNSPECIFIED.,.F.,
  .F.,(2,2),(-104.5,-2.5),.PIECEWISE_BEZIER_KNOTS.);
#1029 = CARTESIAN_POINT('',(421.,103.));
#1030 = CARTESIAN_POINT('',(421.,1.));
#1031 = ( GEOMETRIC_REPRESENTATION_CONTEXT(2) 
PARAMETRIC_REPRESENTATION_CONTEXT() REPRESENTATION_CONTEXT('2D SPACE',''
  ) );
#1032 = PCURVE('',#293,#1033);
#1033 = DEFINITIONAL_REPRESENTATION('',(#1034),#1037);
#1034 = B_SPLINE_CURVE_WITH_KNOTS('',1,(#1035,#1036),.UNSPECIFIED.,.F.,
  .F.,(2,2),(-104.5,-2.5),.PIECEWISE_BEZIER_KNOTS.);
#1035 = CARTESIAN_POINT('',(97.,-106.));
#1036 = CARTESIAN_POINT('',(97.,-4.));
#1037 = ( GEOMETRIC_REPRESENTATION_CONTEXT(2) 
PARAMETRIC_REPRESENTATION_CONTEXT() REPRESENTATION_CONTEXT('2D SPACE',''
  ) );
#1038 = ORIENTED_EDGE('',*,*,#1039,.T.);
#1039 = EDGE_CURVE('',#1019,#918,#1040,.T.);
#1040 = SURFACE_CURVE('',#1041,(#1046,#1053),.PCURVE_S1.);
#1041 = CIRCLE('',#1042,4.);
#1042 = AXIS2_PLACEMENT_3D('',#1043,#1044,#1045);
#1043 = CARTESIAN_POINT('',(606.,51.,201.));
#1044 = DIRECTION('',(0.,0.,1.));
#1045 = DIRECTION('',(1.,0.,-0.));
#1046 = PCURVE('',#99,#1047);
#1047 = DEFINITIONAL_REPRESENTATION('',(#1048),#1052);
#1048 = CIRCLE('',#1049,4.);
#1049 = AXIS2_PLACEMENT_2D('',#1050,#1051);
#1050 = CARTESIAN_POINT('',(417.,103.));
#1051 = DIRECTION('',(1.,0.));
#1052 = ( GEOMETRIC_REPRESENTATION_CONTEXT(2) 
PARAMETRIC_REPRESENTATION_CONTEXT() REPRESENTATION_CONTEXT('2D SPACE',''
  ) );
#1053 = PCURVE('',#322,#1054);
#1054 = DEFINITIONAL_REPRESENTATION('',(#1055),#1059);
#1055 = LINE('',#1056,#1057);
#1056 = CARTESIAN_POINT('',(0.,97.));
#1057 = VECTOR('',#1058,1.);
#1058 = DIRECTION('',(1.,0.));
#1059 = ( GEOMETRIC_REPRESENTATION_CONTEXT(2) 
PARAMETRIC_REPRESENTATION_CONTEXT() REPRESENTATION_CONTEXT('2D SPACE',''
  ) );
#1060 = ADVANCED_FACE('',(#1061),#72,.T.);
#1061 = FACE_BOUND('',#1062,.T.);
#1062 = EDGE_LOOP('',(#1063,#1064,#1065,#1086,#1219,#1240));
#1063 = ORIENTED_EDGE('',*,*,#56,.F.);
#1064 = ORIENTED_EDGE('',*,*,#942,.T.);
#1065 = ORIENTED_EDGE('',*,*,#1066,.F.);
#1066 = EDGE_CURVE('',#1067,#943,#1069,.T.);
#1067 = VERTEX_POINT('',#1068);
#1068 = CARTESIAN_POINT('',(190.12701664223,-52.,174.78460969221));
#1069 = SURFACE_CURVE('',#1070,(#1074,#1080),.PCURVE_S1.);
#1070 = LINE('',#1071,#1072);
#1071 = CARTESIAN_POINT('',(190.12701665379,-52.,104.));
#1072 = VECTOR('',#1073,1.);
#1073 = DIRECTION('',(0.,0.,1.));
#1074 = PCURVE('',#72,#1075);
#1075 = DEFINITIONAL_REPRESENTATION('',(#1076),#1079);
#1076 = B_SPLINE_CURVE_WITH_KNOTS('',1,(#1077,#1078),.UNSPECIFIED.,.F.,
  .F.,(2,2),(60.535653152853,100.0000006),.PIECEWISE_BEZIER_KNOTS.);
#1077 = CARTESIAN_POINT('',(0.252680255142,60.535653152853));
#1078 = CARTESIAN_POINT('',(0.252680255142,100.0000006));
#1079 = ( GEOMETRIC_REPRESENTATION_CONTEXT(2) 
PARAMETRIC_REPRESENTATION_CONTEXT() REPRESENTATION_CONTEXT('2D SPACE',''
  ) );
#1080 = PCURVE('',#982,#1081);
#1081 = DEFINITIONAL_REPRESENTATION('',(#1082),#1085);
#1082 = B_SPLINE_CURVE_WITH_KNOTS('',1,(#1083,#1084),.UNSPECIFIED.,.F.,
  .F.,(2,2),(60.535653152853,100.0000006),.PIECEWISE_BEZIER_KNOTS.);
#1083 = CARTESIAN_POINT('',(57.535653152853,1.127016653793));
#1084 = CARTESIAN_POINT('',(97.0000006,1.127016653793));
#1085 = ( GEOMETRIC_REPRESENTATION_CONTEXT(2) 
PARAMETRIC_REPRESENTATION_CONTEXT() REPRESENTATION_CONTEXT('2D SPACE',''
  ) );
#1086 = ORIENTED_EDGE('',*,*,#1087,.T.);
#1087 = EDGE_CURVE('',#1067,#1088,#1090,.T.);
#1088 = VERTEX_POINT('',#1089);
#1089 = CARTESIAN_POINT('',(194.,-55.,164.53565375285));
#1090 = SURFACE_CURVE('',#1091,(#1130,#1172),.PCURVE_S1.);
#1091 = B_SPLINE_CURVE_WITH_KNOTS('',7,(#1092,#1093,#1094,#1095,#1096,
    #1097,#1098,#1099,#1100,#1101,#1102,#1103,#1104,#1105,#1106,#1107,
    #1108,#1109,#1110,#1111,#1112,#1113,#1114,#1115,#1116,#1117,#1118,
    #1119,#1120,#1121,#1122,#1123,#1124,#1125,#1126,#1127,#1128,#1129),
  .UNSPECIFIED.,.F.,.F.,(8,6,6,6,6,6,8),(0.,0.422884383338,
    0.630632196243,0.817616875092,0.913298372473,0.963268130396,1.),
  .UNSPECIFIED.);
#1092 = CARTESIAN_POINT('',(190.,-51.,177.13006701244));
#1093 = CARTESIAN_POINT('',(190.,-51.36816151097,176.31829949574));
#1094 = CARTESIAN_POINT('',(190.03953199897,-51.72052366675,
    175.50129383867));
#1095 = CARTESIAN_POINT('',(190.11249869108,-52.05546067206,
    174.68291818338));
#1096 = CARTESIAN_POINT('',(190.21456023912,-52.37273076031,
    173.86504872264));
#1097 = CARTESIAN_POINT('',(190.34293719498,-52.67278101904,
    173.04800457291));
#1098 = CARTESIAN_POINT('',(190.49618860114,-52.95598545427,
    172.23174716629));
#1099 = CARTESIAN_POINT('',(190.76153357778,-53.3531022754,
    171.01832482885));
#1100 = CARTESIAN_POINT('',(190.85472448729,-53.47957590419,
    170.62002544991));
#1101 = CARTESIAN_POINT('',(190.95379177848,-53.60196990674,
    170.22261857836));
#1102 = CARTESIAN_POINT('',(191.0589638356,-53.72045619751,
    169.82574469238));
#1103 = CARTESIAN_POINT('',(191.17054045268,-53.83505420141,
    169.42946432412));
#1104 = CARTESIAN_POINT('',(191.28884271478,-53.94560870713,
    169.03450185992));
#1105 = CARTESIAN_POINT('',(191.52697583073,-54.1473817072,
    168.28967026623));
#1106 = CARTESIAN_POINT('',(191.64416678534,-54.23832220152,
    167.94332364637));
#1107 = CARTESIAN_POINT('',(191.76749175419,-54.32603187053,
    167.59903525926));
#1108 = CARTESIAN_POINT('',(191.89878826653,-54.41115395257,
    167.25439459839));
#1109 = CARTESIAN_POINT('',(192.03961651214,-54.49347338672,
    166.90996748257));
#1110 = CARTESIAN_POINT('',(192.1911005461,-54.57208711545,
    166.56982253935));
#1111 = CARTESIAN_POINT('',(192.43727007859,-54.68323692132,
    166.07365820765));
#1112 = CARTESIAN_POINT('',(192.52302225496,-54.71928027127,
    165.90993920105));
#1113 = CARTESIAN_POINT('',(192.61280516211,-54.75430493952,
    165.74821285701));
#1114 = CARTESIAN_POINT('',(192.70800954177,-54.78846141909,
    165.58782400446));
#1115 = CARTESIAN_POINT('',(192.8097237417,-54.82152919838,
    165.42984743216));
#1116 = CARTESIAN_POINT('',(192.91874652494,-54.85297456013,
    165.27707997495));
#1117 = CARTESIAN_POINT('',(193.09677869917,-54.89719798204,
    165.05909024666));
#1118 = CARTESIAN_POINT('',(193.16020917586,-54.91176385108,
    164.98668055221));
#1119 = CARTESIAN_POINT('',(193.22656659894,-54.92572094752,
    164.91673292709));
#1120 = CARTESIAN_POINT('',(193.29633474535,-54.93897128229,
    164.8497990943));
#1121 = CARTESIAN_POINT('',(193.36991900188,-54.95133289388,
    164.78688759089));
#1122 = CARTESIAN_POINT('',(193.44766039566,-54.96254599855,
    164.72945196222));
#1123 = CARTESIAN_POINT('',(193.59026681042,-54.97942458001,
    164.642569185));
#1124 = CARTESIAN_POINT('',(193.65383263614,-54.98586090838,
    164.60928365674));
#1125 = CARTESIAN_POINT('',(193.71993524701,-54.99131480453,
    164.58095669887));
#1126 = CARTESIAN_POINT('',(193.78804904109,-54.99558051973,
    164.55872615684));
#1127 = CARTESIAN_POINT('',(193.85771130818,-54.99850861312,
    164.54343827823));
#1128 = CARTESIAN_POINT('',(193.92849808328,-55.,164.53565375285));
#1129 = CARTESIAN_POINT('',(194.,-55.,164.53565375285));
#1130 = PCURVE('',#72,#1131);
#1131 = DEFINITIONAL_REPRESENTATION('',(#1132),#1171);
#1132 = B_SPLINE_CURVE_WITH_KNOTS('',7,(#1133,#1134,#1135,#1136,#1137,
    #1138,#1139,#1140,#1141,#1142,#1143,#1144,#1145,#1146,#1147,#1148,
    #1149,#1150,#1151,#1152,#1153,#1154,#1155,#1156,#1157,#1158,#1159,
    #1160,#1161,#1162,#1163,#1164,#1165,#1166,#1167,#1168,#1169,#1170),
  .UNSPECIFIED.,.F.,.F.,(8,6,6,6,6,6,8),(0.,0.422884383338,
    0.630632196243,0.817616875092,0.913298372473,0.963268130396,1.),
  .UNSPECIFIED.);
#1133 = CARTESIAN_POINT('',(0.,73.130067012441));
#1134 = CARTESIAN_POINT('',(9.204037774391E-02,72.318299495742));
#1135 = CARTESIAN_POINT('',(0.180130957446,71.50129383867));
#1136 = CARTESIAN_POINT('',(0.265138396304,70.682918183381));
#1137 = CARTESIAN_POINT('',(0.347786344563,69.865048722638));
#1138 = CARTESIAN_POINT('',(0.428826586237,69.048004572911));
#1139 = CARTESIAN_POINT('',(0.508980910553,68.231747166291));
#1140 = CARTESIAN_POINT('',(0.628382995504,67.018324828853));
#1141 = CARTESIAN_POINT('',(0.667616264212,66.620025449914));
#1142 = CARTESIAN_POINT('',(0.706917101714,66.22261857836));
#1143 = CARTESIAN_POINT('',(0.746450039477,65.825744692381));
#1144 = CARTESIAN_POINT('',(0.78636572181,65.429464324127));
#1145 = CARTESIAN_POINT('',(0.826797586335,65.034501859929));
#1146 = CARTESIAN_POINT('',(0.904827918765,64.289670266231));
#1147 = CARTESIAN_POINT('',(0.941877923342,63.943323646373));
#1148 = CARTESIAN_POINT('',(0.979658231623,63.599035259264));
#1149 = CARTESIAN_POINT('',(1.018707635743,63.254394598398));
#1150 = CARTESIAN_POINT('',(1.059409953311,62.909967482579));
#1151 = CARTESIAN_POINT('',(1.102013380764,62.569822539354));
#1152 = CARTESIAN_POINT('',(1.16953824566,62.073658207651));
#1153 = CARTESIAN_POINT('',(1.192785063244,61.909939201054));
#1154 = CARTESIAN_POINT('',(1.216864877359,61.748212857015));
#1155 = CARTESIAN_POINT('',(1.242132884008,61.587824004463));
#1156 = CARTESIAN_POINT('',(1.268849026223,61.429847432161));
#1157 = CARTESIAN_POINT('',(1.297196041009,61.277079974959));
#1158 = CARTESIAN_POINT('',(1.343056676436,61.059090246661));
#1159 = CARTESIAN_POINT('',(1.359324469877,60.986680552212));
#1160 = CARTESIAN_POINT('',(1.376272070314,60.916732927095));
#1161 = CARTESIAN_POINT('',(1.394019311403,60.849799094302));
#1162 = CARTESIAN_POINT('',(1.412665553083,60.786887590899));
#1163 = CARTESIAN_POINT('',(1.432295678631,60.72945196222));
#1164 = CARTESIAN_POINT('',(1.468196127831,60.642569185008));
#1165 = CARTESIAN_POINT('',(1.484166569607,60.609283656746));
#1166 = CARTESIAN_POINT('',(1.500743658127,60.580956698871));
#1167 = CARTESIAN_POINT('',(1.517799258035,60.558726156843));
#1168 = CARTESIAN_POINT('',(1.535224155834,60.543438278235));
#1169 = CARTESIAN_POINT('',(1.552920847616,60.535653752853));
#1170 = CARTESIAN_POINT('',(1.570796326795,60.535653752853));
#1171 = ( GEOMETRIC_REPRESENTATION_CONTEXT(2) 
PARAMETRIC_REPRESENTATION_CONTEXT() REPRESENTATION_CONTEXT('2D SPACE',''
  ) );
#1172 = PCURVE('',#1173,#1178);
#1173 = CYLINDRICAL_SURFACE('',#1174,56.);
#1174 = AXIS2_PLACEMENT_3D('',#1175,#1176,#1177);
#1175 = CARTESIAN_POINT('',(190.,0.,154.));
#1176 = DIRECTION('',(-1.,-0.,-0.));
#1177 = DIRECTION('',(0.,1.,0.));
#1178 = DEFINITIONAL_REPRESENTATION('',(#1179),#1218);
#1179 = B_SPLINE_CURVE_WITH_KNOTS('',7,(#1180,#1181,#1182,#1183,#1184,
    #1185,#1186,#1187,#1188,#1189,#1190,#1191,#1192,#1193,#1194,#1195,
    #1196,#1197,#1198,#1199,#1200,#1201,#1202,#1203,#1204,#1205,#1206,
    #1207,#1208,#1209,#1210,#1211,#1212,#1213,#1214,#1215,#1216,#1217),
  .UNSPECIFIED.,.F.,.F.,(8,6,6,6,6,6,8),(0.,0.422884383338,
    0.630632196243,0.817616875092,0.913298372473,0.963268130396,1.),
  .UNSPECIFIED.);
#1180 = CARTESIAN_POINT('',(-2.715806455737,0.));
#1181 = CARTESIAN_POINT('',(-2.731723465868,0.));
#1182 = CARTESIAN_POINT('',(-2.747609132734,-3.953199897058E-02));
#1183 = CARTESIAN_POINT('',(-2.763395138902,-0.112498691083));
#1184 = CARTESIAN_POINT('',(-2.779055681917,-0.21456023912));
#1185 = CARTESIAN_POINT('',(-2.794594446034,-0.342937194983));
#1186 = CARTESIAN_POINT('',(-2.810020450583,-0.496188601148));
#1187 = CARTESIAN_POINT('',(-2.832819592525,-0.761533577784));
#1188 = CARTESIAN_POINT('',(-2.840281749791,-0.854724487291));
#1189 = CARTESIAN_POINT('',(-2.847706794979,-0.953791778486));
#1190 = CARTESIAN_POINT('',(-2.855102429933,-1.0589638356));
#1191 = CARTESIAN_POINT('',(-2.862468382734,-1.170540452684));
#1192 = CARTESIAN_POINT('',(-2.869792115309,-1.288842714785));
#1193 = CARTESIAN_POINT('',(-2.883572073935,-1.526975830732));
#1194 = CARTESIAN_POINT('',(-2.889966287595,-1.644166785344));
#1195 = CARTESIAN_POINT('',(-2.896310396166,-1.767491754196));
#1196 = CARTESIAN_POINT('',(-2.902649315923,-1.898788266537));
#1197 = CARTESIAN_POINT('',(-2.908972740467,-2.03961651214));
#1198 = CARTESIAN_POINT('',(-2.915206728991,-2.191100546108));
#1199 = CARTESIAN_POINT('',(-2.92428640261,-2.43727007859));
#1200 = CARTESIAN_POINT('',(-2.927279946824,-2.523022254967));
#1201 = CARTESIAN_POINT('',(-2.930234838493,-2.612805162112));
#1202 = CARTESIAN_POINT('',(-2.933163120047,-2.708009541774));
#1203 = CARTESIAN_POINT('',(-2.936045242544,-2.809723741708));
#1204 = CARTESIAN_POINT('',(-2.938830413717,-2.91874652494));
#1205 = CARTESIAN_POINT('',(-2.942802383133,-3.096778699179));
#1206 = CARTESIAN_POINT('',(-2.944121313428,-3.160209175864));
#1207 = CARTESIAN_POINT('',(-2.945394998596,-3.226566598941));
#1208 = CARTESIAN_POINT('',(-2.946613438457,-3.296334745358));
#1209 = CARTESIAN_POINT('',(-2.947758338445,-3.369919001888));
#1210 = CARTESIAN_POINT('',(-2.948803337217,-3.447660395665));
#1211 = CARTESIAN_POINT('',(-2.950383820817,-3.590266810427));
#1212 = CARTESIAN_POINT('',(-2.950989215293,-3.653832636141));
#1213 = CARTESIAN_POINT('',(-2.951504343877,-3.719935247017));
#1214 = CARTESIAN_POINT('',(-2.95190856,-3.788049041096));
#1215 = CARTESIAN_POINT('',(-2.952186520039,-3.857711308187));
#1216 = CARTESIAN_POINT('',(-2.952328057561,-3.928498083285));
#1217 = CARTESIAN_POINT('',(-2.952328057561,-4.));
#1218 = ( GEOMETRIC_REPRESENTATION_CONTEXT(2) 
PARAMETRIC_REPRESENTATION_CONTEXT() REPRESENTATION_CONTEXT('2D SPACE',''
  ) );
#1219 = ORIENTED_EDGE('',*,*,#1220,.T.);
#1220 = EDGE_CURVE('',#1088,#193,#1221,.T.);
#1221 = SURFACE_CURVE('',#1222,(#1226,#1233),.PCURVE_S1.);
#1222 = LINE('',#1223,#1224);
#1223 = CARTESIAN_POINT('',(194.,-55.,104.));
#1224 = VECTOR('',#1225,1.);
#1225 = DIRECTION('',(0.,0.,1.));
#1226 = PCURVE('',#72,#1227);
#1227 = DEFINITIONAL_REPRESENTATION('',(#1228),#1232);
#1228 = LINE('',#1229,#1230);
#1229 = CARTESIAN_POINT('',(1.570796326795,0.));
#1230 = VECTOR('',#1231,1.);
#1231 = DIRECTION('',(0.,1.));
#1232 = ( GEOMETRIC_REPRESENTATION_CONTEXT(2) 
PARAMETRIC_REPRESENTATION_CONTEXT() REPRESENTATION_CONTEXT('2D SPACE',''
  ) );
#1233 = PCURVE('',#232,#1234);
#1234 = DEFINITIONAL_REPRESENTATION('',(#1235),#1239);
#1235 = LINE('',#1236,#1237);
#1236 = CARTESIAN_POINT('',(0.,4.));
#1237 = VECTOR('',#1238,1.);
#1238 = DIRECTION('',(1.,0.));
#1239 = ( GEOMETRIC_REPRESENTATION_CONTEXT(2) 
PARAMETRIC_REPRESENTATION_CONTEXT() REPRESENTATION_CONTEXT('2D SPACE',''
  ) );
#1240 = ORIENTED_EDGE('',*,*,#192,.F.);
#1241 = ADVANCED_FACE('',(#1242),#232,.F.);
#1242 = FACE_BOUND('',#1243,.F.);
#1243 = EDGE_LOOP('',(#1244,#1274,#1302,#1323,#1349,#1368,#1369,#1370));
#1244 = ORIENTED_EDGE('',*,*,#1245,.F.);
#1245 = EDGE_CURVE('',#1246,#1248,#1250,.T.);
#1246 = VERTEX_POINT('',#1247);
#1247 = CARTESIAN_POINT('',(194.,-55.,104.));
#1248 = VERTEX_POINT('',#1249);
#1249 = CARTESIAN_POINT('',(606.,-55.,104.));
#1250 = SURFACE_CURVE('',#1251,(#1255,#1262),.PCURVE_S1.);
#1251 = LINE('',#1252,#1253);
#1252 = CARTESIAN_POINT('',(190.,-55.,104.));
#1253 = VECTOR('',#1254,1.);
#1254 = DIRECTION('',(1.,0.,0.));
#1255 = PCURVE('',#232,#1256);
#1256 = DEFINITIONAL_REPRESENTATION('',(#1257),#1261);
#1257 = LINE('',#1258,#1259);
#1258 = CARTESIAN_POINT('',(0.,0.));
#1259 = VECTOR('',#1260,1.);
#1260 = DIRECTION('',(0.,1.));
#1261 = ( GEOMETRIC_REPRESENTATION_CONTEXT(2) 
PARAMETRIC_REPRESENTATION_CONTEXT() REPRESENTATION_CONTEXT('2D SPACE',''
  ) );
#1262 = PCURVE('',#1263,#1268);
#1263 = PLANE('',#1264);
#1264 = AXIS2_PLACEMENT_3D('',#1265,#1266,#1267);
#1265 = CARTESIAN_POINT('',(190.,-55.,104.));
#1266 = DIRECTION('',(0.,0.,1.));
#1267 = DIRECTION('',(1.,0.,0.));
#1268 = DEFINITIONAL_REPRESENTATION('',(#1269),#1273);
#1269 = LINE('',#1270,#1271);
#1270 = CARTESIAN_POINT('',(0.,0.));
#1271 = VECTOR('',#1272,1.);
#1272 = DIRECTION('',(1.,0.));
#1273 = ( GEOMETRIC_REPRESENTATION_CONTEXT(2) 
PARAMETRIC_REPRESENTATION_CONTEXT() REPRESENTATION_CONTEXT('2D SPACE',''
  ) );
#1274 = ORIENTED_EDGE('',*,*,#1275,.T.);
#1275 = EDGE_CURVE('',#1246,#1276,#1278,.T.);
#1276 = VERTEX_POINT('',#1277);
#1277 = CARTESIAN_POINT('',(194.,-55.,143.46434624714));
#1278 = SURFACE_CURVE('',#1279,(#1283,#1290),.PCURVE_S1.);
#1279 = LINE('',#1280,#1281);
#1280 = CARTESIAN_POINT('',(194.,-55.,104.));
#1281 = VECTOR('',#1282,1.);
#1282 = DIRECTION('',(0.,0.,1.));
#1283 = PCURVE('',#232,#1284);
#1284 = DEFINITIONAL_REPRESENTATION('',(#1285),#1289);
#1285 = LINE('',#1286,#1287);
#1286 = CARTESIAN_POINT('',(0.,4.));
#1287 = VECTOR('',#1288,1.);
#1288 = DIRECTION('',(1.,0.));
#1289 = ( GEOMETRIC_REPRESENTATION_CONTEXT(2) 
PARAMETRIC_REPRESENTATION_CONTEXT() REPRESENTATION_CONTEXT('2D SPACE',''
  ) );
#1290 = PCURVE('',#1291,#1296);
#1291 = CYLINDRICAL_SURFACE('',#1292,4.);
#1292 = AXIS2_PLACEMENT_3D('',#1293,#1294,#1295);
#1293 = CARTESIAN_POINT('',(194.,-51.,104.));
#1294 = DIRECTION('',(0.,0.,1.));
#1295 = DIRECTION('',(-1.,-0.,0.));
#1296 = DEFINITIONAL_REPRESENTATION('',(#1297),#1301);
#1297 = LINE('',#1298,#1299);
#1298 = CARTESIAN_POINT('',(1.570796326795,0.));
#1299 = VECTOR('',#1300,1.);
#1300 = DIRECTION('',(0.,1.));
#1301 = ( GEOMETRIC_REPRESENTATION_CONTEXT(2) 
PARAMETRIC_REPRESENTATION_CONTEXT() REPRESENTATION_CONTEXT('2D SPACE',''
  ) );
#1302 = ORIENTED_EDGE('',*,*,#1303,.F.);
#1303 = EDGE_CURVE('',#1304,#1276,#1306,.T.);
#1304 = VERTEX_POINT('',#1305);
#1305 = CARTESIAN_POINT('',(226.,-55.,143.46434624714));
#1306 = SURFACE_CURVE('',#1307,(#1311,#1317),.PCURVE_S1.);
#1307 = LINE('',#1308,#1309);
#1308 = CARTESIAN_POINT('',(190.,-55.,143.46434624714));
#1309 = VECTOR('',#1310,1.);
#1310 = DIRECTION('',(-1.,-0.,-0.));
#1311 = PCURVE('',#232,#1312);
#1312 = DEFINITIONAL_REPRESENTATION('',(#1313),#1316);
#1313 = B_SPLINE_CURVE_WITH_KNOTS('',1,(#1314,#1315),.UNSPECIFIED.,.F.,
  .F.,(2,2),(-36.0000006,5.999999928008E-07),.PIECEWISE_BEZIER_KNOTS.);
#1314 = CARTESIAN_POINT('',(39.464346247147,36.0000006));
#1315 = CARTESIAN_POINT('',(39.464346247147,-5.999999928008E-07));
#1316 = ( GEOMETRIC_REPRESENTATION_CONTEXT(2) 
PARAMETRIC_REPRESENTATION_CONTEXT() REPRESENTATION_CONTEXT('2D SPACE',''
  ) );
#1317 = PCURVE('',#1173,#1318);
#1318 = DEFINITIONAL_REPRESENTATION('',(#1319),#1322);
#1319 = B_SPLINE_CURVE_WITH_KNOTS('',1,(#1320,#1321),.UNSPECIFIED.,.F.,
  .F.,(2,2),(-36.0000006,5.999999928008E-07),.PIECEWISE_BEZIER_KNOTS.);
#1320 = CARTESIAN_POINT('',(-3.330857249619,-36.0000006));
#1321 = CARTESIAN_POINT('',(-3.330857249619,5.999999928008E-07));
#1322 = ( GEOMETRIC_REPRESENTATION_CONTEXT(2) 
PARAMETRIC_REPRESENTATION_CONTEXT() REPRESENTATION_CONTEXT('2D SPACE',''
  ) );
#1323 = ORIENTED_EDGE('',*,*,#1324,.F.);
#1324 = EDGE_CURVE('',#1325,#1304,#1327,.T.);
#1325 = VERTEX_POINT('',#1326);
#1326 = CARTESIAN_POINT('',(226.,-55.,164.53565375285));
#1327 = SURFACE_CURVE('',#1328,(#1332,#1338),.PCURVE_S1.);
#1328 = LINE('',#1329,#1330);
#1329 = CARTESIAN_POINT('',(226.,-55.,129.));
#1330 = VECTOR('',#1331,1.);
#1331 = DIRECTION('',(0.,0.,-1.));
#1332 = PCURVE('',#232,#1333);
#1333 = DEFINITIONAL_REPRESENTATION('',(#1334),#1337);
#1334 = B_SPLINE_CURVE_WITH_KNOTS('',1,(#1335,#1336),.UNSPECIFIED.,.F.,
  .F.,(2,2),(-75.,25.),.PIECEWISE_BEZIER_KNOTS.);
#1335 = CARTESIAN_POINT('',(100.,36.));
#1336 = CARTESIAN_POINT('',(0.,36.));
#1337 = ( GEOMETRIC_REPRESENTATION_CONTEXT(2) 
PARAMETRIC_REPRESENTATION_CONTEXT() REPRESENTATION_CONTEXT('2D SPACE',''
  ) );
#1338 = PCURVE('',#1339,#1344);
#1339 = PLANE('',#1340);
#1340 = AXIS2_PLACEMENT_3D('',#1341,#1342,#1343);
#1341 = CARTESIAN_POINT('',(226.,-6.251154891609E-15,154.));
#1342 = DIRECTION('',(1.,0.,0.));
#1343 = DIRECTION('',(-0.,0.,1.));
#1344 = DEFINITIONAL_REPRESENTATION('',(#1345),#1348);
#1345 = B_SPLINE_CURVE_WITH_KNOTS('',1,(#1346,#1347),.UNSPECIFIED.,.F.,
  .F.,(2,2),(-75.,25.),.PIECEWISE_BEZIER_KNOTS.);
#1346 = CARTESIAN_POINT('',(50.,55.));
#1347 = CARTESIAN_POINT('',(-50.,55.));
#1348 = ( GEOMETRIC_REPRESENTATION_CONTEXT(2) 
PARAMETRIC_REPRESENTATION_CONTEXT() REPRESENTATION_CONTEXT('2D SPACE',''
  ) );
#1349 = ORIENTED_EDGE('',*,*,#1350,.T.);
#1350 = EDGE_CURVE('',#1325,#1088,#1351,.T.);
#1351 = SURFACE_CURVE('',#1352,(#1356,#1362),.PCURVE_S1.);
#1352 = LINE('',#1353,#1354);
#1353 = CARTESIAN_POINT('',(190.,-55.,164.53565375285));
#1354 = VECTOR('',#1355,1.);
#1355 = DIRECTION('',(-1.,-0.,-0.));
#1356 = PCURVE('',#232,#1357);
#1357 = DEFINITIONAL_REPRESENTATION('',(#1358),#1361);
#1358 = B_SPLINE_CURVE_WITH_KNOTS('',1,(#1359,#1360),.UNSPECIFIED.,.F.,
  .F.,(2,2),(-36.0000006,5.999999928008E-07),.PIECEWISE_BEZIER_KNOTS.);
#1359 = CARTESIAN_POINT('',(60.535653752853,36.0000006));
#1360 = CARTESIAN_POINT('',(60.535653752853,-5.999999928008E-07));
#1361 = ( GEOMETRIC_REPRESENTATION_CONTEXT(2) 
PARAMETRIC_REPRESENTATION_CONTEXT() REPRESENTATION_CONTEXT('2D SPACE',''
  ) );
#1362 = PCURVE('',#1173,#1363);
#1363 = DEFINITIONAL_REPRESENTATION('',(#1364),#1367);
#1364 = B_SPLINE_CURVE_WITH_KNOTS('',1,(#1365,#1366),.UNSPECIFIED.,.F.,
  .F.,(2,2),(-36.0000006,5.999999928008E-07),.PIECEWISE_BEZIER_KNOTS.);
#1365 = CARTESIAN_POINT('',(-2.952328057561,-36.0000006));
#1366 = CARTESIAN_POINT('',(-2.952328057561,5.999999928008E-07));
#1367 = ( GEOMETRIC_REPRESENTATION_CONTEXT(2) 
PARAMETRIC_REPRESENTATION_CONTEXT() REPRESENTATION_CONTEXT('2D SPACE',''
  ) );
#1368 = ORIENTED_EDGE('',*,*,#1220,.T.);
#1369 = ORIENTED_EDGE('',*,*,#216,.T.);
#1370 = ORIENTED_EDGE('',*,*,#1371,.F.);
#1371 = EDGE_CURVE('',#1248,#217,#1372,.T.);
#1372 = SURFACE_CURVE('',#1373,(#1377,#1384),.PCURVE_S1.);
#1373 = LINE('',#1374,#1375);
#1374 = CARTESIAN_POINT('',(606.,-55.,104.));
#1375 = VECTOR('',#1376,1.);
#1376 = DIRECTION('',(0.,0.,1.));
#1377 = PCURVE('',#232,#1378);
#1378 = DEFINITIONAL_REPRESENTATION('',(#1379),#1383);
#1379 = LINE('',#1380,#1381);
#1380 = CARTESIAN_POINT('',(0.,416.));
#1381 = VECTOR('',#1382,1.);
#1382 = DIRECTION('',(1.,0.));
#1383 = ( GEOMETRIC_REPRESENTATION_CONTEXT(2) 
PARAMETRIC_REPRESENTATION_CONTEXT() REPRESENTATION_CONTEXT('2D SPACE',''
  ) );
#1384 = PCURVE('',#265,#1385);
#1385 = DEFINITIONAL_REPRESENTATION('',(#1386),#1390);
#1386 = LINE('',#1387,#1388);
#1387 = CARTESIAN_POINT('',(-1.570796326795,0.));
#1388 = VECTOR('',#1389,1.);
#1389 = DIRECTION('',(-0.,1.));
#1390 = ( GEOMETRIC_REPRESENTATION_CONTEXT(2) 
PARAMETRIC_REPRESENTATION_CONTEXT() REPRESENTATION_CONTEXT('2D SPACE',''
  ) );
#1391 = ADVANCED_FACE('',(#1392),#425,.T.);
#1392 = FACE_BOUND('',#1393,.T.);
#1393 = EDGE_LOOP('',(#1394,#1395));
#1394 = ORIENTED_EDGE('',*,*,#410,.T.);
#1395 = ORIENTED_EDGE('',*,*,#682,.T.);
#1396 = ADVANCED_FACE('',(#1397),#265,.T.);
#1397 = FACE_BOUND('',#1398,.F.);
#1398 = EDGE_LOOP('',(#1399,#1429,#1455,#1456,#1457,#1478,#1479,#1500));
#1399 = ORIENTED_EDGE('',*,*,#1400,.F.);
#1400 = EDGE_CURVE('',#1401,#1403,#1405,.T.);
#1401 = VERTEX_POINT('',#1402);
#1402 = CARTESIAN_POINT('',(610.,-51.,104.));
#1403 = VERTEX_POINT('',#1404);
#1404 = CARTESIAN_POINT('',(610.,-51.,107.));
#1405 = SURFACE_CURVE('',#1406,(#1410,#1417),.PCURVE_S1.);
#1406 = LINE('',#1407,#1408);
#1407 = CARTESIAN_POINT('',(610.,-51.,104.));
#1408 = VECTOR('',#1409,1.);
#1409 = DIRECTION('',(0.,0.,1.));
#1410 = PCURVE('',#265,#1411);
#1411 = DEFINITIONAL_REPRESENTATION('',(#1412),#1416);
#1412 = LINE('',#1413,#1414);
#1413 = CARTESIAN_POINT('',(-0.,0.));
#1414 = VECTOR('',#1415,1.);
#1415 = DIRECTION('',(-0.,1.));
#1416 = ( GEOMETRIC_REPRESENTATION_CONTEXT(2) 
PARAMETRIC_REPRESENTATION_CONTEXT() REPRESENTATION_CONTEXT('2D SPACE',''
  ) );
#1417 = PCURVE('',#1418,#1423);
#1418 = PLANE('',#1419);
#1419 = AXIS2_PLACEMENT_3D('',#1420,#1421,#1422);
#1420 = CARTESIAN_POINT('',(610.,-55.,104.));
#1421 = DIRECTION('',(1.,0.,0.));
#1422 = DIRECTION('',(0.,0.,1.));
#1423 = DEFINITIONAL_REPRESENTATION('',(#1424),#1428);
#1424 = LINE('',#1425,#1426);
#1425 = CARTESIAN_POINT('',(0.,-4.));
#1426 = VECTOR('',#1427,1.);
#1427 = DIRECTION('',(1.,0.));
#1428 = ( GEOMETRIC_REPRESENTATION_CONTEXT(2) 
PARAMETRIC_REPRESENTATION_CONTEXT() REPRESENTATION_CONTEXT('2D SPACE',''
  ) );
#1429 = ORIENTED_EDGE('',*,*,#1430,.T.);
#1430 = EDGE_CURVE('',#1401,#1248,#1431,.T.);
#1431 = SURFACE_CURVE('',#1432,(#1437,#1444),.PCURVE_S1.);
#1432 = CIRCLE('',#1433,4.);
#1433 = AXIS2_PLACEMENT_3D('',#1434,#1435,#1436);
#1434 = CARTESIAN_POINT('',(606.,-51.,104.));
#1435 = DIRECTION('',(-0.,-0.,-1.));
#1436 = DIRECTION('',(0.,-1.,0.));
#1437 = PCURVE('',#265,#1438);
#1438 = DEFINITIONAL_REPRESENTATION('',(#1439),#1443);
#1439 = LINE('',#1440,#1441);
#1440 = CARTESIAN_POINT('',(4.712388980385,-0.));
#1441 = VECTOR('',#1442,1.);
#1442 = DIRECTION('',(-1.,0.));
#1443 = ( GEOMETRIC_REPRESENTATION_CONTEXT(2) 
PARAMETRIC_REPRESENTATION_CONTEXT() REPRESENTATION_CONTEXT('2D SPACE',''
  ) );
#1444 = PCURVE('',#1263,#1445);
#1445 = DEFINITIONAL_REPRESENTATION('',(#1446),#1454);
#1446 = ( BOUNDED_CURVE() B_SPLINE_CURVE(2,(#1447,#1448,#1449,#1450,
#1451,#1452,#1453),.UNSPECIFIED.,.T.,.F.) B_SPLINE_CURVE_WITH_KNOTS((1,2
    ,2,2,2,1),(-2.094395102393,0.,2.094395102393,4.188790204786,
6.28318530718,8.377580409573),.UNSPECIFIED.) CURVE() 
GEOMETRIC_REPRESENTATION_ITEM() RATIONAL_B_SPLINE_CURVE((1.,0.5,1.,0.5,
1.,0.5,1.)) REPRESENTATION_ITEM('') );
#1447 = CARTESIAN_POINT('',(416.,0.));
#1448 = CARTESIAN_POINT('',(409.07179676972,0.));
#1449 = CARTESIAN_POINT('',(412.53589838486,6.));
#1450 = CARTESIAN_POINT('',(416.,12.));
#1451 = CARTESIAN_POINT('',(419.46410161513,6.));
#1452 = CARTESIAN_POINT('',(422.92820323027,6.217248937901E-15));
#1453 = CARTESIAN_POINT('',(416.,0.));
#1454 = ( GEOMETRIC_REPRESENTATION_CONTEXT(2) 
PARAMETRIC_REPRESENTATION_CONTEXT() REPRESENTATION_CONTEXT('2D SPACE',''
  ) );
#1455 = ORIENTED_EDGE('',*,*,#1371,.T.);
#1456 = ORIENTED_EDGE('',*,*,#244,.F.);
#1457 = ORIENTED_EDGE('',*,*,#1458,.F.);
#1458 = EDGE_CURVE('',#995,#245,#1459,.T.);
#1459 = SURFACE_CURVE('',#1460,(#1464,#1471),.PCURVE_S1.);
#1460 = LINE('',#1461,#1462);
#1461 = CARTESIAN_POINT('',(610.,-51.,104.));
#1462 = VECTOR('',#1463,1.);
#1463 = DIRECTION('',(0.,0.,1.));
#1464 = PCURVE('',#265,#1465);
#1465 = DEFINITIONAL_REPRESENTATION('',(#1466),#1470);
#1466 = LINE('',#1467,#1468);
#1467 = CARTESIAN_POINT('',(-0.,0.));
#1468 = VECTOR('',#1469,1.);
#1469 = DIRECTION('',(-0.,1.));
#1470 = ( GEOMETRIC_REPRESENTATION_CONTEXT(2) 
PARAMETRIC_REPRESENTATION_CONTEXT() REPRESENTATION_CONTEXT('2D SPACE',''
  ) );
#1471 = PCURVE('',#293,#1472);
#1472 = DEFINITIONAL_REPRESENTATION('',(#1473),#1477);
#1473 = LINE('',#1474,#1475);
#1474 = CARTESIAN_POINT('',(0.,-4.));
#1475 = VECTOR('',#1476,1.);
#1476 = DIRECTION('',(1.,0.));
#1477 = ( GEOMETRIC_REPRESENTATION_CONTEXT(2) 
PARAMETRIC_REPRESENTATION_CONTEXT() REPRESENTATION_CONTEXT('2D SPACE',''
  ) );
#1478 = ORIENTED_EDGE('',*,*,#994,.F.);
#1479 = ORIENTED_EDGE('',*,*,#1480,.F.);
#1480 = EDGE_CURVE('',#1481,#967,#1483,.T.);
#1481 = VERTEX_POINT('',#1482);
#1482 = CARTESIAN_POINT('',(609.8729833462,-52.,107.));
#1483 = SURFACE_CURVE('',#1484,(#1488,#1494),.PCURVE_S1.);
#1484 = LINE('',#1485,#1486);
#1485 = CARTESIAN_POINT('',(609.8729833462,-52.,104.));
#1486 = VECTOR('',#1487,1.);
#1487 = DIRECTION('',(0.,0.,1.));
#1488 = PCURVE('',#265,#1489);
#1489 = DEFINITIONAL_REPRESENTATION('',(#1490),#1493);
#1490 = B_SPLINE_CURVE_WITH_KNOTS('',1,(#1491,#1492),.UNSPECIFIED.,.F.,
  .F.,(2,2),(-6.000000070117E-07,100.0000006),.PIECEWISE_BEZIER_KNOTS.);
#1491 = CARTESIAN_POINT('',(-0.252680255142,-6.000000070117E-07));
#1492 = CARTESIAN_POINT('',(-0.252680255142,100.0000006));
#1493 = ( GEOMETRIC_REPRESENTATION_CONTEXT(2) 
PARAMETRIC_REPRESENTATION_CONTEXT() REPRESENTATION_CONTEXT('2D SPACE',''
  ) );
#1494 = PCURVE('',#982,#1495);
#1495 = DEFINITIONAL_REPRESENTATION('',(#1496),#1499);
#1496 = B_SPLINE_CURVE_WITH_KNOTS('',1,(#1497,#1498),.UNSPECIFIED.,.F.,
  .F.,(2,2),(-6.000000070117E-07,100.0000006),.PIECEWISE_BEZIER_KNOTS.);
#1497 = CARTESIAN_POINT('',(-3.0000006,420.8729833462));
#1498 = CARTESIAN_POINT('',(97.0000006,420.8729833462));
#1499 = ( GEOMETRIC_REPRESENTATION_CONTEXT(2) 
PARAMETRIC_REPRESENTATION_CONTEXT() REPRESENTATION_CONTEXT('2D SPACE',''
  ) );
#1500 = ORIENTED_EDGE('',*,*,#1501,.T.);
#1501 = EDGE_CURVE('',#1481,#1403,#1502,.T.);
#1502 = SURFACE_CURVE('',#1503,(#1508,#1515),.PCURVE_S1.);
#1503 = CIRCLE('',#1504,4.);
#1504 = AXIS2_PLACEMENT_3D('',#1505,#1506,#1507);
#1505 = CARTESIAN_POINT('',(606.,-51.,107.));
#1506 = DIRECTION('',(0.,0.,1.));
#1507 = DIRECTION('',(1.,0.,-0.));
#1508 = PCURVE('',#265,#1509);
#1509 = DEFINITIONAL_REPRESENTATION('',(#1510),#1514);
#1510 = LINE('',#1511,#1512);
#1511 = CARTESIAN_POINT('',(-6.28318530718,3.));
#1512 = VECTOR('',#1513,1.);
#1513 = DIRECTION('',(1.,-0.));
#1514 = ( GEOMETRIC_REPRESENTATION_CONTEXT(2) 
PARAMETRIC_REPRESENTATION_CONTEXT() REPRESENTATION_CONTEXT('2D SPACE',''
  ) );
#1515 = PCURVE('',#1516,#1521);
#1516 = PLANE('',#1517);
#1517 = AXIS2_PLACEMENT_3D('',#1518,#1519,#1520);
#1518 = CARTESIAN_POINT('',(189.,-52.,107.));
#1519 = DIRECTION('',(0.,0.,1.));
#1520 = DIRECTION('',(1.,0.,0.));
#1521 = DEFINITIONAL_REPRESENTATION('',(#1522),#1526);
#1522 = CIRCLE('',#1523,4.);
#1523 = AXIS2_PLACEMENT_2D('',#1524,#1525);
#1524 = CARTESIAN_POINT('',(417.,1.));
#1525 = DIRECTION('',(1.,0.));
#1526 = ( GEOMETRIC_REPRESENTATION_CONTEXT(2) 
PARAMETRIC_REPRESENTATION_CONTEXT() REPRESENTATION_CONTEXT('2D SPACE',''
  ) );
#1527 = ADVANCED_FACE('',(#1528),#293,.T.);
#1528 = FACE_BOUND('',#1529,.T.);
#1529 = EDGE_LOOP('',(#1530,#1531,#1532,#1533));
#1530 = ORIENTED_EDGE('',*,*,#277,.F.);
#1531 = ORIENTED_EDGE('',*,*,#1458,.F.);
#1532 = ORIENTED_EDGE('',*,*,#1018,.F.);
#1533 = ORIENTED_EDGE('',*,*,#1534,.T.);
#1534 = EDGE_CURVE('',#1019,#278,#1535,.T.);
#1535 = SURFACE_CURVE('',#1536,(#1540,#1547),.PCURVE_S1.);
#1536 = LINE('',#1537,#1538);
#1537 = CARTESIAN_POINT('',(610.,51.,104.));
#1538 = VECTOR('',#1539,1.);
#1539 = DIRECTION('',(0.,0.,1.));
#1540 = PCURVE('',#293,#1541);
#1541 = DEFINITIONAL_REPRESENTATION('',(#1542),#1546);
#1542 = LINE('',#1543,#1544);
#1543 = CARTESIAN_POINT('',(0.,-106.));
#1544 = VECTOR('',#1545,1.);
#1545 = DIRECTION('',(1.,0.));
#1546 = ( GEOMETRIC_REPRESENTATION_CONTEXT(2) 
PARAMETRIC_REPRESENTATION_CONTEXT() REPRESENTATION_CONTEXT('2D SPACE',''
  ) );
#1547 = PCURVE('',#322,#1548);
#1548 = DEFINITIONAL_REPRESENTATION('',(#1549),#1553);
#1549 = LINE('',#1550,#1551);
#1550 = CARTESIAN_POINT('',(0.,0.));
#1551 = VECTOR('',#1552,1.);
#1552 = DIRECTION('',(0.,1.));
#1553 = ( GEOMETRIC_REPRESENTATION_CONTEXT(2) 
PARAMETRIC_REPRESENTATION_CONTEXT() REPRESENTATION_CONTEXT('2D SPACE',''
  ) );
#1554 = ADVANCED_FACE('',(#1555),#322,.T.);
#1555 = FACE_BOUND('',#1556,.T.);
#1556 = EDGE_LOOP('',(#1557,#1582,#1606,#1627,#1628,#1629,#1630,#1651));
#1557 = ORIENTED_EDGE('',*,*,#1558,.F.);
#1558 = EDGE_CURVE('',#1559,#1561,#1563,.T.);
#1559 = VERTEX_POINT('',#1560);
#1560 = CARTESIAN_POINT('',(610.,51.,104.));
#1561 = VERTEX_POINT('',#1562);
#1562 = CARTESIAN_POINT('',(610.,51.,107.));
#1563 = SURFACE_CURVE('',#1564,(#1568,#1575),.PCURVE_S1.);
#1564 = LINE('',#1565,#1566);
#1565 = CARTESIAN_POINT('',(610.,51.,104.));
#1566 = VECTOR('',#1567,1.);
#1567 = DIRECTION('',(0.,0.,1.));
#1568 = PCURVE('',#322,#1569);
#1569 = DEFINITIONAL_REPRESENTATION('',(#1570),#1574);
#1570 = LINE('',#1571,#1572);
#1571 = CARTESIAN_POINT('',(0.,0.));
#1572 = VECTOR('',#1573,1.);
#1573 = DIRECTION('',(0.,1.));
#1574 = ( GEOMETRIC_REPRESENTATION_CONTEXT(2) 
PARAMETRIC_REPRESENTATION_CONTEXT() REPRESENTATION_CONTEXT('2D SPACE',''
  ) );
#1575 = PCURVE('',#1418,#1576);
#1576 = DEFINITIONAL_REPRESENTATION('',(#1577),#1581);
#1577 = LINE('',#1578,#1579);
#1578 = CARTESIAN_POINT('',(0.,-106.));
#1579 = VECTOR('',#1580,1.);
#1580 = DIRECTION('',(1.,0.));
#1581 = ( GEOMETRIC_REPRESENTATION_CONTEXT(2) 
PARAMETRIC_REPRESENTATION_CONTEXT() REPRESENTATION_CONTEXT('2D SPACE',''
  ) );
#1582 = ORIENTED_EDGE('',*,*,#1583,.T.);
#1583 = EDGE_CURVE('',#1559,#1584,#1586,.T.);
#1584 = VERTEX_POINT('',#1585);
#1585 = CARTESIAN_POINT('',(606.,55.,104.));
#1586 = SURFACE_CURVE('',#1587,(#1592,#1599),.PCURVE_S1.);
#1587 = CIRCLE('',#1588,4.);
#1588 = AXIS2_PLACEMENT_3D('',#1589,#1590,#1591);
#1589 = CARTESIAN_POINT('',(606.,51.,104.));
#1590 = DIRECTION('',(0.,0.,1.));
#1591 = DIRECTION('',(0.,-1.,0.));
#1592 = PCURVE('',#322,#1593);
#1593 = DEFINITIONAL_REPRESENTATION('',(#1594),#1598);
#1594 = LINE('',#1595,#1596);
#1595 = CARTESIAN_POINT('',(-1.570796326795,0.));
#1596 = VECTOR('',#1597,1.);
#1597 = DIRECTION('',(1.,0.));
#1598 = ( GEOMETRIC_REPRESENTATION_CONTEXT(2) 
PARAMETRIC_REPRESENTATION_CONTEXT() REPRESENTATION_CONTEXT('2D SPACE',''
  ) );
#1599 = PCURVE('',#1263,#1600);
#1600 = DEFINITIONAL_REPRESENTATION('',(#1601),#1605);
#1601 = CIRCLE('',#1602,4.);
#1602 = AXIS2_PLACEMENT_2D('',#1603,#1604);
#1603 = CARTESIAN_POINT('',(416.,106.));
#1604 = DIRECTION('',(0.,-1.));
#1605 = ( GEOMETRIC_REPRESENTATION_CONTEXT(2) 
PARAMETRIC_REPRESENTATION_CONTEXT() REPRESENTATION_CONTEXT('2D SPACE',''
  ) );
#1606 = ORIENTED_EDGE('',*,*,#1607,.T.);
#1607 = EDGE_CURVE('',#1584,#306,#1608,.T.);
#1608 = SURFACE_CURVE('',#1609,(#1613,#1620),.PCURVE_S1.);
#1609 = LINE('',#1610,#1611);
#1610 = CARTESIAN_POINT('',(606.,55.,104.));
#1611 = VECTOR('',#1612,1.);
#1612 = DIRECTION('',(0.,0.,1.));
#1613 = PCURVE('',#322,#1614);
#1614 = DEFINITIONAL_REPRESENTATION('',(#1615),#1619);
#1615 = LINE('',#1616,#1617);
#1616 = CARTESIAN_POINT('',(1.570796326795,0.));
#1617 = VECTOR('',#1618,1.);
#1618 = DIRECTION('',(0.,1.));
#1619 = ( GEOMETRIC_REPRESENTATION_CONTEXT(2) 
PARAMETRIC_REPRESENTATION_CONTEXT() REPRESENTATION_CONTEXT('2D SPACE',''
  ) );
#1620 = PCURVE('',#350,#1621);
#1621 = DEFINITIONAL_REPRESENTATION('',(#1622),#1626);
#1622 = LINE('',#1623,#1624);
#1623 = CARTESIAN_POINT('',(0.,416.));
#1624 = VECTOR('',#1625,1.);
#1625 = DIRECTION('',(1.,0.));
#1626 = ( GEOMETRIC_REPRESENTATION_CONTEXT(2) 
PARAMETRIC_REPRESENTATION_CONTEXT() REPRESENTATION_CONTEXT('2D SPACE',''
  ) );
#1627 = ORIENTED_EDGE('',*,*,#305,.F.);
#1628 = ORIENTED_EDGE('',*,*,#1534,.F.);
#1629 = ORIENTED_EDGE('',*,*,#1039,.T.);
#1630 = ORIENTED_EDGE('',*,*,#1631,.F.);
#1631 = EDGE_CURVE('',#1632,#918,#1634,.T.);
#1632 = VERTEX_POINT('',#1633);
#1633 = CARTESIAN_POINT('',(609.8729833462,52.,107.));
#1634 = SURFACE_CURVE('',#1635,(#1639,#1645),.PCURVE_S1.);
#1635 = LINE('',#1636,#1637);
#1636 = CARTESIAN_POINT('',(609.8729833462,52.,104.));
#1637 = VECTOR('',#1638,1.);
#1638 = DIRECTION('',(0.,0.,1.));
#1639 = PCURVE('',#322,#1640);
#1640 = DEFINITIONAL_REPRESENTATION('',(#1641),#1644);
#1641 = B_SPLINE_CURVE_WITH_KNOTS('',1,(#1642,#1643),.UNSPECIFIED.,.F.,
  .F.,(2,2),(-6.000000070117E-07,100.0000006),.PIECEWISE_BEZIER_KNOTS.);
#1642 = CARTESIAN_POINT('',(0.252680255142,-6.000000070117E-07));
#1643 = CARTESIAN_POINT('',(0.252680255142,100.0000006));
#1644 = ( GEOMETRIC_REPRESENTATION_CONTEXT(2) 
PARAMETRIC_REPRESENTATION_CONTEXT() REPRESENTATION_CONTEXT('2D SPACE',''
  ) );
#1645 = PCURVE('',#748,#1646);
#1646 = DEFINITIONAL_REPRESENTATION('',(#1647),#1650);
#1647 = B_SPLINE_CURVE_WITH_KNOTS('',1,(#1648,#1649),.UNSPECIFIED.,.F.,
  .F.,(2,2),(-6.000000070117E-07,100.0000006),.PIECEWISE_BEZIER_KNOTS.);
#1648 = CARTESIAN_POINT('',(-3.0000006,420.8729833462));
#1649 = CARTESIAN_POINT('',(97.0000006,420.8729833462));
#1650 = ( GEOMETRIC_REPRESENTATION_CONTEXT(2) 
PARAMETRIC_REPRESENTATION_CONTEXT() REPRESENTATION_CONTEXT('2D SPACE',''
  ) );
#1651 = ORIENTED_EDGE('',*,*,#1652,.F.);
#1652 = EDGE_CURVE('',#1561,#1632,#1653,.T.);
#1653 = SURFACE_CURVE('',#1654,(#1659,#1666),.PCURVE_S1.);
#1654 = CIRCLE('',#1655,4.);
#1655 = AXIS2_PLACEMENT_3D('',#1656,#1657,#1658);
#1656 = CARTESIAN_POINT('',(606.,51.,107.));
#1657 = DIRECTION('',(0.,0.,1.));
#1658 = DIRECTION('',(1.,0.,-0.));
#1659 = PCURVE('',#322,#1660);
#1660 = DEFINITIONAL_REPRESENTATION('',(#1661),#1665);
#1661 = LINE('',#1662,#1663);
#1662 = CARTESIAN_POINT('',(0.,3.));
#1663 = VECTOR('',#1664,1.);
#1664 = DIRECTION('',(1.,0.));
#1665 = ( GEOMETRIC_REPRESENTATION_CONTEXT(2) 
PARAMETRIC_REPRESENTATION_CONTEXT() REPRESENTATION_CONTEXT('2D SPACE',''
  ) );
#1666 = PCURVE('',#1516,#1667);
#1667 = DEFINITIONAL_REPRESENTATION('',(#1668),#1672);
#1668 = CIRCLE('',#1669,4.);
#1669 = AXIS2_PLACEMENT_2D('',#1670,#1671);
#1670 = CARTESIAN_POINT('',(417.,103.));
#1671 = DIRECTION('',(1.,0.));
#1672 = ( GEOMETRIC_REPRESENTATION_CONTEXT(2) 
PARAMETRIC_REPRESENTATION_CONTEXT() REPRESENTATION_CONTEXT('2D SPACE',''
  ) );
#1673 = ADVANCED_FACE('',(#1674),#350,.T.);
#1674 = FACE_BOUND('',#1675,.T.);
#1675 = EDGE_LOOP('',(#1676,#1699,#1727,#1748,#1774,#1793,#1794,#1795));
#1676 = ORIENTED_EDGE('',*,*,#1677,.F.);
#1677 = EDGE_CURVE('',#1678,#1584,#1680,.T.);
#1678 = VERTEX_POINT('',#1679);
#1679 = CARTESIAN_POINT('',(194.,55.,104.));
#1680 = SURFACE_CURVE('',#1681,(#1685,#1692),.PCURVE_S1.);
#1681 = LINE('',#1682,#1683);
#1682 = CARTESIAN_POINT('',(190.,55.,104.));
#1683 = VECTOR('',#1684,1.);
#1684 = DIRECTION('',(1.,0.,0.));
#1685 = PCURVE('',#350,#1686);
#1686 = DEFINITIONAL_REPRESENTATION('',(#1687),#1691);
#1687 = LINE('',#1688,#1689);
#1688 = CARTESIAN_POINT('',(0.,0.));
#1689 = VECTOR('',#1690,1.);
#1690 = DIRECTION('',(0.,1.));
#1691 = ( GEOMETRIC_REPRESENTATION_CONTEXT(2) 
PARAMETRIC_REPRESENTATION_CONTEXT() REPRESENTATION_CONTEXT('2D SPACE',''
  ) );
#1692 = PCURVE('',#1263,#1693);
#1693 = DEFINITIONAL_REPRESENTATION('',(#1694),#1698);
#1694 = LINE('',#1695,#1696);
#1695 = CARTESIAN_POINT('',(0.,110.));
#1696 = VECTOR('',#1697,1.);
#1697 = DIRECTION('',(1.,0.));
#1698 = ( GEOMETRIC_REPRESENTATION_CONTEXT(2) 
PARAMETRIC_REPRESENTATION_CONTEXT() REPRESENTATION_CONTEXT('2D SPACE',''
  ) );
#1699 = ORIENTED_EDGE('',*,*,#1700,.T.);
#1700 = EDGE_CURVE('',#1678,#1701,#1703,.T.);
#1701 = VERTEX_POINT('',#1702);
#1702 = CARTESIAN_POINT('',(194.,55.,143.46434624714));
#1703 = SURFACE_CURVE('',#1704,(#1708,#1715),.PCURVE_S1.);
#1704 = LINE('',#1705,#1706);
#1705 = CARTESIAN_POINT('',(194.,55.,104.));
#1706 = VECTOR('',#1707,1.);
#1707 = DIRECTION('',(0.,0.,1.));
#1708 = PCURVE('',#350,#1709);
#1709 = DEFINITIONAL_REPRESENTATION('',(#1710),#1714);
#1710 = LINE('',#1711,#1712);
#1711 = CARTESIAN_POINT('',(0.,4.));
#1712 = VECTOR('',#1713,1.);
#1713 = DIRECTION('',(1.,0.));
#1714 = ( GEOMETRIC_REPRESENTATION_CONTEXT(2) 
PARAMETRIC_REPRESENTATION_CONTEXT() REPRESENTATION_CONTEXT('2D SPACE',''
  ) );
#1715 = PCURVE('',#1716,#1721);
#1716 = CYLINDRICAL_SURFACE('',#1717,4.);
#1717 = AXIS2_PLACEMENT_3D('',#1718,#1719,#1720);
#1718 = CARTESIAN_POINT('',(194.,51.,104.));
#1719 = DIRECTION('',(0.,0.,1.));
#1720 = DIRECTION('',(-1.,-0.,0.));
#1721 = DEFINITIONAL_REPRESENTATION('',(#1722),#1726);
#1722 = LINE('',#1723,#1724);
#1723 = CARTESIAN_POINT('',(-1.570796326795,0.));
#1724 = VECTOR('',#1725,1.);
#1725 = DIRECTION('',(-0.,1.));
#1726 = ( GEOMETRIC_REPRESENTATION_CONTEXT(2) 
PARAMETRIC_REPRESENTATION_CONTEXT() REPRESENTATION_CONTEXT('2D SPACE',''
  ) );
#1727 = ORIENTED_EDGE('',*,*,#1728,.F.);
#1728 = EDGE_CURVE('',#1729,#1701,#1731,.T.);
#1729 = VERTEX_POINT('',#1730);
#1730 = CARTESIAN_POINT('',(226.,55.,143.46434624714));
#1731 = SURFACE_CURVE('',#1732,(#1736,#1742),.PCURVE_S1.);
#1732 = LINE('',#1733,#1734);
#1733 = CARTESIAN_POINT('',(190.,55.,143.46434624714));
#1734 = VECTOR('',#1735,1.);
#1735 = DIRECTION('',(-1.,-0.,-0.));
#1736 = PCURVE('',#350,#1737);
#1737 = DEFINITIONAL_REPRESENTATION('',(#1738),#1741);
#1738 = B_SPLINE_CURVE_WITH_KNOTS('',1,(#1739,#1740),.UNSPECIFIED.,.F.,
  .F.,(2,2),(-36.0000006,5.999999928008E-07),.PIECEWISE_BEZIER_KNOTS.);
#1739 = CARTESIAN_POINT('',(39.464346247147,36.0000006));
#1740 = CARTESIAN_POINT('',(39.464346247147,-5.999999928008E-07));
#1741 = ( GEOMETRIC_REPRESENTATION_CONTEXT(2) 
PARAMETRIC_REPRESENTATION_CONTEXT() REPRESENTATION_CONTEXT('2D SPACE',''
  ) );
#1742 = PCURVE('',#845,#1743);
#1743 = DEFINITIONAL_REPRESENTATION('',(#1744),#1747);
#1744 = B_SPLINE_CURVE_WITH_KNOTS('',1,(#1745,#1746),.UNSPECIFIED.,.F.,
  .F.,(2,2),(-36.,-4.),.PIECEWISE_BEZIER_KNOTS.);
#1745 = CARTESIAN_POINT('',(-6.093920711151,-36.));
#1746 = CARTESIAN_POINT('',(-6.093920711151,-4.));
#1747 = ( GEOMETRIC_REPRESENTATION_CONTEXT(2) 
PARAMETRIC_REPRESENTATION_CONTEXT() REPRESENTATION_CONTEXT('2D SPACE',''
  ) );
#1748 = ORIENTED_EDGE('',*,*,#1749,.F.);
#1749 = EDGE_CURVE('',#1750,#1729,#1752,.T.);
#1750 = VERTEX_POINT('',#1751);
#1751 = CARTESIAN_POINT('',(226.,55.,164.53565375285));
#1752 = SURFACE_CURVE('',#1753,(#1757,#1763),.PCURVE_S1.);
#1753 = LINE('',#1754,#1755);
#1754 = CARTESIAN_POINT('',(226.,55.,129.));
#1755 = VECTOR('',#1756,1.);
#1756 = DIRECTION('',(0.,0.,-1.));
#1757 = PCURVE('',#350,#1758);
#1758 = DEFINITIONAL_REPRESENTATION('',(#1759),#1762);
#1759 = B_SPLINE_CURVE_WITH_KNOTS('',1,(#1760,#1761),.UNSPECIFIED.,.F.,
  .F.,(2,2),(-75.,25.),.PIECEWISE_BEZIER_KNOTS.);
#1760 = CARTESIAN_POINT('',(100.,36.));
#1761 = CARTESIAN_POINT('',(0.,36.));
#1762 = ( GEOMETRIC_REPRESENTATION_CONTEXT(2) 
PARAMETRIC_REPRESENTATION_CONTEXT() REPRESENTATION_CONTEXT('2D SPACE',''
  ) );
#1763 = PCURVE('',#1764,#1769);
#1764 = PLANE('',#1765);
#1765 = AXIS2_PLACEMENT_3D('',#1766,#1767,#1768);
#1766 = CARTESIAN_POINT('',(226.,-6.251154891609E-15,154.));
#1767 = DIRECTION('',(1.,0.,0.));
#1768 = DIRECTION('',(-0.,0.,1.));
#1769 = DEFINITIONAL_REPRESENTATION('',(#1770),#1773);
#1770 = B_SPLINE_CURVE_WITH_KNOTS('',1,(#1771,#1772),.UNSPECIFIED.,.F.,
  .F.,(2,2),(-75.,25.),.PIECEWISE_BEZIER_KNOTS.);
#1771 = CARTESIAN_POINT('',(50.,-55.));
#1772 = CARTESIAN_POINT('',(-50.,-55.));
#1773 = ( GEOMETRIC_REPRESENTATION_CONTEXT(2) 
PARAMETRIC_REPRESENTATION_CONTEXT() REPRESENTATION_CONTEXT('2D SPACE',''
  ) );
#1774 = ORIENTED_EDGE('',*,*,#1775,.T.);
#1775 = EDGE_CURVE('',#1750,#760,#1776,.T.);
#1776 = SURFACE_CURVE('',#1777,(#1781,#1787),.PCURVE_S1.);
#1777 = LINE('',#1778,#1779);
#1778 = CARTESIAN_POINT('',(190.,55.,164.53565375285));
#1779 = VECTOR('',#1780,1.);
#1780 = DIRECTION('',(-1.,-0.,-0.));
#1781 = PCURVE('',#350,#1782);
#1782 = DEFINITIONAL_REPRESENTATION('',(#1783),#1786);
#1783 = B_SPLINE_CURVE_WITH_KNOTS('',1,(#1784,#1785),.UNSPECIFIED.,.F.,
  .F.,(2,2),(-36.0000006,5.999999928008E-07),.PIECEWISE_BEZIER_KNOTS.);
#1784 = CARTESIAN_POINT('',(60.535653752853,36.0000006));
#1785 = CARTESIAN_POINT('',(60.535653752853,-5.999999928008E-07));
#1786 = ( GEOMETRIC_REPRESENTATION_CONTEXT(2) 
PARAMETRIC_REPRESENTATION_CONTEXT() REPRESENTATION_CONTEXT('2D SPACE',''
  ) );
#1787 = PCURVE('',#845,#1788);
#1788 = DEFINITIONAL_REPRESENTATION('',(#1789),#1792);
#1789 = B_SPLINE_CURVE_WITH_KNOTS('',1,(#1790,#1791),.UNSPECIFIED.,.F.,
  .F.,(2,2),(-36.,-4.),.PIECEWISE_BEZIER_KNOTS.);
#1790 = CARTESIAN_POINT('',(-6.472449903208,-36.));
#1791 = CARTESIAN_POINT('',(-6.472449903208,-4.));
#1792 = ( GEOMETRIC_REPRESENTATION_CONTEXT(2) 
PARAMETRIC_REPRESENTATION_CONTEXT() REPRESENTATION_CONTEXT('2D SPACE',''
  ) );
#1793 = ORIENTED_EDGE('',*,*,#892,.T.);
#1794 = ORIENTED_EDGE('',*,*,#334,.T.);
#1795 = ORIENTED_EDGE('',*,*,#1607,.F.);
#1796 = ADVANCED_FACE('',(#1797),#476,.T.);
#1797 = FACE_BOUND('',#1798,.T.);
#1798 = EDGE_LOOP('',(#1799,#1822,#1823,#1846));
#1799 = ORIENTED_EDGE('',*,*,#1800,.F.);
#1800 = EDGE_CURVE('',#458,#1801,#1803,.T.);
#1801 = VERTEX_POINT('',#1802);
#1802 = CARTESIAN_POINT('',(232.,-9.,214.));
#1803 = SURFACE_CURVE('',#1804,(#1808,#1815),.PCURVE_S1.);
#1804 = LINE('',#1805,#1806);
#1805 = CARTESIAN_POINT('',(232.,-9.,198.));
#1806 = VECTOR('',#1807,1.);
#1807 = DIRECTION('',(0.,0.,1.));
#1808 = PCURVE('',#476,#1809);
#1809 = DEFINITIONAL_REPRESENTATION('',(#1810),#1814);
#1810 = LINE('',#1811,#1812);
#1811 = CARTESIAN_POINT('',(0.,0.));
#1812 = VECTOR('',#1813,1.);
#1813 = DIRECTION('',(0.,1.));
#1814 = ( GEOMETRIC_REPRESENTATION_CONTEXT(2) 
PARAMETRIC_REPRESENTATION_CONTEXT() REPRESENTATION_CONTEXT('2D SPACE',''
  ) );
#1815 = PCURVE('',#503,#1816);
#1816 = DEFINITIONAL_REPRESENTATION('',(#1817),#1821);
#1817 = LINE('',#1818,#1819);
#1818 = CARTESIAN_POINT('',(0.,-2.));
#1819 = VECTOR('',#1820,1.);
#1820 = DIRECTION('',(1.,0.));
#1821 = ( GEOMETRIC_REPRESENTATION_CONTEXT(2) 
PARAMETRIC_REPRESENTATION_CONTEXT() REPRESENTATION_CONTEXT('2D SPACE',''
  ) );
#1822 = ORIENTED_EDGE('',*,*,#457,.T.);
#1823 = ORIENTED_EDGE('',*,*,#1824,.T.);
#1824 = EDGE_CURVE('',#460,#1825,#1827,.T.);
#1825 = VERTEX_POINT('',#1826);
#1826 = CARTESIAN_POINT('',(234.,-11.,214.));
#1827 = SURFACE_CURVE('',#1828,(#1832,#1839),.PCURVE_S1.);
#1828 = LINE('',#1829,#1830);
#1829 = CARTESIAN_POINT('',(234.,-11.,198.));
#1830 = VECTOR('',#1831,1.);
#1831 = DIRECTION('',(0.,0.,1.));
#1832 = PCURVE('',#476,#1833);
#1833 = DEFINITIONAL_REPRESENTATION('',(#1834),#1838);
#1834 = LINE('',#1835,#1836);
#1835 = CARTESIAN_POINT('',(1.570796326795,0.));
#1836 = VECTOR('',#1837,1.);
#1837 = DIRECTION('',(0.,1.));
#1838 = ( GEOMETRIC_REPRESENTATION_CONTEXT(2) 
PARAMETRIC_REPRESENTATION_CONTEXT() REPRESENTATION_CONTEXT('2D SPACE',''
  ) );
#1839 = PCURVE('',#666,#1840);
#1840 = DEFINITIONAL_REPRESENTATION('',(#1841),#1845);
#1841 = LINE('',#1842,#1843);
#1842 = CARTESIAN_POINT('',(0.,2.));
#1843 = VECTOR('',#1844,1.);
#1844 = DIRECTION('',(1.,0.));
#1845 = ( GEOMETRIC_REPRESENTATION_CONTEXT(2) 
PARAMETRIC_REPRESENTATION_CONTEXT() REPRESENTATION_CONTEXT('2D SPACE',''
  ) );
#1846 = ORIENTED_EDGE('',*,*,#1847,.F.);
#1847 = EDGE_CURVE('',#1801,#1825,#1848,.T.);
#1848 = SURFACE_CURVE('',#1849,(#1854,#1861),.PCURVE_S1.);
#1849 = CIRCLE('',#1850,2.);
#1850 = AXIS2_PLACEMENT_3D('',#1851,#1852,#1853);
#1851 = CARTESIAN_POINT('',(234.,-9.,214.));
#1852 = DIRECTION('',(0.,0.,1.));
#1853 = DIRECTION('',(0.,-1.,0.));
#1854 = PCURVE('',#476,#1855);
#1855 = DEFINITIONAL_REPRESENTATION('',(#1856),#1860);
#1856 = LINE('',#1857,#1858);
#1857 = CARTESIAN_POINT('',(-4.712388980385,16.));
#1858 = VECTOR('',#1859,1.);
#1859 = DIRECTION('',(1.,0.));
#1860 = ( GEOMETRIC_REPRESENTATION_CONTEXT(2) 
PARAMETRIC_REPRESENTATION_CONTEXT() REPRESENTATION_CONTEXT('2D SPACE',''
  ) );
#1861 = PCURVE('',#1862,#1867);
#1862 = PLANE('',#1863);
#1863 = AXIS2_PLACEMENT_3D('',#1864,#1865,#1866);
#1864 = CARTESIAN_POINT('',(232.,-11.,214.));
#1865 = DIRECTION('',(0.,0.,1.));
#1866 = DIRECTION('',(1.,0.,0.));
#1867 = DEFINITIONAL_REPRESENTATION('',(#1868),#1872);
#1868 = CIRCLE('',#1869,2.);
#1869 = AXIS2_PLACEMENT_2D('',#1870,#1871);
#1870 = CARTESIAN_POINT('',(2.,2.));
#1871 = DIRECTION('',(0.,-1.));
#1872 = ( GEOMETRIC_REPRESENTATION_CONTEXT(2) 
PARAMETRIC_REPRESENTATION_CONTEXT() REPRESENTATION_CONTEXT('2D SPACE',''
  ) );
#1873 = ADVANCED_FACE('',(#1874),#666,.F.);
#1874 = FACE_BOUND('',#1875,.F.);
#1875 = EDGE_LOOP('',(#1876,#1877,#1878,#1901));
#1876 = ORIENTED_EDGE('',*,*,#653,.T.);
#1877 = ORIENTED_EDGE('',*,*,#1824,.T.);
#1878 = ORIENTED_EDGE('',*,*,#1879,.T.);
#1879 = EDGE_CURVE('',#1825,#1880,#1882,.T.);
#1880 = VERTEX_POINT('',#1881);
#1881 = CARTESIAN_POINT('',(566.,-11.,214.));
#1882 = SURFACE_CURVE('',#1883,(#1887,#1894),.PCURVE_S1.);
#1883 = LINE('',#1884,#1885);
#1884 = CARTESIAN_POINT('',(232.,-11.,214.));
#1885 = VECTOR('',#1886,1.);
#1886 = DIRECTION('',(1.,0.,0.));
#1887 = PCURVE('',#666,#1888);
#1888 = DEFINITIONAL_REPRESENTATION('',(#1889),#1893);
#1889 = LINE('',#1890,#1891);
#1890 = CARTESIAN_POINT('',(16.,0.));
#1891 = VECTOR('',#1892,1.);
#1892 = DIRECTION('',(0.,1.));
#1893 = ( GEOMETRIC_REPRESENTATION_CONTEXT(2) 
PARAMETRIC_REPRESENTATION_CONTEXT() REPRESENTATION_CONTEXT('2D SPACE',''
  ) );
#1894 = PCURVE('',#1862,#1895);
#1895 = DEFINITIONAL_REPRESENTATION('',(#1896),#1900);
#1896 = LINE('',#1897,#1898);
#1897 = CARTESIAN_POINT('',(0.,0.));
#1898 = VECTOR('',#1899,1.);
#1899 = DIRECTION('',(1.,0.));
#1900 = ( GEOMETRIC_REPRESENTATION_CONTEXT(2) 
PARAMETRIC_REPRESENTATION_CONTEXT() REPRESENTATION_CONTEXT('2D SPACE',''
  ) );
#1901 = ORIENTED_EDGE('',*,*,#1902,.F.);
#1902 = EDGE_CURVE('',#625,#1880,#1903,.T.);
#1903 = SURFACE_CURVE('',#1904,(#1908,#1915),.PCURVE_S1.);
#1904 = LINE('',#1905,#1906);
#1905 = CARTESIAN_POINT('',(566.,-11.,198.));
#1906 = VECTOR('',#1907,1.);
#1907 = DIRECTION('',(0.,0.,1.));
#1908 = PCURVE('',#666,#1909);
#1909 = DEFINITIONAL_REPRESENTATION('',(#1910),#1914);
#1910 = LINE('',#1911,#1912);
#1911 = CARTESIAN_POINT('',(0.,334.));
#1912 = VECTOR('',#1913,1.);
#1913 = DIRECTION('',(1.,0.));
#1914 = ( GEOMETRIC_REPRESENTATION_CONTEXT(2) 
PARAMETRIC_REPRESENTATION_CONTEXT() REPRESENTATION_CONTEXT('2D SPACE',''
  ) );
#1915 = PCURVE('',#641,#1916);
#1916 = DEFINITIONAL_REPRESENTATION('',(#1917),#1921);
#1917 = LINE('',#1918,#1919);
#1918 = CARTESIAN_POINT('',(-1.570796326795,0.));
#1919 = VECTOR('',#1920,1.);
#1920 = DIRECTION('',(-0.,1.));
#1921 = ( GEOMETRIC_REPRESENTATION_CONTEXT(2) 
PARAMETRIC_REPRESENTATION_CONTEXT() REPRESENTATION_CONTEXT('2D SPACE',''
  ) );
#1922 = ADVANCED_FACE('',(#1923),#641,.T.);
#1923 = FACE_BOUND('',#1924,.F.);
#1924 = EDGE_LOOP('',(#1925,#1948,#1949,#1950));
#1925 = ORIENTED_EDGE('',*,*,#1926,.F.);
#1926 = EDGE_CURVE('',#599,#1927,#1929,.T.);
#1927 = VERTEX_POINT('',#1928);
#1928 = CARTESIAN_POINT('',(568.,-9.,214.));
#1929 = SURFACE_CURVE('',#1930,(#1934,#1941),.PCURVE_S1.);
#1930 = LINE('',#1931,#1932);
#1931 = CARTESIAN_POINT('',(568.,-9.,198.));
#1932 = VECTOR('',#1933,1.);
#1933 = DIRECTION('',(0.,0.,1.));
#1934 = PCURVE('',#641,#1935);
#1935 = DEFINITIONAL_REPRESENTATION('',(#1936),#1940);
#1936 = LINE('',#1937,#1938);
#1937 = CARTESIAN_POINT('',(-0.,0.));
#1938 = VECTOR('',#1939,1.);
#1939 = DIRECTION('',(-0.,1.));
#1940 = ( GEOMETRIC_REPRESENTATION_CONTEXT(2) 
PARAMETRIC_REPRESENTATION_CONTEXT() REPRESENTATION_CONTEXT('2D SPACE',''
  ) );
#1941 = PCURVE('',#613,#1942);
#1942 = DEFINITIONAL_REPRESENTATION('',(#1943),#1947);
#1943 = LINE('',#1944,#1945);
#1944 = CARTESIAN_POINT('',(0.,-2.));
#1945 = VECTOR('',#1946,1.);
#1946 = DIRECTION('',(1.,0.));
#1947 = ( GEOMETRIC_REPRESENTATION_CONTEXT(2) 
PARAMETRIC_REPRESENTATION_CONTEXT() REPRESENTATION_CONTEXT('2D SPACE',''
  ) );
#1948 = ORIENTED_EDGE('',*,*,#624,.F.);
#1949 = ORIENTED_EDGE('',*,*,#1902,.T.);
#1950 = ORIENTED_EDGE('',*,*,#1951,.F.);
#1951 = EDGE_CURVE('',#1927,#1880,#1952,.T.);
#1952 = SURFACE_CURVE('',#1953,(#1958,#1965),.PCURVE_S1.);
#1953 = CIRCLE('',#1954,2.);
#1954 = AXIS2_PLACEMENT_3D('',#1955,#1956,#1957);
#1955 = CARTESIAN_POINT('',(566.,-9.,214.));
#1956 = DIRECTION('',(-0.,-0.,-1.));
#1957 = DIRECTION('',(0.,-1.,0.));
#1958 = PCURVE('',#641,#1959);
#1959 = DEFINITIONAL_REPRESENTATION('',(#1960),#1964);
#1960 = LINE('',#1961,#1962);
#1961 = CARTESIAN_POINT('',(4.712388980385,16.));
#1962 = VECTOR('',#1963,1.);
#1963 = DIRECTION('',(-1.,0.));
#1964 = ( GEOMETRIC_REPRESENTATION_CONTEXT(2) 
PARAMETRIC_REPRESENTATION_CONTEXT() REPRESENTATION_CONTEXT('2D SPACE',''
  ) );
#1965 = PCURVE('',#1862,#1966);
#1966 = DEFINITIONAL_REPRESENTATION('',(#1967),#1975);
#1967 = ( BOUNDED_CURVE() B_SPLINE_CURVE(2,(#1968,#1969,#1970,#1971,
#1972,#1973,#1974),.UNSPECIFIED.,.T.,.F.) B_SPLINE_CURVE_WITH_KNOTS((1,2
    ,2,2,2,1),(-2.094395102393,0.,2.094395102393,4.188790204786,
6.28318530718,8.377580409573),.UNSPECIFIED.) CURVE() 
GEOMETRIC_REPRESENTATION_ITEM() RATIONAL_B_SPLINE_CURVE((1.,0.5,1.,0.5,
1.,0.5,1.)) REPRESENTATION_ITEM('') );
#1968 = CARTESIAN_POINT('',(334.,0.));
#1969 = CARTESIAN_POINT('',(330.53589838486,0.));
#1970 = CARTESIAN_POINT('',(332.26794919243,3.));
#1971 = CARTESIAN_POINT('',(334.,6.));
#1972 = CARTESIAN_POINT('',(335.73205080756,3.));
#1973 = CARTESIAN_POINT('',(337.46410161513,3.10862446895E-15));
#1974 = CARTESIAN_POINT('',(334.,0.));
#1975 = ( GEOMETRIC_REPRESENTATION_CONTEXT(2) 
PARAMETRIC_REPRESENTATION_CONTEXT() REPRESENTATION_CONTEXT('2D SPACE',''
  ) );
#1976 = ADVANCED_FACE('',(#1977),#613,.T.);
#1977 = FACE_BOUND('',#1978,.T.);
#1978 = EDGE_LOOP('',(#1979,#2002,#2003,#2004));
#1979 = ORIENTED_EDGE('',*,*,#1980,.F.);
#1980 = EDGE_CURVE('',#1927,#1981,#1983,.T.);
#1981 = VERTEX_POINT('',#1982);
#1982 = CARTESIAN_POINT('',(568.,9.,214.));
#1983 = SURFACE_CURVE('',#1984,(#1988,#1995),.PCURVE_S1.);
#1984 = LINE('',#1985,#1986);
#1985 = CARTESIAN_POINT('',(568.,-11.,214.));
#1986 = VECTOR('',#1987,1.);
#1987 = DIRECTION('',(0.,1.,0.));
#1988 = PCURVE('',#613,#1989);
#1989 = DEFINITIONAL_REPRESENTATION('',(#1990),#1994);
#1990 = LINE('',#1991,#1992);
#1991 = CARTESIAN_POINT('',(16.,0.));
#1992 = VECTOR('',#1993,1.);
#1993 = DIRECTION('',(0.,-1.));
#1994 = ( GEOMETRIC_REPRESENTATION_CONTEXT(2) 
PARAMETRIC_REPRESENTATION_CONTEXT() REPRESENTATION_CONTEXT('2D SPACE',''
  ) );
#1995 = PCURVE('',#1862,#1996);
#1996 = DEFINITIONAL_REPRESENTATION('',(#1997),#2001);
#1997 = LINE('',#1998,#1999);
#1998 = CARTESIAN_POINT('',(336.,0.));
#1999 = VECTOR('',#2000,1.);
#2000 = DIRECTION('',(0.,1.));
#2001 = ( GEOMETRIC_REPRESENTATION_CONTEXT(2) 
PARAMETRIC_REPRESENTATION_CONTEXT() REPRESENTATION_CONTEXT('2D SPACE',''
  ) );
#2002 = ORIENTED_EDGE('',*,*,#1926,.F.);
#2003 = ORIENTED_EDGE('',*,*,#598,.T.);
#2004 = ORIENTED_EDGE('',*,*,#2005,.T.);
#2005 = EDGE_CURVE('',#570,#1981,#2006,.T.);
#2006 = SURFACE_CURVE('',#2007,(#2011,#2018),.PCURVE_S1.);
#2007 = LINE('',#2008,#2009);
#2008 = CARTESIAN_POINT('',(568.,9.,198.));
#2009 = VECTOR('',#2010,1.);
#2010 = DIRECTION('',(0.,0.,1.));
#2011 = PCURVE('',#613,#2012);
#2012 = DEFINITIONAL_REPRESENTATION('',(#2013),#2017);
#2013 = LINE('',#2014,#2015);
#2014 = CARTESIAN_POINT('',(0.,-20.));
#2015 = VECTOR('',#2016,1.);
#2016 = DIRECTION('',(1.,0.));
#2017 = ( GEOMETRIC_REPRESENTATION_CONTEXT(2) 
PARAMETRIC_REPRESENTATION_CONTEXT() REPRESENTATION_CONTEXT('2D SPACE',''
  ) );
#2018 = PCURVE('',#586,#2019);
#2019 = DEFINITIONAL_REPRESENTATION('',(#2020),#2024);
#2020 = LINE('',#2021,#2022);
#2021 = CARTESIAN_POINT('',(0.,0.));
#2022 = VECTOR('',#2023,1.);
#2023 = DIRECTION('',(0.,1.));
#2024 = ( GEOMETRIC_REPRESENTATION_CONTEXT(2) 
PARAMETRIC_REPRESENTATION_CONTEXT() REPRESENTATION_CONTEXT('2D SPACE',''
  ) );
#2025 = ADVANCED_FACE('',(#2026),#586,.T.);
#2026 = FACE_BOUND('',#2027,.T.);
#2027 = EDGE_LOOP('',(#2028,#2029,#2030,#2053));
#2028 = ORIENTED_EDGE('',*,*,#2005,.F.);
#2029 = ORIENTED_EDGE('',*,*,#569,.T.);
#2030 = ORIENTED_EDGE('',*,*,#2031,.T.);
#2031 = EDGE_CURVE('',#544,#2032,#2034,.T.);
#2032 = VERTEX_POINT('',#2033);
#2033 = CARTESIAN_POINT('',(566.,11.,214.));
#2034 = SURFACE_CURVE('',#2035,(#2039,#2046),.PCURVE_S1.);
#2035 = LINE('',#2036,#2037);
#2036 = CARTESIAN_POINT('',(566.,11.,198.));
#2037 = VECTOR('',#2038,1.);
#2038 = DIRECTION('',(0.,0.,1.));
#2039 = PCURVE('',#586,#2040);
#2040 = DEFINITIONAL_REPRESENTATION('',(#2041),#2045);
#2041 = LINE('',#2042,#2043);
#2042 = CARTESIAN_POINT('',(1.570796326795,0.));
#2043 = VECTOR('',#2044,1.);
#2044 = DIRECTION('',(0.,1.));
#2045 = ( GEOMETRIC_REPRESENTATION_CONTEXT(2) 
PARAMETRIC_REPRESENTATION_CONTEXT() REPRESENTATION_CONTEXT('2D SPACE',''
  ) );
#2046 = PCURVE('',#558,#2047);
#2047 = DEFINITIONAL_REPRESENTATION('',(#2048),#2052);
#2048 = LINE('',#2049,#2050);
#2049 = CARTESIAN_POINT('',(0.,334.));
#2050 = VECTOR('',#2051,1.);
#2051 = DIRECTION('',(1.,0.));
#2052 = ( GEOMETRIC_REPRESENTATION_CONTEXT(2) 
PARAMETRIC_REPRESENTATION_CONTEXT() REPRESENTATION_CONTEXT('2D SPACE',''
  ) );
#2053 = ORIENTED_EDGE('',*,*,#2054,.F.);
#2054 = EDGE_CURVE('',#1981,#2032,#2055,.T.);
#2055 = SURFACE_CURVE('',#2056,(#2061,#2068),.PCURVE_S1.);
#2056 = CIRCLE('',#2057,2.);
#2057 = AXIS2_PLACEMENT_3D('',#2058,#2059,#2060);
#2058 = CARTESIAN_POINT('',(566.,9.,214.));
#2059 = DIRECTION('',(0.,0.,1.));
#2060 = DIRECTION('',(0.,-1.,0.));
#2061 = PCURVE('',#586,#2062);
#2062 = DEFINITIONAL_REPRESENTATION('',(#2063),#2067);
#2063 = LINE('',#2064,#2065);
#2064 = CARTESIAN_POINT('',(-1.570796326795,16.));
#2065 = VECTOR('',#2066,1.);
#2066 = DIRECTION('',(1.,0.));
#2067 = ( GEOMETRIC_REPRESENTATION_CONTEXT(2) 
PARAMETRIC_REPRESENTATION_CONTEXT() REPRESENTATION_CONTEXT('2D SPACE',''
  ) );
#2068 = PCURVE('',#1862,#2069);
#2069 = DEFINITIONAL_REPRESENTATION('',(#2070),#2074);
#2070 = CIRCLE('',#2071,2.);
#2071 = AXIS2_PLACEMENT_2D('',#2072,#2073);
#2072 = CARTESIAN_POINT('',(334.,20.));
#2073 = DIRECTION('',(0.,-1.));
#2074 = ( GEOMETRIC_REPRESENTATION_CONTEXT(2) 
PARAMETRIC_REPRESENTATION_CONTEXT() REPRESENTATION_CONTEXT('2D SPACE',''
  ) );
#2075 = ADVANCED_FACE('',(#2076),#558,.T.);
#2076 = FACE_BOUND('',#2077,.T.);
#2077 = EDGE_LOOP('',(#2078,#2079,#2102,#2123));
#2078 = ORIENTED_EDGE('',*,*,#543,.T.);
#2079 = ORIENTED_EDGE('',*,*,#2080,.T.);
#2080 = EDGE_CURVE('',#515,#2081,#2083,.T.);
#2081 = VERTEX_POINT('',#2082);
#2082 = CARTESIAN_POINT('',(234.,11.,214.));
#2083 = SURFACE_CURVE('',#2084,(#2088,#2095),.PCURVE_S1.);
#2084 = LINE('',#2085,#2086);
#2085 = CARTESIAN_POINT('',(234.,11.,198.));
#2086 = VECTOR('',#2087,1.);
#2087 = DIRECTION('',(0.,0.,1.));
#2088 = PCURVE('',#558,#2089);
#2089 = DEFINITIONAL_REPRESENTATION('',(#2090),#2094);
#2090 = LINE('',#2091,#2092);
#2091 = CARTESIAN_POINT('',(0.,2.));
#2092 = VECTOR('',#2093,1.);
#2093 = DIRECTION('',(1.,0.));
#2094 = ( GEOMETRIC_REPRESENTATION_CONTEXT(2) 
PARAMETRIC_REPRESENTATION_CONTEXT() REPRESENTATION_CONTEXT('2D SPACE',''
  ) );
#2095 = PCURVE('',#531,#2096);
#2096 = DEFINITIONAL_REPRESENTATION('',(#2097),#2101);
#2097 = LINE('',#2098,#2099);
#2098 = CARTESIAN_POINT('',(-1.570796326795,0.));
#2099 = VECTOR('',#2100,1.);
#2100 = DIRECTION('',(-0.,1.));
#2101 = ( GEOMETRIC_REPRESENTATION_CONTEXT(2) 
PARAMETRIC_REPRESENTATION_CONTEXT() REPRESENTATION_CONTEXT('2D SPACE',''
  ) );
#2102 = ORIENTED_EDGE('',*,*,#2103,.T.);
#2103 = EDGE_CURVE('',#2081,#2032,#2104,.T.);
#2104 = SURFACE_CURVE('',#2105,(#2109,#2116),.PCURVE_S1.);
#2105 = LINE('',#2106,#2107);
#2106 = CARTESIAN_POINT('',(232.,11.,214.));
#2107 = VECTOR('',#2108,1.);
#2108 = DIRECTION('',(1.,0.,0.));
#2109 = PCURVE('',#558,#2110);
#2110 = DEFINITIONAL_REPRESENTATION('',(#2111),#2115);
#2111 = LINE('',#2112,#2113);
#2112 = CARTESIAN_POINT('',(16.,0.));
#2113 = VECTOR('',#2114,1.);
#2114 = DIRECTION('',(0.,1.));
#2115 = ( GEOMETRIC_REPRESENTATION_CONTEXT(2) 
PARAMETRIC_REPRESENTATION_CONTEXT() REPRESENTATION_CONTEXT('2D SPACE',''
  ) );
#2116 = PCURVE('',#1862,#2117);
#2117 = DEFINITIONAL_REPRESENTATION('',(#2118),#2122);
#2118 = LINE('',#2119,#2120);
#2119 = CARTESIAN_POINT('',(0.,22.));
#2120 = VECTOR('',#2121,1.);
#2121 = DIRECTION('',(1.,0.));
#2122 = ( GEOMETRIC_REPRESENTATION_CONTEXT(2) 
PARAMETRIC_REPRESENTATION_CONTEXT() REPRESENTATION_CONTEXT('2D SPACE',''
  ) );
#2123 = ORIENTED_EDGE('',*,*,#2031,.F.);
#2124 = ADVANCED_FACE('',(#2125),#531,.T.);
#2125 = FACE_BOUND('',#2126,.F.);
#2126 = EDGE_LOOP('',(#2127,#2150,#2151,#2152));
#2127 = ORIENTED_EDGE('',*,*,#2128,.F.);
#2128 = EDGE_CURVE('',#489,#2129,#2131,.T.);
#2129 = VERTEX_POINT('',#2130);
#2130 = CARTESIAN_POINT('',(232.,9.,214.));
#2131 = SURFACE_CURVE('',#2132,(#2136,#2143),.PCURVE_S1.);
#2132 = LINE('',#2133,#2134);
#2133 = CARTESIAN_POINT('',(232.,9.,198.));
#2134 = VECTOR('',#2135,1.);
#2135 = DIRECTION('',(0.,0.,1.));
#2136 = PCURVE('',#531,#2137);
#2137 = DEFINITIONAL_REPRESENTATION('',(#2138),#2142);
#2138 = LINE('',#2139,#2140);
#2139 = CARTESIAN_POINT('',(-0.,0.));
#2140 = VECTOR('',#2141,1.);
#2141 = DIRECTION('',(-0.,1.));
#2142 = ( GEOMETRIC_REPRESENTATION_CONTEXT(2) 
PARAMETRIC_REPRESENTATION_CONTEXT() REPRESENTATION_CONTEXT('2D SPACE',''
  ) );
#2143 = PCURVE('',#503,#2144);
#2144 = DEFINITIONAL_REPRESENTATION('',(#2145),#2149);
#2145 = LINE('',#2146,#2147);
#2146 = CARTESIAN_POINT('',(0.,-20.));
#2147 = VECTOR('',#2148,1.);
#2148 = DIRECTION('',(1.,0.));
#2149 = ( GEOMETRIC_REPRESENTATION_CONTEXT(2) 
PARAMETRIC_REPRESENTATION_CONTEXT() REPRESENTATION_CONTEXT('2D SPACE',''
  ) );
#2150 = ORIENTED_EDGE('',*,*,#514,.F.);
#2151 = ORIENTED_EDGE('',*,*,#2080,.T.);
#2152 = ORIENTED_EDGE('',*,*,#2153,.F.);
#2153 = EDGE_CURVE('',#2129,#2081,#2154,.T.);
#2154 = SURFACE_CURVE('',#2155,(#2160,#2167),.PCURVE_S1.);
#2155 = CIRCLE('',#2156,2.);
#2156 = AXIS2_PLACEMENT_3D('',#2157,#2158,#2159);
#2157 = CARTESIAN_POINT('',(234.,9.,214.));
#2158 = DIRECTION('',(-0.,-0.,-1.));
#2159 = DIRECTION('',(0.,-1.,0.));
#2160 = PCURVE('',#531,#2161);
#2161 = DEFINITIONAL_REPRESENTATION('',(#2162),#2166);
#2162 = LINE('',#2163,#2164);
#2163 = CARTESIAN_POINT('',(1.570796326795,16.));
#2164 = VECTOR('',#2165,1.);
#2165 = DIRECTION('',(-1.,0.));
#2166 = ( GEOMETRIC_REPRESENTATION_CONTEXT(2) 
PARAMETRIC_REPRESENTATION_CONTEXT() REPRESENTATION_CONTEXT('2D SPACE',''
  ) );
#2167 = PCURVE('',#1862,#2168);
#2168 = DEFINITIONAL_REPRESENTATION('',(#2169),#2177);
#2169 = ( BOUNDED_CURVE() B_SPLINE_CURVE(2,(#2170,#2171,#2172,#2173,
#2174,#2175,#2176),.UNSPECIFIED.,.T.,.F.) B_SPLINE_CURVE_WITH_KNOTS((1,2
    ,2,2,2,1),(-2.094395102393,0.,2.094395102393,4.188790204786,
6.28318530718,8.377580409573),.UNSPECIFIED.) CURVE() 
GEOMETRIC_REPRESENTATION_ITEM() RATIONAL_B_SPLINE_CURVE((1.,0.5,1.,0.5,
1.,0.5,1.)) REPRESENTATION_ITEM('') );
#2170 = CARTESIAN_POINT('',(2.,18.));
#2171 = CARTESIAN_POINT('',(-1.464101615138,18.));
#2172 = CARTESIAN_POINT('',(0.267949192431,21.));
#2173 = CARTESIAN_POINT('',(2.,24.));
#2174 = CARTESIAN_POINT('',(3.732050807569,21.));
#2175 = CARTESIAN_POINT('',(5.464101615138,18.));
#2176 = CARTESIAN_POINT('',(2.,18.));
#2177 = ( GEOMETRIC_REPRESENTATION_CONTEXT(2) 
PARAMETRIC_REPRESENTATION_CONTEXT() REPRESENTATION_CONTEXT('2D SPACE',''
  ) );
#2178 = ADVANCED_FACE('',(#2179),#503,.F.);
#2179 = FACE_BOUND('',#2180,.F.);
#2180 = EDGE_LOOP('',(#2181,#2202,#2203,#2204));
#2181 = ORIENTED_EDGE('',*,*,#2182,.F.);
#2182 = EDGE_CURVE('',#1801,#2129,#2183,.T.);
#2183 = SURFACE_CURVE('',#2184,(#2188,#2195),.PCURVE_S1.);
#2184 = LINE('',#2185,#2186);
#2185 = CARTESIAN_POINT('',(232.,-11.,214.));
#2186 = VECTOR('',#2187,1.);
#2187 = DIRECTION('',(0.,1.,0.));
#2188 = PCURVE('',#503,#2189);
#2189 = DEFINITIONAL_REPRESENTATION('',(#2190),#2194);
#2190 = LINE('',#2191,#2192);
#2191 = CARTESIAN_POINT('',(16.,0.));
#2192 = VECTOR('',#2193,1.);
#2193 = DIRECTION('',(0.,-1.));
#2194 = ( GEOMETRIC_REPRESENTATION_CONTEXT(2) 
PARAMETRIC_REPRESENTATION_CONTEXT() REPRESENTATION_CONTEXT('2D SPACE',''
  ) );
#2195 = PCURVE('',#1862,#2196);
#2196 = DEFINITIONAL_REPRESENTATION('',(#2197),#2201);
#2197 = LINE('',#2198,#2199);
#2198 = CARTESIAN_POINT('',(0.,0.));
#2199 = VECTOR('',#2200,1.);
#2200 = DIRECTION('',(0.,1.));
#2201 = ( GEOMETRIC_REPRESENTATION_CONTEXT(2) 
PARAMETRIC_REPRESENTATION_CONTEXT() REPRESENTATION_CONTEXT('2D SPACE',''
  ) );
#2202 = ORIENTED_EDGE('',*,*,#1800,.F.);
#2203 = ORIENTED_EDGE('',*,*,#488,.T.);
#2204 = ORIENTED_EDGE('',*,*,#2128,.T.);
#2205 = ADVANCED_FACE('',(#2206),#845,.T.);
#2206 = FACE_BOUND('',#2207,.F.);
#2207 = EDGE_LOOP('',(#2208,#2229,#2262,#2283,#2409,#2410,#2436,#2437));
#2208 = ORIENTED_EDGE('',*,*,#2209,.T.);
#2209 = EDGE_CURVE('',#734,#2210,#2212,.T.);
#2210 = VERTEX_POINT('',#2211);
#2211 = CARTESIAN_POINT('',(190.,52.,174.78460969082));
#2212 = SURFACE_CURVE('',#2213,(#2217,#2223),.PCURVE_S1.);
#2213 = LINE('',#2214,#2215);
#2214 = CARTESIAN_POINT('',(190.,52.,174.78460969082));
#2215 = VECTOR('',#2216,1.);
#2216 = DIRECTION('',(-1.,-0.,-0.));
#2217 = PCURVE('',#845,#2218);
#2218 = DEFINITIONAL_REPRESENTATION('',(#2219),#2222);
#2219 = B_SPLINE_CURVE_WITH_KNOTS('',1,(#2220,#2221),.UNSPECIFIED.,.F.,
  .F.,(2,2),(-36.0000006,5.999999928008E-07),.PIECEWISE_BEZIER_KNOTS.);
#2220 = CARTESIAN_POINT('',(-6.663436513873,-36.0000006));
#2221 = CARTESIAN_POINT('',(-6.663436513873,5.999999928008E-07));
#2222 = ( GEOMETRIC_REPRESENTATION_CONTEXT(2) 
PARAMETRIC_REPRESENTATION_CONTEXT() REPRESENTATION_CONTEXT('2D SPACE',''
  ) );
#2223 = PCURVE('',#748,#2224);
#2224 = DEFINITIONAL_REPRESENTATION('',(#2225),#2228);
#2225 = B_SPLINE_CURVE_WITH_KNOTS('',1,(#2226,#2227),.UNSPECIFIED.,.F.,
  .F.,(2,2),(-36.0000006,5.999999928008E-07),.PIECEWISE_BEZIER_KNOTS.);
#2226 = CARTESIAN_POINT('',(67.784609690827,37.0000006));
#2227 = CARTESIAN_POINT('',(67.784609690827,0.9999994));
#2228 = ( GEOMETRIC_REPRESENTATION_CONTEXT(2) 
PARAMETRIC_REPRESENTATION_CONTEXT() REPRESENTATION_CONTEXT('2D SPACE',''
  ) );
#2229 = ORIENTED_EDGE('',*,*,#2230,.T.);
#2230 = EDGE_CURVE('',#2210,#2231,#2233,.T.);
#2231 = VERTEX_POINT('',#2232);
#2232 = CARTESIAN_POINT('',(190.,52.,133.21539030917));
#2233 = SURFACE_CURVE('',#2234,(#2239,#2246),.PCURVE_S1.);
#2234 = CIRCLE('',#2235,56.);
#2235 = AXIS2_PLACEMENT_3D('',#2236,#2237,#2238);
#2236 = CARTESIAN_POINT('',(190.,0.,154.));
#2237 = DIRECTION('',(-1.,0.,0.));
#2238 = DIRECTION('',(0.,0.910714285714,0.413036910936));
#2239 = PCURVE('',#845,#2240);
#2240 = DEFINITIONAL_REPRESENTATION('',(#2241),#2245);
#2241 = LINE('',#2242,#2243);
#2242 = CARTESIAN_POINT('',(-6.708971505033,0.));
#2243 = VECTOR('',#2244,1.);
#2244 = DIRECTION('',(1.,-0.));
#2245 = ( GEOMETRIC_REPRESENTATION_CONTEXT(2) 
PARAMETRIC_REPRESENTATION_CONTEXT() REPRESENTATION_CONTEXT('2D SPACE',''
  ) );
#2246 = PCURVE('',#2247,#2252);
#2247 = PLANE('',#2248);
#2248 = AXIS2_PLACEMENT_3D('',#2249,#2250,#2251);
#2249 = CARTESIAN_POINT('',(190.,-55.,104.));
#2250 = DIRECTION('',(1.,0.,0.));
#2251 = DIRECTION('',(0.,0.,1.));
#2252 = DEFINITIONAL_REPRESENTATION('',(#2253),#2261);
#2253 = ( BOUNDED_CURVE() B_SPLINE_CURVE(2,(#2254,#2255,#2256,#2257,
#2258,#2259,#2260),.UNSPECIFIED.,.T.,.F.) B_SPLINE_CURVE_WITH_KNOTS((1,2
    ,2,2,2,1),(-2.094395102393,0.,2.094395102393,4.188790204786,
6.28318530718,8.377580409573),.UNSPECIFIED.) CURVE() 
GEOMETRIC_REPRESENTATION_ITEM() RATIONAL_B_SPLINE_CURVE((1.,0.5,1.,0.5,
1.,0.5,1.)) REPRESENTATION_ITEM('') );
#2254 = CARTESIAN_POINT('',(73.130067012439,-106.));
#2255 = CARTESIAN_POINT('',(-15.20452417357,-146.062451248));
#2256 = CARTESIAN_POINT('',(-5.732329099227,-49.531225624));
#2257 = CARTESIAN_POINT('',(3.739865975122,47.000000000002));
#2258 = CARTESIAN_POINT('',(82.602262086787,-9.468774375991));
#2259 = CARTESIAN_POINT('',(161.46465819845,-65.93754875198));
#2260 = CARTESIAN_POINT('',(73.130067012439,-106.));
#2261 = ( GEOMETRIC_REPRESENTATION_CONTEXT(2) 
PARAMETRIC_REPRESENTATION_CONTEXT() REPRESENTATION_CONTEXT('2D SPACE',''
  ) );
#2262 = ORIENTED_EDGE('',*,*,#2263,.F.);
#2263 = EDGE_CURVE('',#2264,#2231,#2266,.T.);
#2264 = VERTEX_POINT('',#2265);
#2265 = CARTESIAN_POINT('',(190.12701664223,52.,133.21539030778));
#2266 = SURFACE_CURVE('',#2267,(#2271,#2277),.PCURVE_S1.);
#2267 = LINE('',#2268,#2269);
#2268 = CARTESIAN_POINT('',(190.,52.,133.21539030917));
#2269 = VECTOR('',#2270,1.);
#2270 = DIRECTION('',(-1.,-0.,-0.));
#2271 = PCURVE('',#845,#2272);
#2272 = DEFINITIONAL_REPRESENTATION('',(#2273),#2276);
#2273 = B_SPLINE_CURVE_WITH_KNOTS('',1,(#2274,#2275),.UNSPECIFIED.,.F.,
  .F.,(2,2),(-36.0000006,5.999999928008E-07),.PIECEWISE_BEZIER_KNOTS.);
#2274 = CARTESIAN_POINT('',(-5.902934100487,-36.0000006));
#2275 = CARTESIAN_POINT('',(-5.902934100487,5.999999928008E-07));
#2276 = ( GEOMETRIC_REPRESENTATION_CONTEXT(2) 
PARAMETRIC_REPRESENTATION_CONTEXT() REPRESENTATION_CONTEXT('2D SPACE',''
  ) );
#2277 = PCURVE('',#748,#2278);
#2278 = DEFINITIONAL_REPRESENTATION('',(#2279),#2282);
#2279 = B_SPLINE_CURVE_WITH_KNOTS('',1,(#2280,#2281),.UNSPECIFIED.,.F.,
  .F.,(2,2),(-36.0000006,5.999999928008E-07),.PIECEWISE_BEZIER_KNOTS.);
#2280 = CARTESIAN_POINT('',(26.215390309173,37.0000006));
#2281 = CARTESIAN_POINT('',(26.215390309173,0.9999994));
#2282 = ( GEOMETRIC_REPRESENTATION_CONTEXT(2) 
PARAMETRIC_REPRESENTATION_CONTEXT() REPRESENTATION_CONTEXT('2D SPACE',''
  ) );
#2283 = ORIENTED_EDGE('',*,*,#2284,.T.);
#2284 = EDGE_CURVE('',#2264,#1701,#2285,.T.);
#2285 = SURFACE_CURVE('',#2286,(#2325,#2367),.PCURVE_S1.);
#2286 = B_SPLINE_CURVE_WITH_KNOTS('',7,(#2287,#2288,#2289,#2290,#2291,
    #2292,#2293,#2294,#2295,#2296,#2297,#2298,#2299,#2300,#2301,#2302,
    #2303,#2304,#2305,#2306,#2307,#2308,#2309,#2310,#2311,#2312,#2313,
    #2314,#2315,#2316,#2317,#2318,#2319,#2320,#2321,#2322,#2323,#2324),
  .UNSPECIFIED.,.F.,.F.,(8,6,6,6,6,6,8),(0.,0.422884379075,
    0.630632189886,0.817616866851,0.913298366733,0.963268127963,1.),
  .UNSPECIFIED.);
#2287 = CARTESIAN_POINT('',(190.,51.,130.86993298755));
#2288 = CARTESIAN_POINT('',(190.,51.368161510977,131.68170050426));
#2289 = CARTESIAN_POINT('',(190.03953199897,51.720523666749,
    132.49870616132));
#2290 = CARTESIAN_POINT('',(190.11249869108,52.055460672061,
    133.31708181662));
#2291 = CARTESIAN_POINT('',(190.21456023912,52.372730760312,
    134.13495127735));
#2292 = CARTESIAN_POINT('',(190.34293719498,52.672781019047,
    134.95199542708));
#2293 = CARTESIAN_POINT('',(190.49618860114,52.955985454276,
    135.7682528337));
#2294 = CARTESIAN_POINT('',(190.76153357778,53.353102275405,
    136.98167517114));
#2295 = CARTESIAN_POINT('',(190.85472448729,53.479575904193,
    137.37997455008));
#2296 = CARTESIAN_POINT('',(190.95379177848,53.601969906746,
    137.77738142164));
#2297 = CARTESIAN_POINT('',(191.0589638356,53.720456197516,
    138.17425530761));
#2298 = CARTESIAN_POINT('',(191.17054045268,53.835054201416,
    138.57053567587));
#2299 = CARTESIAN_POINT('',(191.28884271478,53.945608707139,
    138.96549814007));
#2300 = CARTESIAN_POINT('',(191.52697583073,54.147381707208,
    139.71032973377));
#2301 = CARTESIAN_POINT('',(191.64416678534,54.238322201528,
    140.05667635362));
#2302 = CARTESIAN_POINT('',(191.76749175419,54.326031870533,
    140.40096474072));
#2303 = CARTESIAN_POINT('',(191.89878826654,54.411153952576,
    140.74560540161));
#2304 = CARTESIAN_POINT('',(192.03961651214,54.49347338672,
    141.09003251742));
#2305 = CARTESIAN_POINT('',(192.1911005461,54.572087115451,
    141.43017746064));
#2306 = CARTESIAN_POINT('',(192.4372700816,54.683236922686,
    141.92634179843));
#2307 = CARTESIAN_POINT('',(192.52302224675,54.719280268235,
    142.09006078497));
#2308 = CARTESIAN_POINT('',(192.6128051681,54.754304941229,
    142.25178715121));
#2309 = CARTESIAN_POINT('',(192.70800954652,54.788461420938,
    142.41217600396));
#2310 = CARTESIAN_POINT('',(192.80972373198,54.821529195511,
    142.57015255409));
#2311 = CARTESIAN_POINT('',(192.91874652963,54.852974561304,
    142.72292003078));
#2312 = CARTESIAN_POINT('',(193.09677869917,54.897197982039,
    142.94090975333));
#2313 = CARTESIAN_POINT('',(193.16020917586,54.911763851089,
    143.01331944779));
#2314 = CARTESIAN_POINT('',(193.22656659894,54.92572094752,
    143.0832670729));
#2315 = CARTESIAN_POINT('',(193.29633474535,54.938971282291,
    143.15020090569));
#2316 = CARTESIAN_POINT('',(193.36991900188,54.951332893881,
    143.21311240909));
#2317 = CARTESIAN_POINT('',(193.44766039567,54.962545998551,
    143.27054803778));
#2318 = CARTESIAN_POINT('',(193.59026681042,54.979424580017,
    143.35743081499));
#2319 = CARTESIAN_POINT('',(193.65383263614,54.985860908385,
    143.39071634325));
#2320 = CARTESIAN_POINT('',(193.71993524701,54.991314804536,
    143.41904330112));
#2321 = CARTESIAN_POINT('',(193.78804904109,54.995580519732,
    143.44127384315));
#2322 = CARTESIAN_POINT('',(193.85771130818,54.998508613126,
    143.45656172176));
#2323 = CARTESIAN_POINT('',(193.92849808328,55.,143.46434624714));
#2324 = CARTESIAN_POINT('',(194.,55.,143.46434624714));
#2325 = PCURVE('',#845,#2326);
#2326 = DEFINITIONAL_REPRESENTATION('',(#2327),#2366);
#2327 = B_SPLINE_CURVE_WITH_KNOTS('',7,(#2328,#2329,#2330,#2331,#2332,
    #2333,#2334,#2335,#2336,#2337,#2338,#2339,#2340,#2341,#2342,#2343,
    #2344,#2345,#2346,#2347,#2348,#2349,#2350,#2351,#2352,#2353,#2354,
    #2355,#2356,#2357,#2358,#2359,#2360,#2361,#2362,#2363,#2364,#2365),
  .UNSPECIFIED.,.F.,.F.,(8,6,6,6,6,6,8),(0.,0.422884379075,
    0.630632189886,0.817616866851,0.913298366733,0.963268127963,1.),
  .UNSPECIFIED.);
#2328 = CARTESIAN_POINT('',(-5.857399109326,0.));
#2329 = CARTESIAN_POINT('',(-5.873316119458,0.));
#2330 = CARTESIAN_POINT('',(-5.889201786323,-3.953199897077E-02));
#2331 = CARTESIAN_POINT('',(-5.904987792492,-0.112498691082));
#2332 = CARTESIAN_POINT('',(-5.920648335506,-0.21456023912));
#2333 = CARTESIAN_POINT('',(-5.936187099624,-0.342937194983));
#2334 = CARTESIAN_POINT('',(-5.951613104173,-0.496188601148));
#2335 = CARTESIAN_POINT('',(-5.974412246115,-0.761533577784));
#2336 = CARTESIAN_POINT('',(-5.981874403381,-0.854724487291));
#2337 = CARTESIAN_POINT('',(-5.989299448569,-0.953791778486));
#2338 = CARTESIAN_POINT('',(-5.996695083523,-1.0589638356));
#2339 = CARTESIAN_POINT('',(-6.004061036324,-1.170540452684));
#2340 = CARTESIAN_POINT('',(-6.011384768899,-1.288842714785));
#2341 = CARTESIAN_POINT('',(-6.025164727525,-1.526975830733));
#2342 = CARTESIAN_POINT('',(-6.031558941184,-1.644166785343));
#2343 = CARTESIAN_POINT('',(-6.037903049755,-1.767491754193));
#2344 = CARTESIAN_POINT('',(-6.044241969514,-1.898788266541));
#2345 = CARTESIAN_POINT('',(-6.050565394057,-2.03961651214));
#2346 = CARTESIAN_POINT('',(-6.056799382581,-2.191100546105));
#2347 = CARTESIAN_POINT('',(-6.065879056311,-2.437270081609));
#2348 = CARTESIAN_POINT('',(-6.068872600159,-2.523022246758));
#2349 = CARTESIAN_POINT('',(-6.071827492232,-2.612805168104));
#2350 = CARTESIAN_POINT('',(-6.074755773791,-2.708009546523));
#2351 = CARTESIAN_POINT('',(-6.077637895883,-2.809723731982));
#2352 = CARTESIAN_POINT('',(-6.080423067412,-2.918746529631));
#2353 = CARTESIAN_POINT('',(-6.084395036722,-3.096778699173));
#2354 = CARTESIAN_POINT('',(-6.085713967018,-3.160209175869));
#2355 = CARTESIAN_POINT('',(-6.086987652186,-3.226566598947));
#2356 = CARTESIAN_POINT('',(-6.088206092047,-3.296334745354));
#2357 = CARTESIAN_POINT('',(-6.089350992035,-3.36991900188));
#2358 = CARTESIAN_POINT('',(-6.090395990807,-3.447660395672));
#2359 = CARTESIAN_POINT('',(-6.091976474407,-3.590266810427));
#2360 = CARTESIAN_POINT('',(-6.092581868883,-3.653832636141));
#2361 = CARTESIAN_POINT('',(-6.093096997467,-3.719935247016));
#2362 = CARTESIAN_POINT('',(-6.093501213589,-3.788049041096));
#2363 = CARTESIAN_POINT('',(-6.093779173629,-3.857711308187));
#2364 = CARTESIAN_POINT('',(-6.093920711151,-3.928498083285));
#2365 = CARTESIAN_POINT('',(-6.093920711151,-4.));
#2366 = ( GEOMETRIC_REPRESENTATION_CONTEXT(2) 
PARAMETRIC_REPRESENTATION_CONTEXT() REPRESENTATION_CONTEXT('2D SPACE',''
  ) );
#2367 = PCURVE('',#1716,#2368);
#2368 = DEFINITIONAL_REPRESENTATION('',(#2369),#2408);
#2369 = B_SPLINE_CURVE_WITH_KNOTS('',7,(#2370,#2371,#2372,#2373,#2374,
    #2375,#2376,#2377,#2378,#2379,#2380,#2381,#2382,#2383,#2384,#2385,
    #2386,#2387,#2388,#2389,#2390,#2391,#2392,#2393,#2394,#2395,#2396,
    #2397,#2398,#2399,#2400,#2401,#2402,#2403,#2404,#2405,#2406,#2407),
  .UNSPECIFIED.,.F.,.F.,(8,6,6,6,6,6,8),(0.,0.422884379075,
    0.630632189886,0.817616866851,0.913298366733,0.963268127963,1.),
  .UNSPECIFIED.);
#2370 = CARTESIAN_POINT('',(0.,26.869932987559));
#2371 = CARTESIAN_POINT('',(-9.204037774418E-02,27.68170050426));
#2372 = CARTESIAN_POINT('',(-0.180130957446,28.498706161327));
#2373 = CARTESIAN_POINT('',(-0.265138396304,29.31708181662));
#2374 = CARTESIAN_POINT('',(-0.347786344563,30.13495127736));
#2375 = CARTESIAN_POINT('',(-0.428826586237,30.951995427089));
#2376 = CARTESIAN_POINT('',(-0.508980910553,31.768252833709));
#2377 = CARTESIAN_POINT('',(-0.628382995504,32.981675171147));
#2378 = CARTESIAN_POINT('',(-0.667616264212,33.379974550086));
#2379 = CARTESIAN_POINT('',(-0.706917101714,33.77738142164));
#2380 = CARTESIAN_POINT('',(-0.746450039477,34.174255307619));
#2381 = CARTESIAN_POINT('',(-0.78636572181,34.570535675873));
#2382 = CARTESIAN_POINT('',(-0.826797586335,34.965498140071));
#2383 = CARTESIAN_POINT('',(-0.904827918766,35.710329733771));
#2384 = CARTESIAN_POINT('',(-0.941877923341,36.056676353624));
#2385 = CARTESIAN_POINT('',(-0.979658231623,36.400964740728));
#2386 = CARTESIAN_POINT('',(-1.018707635744,36.745605401615));
#2387 = CARTESIAN_POINT('',(-1.059409953311,37.090032517421));
#2388 = CARTESIAN_POINT('',(-1.102013380763,37.43017746064));
#2389 = CARTESIAN_POINT('',(-1.169538246488,37.926341798434));
#2390 = CARTESIAN_POINT('',(-1.192785061049,38.090060784976));
#2391 = CARTESIAN_POINT('',(-1.21686487892,38.25178715121));
#2392 = CARTESIAN_POINT('',(-1.242132885284,38.412176003968));
#2393 = CARTESIAN_POINT('',(-1.268849023681,38.570152554098));
#2394 = CARTESIAN_POINT('',(-1.297196042217,38.722920030785));
#2395 = CARTESIAN_POINT('',(-1.343056676434,38.940909753332));
#2396 = CARTESIAN_POINT('',(-1.359324469879,39.013319447796));
#2397 = CARTESIAN_POINT('',(-1.376272070316,39.083267072908));
#2398 = CARTESIAN_POINT('',(-1.394019311401,39.150200905692));
#2399 = CARTESIAN_POINT('',(-1.412665553081,39.213112409098));
#2400 = CARTESIAN_POINT('',(-1.432295678633,39.270548037785));
#2401 = CARTESIAN_POINT('',(-1.468196127831,39.357430814992));
#2402 = CARTESIAN_POINT('',(-1.484166569607,39.390716343253));
#2403 = CARTESIAN_POINT('',(-1.500743658127,39.419043301128));
#2404 = CARTESIAN_POINT('',(-1.517799258035,39.441273843157));
#2405 = CARTESIAN_POINT('',(-1.535224155834,39.456561721765));
#2406 = CARTESIAN_POINT('',(-1.552920847616,39.464346247147));
#2407 = CARTESIAN_POINT('',(-1.570796326795,39.464346247147));
#2408 = ( GEOMETRIC_REPRESENTATION_CONTEXT(2) 
PARAMETRIC_REPRESENTATION_CONTEXT() REPRESENTATION_CONTEXT('2D SPACE',''
  ) );
#2409 = ORIENTED_EDGE('',*,*,#1728,.F.);
#2410 = ORIENTED_EDGE('',*,*,#2411,.F.);
#2411 = EDGE_CURVE('',#1750,#1729,#2412,.T.);
#2412 = SURFACE_CURVE('',#2413,(#2418,#2425),.PCURVE_S1.);
#2413 = CIRCLE('',#2414,56.);
#2414 = AXIS2_PLACEMENT_3D('',#2415,#2416,#2417);
#2415 = CARTESIAN_POINT('',(226.,0.,154.));
#2416 = DIRECTION('',(-1.,0.,0.));
#2417 = DIRECTION('',(0.,0.982142857143,0.188136674158));
#2418 = PCURVE('',#845,#2419);
#2419 = DEFINITIONAL_REPRESENTATION('',(#2420),#2424);
#2420 = LINE('',#2421,#2422);
#2421 = CARTESIAN_POINT('',(-6.472449903208,-36.));
#2422 = VECTOR('',#2423,1.);
#2423 = DIRECTION('',(1.,-0.));
#2424 = ( GEOMETRIC_REPRESENTATION_CONTEXT(2) 
PARAMETRIC_REPRESENTATION_CONTEXT() REPRESENTATION_CONTEXT('2D SPACE',''
  ) );
#2425 = PCURVE('',#1764,#2426);
#2426 = DEFINITIONAL_REPRESENTATION('',(#2427),#2435);
#2427 = ( BOUNDED_CURVE() B_SPLINE_CURVE(2,(#2428,#2429,#2430,#2431,
#2432,#2433,#2434),.UNSPECIFIED.,.T.,.F.) B_SPLINE_CURVE_WITH_KNOTS((1,2
    ,2,2,2,1),(-2.094395102393,0.,2.094395102393,4.188790204786,
6.28318530718,8.377580409573),.UNSPECIFIED.) CURVE() 
GEOMETRIC_REPRESENTATION_ITEM() RATIONAL_B_SPLINE_CURVE((1.,0.5,1.,0.5,
1.,0.5,1.)) REPRESENTATION_ITEM('') );
#2428 = CARTESIAN_POINT('',(10.535653752853,-55.));
#2429 = CARTESIAN_POINT('',(-84.72714066343,-73.24828759089));
#2430 = CARTESIAN_POINT('',(-52.89922408457,18.375856204553));
#2431 = CARTESIAN_POINT('',(-21.0713075057,110.));
#2432 = CARTESIAN_POINT('',(42.363570331718,36.624143795447));
#2433 = CARTESIAN_POINT('',(105.79844816914,-36.7517124091));
#2434 = CARTESIAN_POINT('',(10.535653752853,-55.));
#2435 = ( GEOMETRIC_REPRESENTATION_CONTEXT(2) 
PARAMETRIC_REPRESENTATION_CONTEXT() REPRESENTATION_CONTEXT('2D SPACE',''
  ) );
#2436 = ORIENTED_EDGE('',*,*,#1775,.T.);
#2437 = ORIENTED_EDGE('',*,*,#759,.F.);
#2438 = ADVANCED_FACE('',(#2439),#748,.F.);
#2439 = FACE_BOUND('',#2440,.F.);
#2440 = EDGE_LOOP('',(#2441,#2464,#2483,#2484,#2503,#2504,#2505,#2506));
#2441 = ORIENTED_EDGE('',*,*,#2442,.F.);
#2442 = EDGE_CURVE('',#2443,#1632,#2445,.T.);
#2443 = VERTEX_POINT('',#2444);
#2444 = CARTESIAN_POINT('',(190.12701665379,52.,107.));
#2445 = SURFACE_CURVE('',#2446,(#2450,#2457),.PCURVE_S1.);
#2446 = LINE('',#2447,#2448);
#2447 = CARTESIAN_POINT('',(189.,52.,107.));
#2448 = VECTOR('',#2449,1.);
#2449 = DIRECTION('',(1.,0.,0.));
#2450 = PCURVE('',#748,#2451);
#2451 = DEFINITIONAL_REPRESENTATION('',(#2452),#2456);
#2452 = LINE('',#2453,#2454);
#2453 = CARTESIAN_POINT('',(0.,0.));
#2454 = VECTOR('',#2455,1.);
#2455 = DIRECTION('',(0.,1.));
#2456 = ( GEOMETRIC_REPRESENTATION_CONTEXT(2) 
PARAMETRIC_REPRESENTATION_CONTEXT() REPRESENTATION_CONTEXT('2D SPACE',''
  ) );
#2457 = PCURVE('',#1516,#2458);
#2458 = DEFINITIONAL_REPRESENTATION('',(#2459),#2463);
#2459 = LINE('',#2460,#2461);
#2460 = CARTESIAN_POINT('',(0.,104.));
#2461 = VECTOR('',#2462,1.);
#2462 = DIRECTION('',(1.,0.));
#2463 = ( GEOMETRIC_REPRESENTATION_CONTEXT(2) 
PARAMETRIC_REPRESENTATION_CONTEXT() REPRESENTATION_CONTEXT('2D SPACE',''
  ) );
#2464 = ORIENTED_EDGE('',*,*,#2465,.T.);
#2465 = EDGE_CURVE('',#2443,#2264,#2466,.T.);
#2466 = SURFACE_CURVE('',#2467,(#2471,#2477),.PCURVE_S1.);
#2467 = LINE('',#2468,#2469);
#2468 = CARTESIAN_POINT('',(190.12701665379,52.,104.));
#2469 = VECTOR('',#2470,1.);
#2470 = DIRECTION('',(0.,0.,1.));
#2471 = PCURVE('',#748,#2472);
#2472 = DEFINITIONAL_REPRESENTATION('',(#2473),#2476);
#2473 = B_SPLINE_CURVE_WITH_KNOTS('',1,(#2474,#2475),.UNSPECIFIED.,.F.,
  .F.,(2,2),(-6.000000070117E-07,39.464346847147),
  .PIECEWISE_BEZIER_KNOTS.);
#2474 = CARTESIAN_POINT('',(-3.0000006,1.127016653793));
#2475 = CARTESIAN_POINT('',(36.464346847147,1.127016653793));
#2476 = ( GEOMETRIC_REPRESENTATION_CONTEXT(2) 
PARAMETRIC_REPRESENTATION_CONTEXT() REPRESENTATION_CONTEXT('2D SPACE',''
  ) );
#2477 = PCURVE('',#1716,#2478);
#2478 = DEFINITIONAL_REPRESENTATION('',(#2479),#2482);
#2479 = B_SPLINE_CURVE_WITH_KNOTS('',1,(#2480,#2481),.UNSPECIFIED.,.F.,
  .F.,(2,2),(-6.000000070117E-07,39.464346847147),
  .PIECEWISE_BEZIER_KNOTS.);
#2480 = CARTESIAN_POINT('',(-0.252680255142,-6.000000070117E-07));
#2481 = CARTESIAN_POINT('',(-0.252680255142,39.464346847147));
#2482 = ( GEOMETRIC_REPRESENTATION_CONTEXT(2) 
PARAMETRIC_REPRESENTATION_CONTEXT() REPRESENTATION_CONTEXT('2D SPACE',''
  ) );
#2483 = ORIENTED_EDGE('',*,*,#2263,.T.);
#2484 = ORIENTED_EDGE('',*,*,#2485,.T.);
#2485 = EDGE_CURVE('',#2231,#2210,#2486,.T.);
#2486 = SURFACE_CURVE('',#2487,(#2491,#2497),.PCURVE_S1.);
#2487 = LINE('',#2488,#2489);
#2488 = CARTESIAN_POINT('',(190.,52.,105.5));
#2489 = VECTOR('',#2490,1.);
#2490 = DIRECTION('',(0.,0.,1.));
#2491 = PCURVE('',#748,#2492);
#2492 = DEFINITIONAL_REPRESENTATION('',(#2493),#2496);
#2493 = B_SPLINE_CURVE_WITH_KNOTS('',1,(#2494,#2495),.UNSPECIFIED.,.F.,
  .F.,(2,2),(1.5,95.5),.PIECEWISE_BEZIER_KNOTS.);
#2494 = CARTESIAN_POINT('',(0.,1.));
#2495 = CARTESIAN_POINT('',(94.,1.));
#2496 = ( GEOMETRIC_REPRESENTATION_CONTEXT(2) 
PARAMETRIC_REPRESENTATION_CONTEXT() REPRESENTATION_CONTEXT('2D SPACE',''
  ) );
#2497 = PCURVE('',#2247,#2498);
#2498 = DEFINITIONAL_REPRESENTATION('',(#2499),#2502);
#2499 = B_SPLINE_CURVE_WITH_KNOTS('',1,(#2500,#2501),.UNSPECIFIED.,.F.,
  .F.,(2,2),(1.5,95.5),.PIECEWISE_BEZIER_KNOTS.);
#2500 = CARTESIAN_POINT('',(3.,-107.));
#2501 = CARTESIAN_POINT('',(97.,-107.));
#2502 = ( GEOMETRIC_REPRESENTATION_CONTEXT(2) 
PARAMETRIC_REPRESENTATION_CONTEXT() REPRESENTATION_CONTEXT('2D SPACE',''
  ) );
#2503 = ORIENTED_EDGE('',*,*,#2209,.F.);
#2504 = ORIENTED_EDGE('',*,*,#733,.T.);
#2505 = ORIENTED_EDGE('',*,*,#917,.T.);
#2506 = ORIENTED_EDGE('',*,*,#1631,.F.);
#2507 = ADVANCED_FACE('',(#2508),#982,.T.);
#2508 = FACE_BOUND('',#2509,.T.);
#2509 = EDGE_LOOP('',(#2510,#2533,#2554,#2575,#2601,#2620,#2621,#2622));
#2510 = ORIENTED_EDGE('',*,*,#2511,.F.);
#2511 = EDGE_CURVE('',#2512,#1481,#2514,.T.);
#2512 = VERTEX_POINT('',#2513);
#2513 = CARTESIAN_POINT('',(190.12701665379,-52.,107.));
#2514 = SURFACE_CURVE('',#2515,(#2519,#2526),.PCURVE_S1.);
#2515 = LINE('',#2516,#2517);
#2516 = CARTESIAN_POINT('',(189.,-52.,107.));
#2517 = VECTOR('',#2518,1.);
#2518 = DIRECTION('',(1.,0.,0.));
#2519 = PCURVE('',#982,#2520);
#2520 = DEFINITIONAL_REPRESENTATION('',(#2521),#2525);
#2521 = LINE('',#2522,#2523);
#2522 = CARTESIAN_POINT('',(0.,0.));
#2523 = VECTOR('',#2524,1.);
#2524 = DIRECTION('',(0.,1.));
#2525 = ( GEOMETRIC_REPRESENTATION_CONTEXT(2) 
PARAMETRIC_REPRESENTATION_CONTEXT() REPRESENTATION_CONTEXT('2D SPACE',''
  ) );
#2526 = PCURVE('',#1516,#2527);
#2527 = DEFINITIONAL_REPRESENTATION('',(#2528),#2532);
#2528 = LINE('',#2529,#2530);
#2529 = CARTESIAN_POINT('',(0.,0.));
#2530 = VECTOR('',#2531,1.);
#2531 = DIRECTION('',(1.,0.));
#2532 = ( GEOMETRIC_REPRESENTATION_CONTEXT(2) 
PARAMETRIC_REPRESENTATION_CONTEXT() REPRESENTATION_CONTEXT('2D SPACE',''
  ) );
#2533 = ORIENTED_EDGE('',*,*,#2534,.T.);
#2534 = EDGE_CURVE('',#2512,#2535,#2537,.T.);
#2535 = VERTEX_POINT('',#2536);
#2536 = CARTESIAN_POINT('',(190.12701664223,-52.,133.21539030778));
#2537 = SURFACE_CURVE('',#2538,(#2542,#2548),.PCURVE_S1.);
#2538 = LINE('',#2539,#2540);
#2539 = CARTESIAN_POINT('',(190.12701665379,-52.,104.));
#2540 = VECTOR('',#2541,1.);
#2541 = DIRECTION('',(0.,0.,1.));
#2542 = PCURVE('',#982,#2543);
#2543 = DEFINITIONAL_REPRESENTATION('',(#2544),#2547);
#2544 = B_SPLINE_CURVE_WITH_KNOTS('',1,(#2545,#2546),.UNSPECIFIED.,.F.,
  .F.,(2,2),(-6.000000070117E-07,39.464346847147),
  .PIECEWISE_BEZIER_KNOTS.);
#2545 = CARTESIAN_POINT('',(-3.0000006,1.127016653793));
#2546 = CARTESIAN_POINT('',(36.464346847147,1.127016653793));
#2547 = ( GEOMETRIC_REPRESENTATION_CONTEXT(2) 
PARAMETRIC_REPRESENTATION_CONTEXT() REPRESENTATION_CONTEXT('2D SPACE',''
  ) );
#2548 = PCURVE('',#1291,#2549);
#2549 = DEFINITIONAL_REPRESENTATION('',(#2550),#2553);
#2550 = B_SPLINE_CURVE_WITH_KNOTS('',1,(#2551,#2552),.UNSPECIFIED.,.F.,
  .F.,(2,2),(-6.000000070117E-07,39.464346847147),
  .PIECEWISE_BEZIER_KNOTS.);
#2551 = CARTESIAN_POINT('',(0.252680255142,-6.000000070117E-07));
#2552 = CARTESIAN_POINT('',(0.252680255142,39.464346847147));
#2553 = ( GEOMETRIC_REPRESENTATION_CONTEXT(2) 
PARAMETRIC_REPRESENTATION_CONTEXT() REPRESENTATION_CONTEXT('2D SPACE',''
  ) );
#2554 = ORIENTED_EDGE('',*,*,#2555,.T.);
#2555 = EDGE_CURVE('',#2535,#2556,#2558,.T.);
#2556 = VERTEX_POINT('',#2557);
#2557 = CARTESIAN_POINT('',(190.,-52.,133.21539030917));
#2558 = SURFACE_CURVE('',#2559,(#2563,#2569),.PCURVE_S1.);
#2559 = LINE('',#2560,#2561);
#2560 = CARTESIAN_POINT('',(190.,-52.,133.21539030917));
#2561 = VECTOR('',#2562,1.);
#2562 = DIRECTION('',(-1.,-0.,-0.));
#2563 = PCURVE('',#982,#2564);
#2564 = DEFINITIONAL_REPRESENTATION('',(#2565),#2568);
#2565 = B_SPLINE_CURVE_WITH_KNOTS('',1,(#2566,#2567),.UNSPECIFIED.,.F.,
  .F.,(2,2),(-36.0000006,5.999999928008E-07),.PIECEWISE_BEZIER_KNOTS.);
#2566 = CARTESIAN_POINT('',(26.215390309173,37.0000006));
#2567 = CARTESIAN_POINT('',(26.215390309173,0.9999994));
#2568 = ( GEOMETRIC_REPRESENTATION_CONTEXT(2) 
PARAMETRIC_REPRESENTATION_CONTEXT() REPRESENTATION_CONTEXT('2D SPACE',''
  ) );
#2569 = PCURVE('',#1173,#2570);
#2570 = DEFINITIONAL_REPRESENTATION('',(#2571),#2574);
#2571 = B_SPLINE_CURVE_WITH_KNOTS('',1,(#2572,#2573),.UNSPECIFIED.,.F.,
  .F.,(2,2),(-36.0000006,5.999999928008E-07),.PIECEWISE_BEZIER_KNOTS.);
#2572 = CARTESIAN_POINT('',(-3.521843860283,-36.0000006));
#2573 = CARTESIAN_POINT('',(-3.521843860283,5.999999928008E-07));
#2574 = ( GEOMETRIC_REPRESENTATION_CONTEXT(2) 
PARAMETRIC_REPRESENTATION_CONTEXT() REPRESENTATION_CONTEXT('2D SPACE',''
  ) );
#2575 = ORIENTED_EDGE('',*,*,#2576,.T.);
#2576 = EDGE_CURVE('',#2556,#2577,#2579,.T.);
#2577 = VERTEX_POINT('',#2578);
#2578 = CARTESIAN_POINT('',(190.,-52.,174.78460969082));
#2579 = SURFACE_CURVE('',#2580,(#2584,#2590),.PCURVE_S1.);
#2580 = LINE('',#2581,#2582);
#2581 = CARTESIAN_POINT('',(190.,-52.,105.5));
#2582 = VECTOR('',#2583,1.);
#2583 = DIRECTION('',(0.,0.,1.));
#2584 = PCURVE('',#982,#2585);
#2585 = DEFINITIONAL_REPRESENTATION('',(#2586),#2589);
#2586 = B_SPLINE_CURVE_WITH_KNOTS('',1,(#2587,#2588),.UNSPECIFIED.,.F.,
  .F.,(2,2),(1.5,95.5),.PIECEWISE_BEZIER_KNOTS.);
#2587 = CARTESIAN_POINT('',(0.,1.));
#2588 = CARTESIAN_POINT('',(94.,1.));
#2589 = ( GEOMETRIC_REPRESENTATION_CONTEXT(2) 
PARAMETRIC_REPRESENTATION_CONTEXT() REPRESENTATION_CONTEXT('2D SPACE',''
  ) );
#2590 = PCURVE('',#2591,#2596);
#2591 = PLANE('',#2592);
#2592 = AXIS2_PLACEMENT_3D('',#2593,#2594,#2595);
#2593 = CARTESIAN_POINT('',(190.,-55.,104.));
#2594 = DIRECTION('',(1.,0.,0.));
#2595 = DIRECTION('',(0.,0.,1.));
#2596 = DEFINITIONAL_REPRESENTATION('',(#2597),#2600);
#2597 = B_SPLINE_CURVE_WITH_KNOTS('',1,(#2598,#2599),.UNSPECIFIED.,.F.,
  .F.,(2,2),(1.5,95.5),.PIECEWISE_BEZIER_KNOTS.);
#2598 = CARTESIAN_POINT('',(3.,-3.));
#2599 = CARTESIAN_POINT('',(97.,-3.));
#2600 = ( GEOMETRIC_REPRESENTATION_CONTEXT(2) 
PARAMETRIC_REPRESENTATION_CONTEXT() REPRESENTATION_CONTEXT('2D SPACE',''
  ) );
#2601 = ORIENTED_EDGE('',*,*,#2602,.F.);
#2602 = EDGE_CURVE('',#1067,#2577,#2603,.T.);
#2603 = SURFACE_CURVE('',#2604,(#2608,#2614),.PCURVE_S1.);
#2604 = LINE('',#2605,#2606);
#2605 = CARTESIAN_POINT('',(190.,-52.,174.78460969082));
#2606 = VECTOR('',#2607,1.);
#2607 = DIRECTION('',(-1.,-0.,-0.));
#2608 = PCURVE('',#982,#2609);
#2609 = DEFINITIONAL_REPRESENTATION('',(#2610),#2613);
#2610 = B_SPLINE_CURVE_WITH_KNOTS('',1,(#2611,#2612),.UNSPECIFIED.,.F.,
  .F.,(2,2),(-36.0000006,5.999999928008E-07),.PIECEWISE_BEZIER_KNOTS.);
#2611 = CARTESIAN_POINT('',(67.784609690827,37.0000006));
#2612 = CARTESIAN_POINT('',(67.784609690827,0.9999994));
#2613 = ( GEOMETRIC_REPRESENTATION_CONTEXT(2) 
PARAMETRIC_REPRESENTATION_CONTEXT() REPRESENTATION_CONTEXT('2D SPACE',''
  ) );
#2614 = PCURVE('',#1173,#2615);
#2615 = DEFINITIONAL_REPRESENTATION('',(#2616),#2619);
#2616 = B_SPLINE_CURVE_WITH_KNOTS('',1,(#2617,#2618),.UNSPECIFIED.,.F.,
  .F.,(2,2),(-36.0000006,5.999999928008E-07),.PIECEWISE_BEZIER_KNOTS.);
#2617 = CARTESIAN_POINT('',(-2.761341446897,-36.0000006));
#2618 = CARTESIAN_POINT('',(-2.761341446897,5.999999928008E-07));
#2619 = ( GEOMETRIC_REPRESENTATION_CONTEXT(2) 
PARAMETRIC_REPRESENTATION_CONTEXT() REPRESENTATION_CONTEXT('2D SPACE',''
  ) );
#2620 = ORIENTED_EDGE('',*,*,#1066,.T.);
#2621 = ORIENTED_EDGE('',*,*,#966,.T.);
#2622 = ORIENTED_EDGE('',*,*,#1480,.F.);
#2623 = ADVANCED_FACE('',(#2624),#1173,.T.);
#2624 = FACE_BOUND('',#2625,.F.);
#2625 = EDGE_LOOP('',(#2626,#2648,#2649,#2650,#2651,#2673,#2674,#2800));
#2626 = ORIENTED_EDGE('',*,*,#2627,.F.);
#2627 = EDGE_CURVE('',#2577,#2556,#2628,.T.);
#2628 = SURFACE_CURVE('',#2629,(#2634,#2641),.PCURVE_S1.);
#2629 = CIRCLE('',#2630,56.);
#2630 = AXIS2_PLACEMENT_3D('',#2631,#2632,#2633);
#2631 = CARTESIAN_POINT('',(190.,0.,154.));
#2632 = DIRECTION('',(1.,0.,0.));
#2633 = DIRECTION('',(0.,1.,0.));
#2634 = PCURVE('',#1173,#2635);
#2635 = DEFINITIONAL_REPRESENTATION('',(#2636),#2640);
#2636 = LINE('',#2637,#2638);
#2637 = CARTESIAN_POINT('',(-0.,0.));
#2638 = VECTOR('',#2639,1.);
#2639 = DIRECTION('',(-1.,0.));
#2640 = ( GEOMETRIC_REPRESENTATION_CONTEXT(2) 
PARAMETRIC_REPRESENTATION_CONTEXT() REPRESENTATION_CONTEXT('2D SPACE',''
  ) );
#2641 = PCURVE('',#2591,#2642);
#2642 = DEFINITIONAL_REPRESENTATION('',(#2643),#2647);
#2643 = CIRCLE('',#2644,56.);
#2644 = AXIS2_PLACEMENT_2D('',#2645,#2646);
#2645 = CARTESIAN_POINT('',(50.,-55.));
#2646 = DIRECTION('',(0.,-1.));
#2647 = ( GEOMETRIC_REPRESENTATION_CONTEXT(2) 
PARAMETRIC_REPRESENTATION_CONTEXT() REPRESENTATION_CONTEXT('2D SPACE',''
  ) );
#2648 = ORIENTED_EDGE('',*,*,#2602,.F.);
#2649 = ORIENTED_EDGE('',*,*,#1087,.T.);
#2650 = ORIENTED_EDGE('',*,*,#1350,.F.);
#2651 = ORIENTED_EDGE('',*,*,#2652,.T.);
#2652 = EDGE_CURVE('',#1325,#1304,#2653,.T.);
#2653 = SURFACE_CURVE('',#2654,(#2659,#2666),.PCURVE_S1.);
#2654 = CIRCLE('',#2655,56.);
#2655 = AXIS2_PLACEMENT_3D('',#2656,#2657,#2658);
#2656 = CARTESIAN_POINT('',(226.,0.,154.));
#2657 = DIRECTION('',(1.,0.,0.));
#2658 = DIRECTION('',(0.,1.,0.));
#2659 = PCURVE('',#1173,#2660);
#2660 = DEFINITIONAL_REPRESENTATION('',(#2661),#2665);
#2661 = LINE('',#2662,#2663);
#2662 = CARTESIAN_POINT('',(-0.,-36.));
#2663 = VECTOR('',#2664,1.);
#2664 = DIRECTION('',(-1.,0.));
#2665 = ( GEOMETRIC_REPRESENTATION_CONTEXT(2) 
PARAMETRIC_REPRESENTATION_CONTEXT() REPRESENTATION_CONTEXT('2D SPACE',''
  ) );
#2666 = PCURVE('',#1339,#2667);
#2667 = DEFINITIONAL_REPRESENTATION('',(#2668),#2672);
#2668 = CIRCLE('',#2669,56.);
#2669 = AXIS2_PLACEMENT_2D('',#2670,#2671);
#2670 = CARTESIAN_POINT('',(-2.84217094304E-14,-6.251154891609E-15));
#2671 = DIRECTION('',(0.,-1.));
#2672 = ( GEOMETRIC_REPRESENTATION_CONTEXT(2) 
PARAMETRIC_REPRESENTATION_CONTEXT() REPRESENTATION_CONTEXT('2D SPACE',''
  ) );
#2673 = ORIENTED_EDGE('',*,*,#1303,.T.);
#2674 = ORIENTED_EDGE('',*,*,#2675,.F.);
#2675 = EDGE_CURVE('',#2535,#1276,#2676,.T.);
#2676 = SURFACE_CURVE('',#2677,(#2716,#2758),.PCURVE_S1.);
#2677 = B_SPLINE_CURVE_WITH_KNOTS('',7,(#2678,#2679,#2680,#2681,#2682,
    #2683,#2684,#2685,#2686,#2687,#2688,#2689,#2690,#2691,#2692,#2693,
    #2694,#2695,#2696,#2697,#2698,#2699,#2700,#2701,#2702,#2703,#2704,
    #2705,#2706,#2707,#2708,#2709,#2710,#2711,#2712,#2713,#2714,#2715),
  .UNSPECIFIED.,.F.,.F.,(8,6,6,6,6,6,8),(0.,0.422884383332,
    0.630632196235,0.817616875079,0.913298372464,0.963268130393,1.),
  .UNSPECIFIED.);
#2678 = CARTESIAN_POINT('',(190.,-51.,130.86993298755));
#2679 = CARTESIAN_POINT('',(190.,-51.36816151097,131.68170050426));
#2680 = CARTESIAN_POINT('',(190.03953199897,-51.72052366675,
    132.49870616132));
#2681 = CARTESIAN_POINT('',(190.11249869108,-52.05546067206,
    133.31708181661));
#2682 = CARTESIAN_POINT('',(190.21456023912,-52.37273076031,
    134.13495127736));
#2683 = CARTESIAN_POINT('',(190.34293719498,-52.67278101904,
    134.95199542708));
#2684 = CARTESIAN_POINT('',(190.49618860114,-52.95598545427,
    135.7682528337));
#2685 = CARTESIAN_POINT('',(190.76153357778,-53.3531022754,
    136.98167517115));
#2686 = CARTESIAN_POINT('',(190.85472448729,-53.47957590419,
    137.37997455008));
#2687 = CARTESIAN_POINT('',(190.95379177848,-53.60196990674,
    137.77738142163));
#2688 = CARTESIAN_POINT('',(191.0589638356,-53.72045619751,
    138.17425530761));
#2689 = CARTESIAN_POINT('',(191.17054045268,-53.83505420141,
    138.57053567587));
#2690 = CARTESIAN_POINT('',(191.28884271478,-53.94560870713,
    138.96549814007));
#2691 = CARTESIAN_POINT('',(191.52697583072,-54.1473817072,
    139.71032973375));
#2692 = CARTESIAN_POINT('',(191.64416678534,-54.23832220153,
    140.05667635363));
#2693 = CARTESIAN_POINT('',(191.76749175419,-54.32603187053,
    140.40096474073));
#2694 = CARTESIAN_POINT('',(191.89878826653,-54.41115395257,
    140.74560540159));
#2695 = CARTESIAN_POINT('',(192.03961651213,-54.49347338672,
    141.09003251741));
#2696 = CARTESIAN_POINT('',(192.19110054611,-54.57208711545,
    141.43017746065));
#2697 = CARTESIAN_POINT('',(192.43727007859,-54.68323692132,
    141.92634179235));
#2698 = CARTESIAN_POINT('',(192.52302225495,-54.71928027126,
    142.09006079892));
#2699 = CARTESIAN_POINT('',(192.61280516212,-54.75430493952,
    142.251787143));
#2700 = CARTESIAN_POINT('',(192.70800954178,-54.78846141909,
    142.41217599555));
#2701 = CARTESIAN_POINT('',(192.80972374169,-54.82152919838,
    142.57015256781));
#2702 = CARTESIAN_POINT('',(192.91874652494,-54.85297456014,
    142.72292002505));
#2703 = CARTESIAN_POINT('',(193.09677869917,-54.89719798204,
    142.94090975333));
#2704 = CARTESIAN_POINT('',(193.16020917586,-54.91176385108,
    143.01331944778));
#2705 = CARTESIAN_POINT('',(193.22656659894,-54.92572094752,
    143.0832670729));
#2706 = CARTESIAN_POINT('',(193.29633474535,-54.93897128229,
    143.15020090569));
#2707 = CARTESIAN_POINT('',(193.36991900188,-54.95133289388,
    143.2131124091));
#2708 = CARTESIAN_POINT('',(193.44766039566,-54.96254599855,
    143.27054803778));
#2709 = CARTESIAN_POINT('',(193.59026681042,-54.97942458001,
    143.35743081499));
#2710 = CARTESIAN_POINT('',(193.65383263614,-54.98586090838,
    143.39071634325));
#2711 = CARTESIAN_POINT('',(193.71993524701,-54.99131480453,
    143.41904330112));
#2712 = CARTESIAN_POINT('',(193.78804904109,-54.99558051973,
    143.44127384315));
#2713 = CARTESIAN_POINT('',(193.85771130818,-54.99850861312,
    143.45656172176));
#2714 = CARTESIAN_POINT('',(193.92849808328,-55.,143.46434624714));
#2715 = CARTESIAN_POINT('',(194.,-55.,143.46434624714));
#2716 = PCURVE('',#1173,#2717);
#2717 = DEFINITIONAL_REPRESENTATION('',(#2718),#2757);
#2718 = B_SPLINE_CURVE_WITH_KNOTS('',7,(#2719,#2720,#2721,#2722,#2723,
    #2724,#2725,#2726,#2727,#2728,#2729,#2730,#2731,#2732,#2733,#2734,
    #2735,#2736,#2737,#2738,#2739,#2740,#2741,#2742,#2743,#2744,#2745,
    #2746,#2747,#2748,#2749,#2750,#2751,#2752,#2753,#2754,#2755,#2756),
  .UNSPECIFIED.,.F.,.F.,(8,6,6,6,6,6,8),(0.,0.422884383332,
    0.630632196235,0.817616875079,0.913298372464,0.963268130393,1.),
  .UNSPECIFIED.);
#2719 = CARTESIAN_POINT('',(-3.567378851443,0.));
#2720 = CARTESIAN_POINT('',(-3.551461841312,0.));
#2721 = CARTESIAN_POINT('',(-3.535576174446,-3.953199897097E-02));
#2722 = CARTESIAN_POINT('',(-3.519790168277,-0.112498691082));
#2723 = CARTESIAN_POINT('',(-3.504129625263,-0.21456023912));
#2724 = CARTESIAN_POINT('',(-3.488590861146,-0.342937194983));
#2725 = CARTESIAN_POINT('',(-3.473164856596,-0.496188601148));
#2726 = CARTESIAN_POINT('',(-3.450365714654,-0.761533577785));
#2727 = CARTESIAN_POINT('',(-3.442903557389,-0.854724487292));
#2728 = CARTESIAN_POINT('',(-3.4354785122,-0.953791778486));
#2729 = CARTESIAN_POINT('',(-3.428082877246,-1.0589638356));
#2730 = CARTESIAN_POINT('',(-3.420716924445,-1.170540452684));
#2731 = CARTESIAN_POINT('',(-3.413393191871,-1.288842714786));
#2732 = CARTESIAN_POINT('',(-3.399613233245,-1.526975830729));
#2733 = CARTESIAN_POINT('',(-3.393219019585,-1.644166785347));
#2734 = CARTESIAN_POINT('',(-3.386874911014,-1.767491754197));
#2735 = CARTESIAN_POINT('',(-3.380535991256,-1.898788266536));
#2736 = CARTESIAN_POINT('',(-3.374212566713,-2.039616512137));
#2737 = CARTESIAN_POINT('',(-3.367978578188,-2.19110054611));
#2738 = CARTESIAN_POINT('',(-3.358898904569,-2.437270078595));
#2739 = CARTESIAN_POINT('',(-3.355905360356,-2.523022254952));
#2740 = CARTESIAN_POINT('',(-3.352950468687,-2.612805162124));
#2741 = CARTESIAN_POINT('',(-3.350022187132,-2.708009541784));
#2742 = CARTESIAN_POINT('',(-3.347140064636,-2.80972374169));
#2743 = CARTESIAN_POINT('',(-3.344354893462,-2.918746524949));
#2744 = CARTESIAN_POINT('',(-3.340382924047,-3.096778699178));
#2745 = CARTESIAN_POINT('',(-3.339063993752,-3.160209175864));
#2746 = CARTESIAN_POINT('',(-3.337790308583,-3.226566598941));
#2747 = CARTESIAN_POINT('',(-3.336571868722,-3.296334745359));
#2748 = CARTESIAN_POINT('',(-3.335426968734,-3.369919001888));
#2749 = CARTESIAN_POINT('',(-3.334381969962,-3.447660395664));
#2750 = CARTESIAN_POINT('',(-3.332801486363,-3.590266810426));
#2751 = CARTESIAN_POINT('',(-3.332196091886,-3.653832636141));
#2752 = CARTESIAN_POINT('',(-3.331680963303,-3.719935247017));
#2753 = CARTESIAN_POINT('',(-3.33127674718,-3.788049041096));
#2754 = CARTESIAN_POINT('',(-3.330998787141,-3.857711308187));
#2755 = CARTESIAN_POINT('',(-3.330857249619,-3.928498083284));
#2756 = CARTESIAN_POINT('',(-3.330857249619,-4.));
#2757 = ( GEOMETRIC_REPRESENTATION_CONTEXT(2) 
PARAMETRIC_REPRESENTATION_CONTEXT() REPRESENTATION_CONTEXT('2D SPACE',''
  ) );
#2758 = PCURVE('',#1291,#2759);
#2759 = DEFINITIONAL_REPRESENTATION('',(#2760),#2799);
#2760 = B_SPLINE_CURVE_WITH_KNOTS('',7,(#2761,#2762,#2763,#2764,#2765,
    #2766,#2767,#2768,#2769,#2770,#2771,#2772,#2773,#2774,#2775,#2776,
    #2777,#2778,#2779,#2780,#2781,#2782,#2783,#2784,#2785,#2786,#2787,
    #2788,#2789,#2790,#2791,#2792,#2793,#2794,#2795,#2796,#2797,#2798),
  .UNSPECIFIED.,.F.,.F.,(8,6,6,6,6,6,8),(0.,0.422884383332,
    0.630632196235,0.817616875079,0.913298372464,0.963268130393,1.),
  .UNSPECIFIED.);
#2761 = CARTESIAN_POINT('',(0.,26.869932987559));
#2762 = CARTESIAN_POINT('',(9.204037774415E-02,27.68170050426));
#2763 = CARTESIAN_POINT('',(0.180130957446,28.498706161329));
#2764 = CARTESIAN_POINT('',(0.265138396304,29.317081816617));
#2765 = CARTESIAN_POINT('',(0.347786344564,30.134951277362));
#2766 = CARTESIAN_POINT('',(0.428826586237,30.951995427088));
#2767 = CARTESIAN_POINT('',(0.508980910553,31.768252833709));
#2768 = CARTESIAN_POINT('',(0.628382995504,32.98167517115));
#2769 = CARTESIAN_POINT('',(0.667616264212,33.379974550086));
#2770 = CARTESIAN_POINT('',(0.706917101713,33.777381421638));
#2771 = CARTESIAN_POINT('',(0.746450039477,34.174255307618));
#2772 = CARTESIAN_POINT('',(0.78636572181,34.570535675872));
#2773 = CARTESIAN_POINT('',(0.826797586335,34.965498140073));
#2774 = CARTESIAN_POINT('',(0.904827918764,35.710329733759));
#2775 = CARTESIAN_POINT('',(0.941877923343,36.056676353638));
#2776 = CARTESIAN_POINT('',(0.979658231624,36.400964740737));
#2777 = CARTESIAN_POINT('',(1.018707635743,36.745605401598));
#2778 = CARTESIAN_POINT('',(1.05940995331,37.090032517417));
#2779 = CARTESIAN_POINT('',(1.102013380765,37.430177460651));
#2780 = CARTESIAN_POINT('',(1.169538245662,37.926341792359));
#2781 = CARTESIAN_POINT('',(1.19278506324,38.09006079892));
#2782 = CARTESIAN_POINT('',(1.216864877362,38.251787143001));
#2783 = CARTESIAN_POINT('',(1.24213288401,38.412175995554));
#2784 = CARTESIAN_POINT('',(1.268849026218,38.570152567813));
#2785 = CARTESIAN_POINT('',(1.297196041011,38.722920025052));
#2786 = CARTESIAN_POINT('',(1.343056676436,38.940909753339));
#2787 = CARTESIAN_POINT('',(1.359324469877,39.013319447787));
#2788 = CARTESIAN_POINT('',(1.376272070314,39.083267072905));
#2789 = CARTESIAN_POINT('',(1.394019311403,39.150200905698));
#2790 = CARTESIAN_POINT('',(1.412665553083,39.213112409101));
#2791 = CARTESIAN_POINT('',(1.432295678631,39.27054803778));
#2792 = CARTESIAN_POINT('',(1.468196127831,39.357430814991));
#2793 = CARTESIAN_POINT('',(1.484166569607,39.390716343254));
#2794 = CARTESIAN_POINT('',(1.500743658127,39.419043301129));
#2795 = CARTESIAN_POINT('',(1.517799258035,39.441273843157));
#2796 = CARTESIAN_POINT('',(1.535224155834,39.456561721765));
#2797 = CARTESIAN_POINT('',(1.552920847616,39.464346247147));
#2798 = CARTESIAN_POINT('',(1.570796326795,39.464346247147));
#2799 = ( GEOMETRIC_REPRESENTATION_CONTEXT(2) 
PARAMETRIC_REPRESENTATION_CONTEXT() REPRESENTATION_CONTEXT('2D SPACE',''
  ) );
#2800 = ORIENTED_EDGE('',*,*,#2555,.T.);
#2801 = ADVANCED_FACE('',(#2802,#3003),#1263,.F.);
#2802 = FACE_BOUND('',#2803,.F.);
#2803 = EDGE_LOOP('',(#2804,#2834,#2856,#2857,#2858,#2879,#2880,#2881,
    #2909,#2932,#2958,#2984));
#2804 = ORIENTED_EDGE('',*,*,#2805,.F.);
#2805 = EDGE_CURVE('',#2806,#2808,#2810,.T.);
#2806 = VERTEX_POINT('',#2807);
#2807 = CARTESIAN_POINT('',(190.,-51.,104.));
#2808 = VERTEX_POINT('',#2809);
#2809 = CARTESIAN_POINT('',(190.,-25.21904042583,103.99999999999));
#2810 = SURFACE_CURVE('',#2811,(#2815,#2822),.PCURVE_S1.);
#2811 = LINE('',#2812,#2813);
#2812 = CARTESIAN_POINT('',(190.,-55.,104.));
#2813 = VECTOR('',#2814,1.);
#2814 = DIRECTION('',(0.,1.,0.));
#2815 = PCURVE('',#1263,#2816);
#2816 = DEFINITIONAL_REPRESENTATION('',(#2817),#2821);
#2817 = LINE('',#2818,#2819);
#2818 = CARTESIAN_POINT('',(0.,0.));
#2819 = VECTOR('',#2820,1.);
#2820 = DIRECTION('',(0.,1.));
#2821 = ( GEOMETRIC_REPRESENTATION_CONTEXT(2) 
PARAMETRIC_REPRESENTATION_CONTEXT() REPRESENTATION_CONTEXT('2D SPACE',''
  ) );
#2822 = PCURVE('',#2823,#2828);
#2823 = PLANE('',#2824);
#2824 = AXIS2_PLACEMENT_3D('',#2825,#2826,#2827);
#2825 = CARTESIAN_POINT('',(190.,-55.,104.));
#2826 = DIRECTION('',(1.,0.,0.));
#2827 = DIRECTION('',(0.,0.,1.));
#2828 = DEFINITIONAL_REPRESENTATION('',(#2829),#2833);
#2829 = LINE('',#2830,#2831);
#2830 = CARTESIAN_POINT('',(0.,0.));
#2831 = VECTOR('',#2832,1.);
#2832 = DIRECTION('',(0.,-1.));
#2833 = ( GEOMETRIC_REPRESENTATION_CONTEXT(2) 
PARAMETRIC_REPRESENTATION_CONTEXT() REPRESENTATION_CONTEXT('2D SPACE',''
  ) );
#2834 = ORIENTED_EDGE('',*,*,#2835,.T.);
#2835 = EDGE_CURVE('',#2806,#1246,#2836,.T.);
#2836 = SURFACE_CURVE('',#2837,(#2842,#2849),.PCURVE_S1.);
#2837 = CIRCLE('',#2838,4.);
#2838 = AXIS2_PLACEMENT_3D('',#2839,#2840,#2841);
#2839 = CARTESIAN_POINT('',(194.,-51.,104.));
#2840 = DIRECTION('',(0.,0.,1.));
#2841 = DIRECTION('',(0.,-1.,0.));
#2842 = PCURVE('',#1263,#2843);
#2843 = DEFINITIONAL_REPRESENTATION('',(#2844),#2848);
#2844 = CIRCLE('',#2845,4.);
#2845 = AXIS2_PLACEMENT_2D('',#2846,#2847);
#2846 = CARTESIAN_POINT('',(4.,4.));
#2847 = DIRECTION('',(0.,-1.));
#2848 = ( GEOMETRIC_REPRESENTATION_CONTEXT(2) 
PARAMETRIC_REPRESENTATION_CONTEXT() REPRESENTATION_CONTEXT('2D SPACE',''
  ) );
#2849 = PCURVE('',#1291,#2850);
#2850 = DEFINITIONAL_REPRESENTATION('',(#2851),#2855);
#2851 = LINE('',#2852,#2853);
#2852 = CARTESIAN_POINT('',(-4.712388980385,0.));
#2853 = VECTOR('',#2854,1.);
#2854 = DIRECTION('',(1.,0.));
#2855 = ( GEOMETRIC_REPRESENTATION_CONTEXT(2) 
PARAMETRIC_REPRESENTATION_CONTEXT() REPRESENTATION_CONTEXT('2D SPACE',''
  ) );
#2856 = ORIENTED_EDGE('',*,*,#1245,.T.);
#2857 = ORIENTED_EDGE('',*,*,#1430,.F.);
#2858 = ORIENTED_EDGE('',*,*,#2859,.T.);
#2859 = EDGE_CURVE('',#1401,#1559,#2860,.T.);
#2860 = SURFACE_CURVE('',#2861,(#2865,#2872),.PCURVE_S1.);
#2861 = LINE('',#2862,#2863);
#2862 = CARTESIAN_POINT('',(610.,-55.,104.));
#2863 = VECTOR('',#2864,1.);
#2864 = DIRECTION('',(0.,1.,0.));
#2865 = PCURVE('',#1263,#2866);
#2866 = DEFINITIONAL_REPRESENTATION('',(#2867),#2871);
#2867 = LINE('',#2868,#2869);
#2868 = CARTESIAN_POINT('',(420.,0.));
#2869 = VECTOR('',#2870,1.);
#2870 = DIRECTION('',(0.,1.));
#2871 = ( GEOMETRIC_REPRESENTATION_CONTEXT(2) 
PARAMETRIC_REPRESENTATION_CONTEXT() REPRESENTATION_CONTEXT('2D SPACE',''
  ) );
#2872 = PCURVE('',#1418,#2873);
#2873 = DEFINITIONAL_REPRESENTATION('',(#2874),#2878);
#2874 = LINE('',#2875,#2876);
#2875 = CARTESIAN_POINT('',(0.,0.));
#2876 = VECTOR('',#2877,1.);
#2877 = DIRECTION('',(0.,-1.));
#2878 = ( GEOMETRIC_REPRESENTATION_CONTEXT(2) 
PARAMETRIC_REPRESENTATION_CONTEXT() REPRESENTATION_CONTEXT('2D SPACE',''
  ) );
#2879 = ORIENTED_EDGE('',*,*,#1583,.T.);
#2880 = ORIENTED_EDGE('',*,*,#1677,.F.);
#2881 = ORIENTED_EDGE('',*,*,#2882,.F.);
#2882 = EDGE_CURVE('',#2883,#1678,#2885,.T.);
#2883 = VERTEX_POINT('',#2884);
#2884 = CARTESIAN_POINT('',(190.,51.,104.));
#2885 = SURFACE_CURVE('',#2886,(#2891,#2902),.PCURVE_S1.);
#2886 = CIRCLE('',#2887,4.);
#2887 = AXIS2_PLACEMENT_3D('',#2888,#2889,#2890);
#2888 = CARTESIAN_POINT('',(194.,51.,104.));
#2889 = DIRECTION('',(-0.,-0.,-1.));
#2890 = DIRECTION('',(0.,-1.,0.));
#2891 = PCURVE('',#1263,#2892);
#2892 = DEFINITIONAL_REPRESENTATION('',(#2893),#2901);
#2893 = ( BOUNDED_CURVE() B_SPLINE_CURVE(2,(#2894,#2895,#2896,#2897,
#2898,#2899,#2900),.UNSPECIFIED.,.T.,.F.) B_SPLINE_CURVE_WITH_KNOTS((1,2
    ,2,2,2,1),(-2.094395102393,0.,2.094395102393,4.188790204786,
6.28318530718,8.377580409573),.UNSPECIFIED.) CURVE() 
GEOMETRIC_REPRESENTATION_ITEM() RATIONAL_B_SPLINE_CURVE((1.,0.5,1.,0.5,
1.,0.5,1.)) REPRESENTATION_ITEM('') );
#2894 = CARTESIAN_POINT('',(4.,102.));
#2895 = CARTESIAN_POINT('',(-2.928203230276,102.));
#2896 = CARTESIAN_POINT('',(0.535898384862,108.));
#2897 = CARTESIAN_POINT('',(4.,114.));
#2898 = CARTESIAN_POINT('',(7.464101615138,108.));
#2899 = CARTESIAN_POINT('',(10.928203230276,102.));
#2900 = CARTESIAN_POINT('',(4.,102.));
#2901 = ( GEOMETRIC_REPRESENTATION_CONTEXT(2) 
PARAMETRIC_REPRESENTATION_CONTEXT() REPRESENTATION_CONTEXT('2D SPACE',''
  ) );
#2902 = PCURVE('',#1716,#2903);
#2903 = DEFINITIONAL_REPRESENTATION('',(#2904),#2908);
#2904 = LINE('',#2905,#2906);
#2905 = CARTESIAN_POINT('',(1.570796326795,-0.));
#2906 = VECTOR('',#2907,1.);
#2907 = DIRECTION('',(-1.,0.));
#2908 = ( GEOMETRIC_REPRESENTATION_CONTEXT(2) 
PARAMETRIC_REPRESENTATION_CONTEXT() REPRESENTATION_CONTEXT('2D SPACE',''
  ) );
#2909 = ORIENTED_EDGE('',*,*,#2910,.F.);
#2910 = EDGE_CURVE('',#2911,#2883,#2913,.T.);
#2911 = VERTEX_POINT('',#2912);
#2912 = CARTESIAN_POINT('',(190.,25.219040425841,104.));
#2913 = SURFACE_CURVE('',#2914,(#2918,#2925),.PCURVE_S1.);
#2914 = LINE('',#2915,#2916);
#2915 = CARTESIAN_POINT('',(190.,-55.,104.));
#2916 = VECTOR('',#2917,1.);
#2917 = DIRECTION('',(0.,1.,0.));
#2918 = PCURVE('',#1263,#2919);
#2919 = DEFINITIONAL_REPRESENTATION('',(#2920),#2924);
#2920 = LINE('',#2921,#2922);
#2921 = CARTESIAN_POINT('',(0.,0.));
#2922 = VECTOR('',#2923,1.);
#2923 = DIRECTION('',(0.,1.));
#2924 = ( GEOMETRIC_REPRESENTATION_CONTEXT(2) 
PARAMETRIC_REPRESENTATION_CONTEXT() REPRESENTATION_CONTEXT('2D SPACE',''
  ) );
#2925 = PCURVE('',#2823,#2926);
#2926 = DEFINITIONAL_REPRESENTATION('',(#2927),#2931);
#2927 = LINE('',#2928,#2929);
#2928 = CARTESIAN_POINT('',(0.,0.));
#2929 = VECTOR('',#2930,1.);
#2930 = DIRECTION('',(0.,-1.));
#2931 = ( GEOMETRIC_REPRESENTATION_CONTEXT(2) 
PARAMETRIC_REPRESENTATION_CONTEXT() REPRESENTATION_CONTEXT('2D SPACE',''
  ) );
#2932 = ORIENTED_EDGE('',*,*,#2933,.F.);
#2933 = EDGE_CURVE('',#2934,#2911,#2936,.T.);
#2934 = VERTEX_POINT('',#2935);
#2935 = CARTESIAN_POINT('',(226.,25.219040425837,104.));
#2936 = SURFACE_CURVE('',#2937,(#2941,#2947),.PCURVE_S1.);
#2937 = LINE('',#2938,#2939);
#2938 = CARTESIAN_POINT('',(190.,25.219040425837,104.));
#2939 = VECTOR('',#2940,1.);
#2940 = DIRECTION('',(-1.,-0.,-0.));
#2941 = PCURVE('',#1263,#2942);
#2942 = DEFINITIONAL_REPRESENTATION('',(#2943),#2946);
#2943 = B_SPLINE_CURVE_WITH_KNOTS('',1,(#2944,#2945),.UNSPECIFIED.,.F.,
  .F.,(2,2),(-36.0000006,5.999999928008E-07),.PIECEWISE_BEZIER_KNOTS.);
#2944 = CARTESIAN_POINT('',(36.0000006,80.219040425837));
#2945 = CARTESIAN_POINT('',(-5.999999928008E-07,80.219040425837));
#2946 = ( GEOMETRIC_REPRESENTATION_CONTEXT(2) 
PARAMETRIC_REPRESENTATION_CONTEXT() REPRESENTATION_CONTEXT('2D SPACE',''
  ) );
#2947 = PCURVE('',#2948,#2953);
#2948 = CYLINDRICAL_SURFACE('',#2949,56.);
#2949 = AXIS2_PLACEMENT_3D('',#2950,#2951,#2952);
#2950 = CARTESIAN_POINT('',(190.,0.,154.));
#2951 = DIRECTION('',(-1.,-0.,-0.));
#2952 = DIRECTION('',(0.,1.,0.));
#2953 = DEFINITIONAL_REPRESENTATION('',(#2954),#2957);
#2954 = B_SPLINE_CURVE_WITH_KNOTS('',1,(#2955,#2956),.UNSPECIFIED.,.F.,
  .F.,(2,2),(-36.0000006,5.999999928008E-07),.PIECEWISE_BEZIER_KNOTS.);
#2955 = CARTESIAN_POINT('',(-5.179535091394,-36.0000006));
#2956 = CARTESIAN_POINT('',(-5.179535091394,5.999999928008E-07));
#2957 = ( GEOMETRIC_REPRESENTATION_CONTEXT(2) 
PARAMETRIC_REPRESENTATION_CONTEXT() REPRESENTATION_CONTEXT('2D SPACE',''
  ) );
#2958 = ORIENTED_EDGE('',*,*,#2959,.F.);
#2959 = EDGE_CURVE('',#2960,#2934,#2962,.T.);
#2960 = VERTEX_POINT('',#2961);
#2961 = CARTESIAN_POINT('',(226.,-25.21904042583,104.));
#2962 = SURFACE_CURVE('',#2963,(#2967,#2973),.PCURVE_S1.);
#2963 = LINE('',#2964,#2965);
#2964 = CARTESIAN_POINT('',(226.,-27.5,104.));
#2965 = VECTOR('',#2966,1.);
#2966 = DIRECTION('',(0.,1.,0.));
#2967 = PCURVE('',#1263,#2968);
#2968 = DEFINITIONAL_REPRESENTATION('',(#2969),#2972);
#2969 = B_SPLINE_CURVE_WITH_KNOTS('',1,(#2970,#2971),.UNSPECIFIED.,.F.,
  .F.,(2,2),(-27.5,82.5),.PIECEWISE_BEZIER_KNOTS.);
#2970 = CARTESIAN_POINT('',(36.,0.));
#2971 = CARTESIAN_POINT('',(36.,110.));
#2972 = ( GEOMETRIC_REPRESENTATION_CONTEXT(2) 
PARAMETRIC_REPRESENTATION_CONTEXT() REPRESENTATION_CONTEXT('2D SPACE',''
  ) );
#2973 = PCURVE('',#2974,#2979);
#2974 = PLANE('',#2975);
#2975 = AXIS2_PLACEMENT_3D('',#2976,#2977,#2978);
#2976 = CARTESIAN_POINT('',(226.,-6.251154891609E-15,154.));
#2977 = DIRECTION('',(1.,0.,0.));
#2978 = DIRECTION('',(-0.,0.,1.));
#2979 = DEFINITIONAL_REPRESENTATION('',(#2980),#2983);
#2980 = B_SPLINE_CURVE_WITH_KNOTS('',1,(#2981,#2982),.UNSPECIFIED.,.F.,
  .F.,(2,2),(-27.5,82.5),.PIECEWISE_BEZIER_KNOTS.);
#2981 = CARTESIAN_POINT('',(-50.,55.));
#2982 = CARTESIAN_POINT('',(-50.,-55.));
#2983 = ( GEOMETRIC_REPRESENTATION_CONTEXT(2) 
PARAMETRIC_REPRESENTATION_CONTEXT() REPRESENTATION_CONTEXT('2D SPACE',''
  ) );
#2984 = ORIENTED_EDGE('',*,*,#2985,.T.);
#2985 = EDGE_CURVE('',#2960,#2808,#2986,.T.);
#2986 = SURFACE_CURVE('',#2987,(#2991,#2997),.PCURVE_S1.);
#2987 = LINE('',#2988,#2989);
#2988 = CARTESIAN_POINT('',(190.,-25.21904042583,104.));
#2989 = VECTOR('',#2990,1.);
#2990 = DIRECTION('',(-1.,-0.,-0.));
#2991 = PCURVE('',#1263,#2992);
#2992 = DEFINITIONAL_REPRESENTATION('',(#2993),#2996);
#2993 = B_SPLINE_CURVE_WITH_KNOTS('',1,(#2994,#2995),.UNSPECIFIED.,.F.,
  .F.,(2,2),(-36.0000006,5.999999928008E-07),.PIECEWISE_BEZIER_KNOTS.);
#2994 = CARTESIAN_POINT('',(36.0000006,29.780959574163));
#2995 = CARTESIAN_POINT('',(-5.999999928008E-07,29.780959574163));
#2996 = ( GEOMETRIC_REPRESENTATION_CONTEXT(2) 
PARAMETRIC_REPRESENTATION_CONTEXT() REPRESENTATION_CONTEXT('2D SPACE',''
  ) );
#2997 = PCURVE('',#2948,#2998);
#2998 = DEFINITIONAL_REPRESENTATION('',(#2999),#3002);
#2999 = B_SPLINE_CURVE_WITH_KNOTS('',1,(#3000,#3001),.UNSPECIFIED.,.F.,
  .F.,(2,2),(-36.0000006,5.999999928008E-07),.PIECEWISE_BEZIER_KNOTS.);
#3000 = CARTESIAN_POINT('',(-4.245242869376,-36.0000006));
#3001 = CARTESIAN_POINT('',(-4.245242869376,5.999999928008E-07));
#3002 = ( GEOMETRIC_REPRESENTATION_CONTEXT(2) 
PARAMETRIC_REPRESENTATION_CONTEXT() REPRESENTATION_CONTEXT('2D SPACE',''
  ) );
#3003 = FACE_BOUND('',#3004,.F.);
#3004 = EDGE_LOOP('',(#3005,#3036,#3062,#3091,#3117,#3146,#3172,#3201));
#3005 = ORIENTED_EDGE('',*,*,#3006,.F.);
#3006 = EDGE_CURVE('',#3007,#3009,#3011,.T.);
#3007 = VERTEX_POINT('',#3008);
#3008 = CARTESIAN_POINT('',(274.,-16.,104.));
#3009 = VERTEX_POINT('',#3010);
#3010 = CARTESIAN_POINT('',(276.,-18.,104.));
#3011 = SURFACE_CURVE('',#3012,(#3017,#3024),.PCURVE_S1.);
#3012 = CIRCLE('',#3013,2.);
#3013 = AXIS2_PLACEMENT_3D('',#3014,#3015,#3016);
#3014 = CARTESIAN_POINT('',(276.,-16.,104.));
#3015 = DIRECTION('',(0.,0.,1.));
#3016 = DIRECTION('',(-1.,-0.,0.));
#3017 = PCURVE('',#1263,#3018);
#3018 = DEFINITIONAL_REPRESENTATION('',(#3019),#3023);
#3019 = CIRCLE('',#3020,2.);
#3020 = AXIS2_PLACEMENT_2D('',#3021,#3022);
#3021 = CARTESIAN_POINT('',(86.,39.));
#3022 = DIRECTION('',(-1.,0.));
#3023 = ( GEOMETRIC_REPRESENTATION_CONTEXT(2) 
PARAMETRIC_REPRESENTATION_CONTEXT() REPRESENTATION_CONTEXT('2D SPACE',''
  ) );
#3024 = PCURVE('',#3025,#3030);
#3025 = CYLINDRICAL_SURFACE('',#3026,2.);
#3026 = AXIS2_PLACEMENT_3D('',#3027,#3028,#3029);
#3027 = CARTESIAN_POINT('',(276.,-16.,86.));
#3028 = DIRECTION('',(0.,0.,1.));
#3029 = DIRECTION('',(-1.,-0.,0.));
#3030 = DEFINITIONAL_REPRESENTATION('',(#3031),#3035);
#3031 = LINE('',#3032,#3033);
#3032 = CARTESIAN_POINT('',(0.,18.));
#3033 = VECTOR('',#3034,1.);
#3034 = DIRECTION('',(1.,0.));
#3035 = ( GEOMETRIC_REPRESENTATION_CONTEXT(2) 
PARAMETRIC_REPRESENTATION_CONTEXT() REPRESENTATION_CONTEXT('2D SPACE',''
  ) );
#3036 = ORIENTED_EDGE('',*,*,#3037,.T.);
#3037 = EDGE_CURVE('',#3007,#3038,#3040,.T.);
#3038 = VERTEX_POINT('',#3039);
#3039 = CARTESIAN_POINT('',(274.,16.,104.));
#3040 = SURFACE_CURVE('',#3041,(#3045,#3051),.PCURVE_S1.);
#3041 = LINE('',#3042,#3043);
#3042 = CARTESIAN_POINT('',(274.,-36.5,104.));
#3043 = VECTOR('',#3044,1.);
#3044 = DIRECTION('',(0.,1.,0.));
#3045 = PCURVE('',#1263,#3046);
#3046 = DEFINITIONAL_REPRESENTATION('',(#3047),#3050);
#3047 = B_SPLINE_CURVE_WITH_KNOTS('',1,(#3048,#3049),.UNSPECIFIED.,.F.,
  .F.,(2,2),(20.5,52.5),.PIECEWISE_BEZIER_KNOTS.);
#3048 = CARTESIAN_POINT('',(84.,39.));
#3049 = CARTESIAN_POINT('',(84.,71.));
#3050 = ( GEOMETRIC_REPRESENTATION_CONTEXT(2) 
PARAMETRIC_REPRESENTATION_CONTEXT() REPRESENTATION_CONTEXT('2D SPACE',''
  ) );
#3051 = PCURVE('',#3052,#3057);
#3052 = PLANE('',#3053);
#3053 = AXIS2_PLACEMENT_3D('',#3054,#3055,#3056);
#3054 = CARTESIAN_POINT('',(274.,-18.,86.));
#3055 = DIRECTION('',(1.,0.,0.));
#3056 = DIRECTION('',(0.,0.,1.));
#3057 = DEFINITIONAL_REPRESENTATION('',(#3058),#3061);
#3058 = B_SPLINE_CURVE_WITH_KNOTS('',1,(#3059,#3060),.UNSPECIFIED.,.F.,
  .F.,(2,2),(20.5,52.5),.PIECEWISE_BEZIER_KNOTS.);
#3059 = CARTESIAN_POINT('',(18.,-2.));
#3060 = CARTESIAN_POINT('',(18.,-34.));
#3061 = ( GEOMETRIC_REPRESENTATION_CONTEXT(2) 
PARAMETRIC_REPRESENTATION_CONTEXT() REPRESENTATION_CONTEXT('2D SPACE',''
  ) );
#3062 = ORIENTED_EDGE('',*,*,#3063,.F.);
#3063 = EDGE_CURVE('',#3064,#3038,#3066,.T.);
#3064 = VERTEX_POINT('',#3065);
#3065 = CARTESIAN_POINT('',(276.,18.,104.));
#3066 = SURFACE_CURVE('',#3067,(#3072,#3079),.PCURVE_S1.);
#3067 = CIRCLE('',#3068,2.);
#3068 = AXIS2_PLACEMENT_3D('',#3069,#3070,#3071);
#3069 = CARTESIAN_POINT('',(276.,16.,104.));
#3070 = DIRECTION('',(0.,0.,1.));
#3071 = DIRECTION('',(-1.,-0.,0.));
#3072 = PCURVE('',#1263,#3073);
#3073 = DEFINITIONAL_REPRESENTATION('',(#3074),#3078);
#3074 = CIRCLE('',#3075,2.);
#3075 = AXIS2_PLACEMENT_2D('',#3076,#3077);
#3076 = CARTESIAN_POINT('',(86.,71.));
#3077 = DIRECTION('',(-1.,0.));
#3078 = ( GEOMETRIC_REPRESENTATION_CONTEXT(2) 
PARAMETRIC_REPRESENTATION_CONTEXT() REPRESENTATION_CONTEXT('2D SPACE',''
  ) );
#3079 = PCURVE('',#3080,#3085);
#3080 = CYLINDRICAL_SURFACE('',#3081,2.);
#3081 = AXIS2_PLACEMENT_3D('',#3082,#3083,#3084);
#3082 = CARTESIAN_POINT('',(276.,16.,86.));
#3083 = DIRECTION('',(0.,0.,1.));
#3084 = DIRECTION('',(-1.,-0.,0.));
#3085 = DEFINITIONAL_REPRESENTATION('',(#3086),#3090);
#3086 = LINE('',#3087,#3088);
#3087 = CARTESIAN_POINT('',(-6.28318530718,18.));
#3088 = VECTOR('',#3089,1.);
#3089 = DIRECTION('',(1.,-0.));
#3090 = ( GEOMETRIC_REPRESENTATION_CONTEXT(2) 
PARAMETRIC_REPRESENTATION_CONTEXT() REPRESENTATION_CONTEXT('2D SPACE',''
  ) );
#3091 = ORIENTED_EDGE('',*,*,#3092,.F.);
#3092 = EDGE_CURVE('',#3093,#3064,#3095,.T.);
#3093 = VERTEX_POINT('',#3094);
#3094 = CARTESIAN_POINT('',(566.,18.,104.));
#3095 = SURFACE_CURVE('',#3096,(#3100,#3106),.PCURVE_S1.);
#3096 = LINE('',#3097,#3098);
#3097 = CARTESIAN_POINT('',(232.,18.,104.));
#3098 = VECTOR('',#3099,1.);
#3099 = DIRECTION('',(-1.,0.,0.));
#3100 = PCURVE('',#1263,#3101);
#3101 = DEFINITIONAL_REPRESENTATION('',(#3102),#3105);
#3102 = B_SPLINE_CURVE_WITH_KNOTS('',1,(#3103,#3104),.UNSPECIFIED.,.F.,
  .F.,(2,2),(-334.,-44.),.PIECEWISE_BEZIER_KNOTS.);
#3103 = CARTESIAN_POINT('',(376.,73.));
#3104 = CARTESIAN_POINT('',(86.,73.));
#3105 = ( GEOMETRIC_REPRESENTATION_CONTEXT(2) 
PARAMETRIC_REPRESENTATION_CONTEXT() REPRESENTATION_CONTEXT('2D SPACE',''
  ) );
#3106 = PCURVE('',#3107,#3112);
#3107 = PLANE('',#3108);
#3108 = AXIS2_PLACEMENT_3D('',#3109,#3110,#3111);
#3109 = CARTESIAN_POINT('',(274.,18.,86.));
#3110 = DIRECTION('',(0.,1.,0.));
#3111 = DIRECTION('',(0.,0.,1.));
#3112 = DEFINITIONAL_REPRESENTATION('',(#3113),#3116);
#3113 = B_SPLINE_CURVE_WITH_KNOTS('',1,(#3114,#3115),.UNSPECIFIED.,.F.,
  .F.,(2,2),(-334.,-44.),.PIECEWISE_BEZIER_KNOTS.);
#3114 = CARTESIAN_POINT('',(18.,292.));
#3115 = CARTESIAN_POINT('',(18.,2.));
#3116 = ( GEOMETRIC_REPRESENTATION_CONTEXT(2) 
PARAMETRIC_REPRESENTATION_CONTEXT() REPRESENTATION_CONTEXT('2D SPACE',''
  ) );
#3117 = ORIENTED_EDGE('',*,*,#3118,.F.);
#3118 = EDGE_CURVE('',#3119,#3093,#3121,.T.);
#3119 = VERTEX_POINT('',#3120);
#3120 = CARTESIAN_POINT('',(568.,16.,104.));
#3121 = SURFACE_CURVE('',#3122,(#3127,#3134),.PCURVE_S1.);
#3122 = CIRCLE('',#3123,2.);
#3123 = AXIS2_PLACEMENT_3D('',#3124,#3125,#3126);
#3124 = CARTESIAN_POINT('',(566.,16.,104.));
#3125 = DIRECTION('',(0.,0.,1.));
#3126 = DIRECTION('',(1.,0.,-0.));
#3127 = PCURVE('',#1263,#3128);
#3128 = DEFINITIONAL_REPRESENTATION('',(#3129),#3133);
#3129 = CIRCLE('',#3130,2.);
#3130 = AXIS2_PLACEMENT_2D('',#3131,#3132);
#3131 = CARTESIAN_POINT('',(376.,71.));
#3132 = DIRECTION('',(1.,0.));
#3133 = ( GEOMETRIC_REPRESENTATION_CONTEXT(2) 
PARAMETRIC_REPRESENTATION_CONTEXT() REPRESENTATION_CONTEXT('2D SPACE',''
  ) );
#3134 = PCURVE('',#3135,#3140);
#3135 = CYLINDRICAL_SURFACE('',#3136,2.);
#3136 = AXIS2_PLACEMENT_3D('',#3137,#3138,#3139);
#3137 = CARTESIAN_POINT('',(566.,16.,86.));
#3138 = DIRECTION('',(0.,0.,1.));
#3139 = DIRECTION('',(1.,0.,-0.));
#3140 = DEFINITIONAL_REPRESENTATION('',(#3141),#3145);
#3141 = LINE('',#3142,#3143);
#3142 = CARTESIAN_POINT('',(0.,18.));
#3143 = VECTOR('',#3144,1.);
#3144 = DIRECTION('',(1.,0.));
#3145 = ( GEOMETRIC_REPRESENTATION_CONTEXT(2) 
PARAMETRIC_REPRESENTATION_CONTEXT() REPRESENTATION_CONTEXT('2D SPACE',''
  ) );
#3146 = ORIENTED_EDGE('',*,*,#3147,.F.);
#3147 = EDGE_CURVE('',#3148,#3119,#3150,.T.);
#3148 = VERTEX_POINT('',#3149);
#3149 = CARTESIAN_POINT('',(568.,-16.,104.));
#3150 = SURFACE_CURVE('',#3151,(#3155,#3161),.PCURVE_S1.);
#3151 = LINE('',#3152,#3153);
#3152 = CARTESIAN_POINT('',(568.,-36.5,104.));
#3153 = VECTOR('',#3154,1.);
#3154 = DIRECTION('',(0.,1.,0.));
#3155 = PCURVE('',#1263,#3156);
#3156 = DEFINITIONAL_REPRESENTATION('',(#3157),#3160);
#3157 = B_SPLINE_CURVE_WITH_KNOTS('',1,(#3158,#3159),.UNSPECIFIED.,.F.,
  .F.,(2,2),(20.5,52.5),.PIECEWISE_BEZIER_KNOTS.);
#3158 = CARTESIAN_POINT('',(378.,39.));
#3159 = CARTESIAN_POINT('',(378.,71.));
#3160 = ( GEOMETRIC_REPRESENTATION_CONTEXT(2) 
PARAMETRIC_REPRESENTATION_CONTEXT() REPRESENTATION_CONTEXT('2D SPACE',''
  ) );
#3161 = PCURVE('',#3162,#3167);
#3162 = PLANE('',#3163);
#3163 = AXIS2_PLACEMENT_3D('',#3164,#3165,#3166);
#3164 = CARTESIAN_POINT('',(568.,-18.,86.));
#3165 = DIRECTION('',(1.,0.,0.));
#3166 = DIRECTION('',(0.,0.,1.));
#3167 = DEFINITIONAL_REPRESENTATION('',(#3168),#3171);
#3168 = B_SPLINE_CURVE_WITH_KNOTS('',1,(#3169,#3170),.UNSPECIFIED.,.F.,
  .F.,(2,2),(20.5,52.5),.PIECEWISE_BEZIER_KNOTS.);
#3169 = CARTESIAN_POINT('',(18.,-2.));
#3170 = CARTESIAN_POINT('',(18.,-34.));
#3171 = ( GEOMETRIC_REPRESENTATION_CONTEXT(2) 
PARAMETRIC_REPRESENTATION_CONTEXT() REPRESENTATION_CONTEXT('2D SPACE',''
  ) );
#3172 = ORIENTED_EDGE('',*,*,#3173,.F.);
#3173 = EDGE_CURVE('',#3174,#3148,#3176,.T.);
#3174 = VERTEX_POINT('',#3175);
#3175 = CARTESIAN_POINT('',(566.,-18.,104.));
#3176 = SURFACE_CURVE('',#3177,(#3182,#3189),.PCURVE_S1.);
#3177 = CIRCLE('',#3178,2.);
#3178 = AXIS2_PLACEMENT_3D('',#3179,#3180,#3181);
#3179 = CARTESIAN_POINT('',(566.,-16.,104.));
#3180 = DIRECTION('',(0.,0.,1.));
#3181 = DIRECTION('',(1.,0.,-0.));
#3182 = PCURVE('',#1263,#3183);
#3183 = DEFINITIONAL_REPRESENTATION('',(#3184),#3188);
#3184 = CIRCLE('',#3185,2.);
#3185 = AXIS2_PLACEMENT_2D('',#3186,#3187);
#3186 = CARTESIAN_POINT('',(376.,39.));
#3187 = DIRECTION('',(1.,0.));
#3188 = ( GEOMETRIC_REPRESENTATION_CONTEXT(2) 
PARAMETRIC_REPRESENTATION_CONTEXT() REPRESENTATION_CONTEXT('2D SPACE',''
  ) );
#3189 = PCURVE('',#3190,#3195);
#3190 = CYLINDRICAL_SURFACE('',#3191,2.);
#3191 = AXIS2_PLACEMENT_3D('',#3192,#3193,#3194);
#3192 = CARTESIAN_POINT('',(566.,-16.,86.));
#3193 = DIRECTION('',(0.,0.,1.));
#3194 = DIRECTION('',(1.,0.,-0.));
#3195 = DEFINITIONAL_REPRESENTATION('',(#3196),#3200);
#3196 = LINE('',#3197,#3198);
#3197 = CARTESIAN_POINT('',(-6.28318530718,18.));
#3198 = VECTOR('',#3199,1.);
#3199 = DIRECTION('',(1.,-0.));
#3200 = ( GEOMETRIC_REPRESENTATION_CONTEXT(2) 
PARAMETRIC_REPRESENTATION_CONTEXT() REPRESENTATION_CONTEXT('2D SPACE',''
  ) );
#3201 = ORIENTED_EDGE('',*,*,#3202,.T.);
#3202 = EDGE_CURVE('',#3174,#3009,#3203,.T.);
#3203 = SURFACE_CURVE('',#3204,(#3208,#3214),.PCURVE_S1.);
#3204 = LINE('',#3205,#3206);
#3205 = CARTESIAN_POINT('',(232.,-18.,104.));
#3206 = VECTOR('',#3207,1.);
#3207 = DIRECTION('',(-1.,0.,0.));
#3208 = PCURVE('',#1263,#3209);
#3209 = DEFINITIONAL_REPRESENTATION('',(#3210),#3213);
#3210 = B_SPLINE_CURVE_WITH_KNOTS('',1,(#3211,#3212),.UNSPECIFIED.,.F.,
  .F.,(2,2),(-334.,-44.),.PIECEWISE_BEZIER_KNOTS.);
#3211 = CARTESIAN_POINT('',(376.,37.));
#3212 = CARTESIAN_POINT('',(86.,37.));
#3213 = ( GEOMETRIC_REPRESENTATION_CONTEXT(2) 
PARAMETRIC_REPRESENTATION_CONTEXT() REPRESENTATION_CONTEXT('2D SPACE',''
  ) );
#3214 = PCURVE('',#3215,#3220);
#3215 = PLANE('',#3216);
#3216 = AXIS2_PLACEMENT_3D('',#3217,#3218,#3219);
#3217 = CARTESIAN_POINT('',(274.,-18.,86.));
#3218 = DIRECTION('',(0.,1.,0.));
#3219 = DIRECTION('',(0.,0.,1.));
#3220 = DEFINITIONAL_REPRESENTATION('',(#3221),#3224);
#3221 = B_SPLINE_CURVE_WITH_KNOTS('',1,(#3222,#3223),.UNSPECIFIED.,.F.,
  .F.,(2,2),(-334.,-44.),.PIECEWISE_BEZIER_KNOTS.);
#3222 = CARTESIAN_POINT('',(18.,292.));
#3223 = CARTESIAN_POINT('',(18.,2.));
#3224 = ( GEOMETRIC_REPRESENTATION_CONTEXT(2) 
PARAMETRIC_REPRESENTATION_CONTEXT() REPRESENTATION_CONTEXT('2D SPACE',''
  ) );
#3225 = ADVANCED_FACE('',(#3226),#1339,.T.);
#3226 = FACE_BOUND('',#3227,.T.);
#3227 = EDGE_LOOP('',(#3228,#3229));
#3228 = ORIENTED_EDGE('',*,*,#1324,.F.);
#3229 = ORIENTED_EDGE('',*,*,#2652,.T.);
#3230 = ADVANCED_FACE('',(#3231),#1291,.T.);
#3231 = FACE_BOUND('',#3232,.T.);
#3232 = EDGE_LOOP('',(#3233,#3256,#3257,#3258,#3259,#3260));
#3233 = ORIENTED_EDGE('',*,*,#3234,.F.);
#3234 = EDGE_CURVE('',#2806,#3235,#3237,.T.);
#3235 = VERTEX_POINT('',#3236);
#3236 = CARTESIAN_POINT('',(190.,-51.,107.));
#3237 = SURFACE_CURVE('',#3238,(#3242,#3249),.PCURVE_S1.);
#3238 = LINE('',#3239,#3240);
#3239 = CARTESIAN_POINT('',(190.,-51.,104.));
#3240 = VECTOR('',#3241,1.);
#3241 = DIRECTION('',(0.,0.,1.));
#3242 = PCURVE('',#1291,#3243);
#3243 = DEFINITIONAL_REPRESENTATION('',(#3244),#3248);
#3244 = LINE('',#3245,#3246);
#3245 = CARTESIAN_POINT('',(0.,0.));
#3246 = VECTOR('',#3247,1.);
#3247 = DIRECTION('',(0.,1.));
#3248 = ( GEOMETRIC_REPRESENTATION_CONTEXT(2) 
PARAMETRIC_REPRESENTATION_CONTEXT() REPRESENTATION_CONTEXT('2D SPACE',''
  ) );
#3249 = PCURVE('',#2823,#3250);
#3250 = DEFINITIONAL_REPRESENTATION('',(#3251),#3255);
#3251 = LINE('',#3252,#3253);
#3252 = CARTESIAN_POINT('',(0.,-4.));
#3253 = VECTOR('',#3254,1.);
#3254 = DIRECTION('',(1.,0.));
#3255 = ( GEOMETRIC_REPRESENTATION_CONTEXT(2) 
PARAMETRIC_REPRESENTATION_CONTEXT() REPRESENTATION_CONTEXT('2D SPACE',''
  ) );
#3256 = ORIENTED_EDGE('',*,*,#2835,.T.);
#3257 = ORIENTED_EDGE('',*,*,#1275,.T.);
#3258 = ORIENTED_EDGE('',*,*,#2675,.F.);
#3259 = ORIENTED_EDGE('',*,*,#2534,.F.);
#3260 = ORIENTED_EDGE('',*,*,#3261,.F.);
#3261 = EDGE_CURVE('',#3235,#2512,#3262,.T.);
#3262 = SURFACE_CURVE('',#3263,(#3268,#3275),.PCURVE_S1.);
#3263 = CIRCLE('',#3264,4.);
#3264 = AXIS2_PLACEMENT_3D('',#3265,#3266,#3267);
#3265 = CARTESIAN_POINT('',(194.,-51.,107.));
#3266 = DIRECTION('',(0.,0.,1.));
#3267 = DIRECTION('',(-1.,-0.,0.));
#3268 = PCURVE('',#1291,#3269);
#3269 = DEFINITIONAL_REPRESENTATION('',(#3270),#3274);
#3270 = LINE('',#3271,#3272);
#3271 = CARTESIAN_POINT('',(0.,3.));
#3272 = VECTOR('',#3273,1.);
#3273 = DIRECTION('',(1.,0.));
#3274 = ( GEOMETRIC_REPRESENTATION_CONTEXT(2) 
PARAMETRIC_REPRESENTATION_CONTEXT() REPRESENTATION_CONTEXT('2D SPACE',''
  ) );
#3275 = PCURVE('',#1516,#3276);
#3276 = DEFINITIONAL_REPRESENTATION('',(#3277),#3281);
#3277 = CIRCLE('',#3278,4.);
#3278 = AXIS2_PLACEMENT_2D('',#3279,#3280);
#3279 = CARTESIAN_POINT('',(5.,1.));
#3280 = DIRECTION('',(-1.,0.));
#3281 = ( GEOMETRIC_REPRESENTATION_CONTEXT(2) 
PARAMETRIC_REPRESENTATION_CONTEXT() REPRESENTATION_CONTEXT('2D SPACE',''
  ) );
#3282 = ADVANCED_FACE('',(#3283),#1418,.T.);
#3283 = FACE_BOUND('',#3284,.T.);
#3284 = EDGE_LOOP('',(#3285,#3304,#3305,#3306));
#3285 = ORIENTED_EDGE('',*,*,#3286,.T.);
#3286 = EDGE_CURVE('',#1561,#1403,#3287,.T.);
#3287 = SURFACE_CURVE('',#3288,(#3292,#3298),.PCURVE_S1.);
#3288 = LINE('',#3289,#3290);
#3289 = CARTESIAN_POINT('',(610.,-53.5,107.));
#3290 = VECTOR('',#3291,1.);
#3291 = DIRECTION('',(0.,-1.,0.));
#3292 = PCURVE('',#1418,#3293);
#3293 = DEFINITIONAL_REPRESENTATION('',(#3294),#3297);
#3294 = B_SPLINE_CURVE_WITH_KNOTS('',1,(#3295,#3296),.UNSPECIFIED.,.F.,
  .F.,(2,2),(-104.5,-2.5),.PIECEWISE_BEZIER_KNOTS.);
#3295 = CARTESIAN_POINT('',(3.,-106.));
#3296 = CARTESIAN_POINT('',(3.,-4.));
#3297 = ( GEOMETRIC_REPRESENTATION_CONTEXT(2) 
PARAMETRIC_REPRESENTATION_CONTEXT() REPRESENTATION_CONTEXT('2D SPACE',''
  ) );
#3298 = PCURVE('',#1516,#3299);
#3299 = DEFINITIONAL_REPRESENTATION('',(#3300),#3303);
#3300 = B_SPLINE_CURVE_WITH_KNOTS('',1,(#3301,#3302),.UNSPECIFIED.,.F.,
  .F.,(2,2),(-104.5,-2.5),.PIECEWISE_BEZIER_KNOTS.);
#3301 = CARTESIAN_POINT('',(421.,103.));
#3302 = CARTESIAN_POINT('',(421.,1.));
#3303 = ( GEOMETRIC_REPRESENTATION_CONTEXT(2) 
PARAMETRIC_REPRESENTATION_CONTEXT() REPRESENTATION_CONTEXT('2D SPACE',''
  ) );
#3304 = ORIENTED_EDGE('',*,*,#1400,.F.);
#3305 = ORIENTED_EDGE('',*,*,#2859,.T.);
#3306 = ORIENTED_EDGE('',*,*,#1558,.T.);
#3307 = ADVANCED_FACE('',(#3308),#1516,.T.);
#3308 = FACE_BOUND('',#3309,.T.);
#3309 = EDGE_LOOP('',(#3310,#3311,#3335,#3354,#3355,#3356,#3357,#3358));
#3310 = ORIENTED_EDGE('',*,*,#2442,.F.);
#3311 = ORIENTED_EDGE('',*,*,#3312,.T.);
#3312 = EDGE_CURVE('',#2443,#3313,#3315,.T.);
#3313 = VERTEX_POINT('',#3314);
#3314 = CARTESIAN_POINT('',(190.,51.,107.));
#3315 = SURFACE_CURVE('',#3316,(#3321,#3328),.PCURVE_S1.);
#3316 = CIRCLE('',#3317,4.);
#3317 = AXIS2_PLACEMENT_3D('',#3318,#3319,#3320);
#3318 = CARTESIAN_POINT('',(194.,51.,107.));
#3319 = DIRECTION('',(0.,0.,1.));
#3320 = DIRECTION('',(-1.,-0.,0.));
#3321 = PCURVE('',#1516,#3322);
#3322 = DEFINITIONAL_REPRESENTATION('',(#3323),#3327);
#3323 = CIRCLE('',#3324,4.);
#3324 = AXIS2_PLACEMENT_2D('',#3325,#3326);
#3325 = CARTESIAN_POINT('',(5.,103.));
#3326 = DIRECTION('',(-1.,0.));
#3327 = ( GEOMETRIC_REPRESENTATION_CONTEXT(2) 
PARAMETRIC_REPRESENTATION_CONTEXT() REPRESENTATION_CONTEXT('2D SPACE',''
  ) );
#3328 = PCURVE('',#1716,#3329);
#3329 = DEFINITIONAL_REPRESENTATION('',(#3330),#3334);
#3330 = LINE('',#3331,#3332);
#3331 = CARTESIAN_POINT('',(-6.28318530718,3.));
#3332 = VECTOR('',#3333,1.);
#3333 = DIRECTION('',(1.,-0.));
#3334 = ( GEOMETRIC_REPRESENTATION_CONTEXT(2) 
PARAMETRIC_REPRESENTATION_CONTEXT() REPRESENTATION_CONTEXT('2D SPACE',''
  ) );
#3335 = ORIENTED_EDGE('',*,*,#3336,.T.);
#3336 = EDGE_CURVE('',#3313,#3235,#3337,.T.);
#3337 = SURFACE_CURVE('',#3338,(#3342,#3348),.PCURVE_S1.);
#3338 = LINE('',#3339,#3340);
#3339 = CARTESIAN_POINT('',(190.,-53.5,107.));
#3340 = VECTOR('',#3341,1.);
#3341 = DIRECTION('',(0.,-1.,0.));
#3342 = PCURVE('',#1516,#3343);
#3343 = DEFINITIONAL_REPRESENTATION('',(#3344),#3347);
#3344 = B_SPLINE_CURVE_WITH_KNOTS('',1,(#3345,#3346),.UNSPECIFIED.,.F.,
  .F.,(2,2),(-105.5,-1.5),.PIECEWISE_BEZIER_KNOTS.);
#3345 = CARTESIAN_POINT('',(1.,104.));
#3346 = CARTESIAN_POINT('',(1.,0.));
#3347 = ( GEOMETRIC_REPRESENTATION_CONTEXT(2) 
PARAMETRIC_REPRESENTATION_CONTEXT() REPRESENTATION_CONTEXT('2D SPACE',''
  ) );
#3348 = PCURVE('',#2823,#3349);
#3349 = DEFINITIONAL_REPRESENTATION('',(#3350),#3353);
#3350 = B_SPLINE_CURVE_WITH_KNOTS('',1,(#3351,#3352),.UNSPECIFIED.,.F.,
  .F.,(2,2),(-105.5,-1.5),.PIECEWISE_BEZIER_KNOTS.);
#3351 = CARTESIAN_POINT('',(3.,-107.));
#3352 = CARTESIAN_POINT('',(3.,-3.));
#3353 = ( GEOMETRIC_REPRESENTATION_CONTEXT(2) 
PARAMETRIC_REPRESENTATION_CONTEXT() REPRESENTATION_CONTEXT('2D SPACE',''
  ) );
#3354 = ORIENTED_EDGE('',*,*,#3261,.T.);
#3355 = ORIENTED_EDGE('',*,*,#2511,.T.);
#3356 = ORIENTED_EDGE('',*,*,#1501,.T.);
#3357 = ORIENTED_EDGE('',*,*,#3286,.F.);
#3358 = ORIENTED_EDGE('',*,*,#1652,.T.);
#3359 = ADVANCED_FACE('',(#3360),#1764,.T.);
#3360 = FACE_BOUND('',#3361,.T.);
#3361 = EDGE_LOOP('',(#3362,#3363));
#3362 = ORIENTED_EDGE('',*,*,#1749,.T.);
#3363 = ORIENTED_EDGE('',*,*,#2411,.F.);
#3364 = ADVANCED_FACE('',(#3365),#1716,.T.);
#3365 = FACE_BOUND('',#3366,.F.);
#3366 = EDGE_LOOP('',(#3367,#3388,#3389,#3390,#3391,#3392));
#3367 = ORIENTED_EDGE('',*,*,#3368,.F.);
#3368 = EDGE_CURVE('',#2883,#3313,#3369,.T.);
#3369 = SURFACE_CURVE('',#3370,(#3374,#3381),.PCURVE_S1.);
#3370 = LINE('',#3371,#3372);
#3371 = CARTESIAN_POINT('',(190.,51.,104.));
#3372 = VECTOR('',#3373,1.);
#3373 = DIRECTION('',(0.,0.,1.));
#3374 = PCURVE('',#1716,#3375);
#3375 = DEFINITIONAL_REPRESENTATION('',(#3376),#3380);
#3376 = LINE('',#3377,#3378);
#3377 = CARTESIAN_POINT('',(-0.,0.));
#3378 = VECTOR('',#3379,1.);
#3379 = DIRECTION('',(-0.,1.));
#3380 = ( GEOMETRIC_REPRESENTATION_CONTEXT(2) 
PARAMETRIC_REPRESENTATION_CONTEXT() REPRESENTATION_CONTEXT('2D SPACE',''
  ) );
#3381 = PCURVE('',#2823,#3382);
#3382 = DEFINITIONAL_REPRESENTATION('',(#3383),#3387);
#3383 = LINE('',#3384,#3385);
#3384 = CARTESIAN_POINT('',(0.,-106.));
#3385 = VECTOR('',#3386,1.);
#3386 = DIRECTION('',(1.,0.));
#3387 = ( GEOMETRIC_REPRESENTATION_CONTEXT(2) 
PARAMETRIC_REPRESENTATION_CONTEXT() REPRESENTATION_CONTEXT('2D SPACE',''
  ) );
#3388 = ORIENTED_EDGE('',*,*,#2882,.T.);
#3389 = ORIENTED_EDGE('',*,*,#1700,.T.);
#3390 = ORIENTED_EDGE('',*,*,#2284,.F.);
#3391 = ORIENTED_EDGE('',*,*,#2465,.F.);
#3392 = ORIENTED_EDGE('',*,*,#3312,.T.);
#3393 = ADVANCED_FACE('',(#3394),#1862,.T.);
#3394 = FACE_BOUND('',#3395,.T.);
#3395 = EDGE_LOOP('',(#3396,#3397,#3398,#3399,#3400,#3401,#3402,#3403));
#3396 = ORIENTED_EDGE('',*,*,#2182,.F.);
#3397 = ORIENTED_EDGE('',*,*,#1847,.T.);
#3398 = ORIENTED_EDGE('',*,*,#1879,.T.);
#3399 = ORIENTED_EDGE('',*,*,#1951,.F.);
#3400 = ORIENTED_EDGE('',*,*,#1980,.T.);
#3401 = ORIENTED_EDGE('',*,*,#2054,.T.);
#3402 = ORIENTED_EDGE('',*,*,#2103,.F.);
#3403 = ORIENTED_EDGE('',*,*,#2153,.F.);
#3404 = ADVANCED_FACE('',(#3405),#2247,.F.);
#3405 = FACE_BOUND('',#3406,.F.);
#3406 = EDGE_LOOP('',(#3407,#3408));
#3407 = ORIENTED_EDGE('',*,*,#2230,.F.);
#3408 = ORIENTED_EDGE('',*,*,#2485,.F.);
#3409 = ADVANCED_FACE('',(#3410),#2591,.F.);
#3410 = FACE_BOUND('',#3411,.F.);
#3411 = EDGE_LOOP('',(#3412,#3413));
#3412 = ORIENTED_EDGE('',*,*,#2576,.T.);
#3413 = ORIENTED_EDGE('',*,*,#2627,.T.);
#3414 = ADVANCED_FACE('',(#3415),#2823,.F.);
#3415 = FACE_BOUND('',#3416,.F.);
#3416 = EDGE_LOOP('',(#3417,#3418,#3419,#3420,#3442,#3443));
#3417 = ORIENTED_EDGE('',*,*,#3336,.T.);
#3418 = ORIENTED_EDGE('',*,*,#3234,.F.);
#3419 = ORIENTED_EDGE('',*,*,#2805,.T.);
#3420 = ORIENTED_EDGE('',*,*,#3421,.T.);
#3421 = EDGE_CURVE('',#2808,#2911,#3422,.T.);
#3422 = SURFACE_CURVE('',#3423,(#3428,#3435),.PCURVE_S1.);
#3423 = CIRCLE('',#3424,56.);
#3424 = AXIS2_PLACEMENT_3D('',#3425,#3426,#3427);
#3425 = CARTESIAN_POINT('',(190.,0.,154.));
#3426 = DIRECTION('',(1.,0.,0.));
#3427 = DIRECTION('',(0.,1.,0.));
#3428 = PCURVE('',#2823,#3429);
#3429 = DEFINITIONAL_REPRESENTATION('',(#3430),#3434);
#3430 = CIRCLE('',#3431,56.);
#3431 = AXIS2_PLACEMENT_2D('',#3432,#3433);
#3432 = CARTESIAN_POINT('',(50.,-55.));
#3433 = DIRECTION('',(0.,-1.));
#3434 = ( GEOMETRIC_REPRESENTATION_CONTEXT(2) 
PARAMETRIC_REPRESENTATION_CONTEXT() REPRESENTATION_CONTEXT('2D SPACE',''
  ) );
#3435 = PCURVE('',#2948,#3436);
#3436 = DEFINITIONAL_REPRESENTATION('',(#3437),#3441);
#3437 = LINE('',#3438,#3439);
#3438 = CARTESIAN_POINT('',(-0.,0.));
#3439 = VECTOR('',#3440,1.);
#3440 = DIRECTION('',(-1.,0.));
#3441 = ( GEOMETRIC_REPRESENTATION_CONTEXT(2) 
PARAMETRIC_REPRESENTATION_CONTEXT() REPRESENTATION_CONTEXT('2D SPACE',''
  ) );
#3442 = ORIENTED_EDGE('',*,*,#2910,.T.);
#3443 = ORIENTED_EDGE('',*,*,#3368,.T.);
#3444 = ADVANCED_FACE('',(#3445),#2948,.T.);
#3445 = FACE_BOUND('',#3446,.F.);
#3446 = EDGE_LOOP('',(#3447,#3448,#3449,#3450));
#3447 = ORIENTED_EDGE('',*,*,#2933,.T.);
#3448 = ORIENTED_EDGE('',*,*,#3421,.F.);
#3449 = ORIENTED_EDGE('',*,*,#2985,.F.);
#3450 = ORIENTED_EDGE('',*,*,#3451,.T.);
#3451 = EDGE_CURVE('',#2960,#2934,#3452,.T.);
#3452 = SURFACE_CURVE('',#3453,(#3458,#3465),.PCURVE_S1.);
#3453 = CIRCLE('',#3454,56.);
#3454 = AXIS2_PLACEMENT_3D('',#3455,#3456,#3457);
#3455 = CARTESIAN_POINT('',(226.,0.,154.));
#3456 = DIRECTION('',(1.,0.,0.));
#3457 = DIRECTION('',(0.,1.,0.));
#3458 = PCURVE('',#2948,#3459);
#3459 = DEFINITIONAL_REPRESENTATION('',(#3460),#3464);
#3460 = LINE('',#3461,#3462);
#3461 = CARTESIAN_POINT('',(-0.,-36.));
#3462 = VECTOR('',#3463,1.);
#3463 = DIRECTION('',(-1.,0.));
#3464 = ( GEOMETRIC_REPRESENTATION_CONTEXT(2) 
PARAMETRIC_REPRESENTATION_CONTEXT() REPRESENTATION_CONTEXT('2D SPACE',''
  ) );
#3465 = PCURVE('',#2974,#3466);
#3466 = DEFINITIONAL_REPRESENTATION('',(#3467),#3471);
#3467 = CIRCLE('',#3468,56.);
#3468 = AXIS2_PLACEMENT_2D('',#3469,#3470);
#3469 = CARTESIAN_POINT('',(-2.84217094304E-14,-6.251154891609E-15));
#3470 = DIRECTION('',(0.,-1.));
#3471 = ( GEOMETRIC_REPRESENTATION_CONTEXT(2) 
PARAMETRIC_REPRESENTATION_CONTEXT() REPRESENTATION_CONTEXT('2D SPACE',''
  ) );
#3472 = ADVANCED_FACE('',(#3473),#2974,.T.);
#3473 = FACE_BOUND('',#3474,.T.);
#3474 = EDGE_LOOP('',(#3475,#3476));
#3475 = ORIENTED_EDGE('',*,*,#3451,.T.);
#3476 = ORIENTED_EDGE('',*,*,#2959,.F.);
#3477 = ADVANCED_FACE('',(#3478),#3025,.T.);
#3478 = FACE_BOUND('',#3479,.T.);
#3479 = EDGE_LOOP('',(#3480,#3503,#3532,#3553));
#3480 = ORIENTED_EDGE('',*,*,#3481,.F.);
#3481 = EDGE_CURVE('',#3482,#3007,#3484,.T.);
#3482 = VERTEX_POINT('',#3483);
#3483 = CARTESIAN_POINT('',(274.,-16.,86.));
#3484 = SURFACE_CURVE('',#3485,(#3489,#3496),.PCURVE_S1.);
#3485 = LINE('',#3486,#3487);
#3486 = CARTESIAN_POINT('',(274.,-16.,86.));
#3487 = VECTOR('',#3488,1.);
#3488 = DIRECTION('',(0.,0.,1.));
#3489 = PCURVE('',#3025,#3490);
#3490 = DEFINITIONAL_REPRESENTATION('',(#3491),#3495);
#3491 = LINE('',#3492,#3493);
#3492 = CARTESIAN_POINT('',(0.,0.));
#3493 = VECTOR('',#3494,1.);
#3494 = DIRECTION('',(0.,1.));
#3495 = ( GEOMETRIC_REPRESENTATION_CONTEXT(2) 
PARAMETRIC_REPRESENTATION_CONTEXT() REPRESENTATION_CONTEXT('2D SPACE',''
  ) );
#3496 = PCURVE('',#3052,#3497);
#3497 = DEFINITIONAL_REPRESENTATION('',(#3498),#3502);
#3498 = LINE('',#3499,#3500);
#3499 = CARTESIAN_POINT('',(0.,-2.));
#3500 = VECTOR('',#3501,1.);
#3501 = DIRECTION('',(1.,0.));
#3502 = ( GEOMETRIC_REPRESENTATION_CONTEXT(2) 
PARAMETRIC_REPRESENTATION_CONTEXT() REPRESENTATION_CONTEXT('2D SPACE',''
  ) );
#3503 = ORIENTED_EDGE('',*,*,#3504,.T.);
#3504 = EDGE_CURVE('',#3482,#3505,#3507,.T.);
#3505 = VERTEX_POINT('',#3506);
#3506 = CARTESIAN_POINT('',(276.,-18.,86.));
#3507 = SURFACE_CURVE('',#3508,(#3513,#3520),.PCURVE_S1.);
#3508 = CIRCLE('',#3509,2.);
#3509 = AXIS2_PLACEMENT_3D('',#3510,#3511,#3512);
#3510 = CARTESIAN_POINT('',(276.,-16.,86.));
#3511 = DIRECTION('',(0.,0.,1.));
#3512 = DIRECTION('',(0.,-1.,0.));
#3513 = PCURVE('',#3025,#3514);
#3514 = DEFINITIONAL_REPRESENTATION('',(#3515),#3519);
#3515 = LINE('',#3516,#3517);
#3516 = CARTESIAN_POINT('',(-4.712388980385,0.));
#3517 = VECTOR('',#3518,1.);
#3518 = DIRECTION('',(1.,0.));
#3519 = ( GEOMETRIC_REPRESENTATION_CONTEXT(2) 
PARAMETRIC_REPRESENTATION_CONTEXT() REPRESENTATION_CONTEXT('2D SPACE',''
  ) );
#3520 = PCURVE('',#3521,#3526);
#3521 = PLANE('',#3522);
#3522 = AXIS2_PLACEMENT_3D('',#3523,#3524,#3525);
#3523 = CARTESIAN_POINT('',(274.,-18.,86.));
#3524 = DIRECTION('',(0.,0.,1.));
#3525 = DIRECTION('',(1.,0.,0.));
#3526 = DEFINITIONAL_REPRESENTATION('',(#3527),#3531);
#3527 = CIRCLE('',#3528,2.);
#3528 = AXIS2_PLACEMENT_2D('',#3529,#3530);
#3529 = CARTESIAN_POINT('',(2.,2.));
#3530 = DIRECTION('',(0.,-1.));
#3531 = ( GEOMETRIC_REPRESENTATION_CONTEXT(2) 
PARAMETRIC_REPRESENTATION_CONTEXT() REPRESENTATION_CONTEXT('2D SPACE',''
  ) );
#3532 = ORIENTED_EDGE('',*,*,#3533,.T.);
#3533 = EDGE_CURVE('',#3505,#3009,#3534,.T.);
#3534 = SURFACE_CURVE('',#3535,(#3539,#3546),.PCURVE_S1.);
#3535 = LINE('',#3536,#3537);
#3536 = CARTESIAN_POINT('',(276.,-18.,86.));
#3537 = VECTOR('',#3538,1.);
#3538 = DIRECTION('',(0.,0.,1.));
#3539 = PCURVE('',#3025,#3540);
#3540 = DEFINITIONAL_REPRESENTATION('',(#3541),#3545);
#3541 = LINE('',#3542,#3543);
#3542 = CARTESIAN_POINT('',(1.570796326795,0.));
#3543 = VECTOR('',#3544,1.);
#3544 = DIRECTION('',(0.,1.));
#3545 = ( GEOMETRIC_REPRESENTATION_CONTEXT(2) 
PARAMETRIC_REPRESENTATION_CONTEXT() REPRESENTATION_CONTEXT('2D SPACE',''
  ) );
#3546 = PCURVE('',#3215,#3547);
#3547 = DEFINITIONAL_REPRESENTATION('',(#3548),#3552);
#3548 = LINE('',#3549,#3550);
#3549 = CARTESIAN_POINT('',(0.,2.));
#3550 = VECTOR('',#3551,1.);
#3551 = DIRECTION('',(1.,0.));
#3552 = ( GEOMETRIC_REPRESENTATION_CONTEXT(2) 
PARAMETRIC_REPRESENTATION_CONTEXT() REPRESENTATION_CONTEXT('2D SPACE',''
  ) );
#3553 = ORIENTED_EDGE('',*,*,#3006,.F.);
#3554 = ADVANCED_FACE('',(#3555),#3215,.F.);
#3555 = FACE_BOUND('',#3556,.F.);
#3556 = EDGE_LOOP('',(#3557,#3580,#3581,#3582));
#3557 = ORIENTED_EDGE('',*,*,#3558,.F.);
#3558 = EDGE_CURVE('',#3505,#3559,#3561,.T.);
#3559 = VERTEX_POINT('',#3560);
#3560 = CARTESIAN_POINT('',(566.,-18.,86.));
#3561 = SURFACE_CURVE('',#3562,(#3566,#3573),.PCURVE_S1.);
#3562 = LINE('',#3563,#3564);
#3563 = CARTESIAN_POINT('',(274.,-18.,86.));
#3564 = VECTOR('',#3565,1.);
#3565 = DIRECTION('',(1.,0.,0.));
#3566 = PCURVE('',#3215,#3567);
#3567 = DEFINITIONAL_REPRESENTATION('',(#3568),#3572);
#3568 = LINE('',#3569,#3570);
#3569 = CARTESIAN_POINT('',(0.,0.));
#3570 = VECTOR('',#3571,1.);
#3571 = DIRECTION('',(0.,1.));
#3572 = ( GEOMETRIC_REPRESENTATION_CONTEXT(2) 
PARAMETRIC_REPRESENTATION_CONTEXT() REPRESENTATION_CONTEXT('2D SPACE',''
  ) );
#3573 = PCURVE('',#3521,#3574);
#3574 = DEFINITIONAL_REPRESENTATION('',(#3575),#3579);
#3575 = LINE('',#3576,#3577);
#3576 = CARTESIAN_POINT('',(0.,0.));
#3577 = VECTOR('',#3578,1.);
#3578 = DIRECTION('',(1.,0.));
#3579 = ( GEOMETRIC_REPRESENTATION_CONTEXT(2) 
PARAMETRIC_REPRESENTATION_CONTEXT() REPRESENTATION_CONTEXT('2D SPACE',''
  ) );
#3580 = ORIENTED_EDGE('',*,*,#3533,.T.);
#3581 = ORIENTED_EDGE('',*,*,#3202,.F.);
#3582 = ORIENTED_EDGE('',*,*,#3583,.F.);
#3583 = EDGE_CURVE('',#3559,#3174,#3584,.T.);
#3584 = SURFACE_CURVE('',#3585,(#3589,#3596),.PCURVE_S1.);
#3585 = LINE('',#3586,#3587);
#3586 = CARTESIAN_POINT('',(566.,-18.,86.));
#3587 = VECTOR('',#3588,1.);
#3588 = DIRECTION('',(0.,0.,1.));
#3589 = PCURVE('',#3215,#3590);
#3590 = DEFINITIONAL_REPRESENTATION('',(#3591),#3595);
#3591 = LINE('',#3592,#3593);
#3592 = CARTESIAN_POINT('',(0.,292.));
#3593 = VECTOR('',#3594,1.);
#3594 = DIRECTION('',(1.,0.));
#3595 = ( GEOMETRIC_REPRESENTATION_CONTEXT(2) 
PARAMETRIC_REPRESENTATION_CONTEXT() REPRESENTATION_CONTEXT('2D SPACE',''
  ) );
#3596 = PCURVE('',#3190,#3597);
#3597 = DEFINITIONAL_REPRESENTATION('',(#3598),#3602);
#3598 = LINE('',#3599,#3600);
#3599 = CARTESIAN_POINT('',(-1.570796326795,0.));
#3600 = VECTOR('',#3601,1.);
#3601 = DIRECTION('',(-0.,1.));
#3602 = ( GEOMETRIC_REPRESENTATION_CONTEXT(2) 
PARAMETRIC_REPRESENTATION_CONTEXT() REPRESENTATION_CONTEXT('2D SPACE',''
  ) );
#3603 = ADVANCED_FACE('',(#3604),#3190,.T.);
#3604 = FACE_BOUND('',#3605,.F.);
#3605 = EDGE_LOOP('',(#3606,#3629,#3655,#3656));
#3606 = ORIENTED_EDGE('',*,*,#3607,.F.);
#3607 = EDGE_CURVE('',#3608,#3148,#3610,.T.);
#3608 = VERTEX_POINT('',#3609);
#3609 = CARTESIAN_POINT('',(568.,-16.,86.));
#3610 = SURFACE_CURVE('',#3611,(#3615,#3622),.PCURVE_S1.);
#3611 = LINE('',#3612,#3613);
#3612 = CARTESIAN_POINT('',(568.,-16.,86.));
#3613 = VECTOR('',#3614,1.);
#3614 = DIRECTION('',(0.,0.,1.));
#3615 = PCURVE('',#3190,#3616);
#3616 = DEFINITIONAL_REPRESENTATION('',(#3617),#3621);
#3617 = LINE('',#3618,#3619);
#3618 = CARTESIAN_POINT('',(-0.,0.));
#3619 = VECTOR('',#3620,1.);
#3620 = DIRECTION('',(-0.,1.));
#3621 = ( GEOMETRIC_REPRESENTATION_CONTEXT(2) 
PARAMETRIC_REPRESENTATION_CONTEXT() REPRESENTATION_CONTEXT('2D SPACE',''
  ) );
#3622 = PCURVE('',#3162,#3623);
#3623 = DEFINITIONAL_REPRESENTATION('',(#3624),#3628);
#3624 = LINE('',#3625,#3626);
#3625 = CARTESIAN_POINT('',(0.,-2.));
#3626 = VECTOR('',#3627,1.);
#3627 = DIRECTION('',(1.,0.));
#3628 = ( GEOMETRIC_REPRESENTATION_CONTEXT(2) 
PARAMETRIC_REPRESENTATION_CONTEXT() REPRESENTATION_CONTEXT('2D SPACE',''
  ) );
#3629 = ORIENTED_EDGE('',*,*,#3630,.T.);
#3630 = EDGE_CURVE('',#3608,#3559,#3631,.T.);
#3631 = SURFACE_CURVE('',#3632,(#3637,#3644),.PCURVE_S1.);
#3632 = CIRCLE('',#3633,2.);
#3633 = AXIS2_PLACEMENT_3D('',#3634,#3635,#3636);
#3634 = CARTESIAN_POINT('',(566.,-16.,86.));
#3635 = DIRECTION('',(-0.,-0.,-1.));
#3636 = DIRECTION('',(0.,-1.,0.));
#3637 = PCURVE('',#3190,#3638);
#3638 = DEFINITIONAL_REPRESENTATION('',(#3639),#3643);
#3639 = LINE('',#3640,#3641);
#3640 = CARTESIAN_POINT('',(4.712388980385,-0.));
#3641 = VECTOR('',#3642,1.);
#3642 = DIRECTION('',(-1.,0.));
#3643 = ( GEOMETRIC_REPRESENTATION_CONTEXT(2) 
PARAMETRIC_REPRESENTATION_CONTEXT() REPRESENTATION_CONTEXT('2D SPACE',''
  ) );
#3644 = PCURVE('',#3521,#3645);
#3645 = DEFINITIONAL_REPRESENTATION('',(#3646),#3654);
#3646 = ( BOUNDED_CURVE() B_SPLINE_CURVE(2,(#3647,#3648,#3649,#3650,
#3651,#3652,#3653),.UNSPECIFIED.,.T.,.F.) B_SPLINE_CURVE_WITH_KNOTS((1,2
    ,2,2,2,1),(-2.094395102393,0.,2.094395102393,4.188790204786,
6.28318530718,8.377580409573),.UNSPECIFIED.) CURVE() 
GEOMETRIC_REPRESENTATION_ITEM() RATIONAL_B_SPLINE_CURVE((1.,0.5,1.,0.5,
1.,0.5,1.)) REPRESENTATION_ITEM('') );
#3647 = CARTESIAN_POINT('',(292.,0.));
#3648 = CARTESIAN_POINT('',(288.53589838486,0.));
#3649 = CARTESIAN_POINT('',(290.26794919243,3.));
#3650 = CARTESIAN_POINT('',(292.,6.));
#3651 = CARTESIAN_POINT('',(293.73205080756,3.));
#3652 = CARTESIAN_POINT('',(295.46410161513,3.10862446895E-15));
#3653 = CARTESIAN_POINT('',(292.,0.));
#3654 = ( GEOMETRIC_REPRESENTATION_CONTEXT(2) 
PARAMETRIC_REPRESENTATION_CONTEXT() REPRESENTATION_CONTEXT('2D SPACE',''
  ) );
#3655 = ORIENTED_EDGE('',*,*,#3583,.T.);
#3656 = ORIENTED_EDGE('',*,*,#3173,.T.);
#3657 = ADVANCED_FACE('',(#3658),#3162,.T.);
#3658 = FACE_BOUND('',#3659,.T.);
#3659 = EDGE_LOOP('',(#3660,#3661,#3662,#3685));
#3660 = ORIENTED_EDGE('',*,*,#3147,.F.);
#3661 = ORIENTED_EDGE('',*,*,#3607,.F.);
#3662 = ORIENTED_EDGE('',*,*,#3663,.T.);
#3663 = EDGE_CURVE('',#3608,#3664,#3666,.T.);
#3664 = VERTEX_POINT('',#3665);
#3665 = CARTESIAN_POINT('',(568.,16.,86.));
#3666 = SURFACE_CURVE('',#3667,(#3671,#3678),.PCURVE_S1.);
#3667 = LINE('',#3668,#3669);
#3668 = CARTESIAN_POINT('',(568.,-18.,86.));
#3669 = VECTOR('',#3670,1.);
#3670 = DIRECTION('',(0.,1.,0.));
#3671 = PCURVE('',#3162,#3672);
#3672 = DEFINITIONAL_REPRESENTATION('',(#3673),#3677);
#3673 = LINE('',#3674,#3675);
#3674 = CARTESIAN_POINT('',(0.,0.));
#3675 = VECTOR('',#3676,1.);
#3676 = DIRECTION('',(0.,-1.));
#3677 = ( GEOMETRIC_REPRESENTATION_CONTEXT(2) 
PARAMETRIC_REPRESENTATION_CONTEXT() REPRESENTATION_CONTEXT('2D SPACE',''
  ) );
#3678 = PCURVE('',#3521,#3679);
#3679 = DEFINITIONAL_REPRESENTATION('',(#3680),#3684);
#3680 = LINE('',#3681,#3682);
#3681 = CARTESIAN_POINT('',(294.,0.));
#3682 = VECTOR('',#3683,1.);
#3683 = DIRECTION('',(0.,1.));
#3684 = ( GEOMETRIC_REPRESENTATION_CONTEXT(2) 
PARAMETRIC_REPRESENTATION_CONTEXT() REPRESENTATION_CONTEXT('2D SPACE',''
  ) );
#3685 = ORIENTED_EDGE('',*,*,#3686,.T.);
#3686 = EDGE_CURVE('',#3664,#3119,#3687,.T.);
#3687 = SURFACE_CURVE('',#3688,(#3692,#3699),.PCURVE_S1.);
#3688 = LINE('',#3689,#3690);
#3689 = CARTESIAN_POINT('',(568.,16.,86.));
#3690 = VECTOR('',#3691,1.);
#3691 = DIRECTION('',(0.,0.,1.));
#3692 = PCURVE('',#3162,#3693);
#3693 = DEFINITIONAL_REPRESENTATION('',(#3694),#3698);
#3694 = LINE('',#3695,#3696);
#3695 = CARTESIAN_POINT('',(0.,-34.));
#3696 = VECTOR('',#3697,1.);
#3697 = DIRECTION('',(1.,0.));
#3698 = ( GEOMETRIC_REPRESENTATION_CONTEXT(2) 
PARAMETRIC_REPRESENTATION_CONTEXT() REPRESENTATION_CONTEXT('2D SPACE',''
  ) );
#3699 = PCURVE('',#3135,#3700);
#3700 = DEFINITIONAL_REPRESENTATION('',(#3701),#3705);
#3701 = LINE('',#3702,#3703);
#3702 = CARTESIAN_POINT('',(0.,0.));
#3703 = VECTOR('',#3704,1.);
#3704 = DIRECTION('',(0.,1.));
#3705 = ( GEOMETRIC_REPRESENTATION_CONTEXT(2) 
PARAMETRIC_REPRESENTATION_CONTEXT() REPRESENTATION_CONTEXT('2D SPACE',''
  ) );
#3706 = ADVANCED_FACE('',(#3707),#3135,.T.);
#3707 = FACE_BOUND('',#3708,.T.);
#3708 = EDGE_LOOP('',(#3709,#3710,#3734,#3755));
#3709 = ORIENTED_EDGE('',*,*,#3686,.F.);
#3710 = ORIENTED_EDGE('',*,*,#3711,.T.);
#3711 = EDGE_CURVE('',#3664,#3712,#3714,.T.);
#3712 = VERTEX_POINT('',#3713);
#3713 = CARTESIAN_POINT('',(566.,18.,86.));
#3714 = SURFACE_CURVE('',#3715,(#3720,#3727),.PCURVE_S1.);
#3715 = CIRCLE('',#3716,2.);
#3716 = AXIS2_PLACEMENT_3D('',#3717,#3718,#3719);
#3717 = CARTESIAN_POINT('',(566.,16.,86.));
#3718 = DIRECTION('',(0.,0.,1.));
#3719 = DIRECTION('',(0.,-1.,0.));
#3720 = PCURVE('',#3135,#3721);
#3721 = DEFINITIONAL_REPRESENTATION('',(#3722),#3726);
#3722 = LINE('',#3723,#3724);
#3723 = CARTESIAN_POINT('',(-1.570796326795,0.));
#3724 = VECTOR('',#3725,1.);
#3725 = DIRECTION('',(1.,0.));
#3726 = ( GEOMETRIC_REPRESENTATION_CONTEXT(2) 
PARAMETRIC_REPRESENTATION_CONTEXT() REPRESENTATION_CONTEXT('2D SPACE',''
  ) );
#3727 = PCURVE('',#3521,#3728);
#3728 = DEFINITIONAL_REPRESENTATION('',(#3729),#3733);
#3729 = CIRCLE('',#3730,2.);
#3730 = AXIS2_PLACEMENT_2D('',#3731,#3732);
#3731 = CARTESIAN_POINT('',(292.,34.));
#3732 = DIRECTION('',(0.,-1.));
#3733 = ( GEOMETRIC_REPRESENTATION_CONTEXT(2) 
PARAMETRIC_REPRESENTATION_CONTEXT() REPRESENTATION_CONTEXT('2D SPACE',''
  ) );
#3734 = ORIENTED_EDGE('',*,*,#3735,.T.);
#3735 = EDGE_CURVE('',#3712,#3093,#3736,.T.);
#3736 = SURFACE_CURVE('',#3737,(#3741,#3748),.PCURVE_S1.);
#3737 = LINE('',#3738,#3739);
#3738 = CARTESIAN_POINT('',(566.,18.,86.));
#3739 = VECTOR('',#3740,1.);
#3740 = DIRECTION('',(0.,0.,1.));
#3741 = PCURVE('',#3135,#3742);
#3742 = DEFINITIONAL_REPRESENTATION('',(#3743),#3747);
#3743 = LINE('',#3744,#3745);
#3744 = CARTESIAN_POINT('',(1.570796326795,0.));
#3745 = VECTOR('',#3746,1.);
#3746 = DIRECTION('',(0.,1.));
#3747 = ( GEOMETRIC_REPRESENTATION_CONTEXT(2) 
PARAMETRIC_REPRESENTATION_CONTEXT() REPRESENTATION_CONTEXT('2D SPACE',''
  ) );
#3748 = PCURVE('',#3107,#3749);
#3749 = DEFINITIONAL_REPRESENTATION('',(#3750),#3754);
#3750 = LINE('',#3751,#3752);
#3751 = CARTESIAN_POINT('',(0.,292.));
#3752 = VECTOR('',#3753,1.);
#3753 = DIRECTION('',(1.,0.));
#3754 = ( GEOMETRIC_REPRESENTATION_CONTEXT(2) 
PARAMETRIC_REPRESENTATION_CONTEXT() REPRESENTATION_CONTEXT('2D SPACE',''
  ) );
#3755 = ORIENTED_EDGE('',*,*,#3118,.F.);
#3756 = ADVANCED_FACE('',(#3757),#3107,.T.);
#3757 = FACE_BOUND('',#3758,.T.);
#3758 = EDGE_LOOP('',(#3759,#3782,#3803,#3804));
#3759 = ORIENTED_EDGE('',*,*,#3760,.F.);
#3760 = EDGE_CURVE('',#3761,#3712,#3763,.T.);
#3761 = VERTEX_POINT('',#3762);
#3762 = CARTESIAN_POINT('',(276.,18.,86.));
#3763 = SURFACE_CURVE('',#3764,(#3768,#3775),.PCURVE_S1.);
#3764 = LINE('',#3765,#3766);
#3765 = CARTESIAN_POINT('',(274.,18.,86.));
#3766 = VECTOR('',#3767,1.);
#3767 = DIRECTION('',(1.,0.,0.));
#3768 = PCURVE('',#3107,#3769);
#3769 = DEFINITIONAL_REPRESENTATION('',(#3770),#3774);
#3770 = LINE('',#3771,#3772);
#3771 = CARTESIAN_POINT('',(0.,0.));
#3772 = VECTOR('',#3773,1.);
#3773 = DIRECTION('',(0.,1.));
#3774 = ( GEOMETRIC_REPRESENTATION_CONTEXT(2) 
PARAMETRIC_REPRESENTATION_CONTEXT() REPRESENTATION_CONTEXT('2D SPACE',''
  ) );
#3775 = PCURVE('',#3521,#3776);
#3776 = DEFINITIONAL_REPRESENTATION('',(#3777),#3781);
#3777 = LINE('',#3778,#3779);
#3778 = CARTESIAN_POINT('',(0.,36.));
#3779 = VECTOR('',#3780,1.);
#3780 = DIRECTION('',(1.,0.));
#3781 = ( GEOMETRIC_REPRESENTATION_CONTEXT(2) 
PARAMETRIC_REPRESENTATION_CONTEXT() REPRESENTATION_CONTEXT('2D SPACE',''
  ) );
#3782 = ORIENTED_EDGE('',*,*,#3783,.T.);
#3783 = EDGE_CURVE('',#3761,#3064,#3784,.T.);
#3784 = SURFACE_CURVE('',#3785,(#3789,#3796),.PCURVE_S1.);
#3785 = LINE('',#3786,#3787);
#3786 = CARTESIAN_POINT('',(276.,18.,86.));
#3787 = VECTOR('',#3788,1.);
#3788 = DIRECTION('',(0.,0.,1.));
#3789 = PCURVE('',#3107,#3790);
#3790 = DEFINITIONAL_REPRESENTATION('',(#3791),#3795);
#3791 = LINE('',#3792,#3793);
#3792 = CARTESIAN_POINT('',(0.,2.));
#3793 = VECTOR('',#3794,1.);
#3794 = DIRECTION('',(1.,0.));
#3795 = ( GEOMETRIC_REPRESENTATION_CONTEXT(2) 
PARAMETRIC_REPRESENTATION_CONTEXT() REPRESENTATION_CONTEXT('2D SPACE',''
  ) );
#3796 = PCURVE('',#3080,#3797);
#3797 = DEFINITIONAL_REPRESENTATION('',(#3798),#3802);
#3798 = LINE('',#3799,#3800);
#3799 = CARTESIAN_POINT('',(-1.570796326795,0.));
#3800 = VECTOR('',#3801,1.);
#3801 = DIRECTION('',(-0.,1.));
#3802 = ( GEOMETRIC_REPRESENTATION_CONTEXT(2) 
PARAMETRIC_REPRESENTATION_CONTEXT() REPRESENTATION_CONTEXT('2D SPACE',''
  ) );
#3803 = ORIENTED_EDGE('',*,*,#3092,.F.);
#3804 = ORIENTED_EDGE('',*,*,#3735,.F.);
#3805 = ADVANCED_FACE('',(#3806),#3080,.T.);
#3806 = FACE_BOUND('',#3807,.F.);
#3807 = EDGE_LOOP('',(#3808,#3831,#3857,#3858));
#3808 = ORIENTED_EDGE('',*,*,#3809,.F.);
#3809 = EDGE_CURVE('',#3810,#3038,#3812,.T.);
#3810 = VERTEX_POINT('',#3811);
#3811 = CARTESIAN_POINT('',(274.,16.,86.));
#3812 = SURFACE_CURVE('',#3813,(#3817,#3824),.PCURVE_S1.);
#3813 = LINE('',#3814,#3815);
#3814 = CARTESIAN_POINT('',(274.,16.,86.));
#3815 = VECTOR('',#3816,1.);
#3816 = DIRECTION('',(0.,0.,1.));
#3817 = PCURVE('',#3080,#3818);
#3818 = DEFINITIONAL_REPRESENTATION('',(#3819),#3823);
#3819 = LINE('',#3820,#3821);
#3820 = CARTESIAN_POINT('',(-0.,0.));
#3821 = VECTOR('',#3822,1.);
#3822 = DIRECTION('',(-0.,1.));
#3823 = ( GEOMETRIC_REPRESENTATION_CONTEXT(2) 
PARAMETRIC_REPRESENTATION_CONTEXT() REPRESENTATION_CONTEXT('2D SPACE',''
  ) );
#3824 = PCURVE('',#3052,#3825);
#3825 = DEFINITIONAL_REPRESENTATION('',(#3826),#3830);
#3826 = LINE('',#3827,#3828);
#3827 = CARTESIAN_POINT('',(0.,-34.));
#3828 = VECTOR('',#3829,1.);
#3829 = DIRECTION('',(1.,0.));
#3830 = ( GEOMETRIC_REPRESENTATION_CONTEXT(2) 
PARAMETRIC_REPRESENTATION_CONTEXT() REPRESENTATION_CONTEXT('2D SPACE',''
  ) );
#3831 = ORIENTED_EDGE('',*,*,#3832,.T.);
#3832 = EDGE_CURVE('',#3810,#3761,#3833,.T.);
#3833 = SURFACE_CURVE('',#3834,(#3839,#3846),.PCURVE_S1.);
#3834 = CIRCLE('',#3835,2.);
#3835 = AXIS2_PLACEMENT_3D('',#3836,#3837,#3838);
#3836 = CARTESIAN_POINT('',(276.,16.,86.));
#3837 = DIRECTION('',(-0.,-0.,-1.));
#3838 = DIRECTION('',(0.,-1.,0.));
#3839 = PCURVE('',#3080,#3840);
#3840 = DEFINITIONAL_REPRESENTATION('',(#3841),#3845);
#3841 = LINE('',#3842,#3843);
#3842 = CARTESIAN_POINT('',(1.570796326795,-0.));
#3843 = VECTOR('',#3844,1.);
#3844 = DIRECTION('',(-1.,0.));
#3845 = ( GEOMETRIC_REPRESENTATION_CONTEXT(2) 
PARAMETRIC_REPRESENTATION_CONTEXT() REPRESENTATION_CONTEXT('2D SPACE',''
  ) );
#3846 = PCURVE('',#3521,#3847);
#3847 = DEFINITIONAL_REPRESENTATION('',(#3848),#3856);
#3848 = ( BOUNDED_CURVE() B_SPLINE_CURVE(2,(#3849,#3850,#3851,#3852,
#3853,#3854,#3855),.UNSPECIFIED.,.T.,.F.) B_SPLINE_CURVE_WITH_KNOTS((1,2
    ,2,2,2,1),(-2.094395102393,0.,2.094395102393,4.188790204786,
6.28318530718,8.377580409573),.UNSPECIFIED.) CURVE() 
GEOMETRIC_REPRESENTATION_ITEM() RATIONAL_B_SPLINE_CURVE((1.,0.5,1.,0.5,
1.,0.5,1.)) REPRESENTATION_ITEM('') );
#3849 = CARTESIAN_POINT('',(2.,32.));
#3850 = CARTESIAN_POINT('',(-1.464101615138,32.));
#3851 = CARTESIAN_POINT('',(0.267949192431,35.));
#3852 = CARTESIAN_POINT('',(2.,38.));
#3853 = CARTESIAN_POINT('',(3.732050807569,35.));
#3854 = CARTESIAN_POINT('',(5.464101615138,32.));
#3855 = CARTESIAN_POINT('',(2.,32.));
#3856 = ( GEOMETRIC_REPRESENTATION_CONTEXT(2) 
PARAMETRIC_REPRESENTATION_CONTEXT() REPRESENTATION_CONTEXT('2D SPACE',''
  ) );
#3857 = ORIENTED_EDGE('',*,*,#3783,.T.);
#3858 = ORIENTED_EDGE('',*,*,#3063,.T.);
#3859 = ADVANCED_FACE('',(#3860),#3052,.F.);
#3860 = FACE_BOUND('',#3861,.F.);
#3861 = EDGE_LOOP('',(#3862,#3863,#3864,#3885));
#3862 = ORIENTED_EDGE('',*,*,#3037,.F.);
#3863 = ORIENTED_EDGE('',*,*,#3481,.F.);
#3864 = ORIENTED_EDGE('',*,*,#3865,.T.);
#3865 = EDGE_CURVE('',#3482,#3810,#3866,.T.);
#3866 = SURFACE_CURVE('',#3867,(#3871,#3878),.PCURVE_S1.);
#3867 = LINE('',#3868,#3869);
#3868 = CARTESIAN_POINT('',(274.,-18.,86.));
#3869 = VECTOR('',#3870,1.);
#3870 = DIRECTION('',(0.,1.,0.));
#3871 = PCURVE('',#3052,#3872);
#3872 = DEFINITIONAL_REPRESENTATION('',(#3873),#3877);
#3873 = LINE('',#3874,#3875);
#3874 = CARTESIAN_POINT('',(0.,0.));
#3875 = VECTOR('',#3876,1.);
#3876 = DIRECTION('',(0.,-1.));
#3877 = ( GEOMETRIC_REPRESENTATION_CONTEXT(2) 
PARAMETRIC_REPRESENTATION_CONTEXT() REPRESENTATION_CONTEXT('2D SPACE',''
  ) );
#3878 = PCURVE('',#3521,#3879);
#3879 = DEFINITIONAL_REPRESENTATION('',(#3880),#3884);
#3880 = LINE('',#3881,#3882);
#3881 = CARTESIAN_POINT('',(0.,0.));
#3882 = VECTOR('',#3883,1.);
#3883 = DIRECTION('',(0.,1.));
#3884 = ( GEOMETRIC_REPRESENTATION_CONTEXT(2) 
PARAMETRIC_REPRESENTATION_CONTEXT() REPRESENTATION_CONTEXT('2D SPACE',''
  ) );
#3885 = ORIENTED_EDGE('',*,*,#3809,.T.);
#3886 = ADVANCED_FACE('',(#3887),#3521,.F.);
#3887 = FACE_BOUND('',#3888,.F.);
#3888 = EDGE_LOOP('',(#3889,#3890,#3891,#3892,#3893,#3894,#3895,#3896));
#3889 = ORIENTED_EDGE('',*,*,#3865,.F.);
#3890 = ORIENTED_EDGE('',*,*,#3504,.T.);
#3891 = ORIENTED_EDGE('',*,*,#3558,.T.);
#3892 = ORIENTED_EDGE('',*,*,#3630,.F.);
#3893 = ORIENTED_EDGE('',*,*,#3663,.T.);
#3894 = ORIENTED_EDGE('',*,*,#3711,.T.);
#3895 = ORIENTED_EDGE('',*,*,#3760,.F.);
#3896 = ORIENTED_EDGE('',*,*,#3832,.F.);
#3897 = ( GEOMETRIC_REPRESENTATION_CONTEXT(3) 
GLOBAL_UNCERTAINTY_ASSIGNED_CONTEXT((#3901)) 
GLOBAL_UNIT_ASSIGNED_CONTEXT((#3898,#3899,#3900)) REPRESENTATION_CONTEXT
('Context #1','3D Context with UNIT and UNCERTAINTY') );
#3898 = ( LENGTH_UNIT() NAMED_UNIT(*) SI_UNIT(.MILLI.,.METRE.) );
#3899 = ( NAMED_UNIT(*) PLANE_ANGLE_UNIT() SI_UNIT($,.RADIAN.) );
#3900 = ( NAMED_UNIT(*) SI_UNIT($,.STERADIAN.) SOLID_ANGLE_UNIT() );
#3901 = UNCERTAINTY_MEASURE_WITH_UNIT(LENGTH_MEASURE(1.E-07),#3898,
  'distance_accuracy_value','confusion accuracy');
#3902 = PRODUCT_RELATED_PRODUCT_CATEGORY('part',$,(#7));
ENDSEC;
END-ISO-10303-21;
